1782333946.398164,1784
1782333946.399505,1807
1782333946.40081,1807
1782333946.400819,1804
1782333946.402304,1814
1782333946.404027,1853
1782333946.404038,1855
1782333946.4051058,1858
1782333946.406456,1862
1782333946.4075809,1861
1782333946.40892,1869
1782333946.4089391,1871
1782333946.4102342,1861
1782333946.4115431,1864
1782333946.4128351,1837
1782333946.41284,1856
1782333946.414111,1868
1782333946.4153862,1874
1782333946.4166698,1871
1782333946.4179971,1874
1782333946.418006,1896
1782333946.4192839,1901
1782333946.4205718,1880
1782333946.4219332,1841
1782333946.421939,1826
1782333946.4232168,1812
1782333946.4244878,1801
1782333946.425772,1807
1782333946.4257762,1835
1782333946.42687,1832
1782333946.428149,1810
1782333946.429436,1827
1782333946.430721,1826
1782333946.430729,1835
1782333946.43201,1838
1782333946.433293,1839
1782333946.434585,1861
1782333946.435871,1876
1782333946.4358752,1918
1782333946.4371572,1868
1782333946.438442,1828
1782333946.439723,1836
1782333946.439729,1844
1782333946.441011,1852
1782333946.442296,1847
1782333946.443532,1866
1782333946.444821,1838
1782333946.4448268,1835
1782333946.4461179,1856
1782333946.4473999,1860
1782333946.448688,1858
1782333946.448703,1848
1782333946.449997,1862
1782333946.451353,1862
1782333946.4526348,1858
1782333946.453907,1851
1782333946.453911,1845
1782333946.455184,1831
1782333946.45647,1831
1782333946.4577558,1844
1782333946.457763,1842
1782333946.459046,1843
1782333946.460299,1849
1782333946.461589,1832
1782333946.462882,1821
1782333946.462889,1822
1782333946.464171,1837
1782333946.465456,1826
1782333946.466741,1812
1782333946.4667468,1838
1782333946.468031,1844
1782333946.469313,1839
1782333946.470599,1848
1782333946.471898,1847
1782333946.471903,1832
1782333946.47327,1813
1782333946.474648,1809
1782333946.4747012,1806
1782333946.474706,1826
1782333946.476016,1860
1782333946.477302,1851
1782333946.478583,1855
1782333946.4798532,1847
1782333946.479857,1860
1782333946.481162,1849
1782333946.483095,1843
1782333946.483101,1867
1782333946.484394,1846
1782333946.485693,1862
1782333946.4857018,1848
1782333946.487005,1822
1782333946.488287,1814
1782333946.489568,1823
1782333946.49085,1816
1782333946.490857,1807
1782333946.492136,1810
1782333946.493525,1812
1782333946.494832,1832
1782333946.4948401,1843
1782333946.49615,1855
1782333946.497469,1862
1782333946.4988108,1857
1782333946.49882,1870
1782333946.5001228,1879
1782333946.501459,1855
1782333946.502746,1853
1782333946.5027509,1856
1782333946.504019,1842
1782333946.505334,1848
1782333946.506644,1830
1782333946.507964,1834
1782333946.507971,1854
1782333946.509276,1845
1782333946.510558,1839
1782333946.511829,1855
1782333946.5118341,1837
1782333946.513501,1847
1782333946.5147939,1842
1782333946.514802,1816
1782333946.5160902,1846
1782333946.5173728,1852
1782333946.5186691,1857
1782333946.519983,1859
1782333946.519989,1839
1782333946.521264,1832
1782333946.522568,1821
1782333946.5238762,1835
1782333946.523886,1836
1782333946.5251682,1855
1782333946.526457,1836
1782333946.5277388,1846
1782333946.527744,1871
1782333946.529027,1847
1782333946.530314,1827
1782333946.531595,1848
1782333946.532885,1853
1782333946.5328908,1849
1782333946.5342898,1854
1782333946.535586,1852
1782333946.536885,1885
1782333946.5368981,1812
1782333946.538202,1807
1782333946.539477,1839
1782333946.540663,1862
1782333946.541982,1855
1782333946.541997,1843
1782333946.543377,1855
1782333946.544659,1846
1782333946.544678,1855
1782333946.5459478,1855
1782333946.547231,1862
1782333946.5485098,1877
1782333946.5497952,1874
1782333946.549802,1882
1782333946.551145,1876
1782333946.552429,1883
1782333946.5537229,1859
1782333946.553735,1852
1782333946.555043,1853
1782333946.556134,1853
1782333946.5574641,1859
1782333946.55878,1858
1782333946.558793,1860
1782333946.560089,1867
1782333946.561379,1834
1782333946.5626738,1837
1782333946.5627,1821
1782333946.563995,1843
1782333946.565301,1839
1782333946.566607,1834
1782333946.5679328,1823
1782333946.567939,1839
1782333946.569225,1815
1782333946.570521,1838
1782333946.5718,1817
1782333946.571806,1821
1782333946.5735412,1816
1782333946.574829,1827
1782333946.574835,1815
1782333946.576108,1836
1782333946.577379,1854
1782333946.578652,1829
1782333946.579772,1839
1782333946.579784,1866
1782333946.581103,1871
1782333946.582412,1871
1782333946.5837271,1869
1782333946.5837371,1871
1782333946.5850072,1861
1782333946.5863008,1896
1782333946.58762,1826
1782333946.588947,1845
1782333946.588958,1847
1782333946.59027,1824
1782333946.591574,1835
1782333946.592878,1831
1782333946.592889,1847
1782333946.594164,1849
1782333946.595459,1839
1782333946.5967622,1824
1782333946.5967748,1833
1782333946.5980978,1853
1782333946.598109,1839
1782333946.599406,1845
1782333946.6006882,1849
1782333946.600693,1829
1782333946.60188,1818
1782333946.60318,1816
1782333946.604463,1830
1782333946.605757,1806
1782333946.605763,1829
1782333946.607069,1835
1782333946.6083572,1839
1782333946.609642,1850
1782333946.610928,1854
1782333946.610933,1837
1782333946.612224,1844
1782333946.613558,1847
1782333946.614882,1844
1782333946.614891,1843
1782333946.616215,1832
1782333946.617547,1848
1782333946.618835,1860
1782333946.6188412,1835
1782333946.6201699,1848
1782333946.621484,1851
1782333946.6228092,1857
1782333946.622818,1845
1782333946.6241531,1839
1782333946.6254668,1854
1782333946.626785,1866
1782333946.626794,1858
1782333946.628118,1843
1782333946.629451,1851
1782333946.630795,1855
1782333946.63081,1839
1782333946.632141,1811
1782333946.634571,1804
1782333946.634592,1805
1782333946.636228,1801
1782333946.636241,1844
1782333946.6375349,1828
1782333946.638829,1863
1782333946.638837,1859
1782333946.6401448,1847
1782333946.64144,1837
1782333946.64276,1839
1782333946.6427689,1854
1782333946.644049,1848
1782333946.6453571,1882
1782333946.646645,1877
1782333946.6479502,1862
1782333946.647962,1864
1782333946.649282,1861
1782333946.650599,1862
1782333946.651895,1862
1782333946.651901,1855
1782333946.653198,1871
1782333946.654494,1865
1782333946.6557791,1847
1782333946.655786,1860
1782333946.6570811,1839
1782333946.658373,1848
1782333946.659672,1853
1782333946.65971,1839
1782333946.6609979,1871
1782333946.662289,1867
1782333946.664043,1854
1782333946.664051,1839
1782333946.6656241,1839
1782333946.666917,1839
1782333946.666925,1819
1782333946.668214,1807
1782333946.669496,1799
1782333946.670778,1817
1782333946.670785,1826
1782333946.672055,1811
1782333946.673345,1825
1782333946.674646,1816
1782333946.675951,1828
1782333946.675959,1854
1782333946.67728,1832
1782333946.678477,1834
1782333946.6797812,1844
1782333946.6797912,1846
1782333946.68111,1875
1782333946.682436,1861
1782333946.683744,1857
1782333946.683758,1839
1782333946.6850612,1858
1782333946.686368,1908
1782333946.687671,1844
1782333946.687741,1835
1782333946.688961,1842
1782333946.69029,1852
1782333946.691597,1839
1782333946.6929002,1843
1782333946.6929111,1848
1782333946.694206,1861
1782333946.6955059,1864
1782333946.697254,1848
1782333946.69727,1842
1782333946.699483,1844
1782333946.699491,1832
1782333946.700782,1813
1782333946.700788,1821
1782333946.702069,1818
1782333946.703344,1835
1782333946.704619,1839
1782333946.705923,1844
1782333946.705936,1855
1782333946.707236,1867
1782333946.708558,1847
1782333946.709864,1868
1782333946.7098722,1890
1782333946.711164,1863
1782333946.7124732,1850
1782333946.7137558,1818
1782333946.713763,1834
1782333946.7148118,1839
1782333946.7161212,1812
1782333946.7174242,1826
1782333946.718722,1849
1782333946.718733,1855
1782333946.7187378,1844
1782333946.720042,1839
1782333946.721341,1841
1782333946.722649,1856
1782333946.723959,1845
1782333946.723974,1839
1782333946.725311,1859
1782333946.726628,1860
1782333946.728618,1851
1782333946.728626,1844
1782333946.729901,1839
1782333946.7299058,1833
1782333946.731179,1850
1782333946.732466,1850
1782333946.7335958,1850
1782333946.734914,1871
1782333946.7349231,1901
1782333946.7374878,1870
1782333946.737492,1855
1782333946.738783,1846
1782333946.738794,1834
1782333946.7401059,1850
1782333946.7414138,1862
1782333946.742698,1837
1782333946.7427042,1851
1782333946.743998,1844
1782333946.74528,1852
1782333946.7465699,1858
1782333946.7478678,1860
1782333946.747875,1874
1782333946.7491488,1865
1782333946.750444,1846
1782333946.7517471,1826
1782333946.751756,1838
1782333946.7530591,1831
1782333946.754356,1828
1782333946.755656,1851
1782333946.757208,1839
1782333946.7572238,1828
1782333946.759379,1855
1782333946.759386,1864
1782333946.76068,1864
1782333946.7607229,1843
1782333946.7619991,1844
1782333946.7632189,1846
1782333946.764433,1851
1782333946.765711,1839
1782333946.765716,1842
1782333946.767008,1845
1782333946.768289,1858
1782333946.769571,1854
1782333946.770891,1843
1782333946.770899,1832
1782333946.7722151,1833
1782333946.773534,1843
1782333946.774849,1853
1782333946.774859,1828
1782333946.7759528,1824
1782333946.7772539,1812
1782333946.778555,1839
1782333946.779857,1830
1782333946.779868,1837
1782333946.781196,1851
1782333946.7825122,1834
1782333946.783817,1838
1782333946.783829,1854
1782333946.785134,1829
1782333946.7870688,1854
1782333946.787083,1816
1782333946.78911,1821
1782333946.78912,1825
1782333946.7904088,1836
1782333946.791687,1860
1782333946.791692,1844
1782333946.792964,1851
1782333946.794233,1836
1782333946.795512,1855
1782333946.7968051,1854
1782333946.796811,1854
1782333946.798131,1858
1782333946.799455,1871
1782333946.800761,1871
1782333946.8007731,1866
1782333946.802072,1868
1782333946.8033762,1855
1782333946.804681,1837
1782333946.804716,1855
1782333946.806036,1850
1782333946.807353,1855
1782333946.8086588,1845
1782333946.809969,1839
1782333946.8099809,1839
1782333946.8112938,1845
1782333946.812592,1857
1782333946.813886,1855
1782333946.813895,1836
1782333946.815302,1836
1782333946.817122,1810
1782333946.8171341,1832
1782333946.818649,1834
1782333946.819959,1856
1782333946.8199701,1846
1782333946.82128,1836
1782333946.82247,1817
1782333946.82379,1822
1782333946.823801,1827
1782333946.825113,1833
1782333946.826414,1832
1782333946.827582,1845
1782333946.8288882,1853
1782333946.828901,1852
1782333946.830195,1839
1782333946.8315148,1842
1782333946.832812,1826
1782333946.832821,1852
1782333946.834107,1870
1782333946.835404,1878
1782333946.8367062,1899
1782333946.8367171,1839
1782333946.838031,1834
1782333946.8393369,1833
1782333946.839349,1839
1782333946.840673,1827
1782333946.840775,1804
1782333946.842088,1807
1782333946.843379,1807
1782333946.844676,1826
1782333946.844735,1841
1782333946.846036,1838
1782333946.8473501,1832
1782333946.849281,1819
1782333946.8492942,1824
1782333946.851815,1810
1782333946.8518221,1812
1782333946.851825,1805
1782333946.8531148,1807
1782333946.85439,1828
1782333946.8556721,1838
1782333946.855701,1824
1782333946.856989,1803
1782333946.858287,1818
1782333946.8595898,1805
1782333946.8608909,1823
1782333946.8609018,1843
1782333946.8622,1836
1782333946.863502,1870
1782333946.864814,1850
1782333946.864827,1826
1782333946.8661492,1849
1782333946.867444,1780
1782333946.868764,1663
1782333946.868771,1623
1782333946.870086,1659
1782333946.871386,1743
1782333946.872698,1784
1782333946.872734,1814
1782333946.874042,1863
1782333946.8753479,1892
1782333946.876657,1899
1782333946.878576,1930
1782333946.878588,1921
1782333946.880945,1944
1782333946.880956,1943
1782333946.880959,1940
1782333946.882245,1935
1782333946.883531,1963
1782333946.88481,1962
1782333946.884816,1976
1782333946.886085,1955
1782333946.887362,1923
1782333946.888672,1947
1782333946.888702,1929
1782333946.890013,1928
1782333946.891327,1911
1782333946.8926258,1876
1782333946.893931,1871
1782333946.893943,1863
1782333946.895235,1860
1782333946.896539,1883
1782333946.897835,1865
1782333946.897845,1869
1782333946.899147,1839
1782333946.900445,1839
1782333946.901741,1855
1782333946.9017532,1832
1782333946.9030669,1844
1782333946.9043672,1850
1782333946.905659,1859
1782333946.905696,1847
1782333946.90698,1848
1782333946.908482,1850
1782333946.910388,1848
1782333946.9103959,1834
1782333946.911704,1859
1782333946.911711,1862
1782333946.9129941,1864
1782333946.914272,1874
1782333946.915599,1859
1782333946.916918,1823
1782333946.916925,1845
1782333946.918231,1848
1782333946.919515,1845
1782333946.920809,1853
1782333946.920821,1846
1782333946.9221199,1853
1782333946.9234529,1832
1782333946.924778,1833
1782333946.924785,1848
1782333946.925956,1819
1782333946.927234,1825
1782333946.92853,1834
1782333946.929833,1839
1782333946.929844,1846
1782333946.9311569,1839
1782333946.932471,1846
1782333946.9337752,1834
1782333946.9337862,1807
1782333946.935102,1804
1782333946.93639,1836
1782333946.937685,1785
1782333946.937737,1791
1782333946.938949,1817
1782333946.941219,1846
1782333946.9412339,1824
1782333946.943508,1814
1782333946.943516,1826
1782333946.944814,1836
1782333946.944819,1837
1782333946.946089,1839
1782333946.9473689,1836
1782333946.948562,1834
1782333946.949866,1826
1782333946.949878,1825
1782333946.951173,1842
1782333946.952458,1844
1782333946.953753,1839
1782333946.9537652,1819
1782333946.9550579,1818
1782333946.9563808,1816
1782333946.95772,1797
1782333946.9577532,1795
1782333946.9590569,1794
1782333946.960383,1793
1782333946.96171,1778
1782333946.961772,1774
1782333946.96308,1795
1782333946.9643788,1832
1782333946.965688,1835
1782333946.965701,1858
1782333946.9657972,1886
1782333946.967131,1914
1782333946.968435,1954
1782333946.969745,1933
1782333946.969756,1907
1782333946.9713001,1886
1782333946.9740229,1871
1782333946.974037,1856
1782333946.974041,1826
1782333946.975329,1842
1782333946.9766028,1855
1782333946.977878,1864
1782333946.9778829,1859
1782333946.97916,1856
1782333946.980329,1879
1782333946.981633,1900
1782333946.98294,1876
1782333946.982951,1866
1782333946.9842482,1861
1782333946.985533,1903
1782333946.986829,1839
1782333946.9868422,1824
1782333946.988132,1834
1782333946.989415,1849
1782333946.990714,1828
1782333946.990724,1830
1782333946.9920168,1838
1782333946.9932978,1842
1782333946.994574,1835
1782333946.995855,1842
1782333946.995861,1861
1782333946.9971368,1846
1782333946.998414,1833
1782333946.999694,1837
1782333946.9996989,1842
1782333947.001652,1848
1782333947.0016708,1876
1782333947.003059,1871
1782333947.0043662,1858
1782333947.005655,1864
1782333947.006933,1868
1782333947.006937,1856
1782333947.008207,1851
1782333947.0094872,1846
1782333947.010776,1871
1782333947.010783,1861
1782333947.012065,1838
1782333947.013351,1846
1782333947.0146298,1848
1782333947.0159109,1827
1782333947.015918,1847
1782333947.017196,1862
1782333947.0184991,1864
1782333947.01984,1834
1782333947.019847,1839
1782333947.021133,1850
1782333947.0224168,1836
1782333947.023464,1842
1782333947.024746,1822
1782333947.0247521,1820
1782333947.0260339,1832
1782333947.027311,1839
1782333947.0285912,1836
1782333947.0299861,1834
1782333947.029993,1839
1782333947.031451,1832
1782333947.032726,1831
1782333947.0327308,1836
1782333947.0339992,1819
1782333947.03527,1857
1782333947.0365849,1833
1782333947.037875,1817
1782333947.037882,1814
1782333947.0391629,1807
1782333947.040446,1807
1782333947.041727,1835
1782333947.041733,1839
1782333947.043031,1850
1782333947.044317,1837
1782333947.0456,1830
1782333947.0468822,1819
1782333947.046889,1836
1782333947.0481658,1821
1782333947.0494442,1827
1782333947.050718,1807
1782333947.0507221,1812
1782333947.052,1804
1782333947.053283,1837
1782333947.0545611,1830
1782333947.055829,1827
1782333947.055833,1842
1782333947.057107,1834
1782333947.058379,1842
1782333947.0598059,1833
1782333947.059811,1839
1782333947.061103,1847
1782333947.062377,1852
1782333947.0636501,1832
1782333947.064947,1833
1782333947.06495,1861
1782333947.066216,1867
1782333947.067482,1866
1782333947.068749,1866
1782333947.068753,1887
1782333947.070017,1867
1782333947.071285,1859
1782333947.072549,1834
1782333947.073813,1842
1782333947.073815,1854
1782333947.076342,1835
1782333947.076344,1823
1782333947.077606,1839
1782333947.078874,1845
1782333947.078876,1836
1782333947.080141,1839
1782333947.081404,1837
1782333947.082667,1830
1782333947.083935,1852
1782333947.083937,1868
1782333947.0852091,1860
1782333947.0864818,1887
1782333947.087768,1831
1782333947.087775,1832
1782333947.0890582,1832
1782333947.090343,1843
1782333947.091629,1834
1782333947.0929642,1845
1782333947.092968,1834
1782333947.092969,1845
1782333947.0942342,1851
1782333947.095499,1833
1782333947.09678,1847
1782333947.096786,1839
1782333947.0980659,1839
1782333947.099348,1852
1782333947.1006331,1854
1782333947.101887,1854
1782333947.101894,1852
1782333947.10318,1847
1782333947.104466,1842
1782333947.105749,1866
1782333947.1057549,1846
1782333947.1070342,1857
1782333947.108321,1874
1782333947.109618,1856
1782333947.1108968,1871
1782333947.1109,1834
1782333947.112181,1837
1782333947.113468,1844
1782333947.114752,1863
1782333947.1147578,1874
1782333947.1160388,1845
1782333947.117313,1822
1782333947.118576,1846
1782333947.119859,1833
1782333947.119862,1814
1782333947.121129,1836
1782333947.1223931,1861
1782333947.123656,1852
1782333947.123662,1847
1782333947.124943,1849
1782333947.126231,1867
1782333947.127501,1842
1782333947.128783,1844
1782333947.128789,1846
1782333947.130071,1833
1782333947.131354,1817
1782333947.132637,1824
1782333947.133919,1828
1782333947.1339252,1826
1782333947.13519,1861
1782333947.1364748,1818
1782333947.137762,1814
1782333947.137768,1814
1782333947.139046,1825
1782333947.140331,1832
1782333947.141618,1853
1782333947.142902,1834
1782333947.1429079,1830
1782333947.144181,1831
1782333947.145459,1848
1782333947.146742,1854
1782333947.146749,1847
1782333947.1480289,1846
1782333947.149313,1848
1782333947.150603,1839
1782333947.151975,1842
1782333947.151979,1814
1782333947.153244,1811
1782333947.154528,1812
1782333947.155811,1823
1782333947.155817,1828
1782333947.157096,1831
1782333947.158378,1828
1782333947.15966,1848
1782333947.1609442,1828
1782333947.16095,1852
1782333947.1622322,1851
1782333947.163519,1864
1782333947.164802,1875
1782333947.164808,1871
1782333947.16609,1868
1782333947.167371,1868
1782333947.168669,1849
1782333947.169962,1853
1782333947.1699681,1877
1782333947.171252,1865
1782333947.172535,1853
1782333947.173829,1857
1782333947.173835,1847
1782333947.1751192,1847
1782333947.176406,1831
1782333947.177691,1833
1782333947.177696,1857
1782333947.17898,1842
1782333947.180264,1826
1782333947.181622,1831
1782333947.182889,1850
1782333947.182892,1854
1782333947.184156,1855
1782333947.185426,1884
1782333947.186707,1855
1782333947.186713,1836
1782333947.1879969,1858
1782333947.18928,1847
1782333947.190561,1871
1782333947.191846,1848
1782333947.191853,1838
1782333947.193132,1838
1782333947.194415,1815
1782333947.195699,1826
1782333947.1957052,1810
1782333947.1969879,1839
1782333947.1982698,1837
1782333947.199553,1833
1782333947.2008362,1854
1782333947.200842,1836
1782333947.202111,1812
1782333947.203389,1844
1782333947.204672,1821
1782333947.2059689,1819
1782333947.205975,1837
1782333947.207253,1854
1782333947.2085361,1856
1782333947.2098198,1845
1782333947.209826,1860
1782333947.211105,1844
1782333947.21297,1864
1782333947.212974,1848
1782333947.214239,1855
1782333947.215517,1849
1782333947.2168,1847
1782333947.216806,1849
1782333947.218085,1862
1782333947.219358,1859
1782333947.219361,1866
1782333947.220638,1856
1782333947.22192,1863
1782333947.221925,1859
1782333947.2232041,1845
1782333947.2244859,1861
1782333947.2257652,1871
1782333947.225771,1878
1782333947.227038,1870
1782333947.2283142,1864
1782333947.229595,1838
1782333947.230874,1821
1782333947.23088,1829
1782333947.2321548,1831
1782333947.233435,1833
1782333947.234714,1849
1782333947.23472,1891
1782333947.2359948,1838
1782333947.2372758,1834
1782333947.238555,1843
1782333947.239833,1837
1782333947.239839,1845
1782333947.2411149,1827
1782333947.242393,1850
1782333947.244597,1839
1782333947.245882,1854
1782333947.2458858,1855
1782333947.245887,1859
1782333947.2471628,1837
1782333947.248435,1834
1782333947.249705,1835
1782333947.2497091,1859
1782333947.250993,1851
1782333947.252268,1857
1782333947.25354,1845
1782333947.2548091,1855
1782333947.254813,1843
1782333947.2560909,1843
1782333947.257366,1851
1782333947.258634,1851
1782333947.259933,1859
1782333947.2599418,1856
1782333947.261222,1847
1782333947.262507,1839
1782333947.263791,1833
1782333947.263797,1839
1782333947.2650812,1837
1782333947.266363,1835
1782333947.2676458,1846
1782333947.2689202,1820
1782333947.2689228,1819
1782333947.270199,1828
1782333947.27148,1850
1782333947.272762,1842
1782333947.2727711,1834
1782333947.27442,1826
1782333947.2756858,1831
1782333947.275689,1839
1782333947.2769961,1839
1782333947.278286,1853
1782333947.279573,1844
1782333947.280849,1846
1782333947.280853,1862
1782333947.282122,1854
1782333947.283394,1832
1782333947.2846808,1842
1782333947.284698,1890
1782333947.2859719,1823
1782333947.287248,1862
1782333947.288518,1833
1782333947.2897909,1836
1782333947.289796,1837
1782333947.291065,1842
1782333947.2923362,1828
1782333947.293673,1818
1782333947.293683,1837
1782333947.294952,1839
1782333947.2962182,1852
1782333947.297483,1866
1782333947.298752,1879
1782333947.2987552,1877
1782333947.300019,1880
1782333947.3012931,1878
1782333947.3025658,1876
1782333947.303835,1855
1782333947.303839,1835
1782333947.305105,1839
1782333947.3063738,1850
1782333947.307643,1851
1782333947.3089228,1844
1782333947.308929,1832
1782333947.310206,1832
1782333947.3115,1835
1782333947.312787,1822
1782333947.3127942,1829
1782333947.314076,1823
1782333947.31536,1828
1782333947.3166451,1852
1782333947.317929,1859
1782333947.317935,1863
1782333947.319205,1858
1782333947.3204842,1865
1782333947.321768,1854
1782333947.321774,1854
1782333947.3230562,1853
1782333947.3243399,1860
1782333947.3256252,1857
1782333947.326899,1856
1782333947.326904,1876
1782333947.328214,1882
1782333947.3294988,1838
1782333947.330785,1870
1782333947.330792,1852
1782333947.332072,1844
1782333947.3333519,1836
1782333947.33569,1836
1782333947.335696,1861
1782333947.335697,1851
1782333947.3369641,1842
1782333947.338243,1839
1782333947.339516,1833
1782333947.340794,1833
1782333947.3408,1827
1782333947.342077,1839
1782333947.3433752,1839
1782333947.344662,1839
1782333947.344678,1848
1782333947.345956,1851
1782333947.345962,1828
1782333947.347241,1833
1782333947.348523,1851
1782333947.349804,1819
1782333947.34981,1815
1782333947.3511,1847
1782333947.352386,1813
1782333947.3536808,1832
1782333947.3536909,1850
1782333947.3549829,1836
1782333947.3562639,1842
1782333947.357544,1837
1782333947.358819,1839
1782333947.3588228,1823
1782333947.360099,1822
1782333947.3613818,1839
1782333947.362986,1839
1782333947.362991,1850
1782333947.364361,1859
1782333947.365636,1866
1782333947.3669078,1856
1782333947.366912,1853
1782333947.36819,1826
1782333947.369478,1837
1782333947.370763,1836
1782333947.3707688,1820
1782333947.3720472,1845
1782333947.373329,1844
1782333947.37461,1856
1782333947.375892,1852
1782333947.3758981,1865
1782333947.377168,1855
1782333947.378447,1853
1782333947.3797288,1847
1782333947.379735,1845
1782333947.381014,1830
1782333947.382296,1807
1782333947.3835788,1827
1782333947.384869,1829
1782333947.384875,1862
1782333947.386155,1813
1782333947.387437,1836
1782333947.388821,1826
1782333947.388843,1829
1782333947.390096,1839
1782333947.391426,1839
1782333947.392724,1855
1782333947.392735,1847
1782333947.394047,1862
1782333947.3953779,1844
1782333947.3967612,1839
1782333947.396769,1846
1782333947.3987489,1823
1782333947.398767,1819
1782333947.400053,1855
1782333947.40134,1860
1782333947.402612,1842
1782333947.4038951,1844
1782333947.4039009,1862
1782333947.4051788,1858
1782333947.406461,1855
1782333947.407743,1869
1782333947.4077492,1871
1782333947.4090219,1888
1782333947.4102342,1870
1782333947.411513,1871
1782333947.4127848,1864
1782333947.412789,1858
1782333947.414067,1858
1782333947.415343,1855
1782333947.416624,1837
1782333947.417907,1844
1782333947.4179132,1844
1782333947.419183,1858
1782333947.420461,1849
1782333947.4217432,1842
1782333947.42175,1842
1782333947.4230258,1826
1782333947.424306,1828
1782333947.425586,1818
1782333947.427947,1831
1782333947.427955,1823
1782333947.4279559,1834
1782333947.429225,1846
1782333947.430495,1839
1782333947.431775,1839
1782333947.4317818,1827
1782333947.4330602,1858
1782333947.434356,1836
1782333947.4356322,1864
1782333947.436905,1822
1782333947.4369102,1845
1782333947.438186,1839
1782333947.439467,1845
1782333947.440748,1843
1782333947.440755,1868
1782333947.4420328,1839
1782333947.4433138,1832
1782333947.4445949,1832
1782333947.445876,1826
1782333947.445882,1847
1782333947.4471612,1846
1782333947.448441,1856
1782333947.449722,1856
1782333947.449728,1844
1782333947.451006,1819
1782333947.4522822,1816
1782333947.453557,1826
1782333947.454836,1825
1782333947.4548428,1822
1782333947.456201,1837
1782333947.457747,1821
1782333947.457757,1836
1782333947.459027,1846
1782333947.460212,1824
1782333947.461499,1829
1782333947.4627829,1826
1782333947.462789,1835
1782333947.4640598,1855
1782333947.465337,1832
1782333947.466621,1830
1782333947.467901,1824
1782333947.4679081,1818
1782333947.4691808,1835
1782333947.47046,1851
1782333947.471742,1861
1782333947.471749,1841
1782333947.4730282,1847
1782333947.474307,1846
1782333947.474313,1849
1782333947.475696,1846
1782333947.4757462,1842
1782333947.476834,1858
1782333947.478137,1837
1782333947.479442,1842
1782333947.480785,1854
1782333947.480795,1860
1782333947.482141,1864
1782333947.483457,1850
1782333947.4847739,1859
1782333947.484781,1851
1782333947.4866939,1837
1782333947.486727,1828
1782333947.488502,1835
1782333947.4898171,1854
1782333947.489828,1833
1782333947.4911191,1850
1782333947.492394,1855
1782333947.493679,1846
1782333947.493729,1855
1782333947.49507,1852
1782333947.496383,1853
1782333947.497731,1846
1782333947.497747,1836
1782333947.499064,1861
1782333947.500391,1871
1782333947.50172,1859
1782333947.5017421,1864
1782333947.502856,1869
1782333947.504131,1868
1782333947.505439,1865
1782333947.5067751,1875
1782333947.506783,1895
1782333947.508096,1898
1782333947.509409,1877
1782333947.510742,1866
1782333947.510753,1857
1782333947.5120718,1858
1782333947.513377,1846
1782333947.514733,1858
1782333947.5147588,1839
1782333947.5167518,1825
1782333947.516783,1817
1782333947.518359,1839
1782333947.51965,1839
1782333947.5209432,1850
1782333947.520947,1854
1782333947.522242,1846
1782333947.5235531,1843
1782333947.524865,1820
1782333947.524875,1827
1782333947.525938,1848
1782333947.527227,1855
1782333947.528528,1820
1782333947.5298262,1821
1782333947.529836,1828
1782333947.531127,1846
1782333947.532445,1826
1782333947.5337548,1843
1782333947.5337632,1847
1782333947.5350962,1847
1782333947.536392,1807
1782333947.5377102,1834
1782333947.53774,1856
1782333947.539041,1845
1782333947.540374,1834
1782333947.54169,1837
1782333947.541718,1850
1782333947.542994,1832
1782333947.544277,1826
1782333947.5455759,1848
1782333947.546897,1852
1782333947.546904,1853
1782333947.5482519,1870
1782333947.549933,1870
1782333947.549941,1882
1782333947.551245,1858
1782333947.5525582,1860
1782333947.5538628,1851
1782333947.55387,1852
1782333947.555152,1825
1782333947.556482,1842
1782333947.557804,1849
1782333947.557817,1846
1782333947.559129,1848
1782333947.56022,1839
1782333947.561516,1842
1782333947.562816,1850
1782333947.562829,1850
1782333947.56415,1856
1782333947.5654788,1867
1782333947.566783,1853
1782333947.566794,1862
1782333947.568089,1857
1782333947.569411,1853
1782333947.5707462,1833
1782333947.570753,1825
1782333947.572056,1830
1782333947.573399,1832
1782333947.574744,1827
1782333947.574754,1799
1782333947.576065,1807
1782333947.577366,1823
1782333947.578868,1801
1782333947.5788748,1814
1782333947.5809112,1821
1782333947.580917,1832
1782333947.582248,1855
1782333947.5848262,1866
1782333947.584836,1851
1782333947.584838,1884
1782333947.586143,1834
1782333947.587479,1837
1782333947.588781,1838
1782333947.588793,1832
1782333947.590114,1863
1782333947.5912168,1866
1782333947.592541,1861
1782333947.593825,1851
1782333947.5938299,1867
1782333947.594972,1870
1782333947.596282,1879
1782333947.597595,1858
1782333947.59893,1864
1782333947.59894,1846
1782333947.600236,1861
1782333947.601554,1845
1782333947.602836,1866
1782333947.602842,1862
1782333947.602844,1855
1782333947.60414,1856
1782333947.60544,1838
1782333947.606533,1852
1782333947.607852,1871
1782333947.607861,1863
1782333947.6106071,1855
1782333947.610621,1830
1782333947.6119099,1822
1782333947.611917,1835
1782333947.613194,1866
1782333947.6145139,1845
1782333947.6158452,1866
1782333947.615853,1853
1782333947.617153,1847
1782333947.618442,1843
1782333947.619756,1819
1782333947.619763,1823
1782333947.621057,1844
1782333947.62238,1831
1782333947.623701,1821
1782333947.623729,1826
1782333947.625131,1838
1782333947.626442,1839
1782333947.627758,1848
1782333947.6277661,1847
1782333947.629059,1829
1782333947.630353,1835
1782333947.631679,1837
1782333947.632992,1828
1782333947.633,1819
1782333947.6342669,1822
1782333947.635566,1826
1782333947.6368792,1807
1782333947.636891,1812
1782333947.638197,1837
1782333947.641154,1834
1782333947.641682,1828
1782333947.641695,1868
1782333947.641752,1849
1782333947.644048,1837
1782333947.644057,1839
1782333947.6453419,1850
1782333947.646496,1849
1782333947.6478012,1854
1782333947.6478121,1876
1782333947.649142,1871
1782333947.650461,1850
1782333947.651772,1835
1782333947.651784,1860
1782333947.6531148,1866
1782333947.654377,1836
1782333947.655655,1855
1782333947.655675,1858
1782333947.656996,1866
1782333947.658318,1844
1782333947.659633,1849
1782333947.660927,1844
1782333947.660934,1838
1782333947.6622238,1845
1782333947.66352,1829
1782333947.664821,1823
1782333947.664831,1834
1782333947.6661608,1834
1782333947.667503,1859
1782333947.6688662,1839
1782333947.66888,1844
1782333947.670948,1847
1782333947.6710231,1845
1782333947.674064,1844
1782333947.674081,1839
1782333947.6740851,1829
1782333947.675395,1839
1782333947.676706,1842
1782333947.676743,1833
1782333947.6780522,1839
1782333947.679361,1868
1782333947.6806772,1854
1782333947.6806982,1845
1782333947.681993,1858
1782333947.683306,1846
1782333947.684596,1852
1782333947.685885,1871
1782333947.685892,1823
1782333947.687186,1815
1782333947.6884851,1848
1782333947.689822,1842
1782333947.689831,1835
1782333947.691181,1848
1782333947.692516,1845
1782333947.6938088,1839
1782333947.6938188,1839
1782333947.6951082,1843
1782333947.696411,1853
1782333947.6977222,1839
1782333947.697731,1834
1782333947.699091,1847
1782333947.701031,1861
1782333947.701432,1856
1782333947.704013,1858
1782333947.7040231,1842
1782333947.704025,1834
1782333947.7053282,1826
1782333947.706632,1839
1782333947.70794,1849
1782333947.7079492,1836
1782333947.7092328,1829
1782333947.71052,1820
1782333947.711811,1835
1782333947.711819,1836
1782333947.713112,1839
1782333947.714429,1842
1782333947.71577,1837
1782333947.7157812,1858
1782333947.717144,1871
1782333947.71857,1851
1782333947.719885,1818
1782333947.719894,1847
1782333947.721191,1826
1782333947.722502,1827
1782333947.723617,1836
1782333947.724942,1824
1782333947.724952,1819
1782333947.726274,1801
1782333947.7275672,1804
1782333947.728866,1794
1782333947.728875,1817
1782333947.730665,1816
1782333947.730711,1829
1782333947.730717,1836
1782333947.733322,1858
1782333947.733333,1841
1782333947.7346509,1874
1782333947.735976,1811
1782333947.7359848,1833
1782333947.7372968,1861
1782333947.7386081,1853
1782333947.7398698,1865
1782333947.7398798,1855
1782333947.741181,1859
1782333947.742473,1848
1782333947.7437599,1846
1782333947.743766,1834
1782333947.745048,1838
1782333947.74634,1843
1782333947.747639,1856
1782333947.748935,1847
1782333947.748945,1834
1782333947.750131,1855
1782333947.7514272,1853
1782333947.7527292,1842
1782333947.752736,1844
1782333947.7540622,1853
1782333947.755177,1871
1782333947.756486,1875
1782333947.757795,1871
1782333947.757805,1863
1782333947.7591271,1859
1782333947.7606862,1869
1782333947.7607071,1863
1782333947.762618,1876
1782333947.76394,1859
1782333947.763951,1857
1782333947.7652102,1864
1782333947.766528,1852
1782333947.767851,1851
1782333947.767861,1868
1782333947.768974,1826
1782333947.7702641,1827
1782333947.771549,1842
1782333947.7727711,1850
1782333947.772779,1822
1782333947.774079,1826
1782333947.775368,1838
1782333947.776685,1851
1782333947.776705,1843
1782333947.777995,1826
1782333947.7792692,1829
1782333947.7805388,1837
1782333947.7818172,1826
1782333947.781823,1821
1782333947.783094,1853
1782333947.78437,1875
1782333947.7856529,1880
1782333947.7856672,1855
1782333947.786935,1853
1782333947.788227,1855
1782333947.789531,1842
1782333947.7913249,1844
1782333947.791332,1866
1782333947.793443,1852
1782333947.793448,1850
1782333947.7947211,1839
1782333947.7947252,1860
1782333947.7959921,1879
1782333947.7970932,1878
1782333947.798291,1877
1782333947.799593,1879
1782333947.800899,1878
1782333947.8009129,1871
1782333947.802189,1846
1782333947.803478,1846
1782333947.8047822,1838
1782333947.8047922,1837
1782333947.806103,1839
1782333947.807411,1829
1782333947.8087292,1828
1782333947.808748,1836
1782333947.809951,1826
1782333947.811258,1845
1782333947.812562,1847
1782333947.813869,1847
1782333947.8138828,1843
1782333947.815198,1822
1782333947.8165052,1823
1782333947.817821,1826
1782333947.817834,1826
1782333947.8191118,1845
1782333947.8204029,1844
1782333947.822314,1824
1782333947.822319,1843
1782333947.824519,1801
1782333947.824525,1802
1782333947.8255758,1799
1782333947.826856,1817
1782333947.826862,1818
1782333947.828146,1824
1782333947.8294241,1836
1782333947.830726,1849
1782333947.8307369,1825
1782333947.832052,1829
1782333947.8333702,1846
1782333947.834694,1858
1782333947.834721,1896
1782333947.836015,1839
1782333947.837315,1844
1782333947.838604,1830
1782333947.8398778,1818
1782333947.839883,1851
1782333947.8411589,1858
1782333947.842436,1848
1782333947.843619,1860
1782333947.8449202,1847
1782333947.844932,1859
1782333947.846237,1857
1782333947.84754,1858
1782333947.8488588,1874
1782333947.848873,1855
1782333947.850176,1866
1782333947.8517382,1866
1782333947.851743,1864
1782333947.853497,1857
1782333947.854769,1869
1782333947.854773,1880
1782333947.856042,1870
1782333947.8573241,1858
1782333947.8586218,1862
1782333947.858634,1839
1782333947.859951,1852
1782333947.8599648,1851
1782333947.861273,1871
1782333947.8625762,1877
1782333947.8638809,1863
1782333947.863891,1879
1782333947.865223,1855
1782333947.866554,1842
1782333947.867873,1819
1782333947.8678799,1829
1782333947.8691719,1846
1782333947.870477,1838
1782333947.871763,1822
1782333947.871777,1828
1782333947.873077,1829
1782333947.874387,1821
1782333947.8756511,1839
1782333947.876951,1830
1782333947.876965,1835
1782333947.8782568,1829
1782333947.87954,1815
1782333947.880833,1810
1782333947.880844,1839
1782333947.8821309,1851
1782333947.883737,1828
1782333947.8837419,1865
1782333947.8850088,1813
1782333947.886278,1834
1782333947.887357,1829
1782333947.888426,1832
1782333947.889764,1845
1782333947.88977,1853
1782333947.890879,1843
1782333947.8921971,1829
1782333947.893274,1826
1782333947.8945658,1852
1782333947.8958771,1831
1782333947.89589,1836
1782333947.8972008,1820
1782333947.8985128,1834
1782333947.89982,1844
1782333947.899832,1858
1782333947.901139,1848
1782333947.902387,1849
1782333947.903692,1837
1782333947.903719,1828
1782333947.9050188,1850
1782333947.9060879,1856
1782333947.9073899,1833
1782333947.9086778,1843
1782333947.908684,1871
1782333947.909965,1851
1782333947.9112818,1853
1782333947.912682,1849
1782333947.912688,1865
1782333947.914298,1855
1782333947.9155772,1852
1782333947.916616,1856
1782333947.91789,1876
1782333947.917894,1852
1782333947.919167,1863
1782333947.920439,1852
1782333947.9217322,1834
1782333947.921746,1854
1782333947.923069,1865
1782333947.9243898,1864
1782333947.9257238,1858
1782333947.925753,1836
1782333947.927051,1833
1782333947.928332,1839
1782333947.9296231,1834
1782333947.9309282,1838
1782333947.930938,1834
1782333947.932241,1832
1782333947.9335392,1826
1782333947.93484,1855
1782333947.93485,1843
1782333947.9361658,1839
1782333947.93746,1832
1782333947.938764,1834
1782333947.938775,1826
1782333947.940098,1805
1782333947.9414048,1829
1782333947.944298,1850
1782333947.944313,1858
1782333947.9443798,1864
1782333947.94715,1855
1782333947.947157,1882
1782333947.947159,1852
1782333947.94845,1849
1782333947.949728,1850
1782333947.949733,1845
1782333947.9509141,1867
1782333947.952213,1853
1782333947.9534998,1846
1782333947.9548008,1837
1782333947.954814,1852
1782333947.9561129,1846
1782333947.9574232,1838
1782333947.958508,1833
1782333947.95981,1834
1782333947.9598222,1823
1782333947.961122,1847
1782333947.962403,1848
1782333947.963708,1860
1782333947.963715,1858
1782333947.96502,1839
1782333947.966308,1865
1782333947.967606,1860
1782333947.968907,1834
1782333947.968917,1823
1782333947.9702091,1842
1782333947.9715059,1862
1782333947.972595,1854
1782333947.974698,1850
1782333947.974714,1859
1782333947.974782,1855
1782333947.977689,1856
1782333947.977695,1857
1782333947.9776971,1866
1782333947.978975,1858
1782333947.980256,1839
1782333947.981545,1830
1782333947.982653,1827
1782333947.983959,1832
1782333947.983971,1837
1782333947.985263,1848
1782333947.986559,1794
1782333947.986565,1834
1782333947.987869,1823
1782333947.9878788,1851
1782333947.989175,1846
1782333947.9904902,1845
1782333947.991814,1845
1782333947.99182,1824
1782333947.9931,1834
1782333947.9943838,1844
1782333947.995699,1845
1782333947.99573,1842
1782333947.9970229,1836
1782333947.998146,1836
1782333947.999456,1849
1782333948.000743,1850
1782333948.00075,1839
1782333948.002045,1852
1782333948.003343,1860
1782333948.004813,1859
1782333948.0048242,1864
1782333948.007658,1848
1782333948.0076668,1875
1782333948.007683,1861
1782333948.008966,1866
1782333948.0102541,1853
1782333948.011536,1850
1782333948.012816,1854
1782333948.012822,1828
1782333948.0141382,1830
1782333948.0154529,1838
1782333948.0167701,1850
1782333948.016787,1839
1782333948.0180979,1819
1782333948.019395,1823
1782333948.020679,1848
1782333948.020684,1852
1782333948.0220108,1829
1782333948.0233312,1824
1782333948.024647,1828
1782333948.025936,1839
1782333948.025943,1839
1782333948.027252,1847
1782333948.0285308,1851
1782333948.029827,1842
1782333948.029836,1848
1782333948.031147,1837
1782333948.0324569,1839
1782333948.034446,1847
1782333948.0344589,1892
1782333948.038285,1829
1782333948.038294,1839
1782333948.038296,1838
1782333948.0382981,1847
1782333948.0394292,1856
1782333948.0407119,1842
1782333948.040718,1802
1782333948.0419881,1804
1782333948.0432599,1830
1782333948.044327,1816
1782333948.045623,1844
1782333948.046766,1847
1782333948.046777,1819
1782333948.0480351,1838
1782333948.049362,1814
1782333948.050688,1815
1782333948.050721,1788
1782333948.052023,1823
1782333948.053308,1813
1782333948.054602,1814
1782333948.0559008,1836
1782333948.055912,1837
1782333948.05723,1861
1782333948.058538,1834
1782333948.059844,1865
1782333948.059854,1864
1782333948.0611699,1858
1782333948.062479,1861
1782333948.064235,1880
1782333948.0642471,1874
1782333948.067157,1875
1782333948.067163,1878
1782333948.067165,1864
1782333948.068387,1864
1782333948.069664,1869
1782333948.069686,1847
1782333948.07096,1854
1782333948.0722718,1847
1782333948.0735831,1851
1782333948.07489,1825
1782333948.0749,1815
1782333948.076216,1823
1782333948.0775208,1823
1782333948.078824,1828
1782333948.078837,1828
1782333948.0801358,1834
1782333948.081453,1837
1782333948.0827641,1839
1782333948.082772,1836
1782333948.0841112,1873
1782333948.0854242,1848
1782333948.086719,1845
1782333948.08673,1849
1782333948.088033,1846
1782333948.089341,1860
1782333948.090663,1839
1782333948.092021,1845
1782333948.092032,1868
1782333948.093327,1851
1782333948.094629,1842
1782333948.096382,1839
1782333948.096394,1855
1782333948.099684,1880
1782333948.099693,1860
1782333948.0996952,1855
1782333948.0996969,1839
1782333948.10097,1843
1782333948.102241,1853
1782333948.103512,1866
1782333948.104804,1871
1782333948.104815,1852
1782333948.1060932,1854
1782333948.107386,1851
1782333948.1087239,1870
1782333948.1087449,1856
1782333948.110044,1855
1782333948.111325,1830
1782333948.1126049,1832
1782333948.1139112,1821
1782333948.113922,1826
1782333948.1139252,1806
1782333948.115241,1828
1782333948.116544,1826
1782333948.1178439,1821
1782333948.1178508,1804
1782333948.119143,1812
1782333948.1204429,1812
1782333948.12174,1826
1782333948.12175,1821
1782333948.1230972,1815
1782333948.124415,1800
1782333948.1272252,1819
1782333948.127239,1822
1782333948.127244,1821
1782333948.130829,1844
1782333948.130835,1869
1782333948.130838,1865
1782333948.13084,1867
1782333948.132119,1855
1782333948.1333928,1876
1782333948.134667,1907
1782333948.134698,1851
1782333948.135974,1846
1782333948.1372669,1852
1782333948.138585,1842
1782333948.139909,1848
1782333948.139916,1853
1782333948.141236,1848
1782333948.1425102,1847
1782333948.143803,1839
1782333948.1438148,1854
1782333948.1451032,1852
1782333948.146382,1861
1782333948.147692,1857
1782333948.1477172,1863
1782333948.149009,1860
1782333948.1502888,1857
1782333948.151582,1857
1782333948.152865,1830
1782333948.15287,1839
1782333948.154161,1824
1782333948.1564622,1830
1782333948.156471,1850
1782333948.1594582,1848
1782333948.159467,1830
1782333948.1594691,1817
1782333948.160753,1832
1782333948.160759,1867
1782333948.1620328,1844
1782333948.163305,1839
1782333948.1644201,1835
1782333948.165694,1828
1782333948.165699,1837
1782333948.16699,1838
1782333948.1682932,1836
1782333948.169596,1823
1782333948.170898,1839
1782333948.170908,1821
1782333948.1722271,1829
1782333948.173544,1834
1782333948.174624,1850
1782333948.1759338,1847
1782333948.175942,1850
1782333948.1772292,1851
1782333948.1785212,1860
1782333948.179818,1886
1782333948.179829,1871
1782333948.181143,1838
1782333948.182465,1858
1782333948.183768,1847
1782333948.183779,1871
1782333948.187305,1842
1782333948.187317,1853
1782333948.1873221,1836
1782333948.1909068,1858
1782333948.190916,1849
1782333948.190918,1846
1782333948.190921,1838
1782333948.192202,1829
1782333948.1934762,1851
1782333948.194747,1855
1782333948.19475,1854
1782333948.196018,1857
1782333948.1973262,1885
1782333948.198636,1881
1782333948.1999612,1870
1782333948.199968,1900
1782333948.2012658,1866
1782333948.202564,1877
1782333948.203867,1866
1782333948.2038772,1862
1782333948.205173,1868
1782333948.206471,1860
1782333948.207772,1838
1782333948.207783,1848
1782333948.209085,1845
1782333948.210368,1842
1782333948.2116601,1842
1782333948.212965,1835
1782333948.212975,1839
1782333948.214266,1819
1782333948.216545,1830
1782333948.216562,1823
1782333948.2191732,1836
1782333948.219179,1847
1782333948.219181,1850
1782333948.22046,1848
1782333948.221735,1836
1782333948.22174,1850
1782333948.223032,1850
1782333948.224313,1854
1782333948.225609,1877
1782333948.226913,1863
1782333948.2269251,1848
1782333948.2282019,1850
1782333948.229491,1850
1782333948.230806,1860
1782333948.230817,1827
1782333948.2321222,1812
1782333948.2334359,1818
1782333948.234735,1845
1782333948.2347462,1837
1782333948.236036,1825
1782333948.2373319,1807
1782333948.2386482,1798
1782333948.240007,1790
1782333948.240022,1792
1782333948.241351,1786
1782333948.241364,1793
1782333948.242679,1813
1782333948.242733,1828
1782333948.2440379,1837
1782333948.245345,1859
1782333948.246654,1877
1782333948.248735,1871
1782333948.2487612,1876
1782333948.248766,1871
1782333948.252243,1868
1782333948.252249,1866
1782333948.2522519,1859
1782333948.253525,1875
1782333948.254617,1848
1782333948.255931,1860
1782333948.255939,1877
1782333948.257235,1853
1782333948.258542,1848
1782333948.259827,1843
1782333948.261097,1828
1782333948.261102,1839
1782333948.262385,1857
1782333948.263702,1876
1782333948.263724,1874
1782333948.265037,1874
1782333948.26634,1868
1782333948.2676659,1866
1782333948.268965,1870
1782333948.2689779,1878
1782333948.270252,1875
1782333948.2715452,1856
1782333948.272856,1866
1782333948.272866,1841
1782333948.2741702,1830
1782333948.2754838,1807
1782333948.276782,1820
1782333948.2767942,1839
1782333948.279617,1830
1782333948.2796319,1843
1782333948.283052,1821
1782333948.28306,1814
1782333948.283062,1832
1782333948.2830641,1812
1782333948.284338,1867
1782333948.285609,1837
1782333948.28689,1845
1782333948.2868962,1855
1782333948.2881742,1863
1782333948.289494,1868
1782333948.290817,1861
1782333948.290826,1839
1782333948.2921531,1830
1782333948.293451,1828
1782333948.294739,1834
1782333948.2947452,1831
1782333948.2960389,1825
1782333948.297267,1810
1782333948.298571,1839
1782333948.2998788,1851
1782333948.299892,1835
1782333948.301186,1852
1782333948.3025029,1863
1782333948.303808,1870
1782333948.303814,1882
1782333948.305109,1864
1782333948.3064451,1863
1782333948.307644,1868
1782333948.3095691,1839
1782333948.309579,1842
1782333948.3125498,1831
1782333948.31256,1830
1782333948.312563,1812
1782333948.313856,1836
1782333948.3138628,1858
1782333948.31518,1836
1782333948.31648,1842
1782333948.3177679,1867
1782333948.317776,1850
1782333948.319055,1846
1782333948.32034,1836
1782333948.3216178,1834
1782333948.322918,1839
1782333948.322929,1844
1782333948.324208,1829
1782333948.3254972,1849
1782333948.326792,1862
1782333948.3267999,1835
1782333948.328094,1842
1782333948.329379,1839
1782333948.3305972,1855
1782333948.3318899,1846
1782333948.331897,1850
1782333948.3332,1850
1782333948.334482,1852
1782333948.335774,1862
1782333948.335785,1859
1782333948.3370829,1865
1782333948.3383832,1856
1782333948.340895,1852
1782333948.340912,1860
1782333948.340916,1839
1782333948.344176,1862
1782333948.3441842,1884
1782333948.344186,1851
1782333948.345459,1843
1782333948.3467321,1865
1782333948.346737,1860
1782333948.348031,1868
1782333948.349355,1858
1782333948.350656,1848
1782333948.351976,1860
1782333948.351983,1867
1782333948.353293,1863
1782333948.3545878,1849
1782333948.355901,1833
1782333948.355913,1827
1782333948.357228,1814
1782333948.358536,1828
1782333948.359848,1832
1782333948.3598568,1819
1782333948.3611488,1839
1782333948.362446,1839
1782333948.363751,1854
1782333948.363762,1855
1782333948.364835,1848
1782333948.366166,1830
1782333948.3674722,1865
1782333948.367483,1860
1782333948.368806,1846
1782333948.368819,1843
1782333948.371296,1820
1782333948.371309,1824
1782333948.374217,1818
1782333948.374225,1827
1782333948.374227,1836
1782333948.3755012,1825
1782333948.376773,1837
1782333948.376778,1843
1782333948.3780491,1858
1782333948.379346,1850
1782333948.380672,1849
1782333948.381953,1839
1782333948.38196,1845
1782333948.383264,1835
1782333948.3845701,1818
1782333948.385875,1814
1782333948.385886,1831
1782333948.38718,1843
1782333948.3884811,1828
1782333948.3898041,1829
1782333948.389811,1841
1782333948.391114,1839
1782333948.392413,1815
1782333948.393721,1839
1782333948.3937302,1831
1782333948.395027,1827
1782333948.396322,1827
1782333948.39764,1835
1782333948.3989499,1836
1782333948.398963,1839
1782333948.401263,1852
1782333948.4012768,1860
1782333948.404452,1855
1782333948.404459,1839
1782333948.4044611,1845
1782333948.4057431,1839
1782333948.405748,1859
1782333948.4070451,1848
1782333948.4083,1833
1782333948.409583,1831
1782333948.410857,1831
1782333948.410861,1824
1782333948.412129,1836
1782333948.4134002,1868
1782333948.4147341,1855
1782333948.41474,1847
1782333948.4160461,1871
1782333948.4173582,1868
1782333948.418646,1862
1782333948.419929,1854
1782333948.419934,1866
1782333948.421227,1849
1782333948.42253,1845
1782333948.423844,1850
1782333948.423855,1870
1782333948.425154,1854
1782333948.4264839,1858
1782333948.427787,1869
1782333948.427797,1858
1782333948.4290922,1868
1782333948.430454,1868
1782333948.432897,1875
1782333948.4329028,1844
1782333948.432906,1852
1782333948.43418,1829
1782333948.435245,1806
1782333948.436523,1797
1782333948.437809,1826
1782333948.4378161,1818
1782333948.4391181,1819
1782333948.4404118,1839
1782333948.44174,1849
1782333948.4417548,1850
1782333948.4430668,1862
1782333948.444353,1843
1782333948.445663,1847
1782333948.445698,1846
1782333948.4467552,1858
1782333948.4480388,1858
1782333948.449326,1861
1782333948.45061,1855
1782333948.4518888,1844
1782333948.451895,1851
1782333948.4531689,1837
1782333948.4544451,1842
1782333948.455729,1860
1782333948.455734,1853
1782333948.457026,1832
1782333948.458303,1835
1782333948.460136,1816
1782333948.460141,1839
1782333948.462378,1839
1782333948.462385,1847
1782333948.4636621,1837
1782333948.463667,1839
1782333948.4649448,1822
1782333948.466228,1824
1782333948.4675,1829
1782333948.468778,1831
1782333948.468784,1828
1782333948.470054,1807
1782333948.4713469,1802
1782333948.472658,1822
1782333948.4739919,1830
1782333948.4740028,1834
1782333948.4753091,1839
1782333948.476613,1833
1782333948.47792,1845
1782333948.477931,1826
1782333948.4792309,1817
1782333948.4805372,1842
1782333948.4818492,1844
1782333948.4818618,1855
1782333948.483159,1864
1782333948.4844642,1848
1782333948.485745,1829
1782333948.485748,1829
1782333948.487038,1834
1782333948.48834,1845
1782333948.489655,1857
1782333948.490991,1866
1782333948.4910028,1856
1782333948.492276,1833
1782333948.4922812,1839
1782333948.494275,1844
1782333948.494281,1838
1782333948.4955552,1853
1782333948.496824,1848
1782333948.4968278,1847
1782333948.498073,1850
1782333948.49939,1832
1782333948.500714,1807
1782333948.500733,1815
1782333948.501875,1829
1782333948.503038,1837
1782333948.504341,1838
1782333948.5056572,1846
1782333948.5069811,1846
1782333948.506988,1843
1782333948.508339,1843
1782333948.5096462,1850
1782333948.510925,1836
1782333948.5109298,1839
1782333948.512222,1843
1782333948.513546,1842
1782333948.51486,1858
1782333948.514872,1886
1782333948.5161731,1899
1782333948.5174232,1899
1782333948.5187142,1874
1782333948.518719,1864
1782333948.520038,1862
1782333948.52135,1855
1782333948.522754,1844
1782333948.5227609,1839
1782333948.52541,1841
1782333948.5254169,1838
1782333948.526701,1849
1782333948.526706,1828
1782333948.5279858,1837
1782333948.529262,1830
1782333948.53055,1842
1782333948.5318458,1822
1782333948.531853,1811
1782333948.533154,1810
1782333948.534483,1834
1782333948.535758,1829
1782333948.535763,1834
1782333948.537058,1854
1782333948.538358,1838
1782333948.539697,1857
1782333948.539723,1857
1782333948.541039,1855
1782333948.5423439,1838
1782333948.5436218,1827
1782333948.544899,1832
1782333948.544905,1846
1782333948.546201,1846
1782333948.5475001,1843
1782333948.548801,1844
1782333948.548809,1844
1782333948.550112,1848
1782333948.552201,1852
1782333948.552215,1871
1782333948.5560598,1871
1782333948.5560708,1864
1782333948.556074,1853
1782333948.556076,1857
1782333948.557357,1844
1782333948.558631,1855
1782333948.559904,1852
1782333948.559909,1847
1782333948.561224,1833
1782333948.562521,1833
1782333948.563806,1851
1782333948.563811,1860
1782333948.565114,1857
1782333948.566421,1855
1782333948.56774,1848
1782333948.567748,1835
1782333948.569054,1857
1782333948.570348,1855
1782333948.5716538,1851
1782333948.5728152,1837
1782333948.5728252,1850
1782333948.574114,1854
1782333948.57542,1849
1782333948.576734,1855
1782333948.576746,1858
1782333948.578062,1859
1782333948.579363,1852
1782333948.580708,1833
1782333948.582624,1838
1782333948.58272,1830
1782333948.582765,1839
1782333948.586263,1821
1782333948.5862699,1830
1782333948.586273,1815
1782333948.5875468,1807
1782333948.5888178,1810
1782333948.5888221,1826
1782333948.590098,1820
1782333948.591392,1838
1782333948.592695,1855
1782333948.592722,1874
1782333948.594014,1848
1782333948.595317,1858
1782333948.596617,1839
1782333948.597973,1831
1782333948.59798,1829
1782333948.600629,1845
1782333948.600637,1855
1782333948.6019342,1839
1782333948.601946,1861
1782333948.603223,1855
1782333948.6045241,1847
1782333948.605833,1832
1782333948.605839,1838
1782333948.607139,1842
1782333948.608446,1839
1782333948.6097438,1832
1782333948.6097531,1849
1782333948.611069,1834
1782333948.6129348,1874
1782333948.612948,1867
1782333948.616655,1858
1782333948.616663,1850
1782333948.616666,1857
1782333948.616684,1850
1782333948.6179562,1839
1782333948.619241,1846
1782333948.6192482,1857
1782333948.620518,1867
1782333948.621809,1870
1782333948.62182,1867
1782333948.6230981,1885
1782333948.624394,1876
1782333948.6257,1858
1782333948.6257112,1835
1782333948.627007,1823
1782333948.628309,1820
1782333948.629607,1814
1782333948.63091,1813
1782333948.630921,1818
1782333948.632229,1820
1782333948.6335418,1835
1782333948.63484,1832
1782333948.634851,1839
1782333948.636159,1847
1782333948.637446,1819
1782333948.638749,1819
1782333948.638761,1843
1782333948.640076,1843
1782333948.641385,1839
1782333948.642716,1850
1782333948.642786,1863
1782333948.645918,1848
1782333948.645931,1837
1782333948.645936,1827
1782333948.649555,1835
1782333948.6495628,1824
1782333948.649566,1848
1782333948.65084,1854
1782333948.6508439,1866
1782333948.652125,1859
1782333948.653399,1870
1782333948.654669,1885
1782333948.6546729,1886
1782333948.655964,1882
1782333948.657274,1881
1782333948.658585,1886
1782333948.659883,1884
1782333948.659894,1853
1782333948.6611881,1839
1782333948.662485,1834
1782333948.6637871,1807
1782333948.663798,1818
1782333948.665102,1802
1782333948.6663811,1807
1782333948.667677,1807
1782333948.667706,1813
1782333948.668999,1804
1782333948.6702888,1807
1782333948.671583,1827
1782333948.6728818,1826
1782333948.6728928,1833
1782333948.675105,1831
1782333948.6751208,1815
1782333948.676466,1822
1782333948.679411,1843
1782333948.6794162,1858
1782333948.679418,1864
1782333948.6805818,1856
1782333948.681872,1827
1782333948.681886,1857
1782333948.6831691,1867
1782333948.6844501,1857
1782333948.6857522,1862
1782333948.685764,1868
1782333948.687061,1854
1782333948.6883662,1865
1782333948.6897001,1860
1782333948.689721,1852
1782333948.691037,1864
1782333948.692349,1853
1782333948.693658,1854
1782333948.6949608,1849
1782333948.694965,1866
1782333948.696234,1857
1782333948.697537,1863
1782333948.698865,1877
1782333948.698876,1871
1782333948.70019,1857
1782333948.701468,1833
1782333948.7027469,1813
1782333948.702753,1810
1782333948.705469,1818
1782333948.705481,1826
1782333948.708694,1833
1782333948.708701,1865
1782333948.708703,1851
1782333948.708705,1849
1782333948.709978,1857
1782333948.7112489,1865
1782333948.712519,1867
1782333948.713793,1853
1782333948.713803,1838
1782333948.7150888,1856
1782333948.716388,1855
1782333948.7177038,1838
1782333948.7177238,1846
1782333948.7190158,1839
1782333948.7202969,1846
1782333948.721567,1846
1782333948.722868,1823
1782333948.72288,1828
1782333948.7241821,1823
1782333948.725502,1807
1782333948.726799,1817
1782333948.7268102,1835
1782333948.728105,1828
1782333948.729388,1846
1782333948.730709,1836
1782333948.730724,1854
1782333948.732055,1852
1782333948.733359,1853
1782333948.735494,1857
1782333948.735507,1871
1782333948.7387881,1858
1782333948.738795,1846
1782333948.738797,1858
1782333948.738799,1856
1782333948.74008,1863
1782333948.7413561,1869
1782333948.7426271,1875
1782333948.743896,1871
1782333948.743901,1883
1782333948.74519,1871
1782333948.7452002,1832
1782333948.746495,1860
1782333948.747797,1868
1782333948.747807,1858
1782333948.749105,1839
1782333948.750408,1839
1782333948.751713,1848
1782333948.751723,1828
1782333948.7530198,1811
1782333948.754318,1835
1782333948.75562,1823
1782333948.756924,1817
1782333948.756935,1827
1782333948.758226,1819
1782333948.759528,1807
1782333948.7608268,1828
1782333948.7608378,1825
1782333948.76213,1826
1782333948.7634401,1821
1782333948.765253,1797
1782333948.7652678,1820
1782333948.769127,1836
1782333948.769134,1863
1782333948.7691362,1860
1782333948.7691379,1869
1782333948.770411,1865
1782333948.771682,1838
1782333948.7716858,1832
1782333948.772751,1847
1782333948.774038,1887
1782333948.7753448,1871
1782333948.776656,1847
1782333948.777971,1839
1782333948.777982,1828
1782333948.779286,1824
1782333948.780596,1824
1782333948.781906,1826
1782333948.7819169,1820
1782333948.7832131,1838
1782333948.784517,1824
1782333948.7858229,1819
1782333948.785834,1809
1782333948.7871318,1807
1782333948.788432,1839
1782333948.789529,1834
1782333948.790828,1838
1782333948.790837,1855
1782333948.7921338,1855
1782333948.793431,1845
1782333948.79473,1839
1782333948.79474,1839
1782333948.797274,1852
1782333948.7972832,1862
1782333948.800591,1850
1782333948.800598,1852
1782333948.8006,1848
1782333948.801882,1848
1782333948.801889,1839
1782333948.803172,1822
1782333948.804445,1836
1782333948.8056152,1844
1782333948.8068979,1847
1782333948.806905,1843
1782333948.808216,1846
1782333948.809519,1855
1782333948.810823,1863
1782333948.810835,1856
1782333948.812143,1850
1782333948.8134289,1832
1782333948.814733,1838
1782333948.814743,1831
1782333948.816067,1836
1782333948.8173702,1856
1782333948.818686,1865
1782333948.818723,1871
1782333948.820024,1860
1782333948.821324,1855
1782333948.822639,1858
1782333948.82395,1852
1782333948.8239622,1868
1782333948.825269,1868
1782333948.827351,1866
1782333948.82736,1860
1782333948.830671,1867
1782333948.830677,1876
1782333948.830679,1869
1782333948.830681,1846
1782333948.831959,1837
1782333948.833232,1837
1782333948.834508,1845
1782333948.835781,1851
1782333948.835785,1821
1782333948.837079,1823
1782333948.83838,1827
1782333948.839725,1838
1782333948.839731,1823
1782333948.841048,1834
1782333948.8423228,1817
1782333948.843619,1822
1782333948.844925,1837
1782333948.844936,1852
1782333948.8462121,1839
1782333948.847282,1845
1782333948.8485918,1839
1782333948.8499,1857
1782333948.8499131,1879
1782333948.851213,1881
1782333948.852514,1867
1782333948.853817,1869
1782333948.853826,1867
1782333948.855121,1850
1782333948.856645,1837
1782333948.856708,1839
1782333948.859471,1855
1782333948.859478,1841
1782333948.8607519,1851
1782333948.8607569,1846
1782333948.862026,1848
1782333948.8631449,1855
1782333948.8644202,1858
1782333948.8657322,1842
1782333948.8657439,1831
1782333948.8670561,1839
1782333948.86836,1857
1782333948.869665,1857
1782333948.870992,1855
1782333948.871003,1850
1782333948.871008,1837
1782333948.8723001,1829
1782333948.873606,1838
1782333948.8749352,1851
1782333948.874951,1859
1782333948.876265,1860
1782333948.877567,1875
1782333948.878874,1874
1782333948.878885,1877
1782333948.880064,1853
1782333948.8813682,1855
1782333948.8826802,1847
1782333948.882734,1837
1782333948.884036,1846
1782333948.885337,1814
1782333948.887467,1815
1782333948.887481,1802
1782333948.891509,1832
1782333948.891516,1826
1782333948.8915179,1817
1782333948.89152,1823
1782333948.892559,1822
1782333948.893831,1832
1782333948.893836,1843
1782333948.895103,1839
1782333948.896371,1845
1782333948.897648,1807
1782333948.897674,1831
1782333948.898978,1847
1782333948.9003,1843
1782333948.9016,1828
1782333948.9029,1842
1782333948.902911,1853
1782333948.904207,1853
1782333948.9055061,1853
1782333948.90683,1853
1782333948.906838,1854
1782333948.908149,1847
1782333948.9092622,1863
1782333948.910563,1876
1782333948.911871,1860
1782333948.91188,1862
1782333948.913174,1863
1782333948.914444,1854
1782333948.91772,1852
1782333948.9177349,1858
1782333948.917739,1867
1782333948.917821,1837
1782333948.921516,1825
1782333948.921522,1825
1782333948.921525,1830
1782333948.9228,1805
1782333948.922806,1822
1782333948.9240808,1829
1782333948.9253602,1835
1782333948.926639,1816
1782333948.9279318,1815
1782333948.927943,1826
1782333948.929237,1830
1782333948.930538,1837
1782333948.931865,1847
1782333948.931871,1849
1782333948.933176,1843
1782333948.934475,1850
1782333948.935779,1863
1782333948.93579,1869
1782333948.9370859,1848
1782333948.938365,1850
1782333948.939692,1856
1782333948.93971,1864
1782333948.941014,1858
1782333948.9423301,1860
1782333948.9436128,1859
1782333948.944906,1868
1782333948.944915,1836
1782333948.946205,1850
1782333948.947275,1839
1782333948.949295,1837
1782333948.94931,1851
1782333948.953038,1836
1782333948.953043,1835
1782333948.953045,1838
1782333948.953047,1827
1782333948.954318,1826
1782333948.955581,1848
1782333948.956865,1839
1782333948.956872,1839
1782333948.9581451,1844
1782333948.959439,1856
1782333948.960741,1870
1782333948.960752,1858
1782333948.962046,1851
1782333948.9633448,1842
1782333948.964679,1856
1782333948.9646988,1826
1782333948.9660091,1834
1782333948.967326,1838
1782333948.96864,1854
1782333948.9699452,1844
1782333948.9699562,1854
1782333948.971265,1843
1782333948.972574,1844
1782333948.9738932,1854
1782333948.973901,1855
1782333948.975206,1857
1782333948.976502,1833
1782333948.977912,1827
1782333948.9779189,1839
1782333948.981653,1851
1782333948.9816608,1848
1782333948.981663,1843
1782333948.981695,1851
1782333948.982968,1854
1782333948.98424,1851
1782333948.9855099,1836
1782333948.98678,1856
1782333948.986784,1850
1782333948.9880729,1855
1782333948.989377,1849
1782333948.990442,1839
1782333948.991741,1844
1782333948.9917529,1836
1782333948.993045,1815
1782333948.99432,1824
1782333948.995614,1831
1782333948.996951,1844
1782333948.996958,1821
1782333948.9982772,1839
1782333948.999583,1855
1782333948.999593,1834
1782333949.0009,1828
1782333949.0009081,1839
1782333949.002203,1854
1782333949.003387,1844
1782333949.004692,1851
1782333949.004716,1835
1782333949.006019,1844
1782333949.007326,1847
1782333949.0099149,1858
1782333949.009928,1864
1782333949.010287,1844
1782333949.013404,1829
1782333949.0134091,1820
1782333949.013412,1822
1782333949.014702,1793
1782333949.01471,1810
1782333949.015996,1814
1782333949.017267,1847
1782333949.018537,1853
1782333949.019827,1855
1782333949.019837,1867
1782333949.0211132,1852
1782333949.022403,1870
1782333949.023725,1859
1782333949.023745,1850
1782333949.0250602,1847
1782333949.0263622,1866
1782333949.027668,1869
1782333949.028988,1876
1782333949.029,1871
1782333949.030296,1855
1782333949.031615,1863
1782333949.032919,1860
1782333949.032925,1865
1782333949.034226,1864
1782333949.035522,1871
1782333949.036829,1850
1782333949.036839,1830
1782333949.038131,1837
1782333949.039444,1839
1782333949.040858,1821
1782333949.0408719,1854
1782333949.044675,1853
1782333949.044682,1861
1782333949.0446851,1850
1782333949.044686,1832
1782333949.045959,1812
1782333949.0472472,1812
1782333949.048532,1810
1782333949.0498319,1824
1782333949.0498428,1817
1782333949.051143,1835
1782333949.052446,1849
1782333949.053748,1870
1782333949.0537589,1859
1782333949.0550559,1861
1782333949.056376,1864
1782333949.057703,1869
1782333949.057738,1855
1782333949.0590458,1847
1782333949.0603468,1838
1782333949.061633,1850
1782333949.062928,1838
1782333949.062937,1842
1782333949.064238,1828
1782333949.0655491,1828
1782333949.066854,1836
1782333949.066865,1842
1782333949.068158,1848
1782333949.0694559,1847
1782333949.071496,1856
1782333949.071509,1839
1782333949.076519,1848
1782333949.076527,1849
1782333949.0765288,1857
1782333949.076531,1848
1782333949.076533,1834
1782333949.077805,1846
1782333949.0778098,1849
1782333949.079079,1849
1782333949.080349,1832
1782333949.081634,1822
1782333949.082936,1836
1782333949.0829492,1822
1782333949.084248,1811
1782333949.085531,1827
1782333949.086826,1854
1782333949.086838,1860
1782333949.088135,1849
1782333949.089403,1813
1782333949.090715,1822
1782333949.090728,1832
1782333949.092026,1828
1782333949.0933068,1844
1782333949.0945978,1839
1782333949.0958972,1847
1782333949.095907,1848
1782333949.0972018,1843
1782333949.0985038,1858
1782333949.1015072,1855
1782333949.101516,1884
1782333949.1015182,1849
1782333949.105037,1862
1782333949.105042,1851
1782333949.105044,1839
1782333949.105047,1848
1782333949.1063292,1866
1782333949.108881,1856
1782333949.108889,1849
1782333949.1088908,1844
1782333949.110166,1827
1782333949.111459,1842
1782333949.112759,1826
1782333949.11277,1837
1782333949.114076,1850
1782333949.115388,1847
1782333949.116711,1829
1782333949.116728,1826
1782333949.118022,1837
1782333949.1193228,1846
1782333949.1206222,1827
1782333949.121949,1839
1782333949.1219552,1845
1782333949.1232781,1871
1782333949.124581,1855
1782333949.125886,1866
1782333949.125898,1864
1782333949.127188,1866
1782333949.127199,1860
1782333949.1284878,1883
1782333949.130949,1871
1782333949.130958,1866
1782333949.13096,1853
1782333949.134851,1832
1782333949.134859,1837
1782333949.1348622,1830
1782333949.1348639,1824
1782333949.136137,1835
1782333949.1374102,1828
1782333949.1386828,1827
1782333949.138687,1831
1782333949.139969,1834
1782333949.141267,1824
1782333949.14257,1821
1782333949.1438699,1834
1782333949.14388,1838
1782333949.145173,1834
1782333949.146472,1856
1782333949.147788,1856
1782333949.147795,1860
1782333949.149041,1870
1782333949.15036,1878
1782333949.15166,1870
1782333949.152977,1851
1782333949.1529868,1846
1782333949.15428,1849
1782333949.1555789,1833
1782333949.1568809,1853
1782333949.156893,1859
1782333949.1582022,1844
1782333949.160903,1817
1782333949.1609159,1839
1782333949.1609821,1846
1782333949.162438,1836
1782333949.165014,1844
1782333949.16502,1830
1782333949.165022,1832
1782333949.1662989,1823
1782333949.167579,1839
1782333949.1688561,1820
1782333949.168861,1810
1782333949.170131,1824
1782333949.1714208,1846
1782333949.172723,1854
1782333949.172735,1837
1782333949.174033,1827
1782333949.175334,1834
1782333949.1766489,1843
1782333949.1779468,1839
1782333949.177957,1852
1782333949.179253,1855
1782333949.180554,1866
1782333949.181858,1858
1782333949.181869,1871
1782333949.1831622,1860
1782333949.184462,1870
1782333949.1857622,1864
1782333949.185772,1853
1782333949.1870642,1833
1782333949.188362,1866
1782333949.189662,1849
1782333949.189703,1871
1782333949.1910012,1866
1782333949.193342,1853
1782333949.193356,1837
1782333949.197348,1829
1782333949.197356,1845
1782333949.1973581,1830
1782333949.19736,1843
1782333949.198646,1830
1782333949.1986828,1832
1782333949.1999629,1838
1782333949.201239,1852
1782333949.2025118,1848
1782333949.20381,1846
1782333949.203821,1852
1782333949.205118,1839
1782333949.206454,1839
1782333949.2077591,1837
1782333949.2077692,1871
1782333949.209064,1850
1782333949.2103639,1838
1782333949.211679,1844
1782333949.211703,1851
1782333949.2129972,1845
1782333949.2143,1858
1782333949.215601,1854
1782333949.216903,1844
1782333949.216915,1838
1782333949.218208,1843
1782333949.219507,1819
1782333949.220808,1831
1782333949.2208178,1838
1782333949.223514,1811
1782333949.223531,1824
1782333949.2278101,1817
1782333949.2278159,1820
1782333949.227818,1832
1782333949.22782,1831
1782333949.227822,1827
1782333949.2290938,1839
1782333949.230366,1838
1782333949.231648,1828
1782333949.231681,1822
1782333949.232959,1849
1782333949.234263,1844
1782333949.235517,1838
1782333949.236814,1852
1782333949.236825,1847
1782333949.238127,1868
1782333949.239434,1866
1782333949.240741,1860
1782333949.240753,1871
1782333949.24207,1846
1782333949.243367,1845
1782333949.24469,1857
1782333949.244718,1844
1782333949.2460139,1837
1782333949.2471051,1833
1782333949.248411,1852
1782333949.249721,1850
1782333949.249734,1852
1782333949.252259,1877
1782333949.2522721,1867
1782333949.25384,1871
1782333949.2538471,1871
1782333949.253849,1865
1782333949.256565,1839
1782333949.256572,1845
1782333949.257845,1851
1782333949.2578502,1848
1782333949.259119,1853
1782333949.260389,1832
1782333949.261499,1830
1782333949.262796,1837
1782333949.262808,1864
1782333949.26395,1850
1782333949.265258,1847
1782333949.266572,1834
1782333949.267877,1822
1782333949.2678888,1844
1782333949.2691898,1857
1782333949.2704902,1857
1782333949.2718048,1849
1782333949.271811,1843
1782333949.2731159,1842
1782333949.274421,1827
1782333949.275718,1855
1782333949.277022,1842
1782333949.277031,1839
1782333949.278325,1871
1782333949.2796311,1862
1782333949.28094,1850
1782333949.2809532,1839
1782333949.282969,1822
1782333949.2829819,1819
1782333949.287053,1823
1782333949.2870579,1839
1782333949.28706,1837
1782333949.287062,1818
1782333949.288332,1807
1782333949.289417,1830
1782333949.290693,1835
1782333949.290699,1849
1782333949.291978,1855
1782333949.293279,1853
1782333949.29458,1859
1782333949.295881,1858
1782333949.295892,1856
1782333949.29719,1852
1782333949.298507,1845
1782333949.299826,1834
1782333949.299836,1832
1782333949.3011048,1836
1782333949.3023949,1829
1782333949.303709,1814
1782333949.3037179,1839
1782333949.305026,1844
1782333949.306102,1833
1782333949.307425,1832
1782333949.3087301,1844
1782333949.3087392,1827
1782333949.310038,1828
1782333949.311177,1835
1782333949.3126762,1843
1782333949.3129668,1839
1782333949.316202,1823
1782333949.3162088,1828
1782333949.316211,1838
1782333949.317493,1835
1782333949.3187652,1838
1782333949.31877,1854
1782333949.3200371,1852
1782333949.3213062,1845
1782333949.3226151,1865
1782333949.323925,1879
1782333949.323937,1859
1782333949.3250072,1862
1782333949.3263202,1871
1782333949.3276339,1858
1782333949.3289442,1851
1782333949.328956,1861
1782333949.330264,1855
1782333949.331577,1859
1782333949.3328981,1892
1782333949.332911,1898
1782333949.334197,1890
1782333949.335495,1871
1782333949.336779,1875
1782333949.3367832,1864
1782333949.338091,1862
1782333949.339396,1848
1782333949.340717,1833
1782333949.340725,1858
1782333949.342031,1844
1782333949.343958,1839
1782333949.343966,1830
1782333949.347911,1831
1782333949.347918,1833
1782333949.347921,1829
1782333949.347923,1824
1782333949.349199,1817
1782333949.350455,1823
1782333949.351732,1835
1782333949.3517382,1830
1782333949.353031,1819
1782333949.354312,1834
1782333949.355607,1839
1782333949.35692,1852
1782333949.356929,1842
1782333949.358237,1844
1782333949.359547,1838
1782333949.360848,1839
1782333949.3608599,1835
1782333949.362158,1839
1782333949.363425,1839
1782333949.364738,1851
1782333949.364751,1857
1782333949.3660522,1846
1782333949.3673532,1850
1782333949.368653,1874
1782333949.369965,1874
1782333949.369976,1848
1782333949.3712692,1836
1782333949.372566,1844
1782333949.37499,1855
1782333949.374999,1855
1782333949.375612,1864
1782333949.378934,1853
1782333949.3789408,1860
1782333949.378943,1830
1782333949.378945,1816
1782333949.380221,1852
1782333949.381501,1837
1782333949.381508,1867
1782333949.382783,1843
1782333949.3827882,1814
1782333949.384057,1825
1782333949.385351,1836
1782333949.386656,1821
1782333949.387991,1832
1782333949.388006,1860
1782333949.38931,1847
1782333949.390638,1826
1782333949.391947,1853
1782333949.3919559,1858
1782333949.393248,1849
1782333949.394551,1842
1782333949.3958552,1859
1782333949.3958662,1864
1782333949.3971689,1862
1782333949.3984818,1883
1782333949.399786,1856
1782333949.399796,1867
1782333949.4010901,1864
1782333949.402381,1864
1782333949.403714,1845
1782333949.403757,1854
1782333949.405301,1851
1782333949.409059,1867
1782333949.409067,1862
1782333949.409069,1871
1782333949.4090712,1852
1782333949.410348,1858
1782333949.4116359,1839
1782333949.411742,1815
1782333949.413027,1817
1782333949.414307,1824
1782333949.415617,1839
1782333949.4169002,1839
1782333949.4169059,1833
1782333949.418169,1828
1782333949.419446,1831
1782333949.420746,1853
1782333949.420758,1839
1782333949.422066,1823
1782333949.423357,1813
1782333949.4246678,1839
1782333949.425992,1846
1782333949.4259999,1819
1782333949.427283,1829
1782333949.428579,1836
1782333949.4298801,1847
1782333949.429891,1856
1782333949.4311092,1864
1782333949.432415,1864
1782333949.434808,1855
1782333949.4348211,1850
1782333949.434826,1834
1782333949.4362931,1815
1782333949.4394,1823
1782333949.4394062,1830
1782333949.4394088,1843
1782333949.4406872,1831
1782333949.440693,1836
1782333949.441962,1847
1782333949.443233,1856
1782333949.444509,1842
1782333949.445805,1842
1782333949.445816,1850
1782333949.4471319,1839
1782333949.448458,1852
1782333949.4497778,1826
1782333949.449784,1836
1782333949.451093,1839
1782333949.452374,1828
1782333949.453677,1850
1782333949.453712,1861
1782333949.455005,1862
1782333949.456109,1875
1782333949.45741,1863
1782333949.45872,1858
1782333949.458729,1865
1782333949.460026,1854
1782333949.4613252,1863
1782333949.462624,1851
1782333949.464064,1837
1782333949.464072,1842
1782333949.467781,1834
1782333949.467788,1836
1782333949.467791,1844
1782333949.467793,1845
1782333949.469064,1866
1782333949.470334,1854
1782333949.471385,1860
1782333949.472665,1849
1782333949.4726698,1859
1782333949.47397,1846
1782333949.475273,1843
1782333949.4765928,1833
1782333949.4778922,1843
1782333949.4779038,1835
1782333949.479211,1838
1782333949.480514,1837
1782333949.4818408,1852
1782333949.4818492,1856
1782333949.4831622,1847
1782333949.484477,1848
1782333949.485754,1856
1782333949.485759,1868
1782333949.487048,1851
1782333949.488346,1856
1782333949.489439,1858
1782333949.490747,1858
1782333949.490756,1843
1782333949.4920619,1828
1782333949.493375,1850
1782333949.496404,1844
1782333949.49699,1821
1782333949.496995,1815
1782333949.497076,1816
1782333949.500723,1829
1782333949.500731,1848
1782333949.5007339,1847
1782333949.500736,1845
1782333949.5020108,1862
1782333949.503283,1852
1782333949.5045602,1846
1782333949.505836,1836
1782333949.50584,1827
1782333949.5071518,1842
1782333949.508456,1839
1782333949.50847,1828
1782333949.509747,1837
1782333949.509752,1836
1782333949.511053,1846
1782333949.512335,1819
1782333949.513648,1818
1782333949.5149598,1816
1782333949.514977,1824
1782333949.516286,1826
1782333949.5176141,1816
1782333949.5188942,1816
1782333949.518899,1837
1782333949.520191,1824
1782333949.5214899,1819
1782333949.522774,1835
1782333949.52278,1839
1782333949.52409,1834
1782333949.5265899,1849
1782333949.526599,1855
1782333949.5305119,1834
1782333949.530518,1843
1782333949.5305212,1847
1782333949.5305228,1832
1782333949.5318022,1824
1782333949.531809,1848
1782333949.533091,1863
1782333949.534368,1845
1782333949.535639,1839
1782333949.536961,1819
1782333949.536972,1839
1782333949.538267,1846
1782333949.539573,1866
1782333949.5408902,1853
1782333949.540902,1835
1782333949.542201,1826
1782333949.543505,1838
1782333949.5448089,1864
1782333949.54482,1867
1782333949.546117,1849
1782333949.5474188,1862
1782333949.548649,1850
1782333949.549937,1853
1782333949.549941,1861
1782333949.5512471,1865
1782333949.552534,1846
1782333949.553832,1859
1782333949.5538409,1854
1782333949.5551329,1871
1782333949.557833,1867
1782333949.557847,1865
1782333949.5578518,1856
1782333949.561918,1865
1782333949.5619252,1858
1782333949.5619268,1838
1782333949.561929,1826
1782333949.563201,1832
1782333949.564477,1834
1782333949.5657668,1855
1782333949.565773,1860
1782333949.56689,1868
1782333949.568191,1860
1782333949.5694962,1858
1782333949.570803,1853
1782333949.570814,1855
1782333949.5721128,1866
1782333949.573437,1863
1782333949.574753,1859
1782333949.5747578,1867
1782333949.576074,1852
1782333949.577374,1853
1782333949.578641,1854
1782333949.5799701,1858
1782333949.579977,1838
1782333949.581293,1851
1782333949.582604,1838
1782333949.583906,1826
1782333949.5839171,1822
1782333949.585212,1850
1782333949.587638,1846
1782333949.5876522,1827
1782333949.592052,1837
1782333949.592059,1837
1782333949.592062,1835
1782333949.592064,1837
1782333949.592066,1836
1782333949.593338,1833
1782333949.5946088,1832
1782333949.59588,1857
1782333949.595884,1845
1782333949.597174,1848
1782333949.598463,1850
1782333949.599759,1854
1782333949.59977,1839
1782333949.601065,1849
1782333949.602386,1856
1782333949.603696,1849
1782333949.603729,1847
1782333949.605033,1843
1782333949.60636,1845
1782333949.60765,1859
1782333949.607682,1851
1782333949.608994,1838
1782333949.6102998,1853
1782333949.6115992,1853
1782333949.612897,1852
1782333949.6129081,1836
1782333949.614211,1818
1782333949.617812,1831
1782333949.6178272,1818
1782333949.617831,1823
1782333949.617836,1839
1782333949.622006,1841
1782333949.622012,1844
1782333949.622014,1839
1782333949.622017,1830
1782333949.623301,1814
1782333949.624589,1833
1782333949.625864,1837
1782333949.6258729,1845
1782333949.62715,1859
1782333949.6284292,1855
1782333949.629727,1849
1782333949.629739,1847
1782333949.6310441,1858
1782333949.632371,1837
1782333949.633696,1834
1782333949.633736,1826
1782333949.635034,1829
1782333949.635046,1849
1782333949.636343,1830
1782333949.637656,1855
1782333949.6389859,1855
1782333949.6389928,1875
1782333949.6403,1871
1782333949.6416059,1854
1782333949.642907,1864
1782333949.6429188,1856
1782333949.644215,1858
1782333949.645513,1876
1782333949.646813,1880
1782333949.646822,1856
1782333949.649338,1839
1782333949.6493492,1862
1782333949.654185,1855
1782333949.654193,1857
1782333949.6541948,1852
1782333949.654198,1852
1782333949.6542,1845
1782333949.655472,1837
1782333949.656754,1833
1782333949.656759,1834
1782333949.6580281,1839
1782333949.659324,1829
1782333949.660634,1814
1782333949.661933,1832
1782333949.6619442,1842
1782333949.663239,1851
1782333949.664546,1833
1782333949.665859,1831
1782333949.6658728,1839
1782333949.667171,1839
1782333949.668479,1854
1782333949.669781,1860
1782333949.6697931,1839
1782333949.671118,1842
1782333949.6723719,1856
1782333949.673694,1854
1782333949.673724,1844
1782333949.675031,1837
1782333949.676327,1867
1782333949.6776378,1875
1782333949.679034,1858
1782333949.679044,1854
1782333949.682912,1843
1782333949.682919,1839
1782333949.682921,1834
1782333949.682923,1834
1782333949.684198,1827
1782333949.685472,1835
1782333949.686742,1826
1782333949.6867461,1852
1782333949.688016,1849
1782333949.689099,1836
1782333949.690412,1832
1782333949.6917188,1839
1782333949.691731,1832
1782333949.693024,1844
1782333949.694327,1849
1782333949.695631,1850
1782333949.696946,1855
1782333949.6969569,1858
1782333949.698137,1846
1782333949.6994529,1855
1782333949.700751,1855
1782333949.700761,1862
1782333949.7020538,1850
1782333949.7033532,1870
1782333949.704649,1854
1782333949.705963,1839
1782333949.705974,1820
1782333949.7073128,1833
1782333949.709834,1821
1782333949.709847,1826
1782333949.709852,1848
1782333949.7139351,1856
1782333949.713941,1834
1782333949.713943,1838
1782333949.7139452,1844
1782333949.715223,1836
1782333949.716495,1836
1782333949.717772,1846
1782333949.717778,1851
1782333949.7190762,1871
1782333949.7203789,1854
1782333949.72168,1861
1782333949.721718,1845
1782333949.723043,1852
1782333949.724349,1855
1782333949.725674,1875
1782333949.725706,1868
1782333949.7270029,1854
1782333949.7283041,1864
1782333949.729604,1860
1782333949.730905,1856
1782333949.7309172,1827
1782333949.7322218,1837
1782333949.733523,1844
1782333949.734827,1832
1782333949.734838,1847
1782333949.7361379,1839
1782333949.7374341,1849
1782333949.7387352,1839
1782333949.738744,1844
1782333949.741243,1838
1782333949.741259,1839
1782333949.745725,1838
1782333949.745732,1820
1782333949.745734,1823
1782333949.745736,1828
1782333949.745738,1830
1782333949.7470121,1826
1782333949.7482922,1832
1782333949.749565,1849
1782333949.750838,1860
1782333949.750842,1849
1782333949.7521439,1855
1782333949.753424,1824
1782333949.754714,1831
1782333949.7547252,1845
1782333949.756035,1825
1782333949.757359,1839
1782333949.7586932,1836
1782333949.758709,1843
1782333949.760001,1827
1782333949.761281,1847
1782333949.7612858,1833
1782333949.762573,1831
1782333949.7638872,1825
1782333949.7638998,1832
1782333949.765217,1832
1782333949.766515,1839
1782333949.7678149,1842
1782333949.7678258,1851
1782333949.769116,1813
1782333949.770664,1828
1782333949.7710552,1835
1782333949.774893,1835
1782333949.774901,1848
1782333949.774903,1843
1782333949.7749052,1859
1782333949.7761762,1852
1782333949.777445,1855
1782333949.778721,1834
1782333949.7787259,1850
1782333949.780024,1858
1782333949.7811031,1860
1782333949.782413,1851
1782333949.7837272,1847
1782333949.785027,1846
1782333949.7850392,1834
1782333949.7863429,1839
1782333949.7876549,1839
1782333949.788953,1839
1782333949.788959,1834
1782333949.790268,1829
1782333949.79157,1852
1782333949.792879,1830
1782333949.79289,1846
1782333949.794185,1855
1782333949.795491,1860
1782333949.796792,1851
1782333949.796803,1853
1782333949.79813,1839
1782333949.799221,1845
1782333949.8006752,1858
1782333949.8006809,1865
1782333949.8037288,1856
1782333949.803734,1861
1782333949.803736,1860
1782333949.805012,1864
1782333949.806078,1861
1782333949.8073652,1869
1782333949.808653,1860
1782333949.808678,1839
1782333949.809977,1838
1782333949.811282,1849
1782333949.8125818,1844
1782333949.813886,1842
1782333949.813903,1858
1782333949.815213,1839
1782333949.816532,1839
1782333949.8178492,1830
1782333949.817858,1839
1782333949.819158,1852
1782333949.820457,1831
1782333949.821763,1826
1782333949.8217752,1824
1782333949.823092,1803
1782333949.824394,1811
1782333949.825696,1828
1782333949.8257082,1833
1782333949.8270102,1847
1782333949.82831,1842
1782333949.830883,1820
1782333949.8308952,1842
1782333949.830899,1844
1782333949.8349912,1847
1782333949.834999,1848
1782333949.835001,1851
1782333949.835003,1836
1782333949.8362749,1854
1782333949.837544,1836
1782333949.8388228,1842
1782333949.838828,1843
1782333949.840118,1812
1782333949.841416,1824
1782333949.842648,1821
1782333949.8426619,1832
1782333949.843932,1824
1782333949.8452249,1826
1782333949.8465128,1834
1782333949.847769,1860
1782333949.847779,1864
1782333949.84896,1851
1782333949.850262,1871
1782333949.851557,1851
1782333949.852857,1847
1782333949.852866,1839
1782333949.8541691,1846
1782333949.855466,1862
1782333949.85677,1839
1782333949.856781,1853
1782333949.8581178,1863
1782333949.860873,1856
1782333949.860885,1860
1782333949.8608909,1860
1782333949.862226,1879
1782333949.866158,1868
1782333949.866165,1866
1782333949.866167,1863
1782333949.866169,1873
1782333949.867444,1863
1782333949.868714,1828
1782333949.8687181,1828
1782333949.869986,1834
1782333949.871259,1817
1782333949.872569,1827
1782333949.8738801,1834
1782333949.8738902,1839
1782333949.8751922,1838
1782333949.876471,1839
1782333949.877764,1845
1782333949.8777752,1839
1782333949.879074,1828
1782333949.88039,1830
1782333949.8816772,1831
1782333949.8816829,1836
1782333949.8829792,1849
1782333949.884219,1842
1782333949.885508,1834
1782333949.885519,1829
1782333949.886818,1827
1782333949.8868291,1828
1782333949.888132,1842
1782333949.889413,1846
1782333949.890719,1847
1782333949.89073,1859
1782333949.8934278,1855
1782333949.893439,1859
1782333949.898289,1864
1782333949.898298,1833
1782333949.8983428,1832
1782333949.8983512,1832
1782333949.8983529,1836
1782333949.8996348,1850
1782333949.900887,1854
1782333949.900892,1860
1782333949.901938,1862
1782333949.903211,1861
1782333949.904504,1855
1782333949.905785,1859
1782333949.905789,1853
1782333949.907087,1851
1782333949.908391,1846
1782333949.909699,1851
1782333949.909728,1822
1782333949.9110222,1837
1782333949.9123242,1830
1782333949.913646,1850
1782333949.91486,1860
1782333949.914866,1836
1782333949.9161768,1847
1782333949.9174771,1856
1782333949.918784,1842
1782333949.918795,1839
1782333949.9200919,1835
1782333949.921391,1857
1782333949.922824,1869
1782333949.9228318,1863
1782333949.926904,1859
1782333949.926912,1855
1782333949.926914,1844
1782333949.9269161,1860
1782333949.9281962,1860
1782333949.929504,1863
1782333949.930579,1849
1782333949.931884,1850
1782333949.931895,1858
1782333949.933187,1833
1782333949.934468,1831
1782333949.935761,1849
1782333949.935771,1858
1782333949.937072,1855
1782333949.938373,1848
1782333949.93972,1850
1782333949.9397278,1860
1782333949.941041,1842
1782333949.942347,1842
1782333949.943669,1846
1782333949.944968,1834
1782333949.944982,1853
1782333949.9462788,1859
1782333949.947617,1849
1782333949.9489238,1853
1782333949.9489338,1865
1782333949.950231,1862
1782333949.952974,1839
1782333949.9529889,1868
1782333949.9530392,1860
1782333949.9573839,1854
1782333949.957392,1865
1782333949.957394,1855
1782333949.957396,1845
1782333949.958669,1852
1782333949.958674,1839
1782333949.9599419,1831
1782333949.9612129,1818
1782333949.9625049,1832
1782333949.96381,1839
1782333949.9638221,1839
1782333949.965153,1836
1782333949.966465,1845
1782333949.967763,1833
1782333949.967774,1818
1782333949.969075,1833
1782333949.970376,1831
1782333949.9716768,1819
1782333949.9717062,1816
1782333949.9730198,1828
1782333949.9743192,1819
1782333949.975619,1839
1782333949.976927,1833
1782333949.976937,1831
1782333949.978236,1838
1782333949.979533,1837
1782333949.980833,1836
1782333949.980841,1847
1782333949.982651,1838
1782333949.9827268,1842
1782333949.986921,1850
1782333949.9869282,1847
1782333949.98693,1856
1782333949.986932,1836
1782333949.988203,1851
1782333949.989484,1832
1782333949.990769,1860
1782333949.990776,1865
1782333949.99206,1876
1782333949.993355,1871
1782333949.994658,1871
1782333949.99598,1853
1782333949.995992,1862
1782333949.997291,1850
1782333949.9985971,1839
1782333949.999912,1842
1782333949.999922,1830
1782333950.001218,1858
1782333950.002518,1858
1782333950.003819,1862
1782333950.003829,1863
1782333950.0051289,1838
1782333950.006432,1855
1782333950.007714,1848
1782333950.0077178,1839
1782333950.007724,1820
1782333950.009013,1861
1782333950.0103118,1867
1782333950.012287,1850
1782333950.0122938,1860
1782333950.01608,1842
1782333950.016088,1854
1782333950.0160909,1849
1782333950.016093,1844
1782333950.0173671,1839
1782333950.018637,1829
1782333950.019914,1844
1782333950.019918,1831
1782333950.021206,1839
1782333950.0225222,1839
1782333950.023859,1831
1782333950.0238662,1827
1782333950.0251882,1833
1782333950.026491,1822
1782333950.027794,1824
1782333950.0278049,1826
1782333950.029105,1813
1782333950.030407,1826
1782333950.031716,1831
1782333950.031727,1822
1782333950.033025,1838
1782333950.034326,1853
1782333950.035638,1851
1782333950.036936,1850
1782333950.036947,1861
1782333950.038243,1850
1782333950.039545,1846
1782333950.040847,1846
1782333950.040855,1844
1782333950.042149,1861
1782333950.043446,1836
1782333950.045515,1847
1782333950.0455282,1854
1782333950.047019,1863
1782333950.047031,1852
1782333950.050528,1842
1782333950.050536,1867
1782333950.050538,1846
1782333950.051811,1844
1782333950.051816,1842
1782333950.053083,1834
1782333950.0543501,1844
1782333950.055552,1831
1782333950.056842,1821
1782333950.0568478,1829
1782333950.058142,1813
1782333950.059446,1813
1782333950.060748,1819
1782333950.060759,1834
1782333950.062058,1836
1782333950.063359,1850
1782333950.064707,1839
1782333950.064714,1839
1782333950.065993,1858
1782333950.067292,1839
1782333950.068589,1839
1782333950.069889,1862
1782333950.069898,1871
1782333950.071191,1858
1782333950.072491,1854
1782333950.074829,1859
1782333950.0748448,1853
1782333950.074851,1855
1782333950.0766358,1858
1782333950.081488,1842
1782333950.081495,1838
1782333950.0814981,1843
1782333950.0814998,1822
1782333950.081503,1836
1782333950.082777,1823
1782333950.082782,1826
1782333950.08405,1848
1782333950.085321,1858
1782333950.0866141,1862
1782333950.087925,1860
1782333950.087937,1870
1782333950.089236,1853
1782333950.0905442,1877
1782333950.09185,1858
1782333950.091865,1838
1782333950.0931609,1834
1782333950.094439,1837
1782333950.0957298,1832
1782333950.095741,1839
1782333950.097033,1822
1782333950.0983412,1839
1782333950.0996559,1839
1782333950.100918,1851
1782333950.100925,1850
1782333950.1022458,1849
1782333950.1034582,1839
1782333950.104738,1851
1782333950.104744,1847
1782333950.108974,1858
1782333950.108982,1844
1782333950.108984,1856
1782333950.1089861,1834
1782333950.110262,1829
1782333950.111532,1811
1782333950.112802,1816
1782333950.1128058,1847
1782333950.1140742,1852
1782333950.115394,1833
1782333950.116698,1822
1782333950.116731,1828
1782333950.118037,1818
1782333950.119336,1833
1782333950.120645,1853
1782333950.1219661,1855
1782333950.121979,1864
1782333950.1232839,1868
1782333950.124594,1862
1782333950.125899,1858
1782333950.12591,1865
1782333950.1272,1871
1782333950.1285,1853
1782333950.129816,1875
1782333950.129823,1858
1782333950.129826,1864
1782333950.131103,1883
1782333950.1324139,1875
1782333950.1337118,1865
1782333950.133724,1827
1782333950.1357388,1836
1782333950.135745,1851
1782333950.1370602,1861
1782333950.1403499,1839
1782333950.140357,1832
1782333950.140359,1828
1782333950.141637,1844
1782333950.1429079,1834
1782333950.142912,1838
1782333950.144184,1832
1782333950.145456,1842
1782333950.14675,1842
1782333950.14676,1850
1782333950.148075,1842
1782333950.1493912,1865
1782333950.150711,1855
1782333950.1507351,1854
1782333950.1520262,1842
1782333950.153305,1834
1782333950.154594,1839
1782333950.1558971,1828
1782333950.155908,1830
1782333950.15721,1837
1782333950.15851,1820
1782333950.159817,1823
1782333950.159828,1786
1782333950.161124,1770
1782333950.1624231,1798
1782333950.1642702,1820
1782333950.164278,1818
1782333950.168542,1822
1782333950.168548,1831
1782333950.1685498,1826
1782333950.168552,1843
1782333950.169823,1857
1782333950.169827,1868
1782333950.171093,1849
1782333950.172242,1852
1782333950.1735208,1851
1782333950.174818,1850
1782333950.174829,1858
1782333950.1761248,1844
1782333950.17743,1853
1782333950.17873,1861
1782333950.178741,1880
1782333950.1800692,1850
1782333950.181377,1862
1782333950.1827168,1850
1782333950.182745,1862
1782333950.184045,1843
1782333950.18535,1834
1782333950.186677,1835
1782333950.1867049,1839
1782333950.187998,1837
1782333950.1893,1848
1782333950.190603,1858
1782333950.1919081,1859
1782333950.1919181,1861
1782333950.193213,1852
1782333950.194512,1838
1782333950.197365,1839
1782333950.1973739,1831
1782333950.197377,1828
1782333950.201205,1834
1782333950.201212,1845
1782333950.2012138,1859
1782333950.201216,1862
1782333950.202486,1858
1782333950.203754,1864
1782333950.203758,1865
1782333950.205033,1849
1782333950.2063081,1828
1782333950.2076092,1837
1782333950.208935,1845
1782333950.208948,1861
1782333950.210231,1865
1782333950.2115252,1854
1782333950.2128289,1849
1782333950.2128398,1835
1782333950.214138,1839
1782333950.2154481,1827
1782333950.216748,1858
1782333950.2167602,1839
1782333950.2180579,1862
1782333950.2192798,1844
1782333950.2205791,1860
1782333950.221848,1839
1782333950.221859,1846
1782333950.223167,1856
1782333950.22445,1826
1782333950.2268648,1839
1782333950.2268748,1839
1782333950.226879,1839
1782333950.228472,1830
1782333950.23238,1843
1782333950.232388,1846
1782333950.23239,1845
1782333950.2323918,1837
1782333950.233664,1839
1782333950.233669,1837
1782333950.234936,1860
1782333950.236212,1855
1782333950.237509,1866
1782333950.238817,1854
1782333950.2388291,1835
1782333950.240136,1843
1782333950.2414458,1839
1782333950.2426088,1830
1782333950.243924,1831
1782333950.243936,1831
1782333950.245242,1818
1782333950.246526,1822
1782333950.247821,1822
1782333950.24783,1826
1782333950.249135,1827
1782333950.25044,1817
1782333950.251738,1834
1782333950.2517471,1822
1782333950.251751,1817
1782333950.2530482,1821
1782333950.254346,1857
1782333950.257719,1868
1782333950.257735,1866
1782333950.25774,1848
1782333950.2577438,1854
1782333950.262357,1859
1782333950.262362,1863
1782333950.262364,1868
1782333950.262366,1834
1782333950.263637,1834
1782333950.2647161,1824
1782333950.264721,1819
1782333950.2660108,1850
1782333950.267286,1853
1782333950.268586,1845
1782333950.269887,1859
1782333950.269898,1845
1782333950.2712169,1858
1782333950.272542,1852
1782333950.273848,1844
1782333950.273858,1851
1782333950.275166,1867
1782333950.276449,1862
1782333950.277719,1857
1782333950.2777228,1854
1782333950.2790122,1853
1782333950.280072,1848
1782333950.281384,1850
1782333950.2827032,1845
1782333950.2827241,1839
1782333950.2840168,1864
1782333950.285315,1856
1782333950.286881,1842
1782333950.286889,1849
1782333950.291529,1842
1782333950.2915368,1831
1782333950.291539,1828
1782333950.291541,1834
1782333950.292813,1835
1782333950.2928178,1834
1782333950.294077,1847
1782333950.295348,1826
1782333950.2966459,1822
1782333950.297935,1837
1782333950.29794,1816
1782333950.299231,1818
1782333950.300535,1816
1782333950.301837,1820
1782333950.3018482,1849
1782333950.303165,1852
1782333950.304467,1845
1782333950.3057861,1835
1782333950.305795,1845
1782333950.307092,1823
1782333950.308394,1826
1782333950.309696,1829
1782333950.309709,1838
1782333950.311022,1832
1782333950.312321,1835
1782333950.3134751,1838
1782333950.316161,1842
1782333950.316171,1845
1782333950.316174,1864
1782333950.320578,1867
1782333950.320586,1859
1782333950.320588,1867
1782333950.32059,1848
1782333950.3218691,1860
1782333950.321874,1858
1782333950.323155,1839
1782333950.3244328,1844
1782333950.3257039,1850
1782333950.3257082,1848
1782333950.326999,1854
1782333950.328299,1842
1782333950.329601,1849
1782333950.330903,1839
1782333950.330914,1843
1782333950.3322098,1843
1782333950.333517,1863
1782333950.3348212,1850
1782333950.3348322,1850
1782333950.336132,1863
1782333950.3374321,1849
1782333950.338735,1858
1782333950.338746,1870
1782333950.3400729,1853
1782333950.341378,1846
1782333950.3426821,1844
1782333950.342705,1854
1782333950.344,1837
1782333950.3452969,1839
1782333950.3465788,1847
1782333950.3482292,1859
1782333950.348244,1842
1782333950.352471,1838
1782333950.352478,1843
1782333950.35248,1852
1782333950.352482,1851
1782333950.353755,1839
1782333950.35376,1837
1782333950.355032,1847
1782333950.356072,1850
1782333950.3573709,1855
1782333950.358688,1875
1782333950.358711,1875
1782333950.360003,1852
1782333950.361307,1835
1782333950.362609,1835
1782333950.3637528,1818
1782333950.3637629,1838
1782333950.365088,1829
1782333950.366401,1838
1782333950.367719,1817
1782333950.3677251,1802
1782333950.369028,1836
1782333950.3703082,1830
1782333950.3716009,1828
1782333950.372767,1852
1782333950.372776,1877
1782333950.372779,1856
1782333950.3740978,1854
1782333950.3753989,1854
1782333950.376708,1852
1782333950.37672,1850
1782333950.379872,1855
1782333950.3798862,1860
1782333950.3799522,1855
1782333950.3848379,1851
1782333950.384845,1839
1782333950.3848472,1839
1782333950.3848488,1843
1782333950.384851,1834
1782333950.386125,1825
1782333950.3873951,1852
1782333950.388663,1845
1782333950.3886669,1838
1782333950.389945,1843
1782333950.391248,1853
1782333950.39255,1869
1782333950.393855,1838
1782333950.393866,1837
1782333950.39517,1830
1782333950.3964732,1830
1782333950.397774,1851
1782333950.3977861,1860
1782333950.399101,1852
1782333950.400398,1855
1782333950.401721,1871
1782333950.401727,1861
1782333950.403027,1853
1782333950.404327,1839
1782333950.4056032,1847
1782333950.4069061,1814
1782333950.4069152,1817
1782333950.408437,1803
1782333950.41247,1807
1782333950.412477,1817
1782333950.412479,1838
1782333950.412481,1838
1782333950.413759,1844
1782333950.413766,1844
1782333950.4150689,1864
1782333950.416359,1843
1782333950.417633,1877
1782333950.4187121,1870
1782333950.418717,1882
1782333950.4199948,1875
1782333950.42129,1846
1782333950.422593,1877
1782333950.423907,1871
1782333950.4239202,1848
1782333950.425247,1865
1782333950.426551,1852
1782333950.4278378,1862
1782333950.427843,1863
1782333950.429116,1864
1782333950.430412,1854
1782333950.431745,1837
1782333950.431751,1839
1782333950.433055,1850
1782333950.4343429,1835
1782333950.4356182,1847
1782333950.4369159,1831
1782333950.436928,1843
1782333950.438257,1847
1782333950.4405,1831
1782333950.440505,1816
1782333950.444194,1828
1782333950.444201,1827
1782333950.444203,1839
1782333950.444204,1844
1782333950.445479,1858
1782333950.446718,1844
1782333950.4467242,1844
1782333950.448006,1845
1782333950.449292,1835
1782333950.45059,1814
1782333950.451884,1834
1782333950.4518888,1837
1782333950.453187,1845
1782333950.454491,1827
1782333950.455795,1839
1782333950.455807,1852
1782333950.457116,1855
1782333950.458425,1850
1782333950.459747,1847
1782333950.459757,1858
1782333950.461056,1842
1782333950.462105,1846
1782333950.4634082,1833
1782333950.464722,1843
1782333950.464731,1839
1782333950.466006,1836
1782333950.467304,1839
1782333950.468553,1838
1782333950.46985,1848
1782333950.4698591,1860
1782333950.4711401,1847
1782333950.47435,1843
1782333950.474357,1847
1782333950.474359,1847
1782333950.4756448,1875
1782333950.475667,1871
1782333950.476937,1855
1782333950.4782069,1855
1782333950.4795,1855
1782333950.4808042,1838
1782333950.4808161,1833
1782333950.482123,1844
1782333950.48343,1832
1782333950.484736,1848
1782333950.484747,1839
1782333950.486043,1823
1782333950.487347,1815
1782333950.4886742,1824
1782333950.488699,1816
1782333950.488703,1843
1782333950.489839,1838
1782333950.491145,1846
1782333950.4924521,1845
1782333950.4937322,1851
1782333950.493736,1847
1782333950.495028,1845
1782333950.49633,1824
1782333950.497634,1818
1782333950.498955,1831
1782333950.498964,1834
1782333950.501302,1814
1782333950.501308,1832
1782333950.504717,1844
1782333950.504721,1854
1782333950.5047228,1853
1782333950.504725,1876
1782333950.505996,1861
1782333950.5072708,1871
1782333950.5085492,1869
1782333950.509847,1875
1782333950.509859,1859
1782333950.511154,1830
1782333950.512435,1852
1782333950.513728,1846
1782333950.513739,1854
1782333950.515061,1845
1782333950.516373,1882
1782333950.517697,1865
1782333950.517716,1850
1782333950.51901,1854
1782333950.520311,1868
1782333950.521617,1867
1782333950.522939,1853
1782333950.52295,1836
1782333950.5240269,1839
1782333950.5253289,1846
1782333950.526613,1838
1782333950.527909,1848
1782333950.5279202,1839
1782333950.529221,1867
1782333950.530576,1853
1782333950.5342221,1846
1782333950.53423,1839
1782333950.5342321,1847
1782333950.534233,1835
1782333950.5355048,1823
1782333950.536774,1816
1782333950.536777,1812
1782333950.538047,1809
1782333950.539317,1830
1782333950.540616,1821
1782333950.541924,1844
1782333950.5419352,1858
1782333950.543235,1857
1782333950.544538,1852
1782333950.545841,1826
1782333950.545851,1834
1782333950.547182,1856
1782333950.5484958,1860
1782333950.549802,1866
1782333950.549813,1882
1782333950.551111,1883
1782333950.552392,1874
1782333950.553691,1850
1782333950.5537019,1855
1782333950.555028,1854
1782333950.5563378,1849
1782333950.557659,1838
1782333950.557678,1842
1782333950.5589728,1853
1782333950.5601778,1853
1782333950.564134,1860
1782333950.56414,1842
1782333950.564142,1830
1782333950.5641448,1839
1782333950.565422,1844
1782333950.5666938,1839
1782333950.566698,1863
1782333950.567977,1834
1782333950.569278,1848
1782333950.57058,1860
1782333950.571893,1849
1782333950.571906,1855
1782333950.573214,1861
1782333950.5745258,1846
1782333950.575829,1828
1782333950.575841,1829
1782333950.576925,1817
1782333950.57823,1851
1782333950.579537,1850
1782333950.580841,1857
1782333950.580852,1855
1782333950.582159,1839
1782333950.583464,1826
1782333950.58477,1839
1782333950.5847821,1848
1782333950.586078,1837
1782333950.587383,1823
1782333950.588693,1831
1782333950.588713,1845
1782333950.5899892,1853
1782333950.5910752,1838
1782333950.592731,1824
1782333950.592739,1822
1782333950.597547,1825
1782333950.597555,1838
1782333950.597557,1842
1782333950.597559,1845
1782333950.59884,1831
1782333950.598846,1839
1782333950.600117,1823
1782333950.601387,1820
1782333950.6026602,1821
1782333950.602665,1813
1782333950.603957,1838
1782333950.6052768,1829
1782333950.606603,1850
1782333950.6079319,1883
1782333950.607938,1874
1782333950.6079412,1854
1782333950.609261,1880
1782333950.6105669,1877
1782333950.611865,1874
1782333950.611876,1861
1782333950.613197,1837
1782333950.6144252,1837
1782333950.615742,1822
1782333950.6157482,1833
1782333950.6170518,1847
1782333950.6183538,1834
1782333950.619667,1839
1782333950.619691,1823
1782333950.620992,1830
1782333950.623734,1836
1782333950.62375,1839
1782333950.624196,1822
1782333950.628503,1828
1782333950.628509,1838
1782333950.628511,1839
1782333950.628512,1832
1782333950.6297832,1854
1782333950.6310558,1853
1782333950.631061,1846
1782333950.632352,1861
1782333950.63363,1858
1782333950.634926,1843
1782333950.634938,1850
1782333950.636235,1845
1782333950.637536,1834
1782333950.638856,1847
1782333950.638869,1851
1782333950.640189,1825
1782333950.641508,1819
1782333950.6428108,1837
1782333950.6428218,1844
1782333950.644119,1853
1782333950.64542,1846
1782333950.6467478,1853
1782333950.646754,1855
1782333950.648065,1866
1782333950.6493518,1850
1782333950.650656,1843
1782333950.652104,1827
1782333950.652111,1839
1782333950.65676,1857
1782333950.656767,1842
1782333950.656769,1847
1782333950.6567712,1839
1782333950.656773,1831
1782333950.6580439,1818
1782333950.6593149,1820
1782333950.660584,1822
1782333950.661854,1830
1782333950.661858,1838
1782333950.663147,1864
1782333950.664449,1860
1782333950.665759,1867
1782333950.6657732,1876
1782333950.667111,1863
1782333950.66841,1855
1782333950.6696901,1865
1782333950.669695,1847
1782333950.670985,1830
1782333950.6722891,1823
1782333950.673592,1823
1782333950.6748989,1844
1782333950.67491,1853
1782333950.676206,1855
1782333950.6774871,1845
1782333950.678781,1835
1782333950.6787908,1854
1782333950.6800919,1857
1782333950.6825678,1839
1782333950.682581,1844
1782333950.6873758,1847
1782333950.687383,1867
1782333950.687385,1855
1782333950.687387,1839
1782333950.687389,1811
1782333950.688661,1835
1782333950.6886652,1836
1782333950.6899421,1842
1782333950.691218,1837
1782333950.6924958,1827
1782333950.6937978,1834
1782333950.6938088,1849
1782333950.695105,1852
1782333950.696405,1852
1782333950.6977339,1866
1782333950.69774,1857
1782333950.6990678,1874
1782333950.7003891,1881
1782333950.701708,1884
1782333950.701718,1860
1782333950.7030132,1868
1782333950.704316,1847
1782333950.705617,1843
1782333950.7069209,1855
1782333950.706933,1842
1782333950.708255,1854
1782333950.709557,1851
1782333950.7108638,1842
1782333950.7108748,1853
1782333950.712279,1836
1782333950.7161732,1830
1782333950.716181,1850
1782333950.716183,1843
1782333950.716185,1844
1782333950.7174559,1873
1782333950.7187252,1877
1782333950.71873,1877
1782333950.719999,1861
1782333950.7212942,1860
1782333950.7225962,1864
1782333950.7239091,1846
1782333950.7239208,1839
1782333950.725219,1834
1782333950.726503,1836
1782333950.727797,1826
1782333950.727807,1833
1782333950.727814,1826
1782333950.729109,1823
1782333950.730413,1829
1782333950.731723,1829
1782333950.7317362,1828
1782333950.733061,1812
1782333950.7343621,1826
1782333950.735688,1847
1782333950.735719,1826
1782333950.737015,1817
1782333950.738315,1824
1782333950.7396219,1839
1782333950.740926,1836
1782333950.740936,1839
1782333950.742232,1853
1782333950.744524,1876
1782333950.7445319,1882
1782333950.749425,1870
1782333950.749432,1874
1782333950.749434,1876
1782333950.749436,1852
1782333950.749438,1854
1782333950.7507079,1842
1782333950.7507122,1847
1782333950.751978,1845
1782333950.753247,1828
1782333950.754539,1838
1782333950.75584,1838
1782333950.755851,1843
1782333950.7571561,1866
1782333950.7584739,1851
1782333950.7597702,1823
1782333950.7597811,1839
1782333950.761076,1830
1782333950.762398,1834
1782333950.7636852,1850
1782333950.763689,1855
1782333950.764982,1859
1782333950.7662652,1863
1782333950.767581,1854
1782333950.768884,1860
1782333950.768893,1865
1782333950.770187,1850
1782333950.771483,1855
1782333950.7727602,1854
1782333950.772767,1868
1782333950.775636,1854
1782333950.77565,1843
1782333950.780807,1838
1782333950.7808151,1824
1782333950.7808168,1846
1782333950.780819,1851
1782333950.780821,1855
1782333950.780823,1826
1782333950.782105,1860
1782333950.7833788,1850
1782333950.7846642,1819
1782333950.784669,1832
1782333950.7859619,1826
1782333950.787265,1834
1782333950.788596,1835
1782333950.789901,1851
1782333950.7899132,1837
1782333950.791232,1839
1782333950.792534,1838
1782333950.7938392,1836
1782333950.793849,1848
1782333950.795145,1858
1782333950.796447,1843
1782333950.797751,1849
1782333950.7977622,1836
1782333950.7990558,1815
1782333950.8016489,1817
1782333950.801662,1818
1782333950.8016782,1817
1782333950.8029702,1837
1782333950.8043299,1836
1782333950.80905,1829
1782333950.809057,1823
1782333950.8090591,1842
1782333950.809061,1851
1782333950.809063,1871
1782333950.8103318,1842
1782333950.8116028,1839
1782333950.812874,1829
1782333950.8128781,1850
1782333950.814147,1835
1782333950.815445,1846
1782333950.816747,1851
1782333950.816758,1860
1782333950.818082,1843
1782333950.8193831,1831
1782333950.82071,1847
1782333950.820718,1839
1782333950.822017,1848
1782333950.823321,1835
1782333950.824639,1859
1782333950.8259358,1832
1782333950.825948,1839
1782333950.827252,1852
1782333950.8285491,1836
1782333950.8298502,1839
1782333950.8298612,1849
1782333950.831153,1862
1782333950.832453,1855
1782333950.836318,1848
1782333950.836333,1874
1782333950.836384,1858
1782333950.8363898,1844
1782333950.841132,1838
1782333950.841138,1850
1782333950.84114,1836
1782333950.841142,1836
1782333950.8411431,1839
1782333950.842416,1854
1782333950.8436859,1834
1782333950.843691,1858
1782333950.844958,1845
1782333950.846227,1846
1782333950.847533,1843
1782333950.84884,1829
1782333950.848851,1851
1782333950.8488529,1863
1782333950.850175,1858
1782333950.8514528,1838
1782333950.85275,1823
1782333950.8527622,1818
1782333950.854057,1827
1782333950.855365,1818
1782333950.856686,1823
1782333950.856711,1842
1782333950.858009,1862
1782333950.8593102,1848
1782333950.860611,1843
1782333950.8619258,1839
1782333950.861938,1864
1782333950.8632278,1868
1782333950.864873,1862
1782333950.8648808,1843
1782333950.865987,1853
1782333950.869267,1858
1782333950.869272,1863
1782333950.8692741,1844
1782333950.8705332,1843
1782333950.8718028,1838
1782333950.8718069,1838
1782333950.87308,1839
1782333950.87435,1835
1782333950.875654,1849
1782333950.8769531,1866
1782333950.876964,1869
1782333950.878262,1869
1782333950.879563,1862
1782333950.880873,1874
1782333950.880885,1871
1782333950.8822038,1867
1782333950.883517,1871
1782333950.8848178,1858
1782333950.884831,1859
1782333950.886144,1854
1782333950.887446,1848
1782333950.888745,1835
1782333950.888756,1856
1782333950.8900769,1855
1782333950.891377,1842
1782333950.8926961,1850
1782333950.892747,1849
1782333950.89404,1847
1782333950.8953369,1838
1782333950.8969228,1842
1782333950.89693,1844
1782333950.901224,1860
1782333950.90123,1844
1782333950.9012322,1824
1782333950.901234,1821
1782333950.902509,1843
1782333950.903779,1847
1782333950.9037828,1849
1782333950.90505,1852
1782333950.9063199,1863
1782333950.9075892,1829
1782333950.908882,1849
1782333950.9088929,1834
1782333950.9101892,1839
1782333950.9114869,1836
1782333950.912787,1820
1782333950.912797,1819
1782333950.914093,1820
1782333950.9154172,1817
1782333950.9167428,1827
1782333950.916749,1839
1782333950.91805,1855
1782333950.919349,1864
1782333950.9206522,1849
1782333950.921985,1829
1782333950.921997,1839
1782333950.923309,1850
1782333950.924615,1851
1782333950.9259012,1870
1782333950.925909,1847
1782333950.927524,1844
1782333950.932062,1855
1782333950.932068,1849
1782333950.9320698,1864
1782333950.932074,1865
1782333950.932076,1857
1782333950.9333482,1839
1782333950.934616,1861
1782333950.935894,1852
1782333950.9358988,1839
1782333950.937168,1839
1782333950.938406,1823
1782333950.939706,1829
1782333950.9397178,1821
1782333950.94104,1815
1782333950.942348,1805
1782333950.943651,1807
1782333950.944988,1807
1782333950.944994,1815
1782333950.946294,1843
1782333950.9476101,1843
1782333950.948908,1847
1782333950.94892,1867
1782333950.950214,1853
1782333950.951513,1851
1782333950.952815,1846
1782333950.952826,1838
1782333950.9541209,1859
1782333950.95677,1843
1782333950.956778,1852
1782333950.957036,1869
1782333950.961067,1857
1782333950.9610739,1850
1782333950.961077,1849
1782333950.9610791,1854
1782333950.962351,1857
1782333950.963624,1835
1782333950.964907,1857
1782333950.9649122,1874
1782333950.966182,1847
1782333950.967477,1864
1782333950.9687738,1867
1782333950.9687831,1842
1782333950.968787,1839
1782333950.970079,1839
1782333950.971367,1819
1782333950.972676,1816
1782333950.972702,1838
1782333950.9739819,1838
1782333950.9752629,1843
1782333950.976544,1845
1782333950.977825,1848
1782333950.977831,1832
1782333950.979116,1813
1782333950.980392,1817
1782333950.981672,1789
1782333950.981678,1822
1782333950.982951,1855
1782333950.984202,1852
1782333950.985485,1847
1782333950.986954,1848
1782333950.98696,1834
1782333950.9909298,1846
1782333950.990936,1838
1782333950.9909382,1836
1782333950.9909408,1858
1782333950.9921112,1845
1782333950.993384,1851
1782333950.994664,1839
1782333950.994669,1858
1782333950.9959419,1860
1782333950.997243,1864
1782333950.998545,1858
1782333950.999851,1867
1782333950.99987,1858
1782333951.001163,1849
1782333951.0024698,1854
1782333951.003777,1870
1782333951.003788,1857
1782333951.005088,1859
1782333951.0063932,1853
1782333951.007675,1865
1782333951.007679,1845
1782333951.0089889,1844
1782333951.010289,1818
1782333951.011606,1809
1782333951.0129092,1819
1782333951.012917,1807
1782333951.0142238,1822
1782333951.01551,1842
1782333951.017091,1845
1782333951.017099,1851
1782333951.021266,1851
1782333951.021271,1858
1782333951.0212731,1853
1782333951.0212748,1855
1782333951.022551,1839
1782333951.023823,1851
1782333951.0238268,1842
1782333951.0250938,1859
1782333951.026389,1861
1782333951.027713,1838
1782333951.0277178,1855
1782333951.0290189,1844
1782333951.030327,1826
1782333951.0316439,1835
1782333951.03295,1818
1782333951.0329611,1820
1782333951.034237,1833
1782333951.0355341,1844
1782333951.036834,1839
1782333951.036845,1856
1782333951.0381372,1871
1782333951.039448,1852
1782333951.0407429,1867
1782333951.040749,1867
1782333951.042041,1838
1782333951.043336,1836
1782333951.044642,1831
1782333951.045944,1830
1782333951.0459552,1818
1782333951.049493,1828
1782333951.049503,1830
1782333951.049506,1845
1782333951.054233,1861
1782333951.05424,1860
1782333951.0542421,1848
1782333951.054244,1850
1782333951.054246,1857
1782333951.055516,1860
1782333951.056795,1839
1782333951.0568,1837
1782333951.0580769,1830
1782333951.059219,1834
1782333951.060524,1835
1782333951.061825,1832
1782333951.061836,1838
1782333951.0631318,1830
1782333951.064435,1831
1782333951.065749,1829
1782333951.065762,1835
1782333951.067043,1851
1782333951.068335,1855
1782333951.069649,1850
1782333951.070954,1855
1782333951.070965,1830
1782333951.072268,1838
1782333951.073575,1849
1782333951.074707,1842
1782333951.074723,1829
1782333951.0760262,1837
1782333951.0773408,1852
1782333951.078625,1842
1782333951.082552,1835
1782333951.082558,1850
1782333951.08256,1854
1782333951.082561,1854
1782333951.08383,1839
1782333951.0838342,1851
1782333951.0851,1848
1782333951.08638,1844
1782333951.0876758,1848
1782333951.087712,1839
1782333951.088927,1846
1782333951.088939,1862
1782333951.0902479,1859
1782333951.091557,1864
1782333951.092869,1868
1782333951.0928798,1847
1782333951.094176,1848
1782333951.095479,1828
1782333951.0967839,1835
1782333951.0967948,1834
1782333951.098094,1823
1782333951.099394,1838
1782333951.1007,1855
1782333951.1007109,1853
1782333951.1020212,1853
1782333951.103325,1848
1782333951.1046422,1851
1782333951.105948,1839
1782333951.10596,1829
1782333951.107271,1847
1782333951.109246,1859
1782333951.1092522,1850
1782333951.1133802,1856
1782333951.113386,1845
1782333951.113388,1843
1782333951.11339,1848
1782333951.114662,1856
1782333951.114671,1838
1782333951.11594,1826
1782333951.117208,1831
1782333951.118478,1826
1782333951.119746,1843
1782333951.119751,1848
1782333951.1210392,1839
1782333951.122339,1844
1782333951.1236439,1857
1782333951.124992,1841
1782333951.1249988,1832
1782333951.126297,1833
1782333951.127577,1823
1782333951.1288671,1834
1782333951.128878,1847
1782333951.1300669,1843
1782333951.1313071,1846
1782333951.132599,1835
1782333951.1339011,1851
1782333951.133912,1844
1782333951.135208,1852
1782333951.136506,1852
1782333951.1378078,1854
1782333951.140139,1863
1782333951.1401448,1874
1782333951.140147,1860
1782333951.144576,1854
1782333951.144583,1865
1782333951.144585,1863
1782333951.144586,1852
1782333951.145859,1837
1782333951.145875,1864
1782333951.147142,1866
1782333951.148414,1859
1782333951.149685,1862
1782333951.1496892,1834
1782333951.150896,1836
1782333951.1521978,1839
1782333951.1534998,1850
1782333951.1548018,1850
1782333951.1548119,1846
1782333951.15612,1851
1782333951.157436,1853
1782333951.158737,1845
1782333951.1587489,1848
1782333951.160046,1837
1782333951.161344,1851
1782333951.162679,1864
1782333951.162698,1859
1782333951.16399,1843
1782333951.1653152,1854
1782333951.166615,1865
1782333951.1679192,1848
1782333951.1679301,1852
1782333951.1692421,1855
1782333951.170691,1845
1782333951.170697,1839
1782333951.174811,1839
1782333951.174817,1856
1782333951.174819,1860
1782333951.1748211,1864
1782333951.175872,1854
1782333951.177143,1863
1782333951.178412,1860
1782333951.179681,1861
1782333951.179685,1834
1782333951.180974,1825
1782333951.1822798,1849
1782333951.1835861,1852
1782333951.18489,1836
1782333951.1849012,1839
1782333951.186197,1832
1782333951.187498,1817
1782333951.1888,1807
1782333951.1888099,1813
1782333951.190115,1828
1782333951.1914182,1836
1782333951.1927192,1836
1782333951.1927302,1831
1782333951.194025,1859
1782333951.195325,1860
1782333951.196617,1842
1782333951.19793,1860
1782333951.1979399,1846
1782333951.199229,1839
1782333951.20073,1868
1782333951.200737,1855
1782333951.204424,1857
1782333951.20443,1855
1782333951.2044318,1838
1782333951.205568,1833
1782333951.206785,1826
1782333951.20679,1828
1782333951.208066,1806
1782333951.209367,1843
1782333951.210656,1835
1782333951.210677,1843
1782333951.211979,1843
1782333951.213286,1819
1782333951.214595,1845
1782333951.2159019,1855
1782333951.215914,1858
1782333951.215918,1851
1782333951.217213,1850
1782333951.218495,1837
1782333951.219788,1851
1782333951.219798,1836
1782333951.2211,1838
1782333951.222404,1850
1782333951.2237172,1853
1782333951.2237482,1854
1782333951.225051,1845
1782333951.226357,1856
1782333951.227662,1844
1782333951.228985,1858
1782333951.2289972,1857
1782333951.2311082,1855
1782333951.2311199,1848
1782333951.2350469,1835
1782333951.235051,1831
1782333951.235053,1843
1782333951.2350552,1830
1782333951.236279,1847
1782333951.237549,1847
1782333951.238821,1823
1782333951.2388248,1814
1782333951.240095,1816
1782333951.241387,1828
1782333951.242563,1850
1782333951.2438662,1818
1782333951.2438772,1822
1782333951.2451782,1832
1782333951.246481,1861
1782333951.247783,1845
1782333951.247794,1839
1782333951.2490711,1828
1782333951.250185,1842
1782333951.25149,1870
1782333951.2527921,1869
1782333951.252803,1839
1782333951.254103,1845
1782333951.2554061,1843
1782333951.256711,1861
1782333951.256722,1845
1782333951.2580109,1839
1782333951.260291,1836
1782333951.260295,1834
1782333951.2647371,1820
1782333951.264744,1814
1782333951.264746,1815
1782333951.264747,1826
1782333951.264749,1816
1782333951.265929,1847
1782333951.2671978,1842
1782333951.268466,1828
1782333951.2697349,1824
1782333951.269739,1805
1782333951.271029,1811
1782333951.272356,1828
1782333951.273665,1850
1782333951.273694,1843
1782333951.274998,1859
1782333951.2763011,1871
1782333951.277581,1878
1782333951.278872,1880
1782333951.278883,1866
1782333951.28021,1871
1782333951.281514,1871
1782333951.2828212,1871
1782333951.2828329,1876
1782333951.2841349,1869
1782333951.285418,1884
1782333951.2867079,1888
1782333951.286719,1869
1782333951.288024,1876
1782333951.289325,1887
1782333951.290638,1866
1782333951.29289,1859
1782333951.292896,1852
1782333951.2928991,1849
1782333951.297548,1867
1782333951.297554,1839
1782333951.297556,1842
1782333951.2975569,1868
1782333951.298826,1843
1782333951.2988338,1829
1782333951.3000991,1823
1782333951.301127,1835
1782333951.3024251,1843
1782333951.3037262,1839
1782333951.303738,1850
1782333951.3050408,1849
1782333951.306345,1867
1782333951.3076758,1851
1782333951.308788,1839
1782333951.3088,1818
1782333951.310102,1845
1782333951.3114061,1828
1782333951.3127072,1823
1782333951.312717,1816
1782333951.314028,1825
1782333951.315338,1822
1782333951.316651,1846
1782333951.317951,1851
1782333951.317962,1847
1782333951.3192372,1856
1782333951.320527,1843
1782333951.3224478,1850
1782333951.322455,1857
1782333951.327109,1846
1782333951.327115,1839
1782333951.327117,1858
1782333951.327119,1834
1782333951.3271208,1830
1782333951.328392,1836
1782333951.32966,1836
1782333951.329664,1826
1782333951.330726,1830
1782333951.3320231,1839
1782333951.3333251,1819
1782333951.3346372,1810
1782333951.335938,1819
1782333951.335949,1805
1782333951.337249,1818
1782333951.3385758,1824
1782333951.339884,1825
1782333951.3398972,1860
1782333951.339902,1855
1782333951.341206,1869
1782333951.342475,1859
1782333951.3437738,1849
1782333951.343786,1858
1782333951.345081,1876
1782333951.3463879,1863
1782333951.3476942,1866
1782333951.347706,1839
1782333951.349002,1853
1782333951.350291,1855
1782333951.3521228,1862
1782333951.352129,1849
1782333951.356949,1855
1782333951.356957,1852
1782333951.3569589,1833
1782333951.356961,1824
1782333951.3569632,1831
1782333951.3582342,1838
1782333951.359505,1844
1782333951.360777,1846
1782333951.3607821,1842
1782333951.3620522,1829
1782333951.363342,1830
1782333951.3646631,1838
1782333951.364694,1846
1782333951.365896,1853
1782333951.367201,1839
1782333951.368503,1830
1782333951.369782,1828
1782333951.369785,1844
1782333951.3710752,1843
1782333951.3722591,1836
1782333951.37356,1853
1782333951.3748639,1855
1782333951.374876,1839
1782333951.376174,1846
1782333951.377482,1832
1782333951.378787,1839
1782333951.378797,1842
1782333951.38006,1855
1782333951.382209,1854
1782333951.382217,1829
1782333951.3873332,1839
1782333951.38734,1839
1782333951.387342,1818
1782333951.387344,1828
1782333951.387346,1830
1782333951.3886201,1839
1782333951.389899,1849
1782333951.389905,1871
1782333951.391186,1854
1782333951.392458,1818
1782333951.393749,1829
1782333951.39376,1839
1782333951.395058,1822
1782333951.39636,1826
1782333951.397689,1836
1782333951.3977149,1855
1782333951.399033,1858
1782333951.400343,1883
1782333951.401649,1863
1782333951.402952,1846
1782333951.402963,1851
1782333951.404264,1844
1782333951.405571,1850
1782333951.406877,1856
1782333951.406889,1867
1782333951.408185,1860
1782333951.4094741,1846
1782333951.41079,1853
1782333951.410796,1848
1782333951.412987,1837
1782333951.41302,1839
1782333951.414309,1863
1782333951.416236,1843
1782333951.416242,1813
1782333951.431303,1844
1782333951.431317,1847
1782333951.431318,1847
1782333951.43132,1807
1782333951.4313211,1816
1782333951.4313228,1830
1782333951.431324,1827
1782333951.431326,1850
1782333951.4313269,1837
1782333951.431329,1838
1782333951.43133,1829
1782333951.431332,1826
1782333951.431333,1838
1782333951.4313338,1822
1782333951.431336,1822
1782333951.432616,1844
1782333951.433892,1835
1782333951.4338958,1844
1782333951.4350631,1852
1782333951.440035,1864
1782333951.440039,1861
1782333951.440041,1853
1782333951.440042,1855
1782333951.440043,1851
1782333951.44134,1850
1782333951.442627,1850
1782333951.4439301,1861
1782333951.443937,1876
1782333951.4452841,1877
1782333951.4475641,1869
1782333951.4475698,1864
1782333951.461896,1865
1782333951.4619,1845
1782333951.461901,1867
1782333951.4619021,1863
1782333951.4619021,1839
1782333951.461903,1850
1782333951.4619038,1839
1782333951.461905,1852
1782333951.461906,1866
1782333951.461907,1867
1782333951.4619079,1864
1782333951.4619079,1843
1782333951.461909,1830
1782333951.46191,1846
1782333951.461911,1835
1782333951.463178,1852
1782333951.46444,1844
1782333951.467361,1844
1782333951.467363,1855
1782333951.467364,1837
1782333951.467365,1839
1782333951.46849,1834
1782333951.469781,1848
1782333951.4697878,1855
1782333951.471075,1855
1782333951.47236,1854
1782333951.4738429,1849
1782333951.473846,1850
1782333951.475285,1818
1782333951.486562,1827
1782333951.486565,1837
1782333951.4865658,1860
1782333951.486567,1853
1782333951.486568,1843
1782333951.486569,1833
1782333951.486569,1846
1782333951.48657,1839
1782333951.486571,1851
1782333951.486572,1844
1782333951.486573,1851
1782333951.487836,1842
1782333951.487839,1821
1782333951.491564,1845
1782333951.4915662,1855
1782333951.4915671,1852
1782333951.4928472,1838
1782333951.492851,1851
1782333951.494139,1862
1782333951.4954329,1861
1782333951.496711,1854
1782333951.496717,1855
1782333951.498,1862
1782333951.4992871,1863
1782333951.500577,1850
1782333951.501865,1850
1782333951.501871,1836
1782333951.5031612,1838
1782333951.504875,1834
1782333951.504878,1836
1782333951.515203,1819
1782333951.5152051,1845
1782333951.5152059,1860
1782333951.5152068,1848
1782333951.5152068,1831
1782333951.515208,1839
1782333951.515209,1846
1782333951.515209,1854
1782333951.51521,1862
1782333951.515211,1851
1782333951.5164769,1831
1782333951.519847,1827
1782333951.51985,1846
1782333951.519851,1861
1782333951.519852,1849
1782333951.521132,1855
1782333951.5224,1843
1782333951.5236669,1850
1782333951.523673,1846
1782333951.5249531,1848
1782333951.52624,1854
1782333951.527531,1839
1782333951.528818,1852
1782333951.528824,1852
1782333951.5301068,1842
1782333951.531392,1855
1782333951.532678,1850
1782333951.532694,1848
1782333951.5344949,1839
1782333951.545273,1839
1782333951.545276,1835
1782333951.5452769,1862
1782333951.5452769,1853
1782333951.5452778,1853
1782333951.545279,1865
1782333951.545279,1869
1782333951.54528,1845
1782333951.545281,1839
1782333951.5452821,1827
1782333951.5452821,1829
1782333951.546544,1819
1782333951.5496461,1836
1782333951.54965,1855
1782333951.549651,1855
1782333951.5496619,1841
1782333951.5509288,1849
1782333951.552198,1846
1782333951.553478,1838
1782333951.5547678,1824
1782333951.554775,1835
1782333951.556056,1828
1782333951.5573409,1828
1782333951.558629,1846
1782333951.5599098,1836
1782333951.559916,1851
1782333951.561197,1835
1782333951.5624819,1843
1782333951.563885,1859
1782333951.563888,1847
1782333951.574562,1874
1782333951.5745652,1844
1782333951.574566,1845
1782333951.5745668,1843
1782333951.5745668,1846
1782333951.574568,1831
1782333951.574569,1839
1782333951.574569,1839
1782333951.57457,1854
1782333951.574571,1853
1782333951.575835,1842
1782333951.575836,1843
1782333951.579054,1839
1782333951.579057,1836
1782333951.579058,1826
1782333951.580342,1843
1782333951.581634,1820
1782333951.5829241,1830
1782333951.5829298,1831
1782333951.5842109,1839
1782333951.585482,1850
1782333951.586765,1850
1782333951.586772,1853
1782333951.588056,1842
1782333951.5893388,1864
1782333951.590608,1852
1782333951.591886,1859
1782333951.591893,1854
1782333951.593177,1861
1782333951.593183,1863
1782333951.594452,1860
1782333951.595733,1844
1782333951.5957398,1846
1782333951.597008,1849
1782333951.607352,1843
1782333951.6073558,1837
1782333951.607357,1851
1782333951.607357,1846
1782333951.607358,1866
1782333951.607359,1861
1782333951.607359,1867
1782333951.60736,1855
1782333951.607361,1859
1782333951.607362,1859
1782333951.608629,1857
1782333951.611892,1842
1782333951.6118941,1836
1782333951.611895,1806
1782333951.611896,1828
1782333951.613174,1820
1782333951.614441,1819
1782333951.6157298,1842
1782333951.615736,1839
1782333951.617016,1869
1782333951.6183,1839
1782333951.619589,1862
1782333951.620877,1855
1782333951.620883,1862
1782333951.622166,1844
1782333951.6234329,1856
1782333951.624727,1842
1782333951.624733,1839
1782333951.626053,1839
1782333951.636766,1839
1782333951.63677,1849
1782333951.636771,1838
1782333951.636771,1837
1782333951.6367722,1839
1782333951.636773,1832
1782333951.636773,1820
1782333951.6367738,1842
1782333951.636775,1824
1782333951.636775,1816
1782333951.636776,1815
1782333951.638047,1828
1782333951.641131,1825
1782333951.641134,1855
1782333951.641134,1853
1782333951.6423979,1863
1782333951.643679,1858
1782333951.6436942,1871
1782333951.645001,1854
1782333951.647569,1829
1782333951.6475751,1842
1782333951.648855,1865
1782333951.648862,1876
1782333951.650145,1854
1782333951.6514308,1854
1782333951.652716,1851
1782333951.652722,1862
1782333951.654007,1839
1782333951.655545,1852
1782333951.6662972,1848
1782333951.6662998,1862
1782333951.666301,1850
1782333951.666302,1855
1782333951.666302,1848
1782333951.666303,1839
1782333951.666304,1843
1782333951.666305,1833
1782333951.666306,1825
1782333951.666306,1837
1782333951.666307,1826
1782333951.6675751,1835
1782333951.670224,1842
1782333951.6702259,1848
1782333951.670227,1844
1782333951.671505,1847
1782333951.672771,1834
1782333951.6727731,1820
1782333951.6740532,1826
1782333951.675338,1827
1782333951.676627,1832
1782333951.6779141,1845
1782333951.677921,1833
1782333951.679204,1838
1782333951.680493,1853
1782333951.681776,1835
1782333951.681782,1846
1782333951.6830652,1845
1782333951.684352,1825
1782333951.6862981,1832
1782333951.68632,1826
1782333951.696695,1822
1782333951.6966982,1839
1782333951.696699,1827
1782333951.6966999,1824
1782333951.6967008,1839
1782333951.6967008,1846
1782333951.696702,1833
1782333951.696703,1833
1782333951.696703,1819
1782333951.696704,1830
1782333951.696705,1850
1782333951.697976,1844
1782333951.70106,1855
1782333951.701063,1857
1782333951.7010639,1851
1782333951.702345,1861
1782333951.7036328,1852
1782333951.704921,1851
1782333951.704927,1839
1782333951.706208,1841
1782333951.707492,1849
1782333951.708781,1846
1782333951.708787,1847
1782333951.710072,1842
1782333951.71136,1839
1782333951.7126431,1855
1782333951.7139258,1861
1782333951.713932,1858
1782333951.715224,1850
1782333951.716712,1858
1782333951.716715,1844
1782333951.726231,1859
1782333951.7262342,1866
1782333951.726235,1850
1782333951.7262359,1849
1782333951.7262359,1831
1782333951.7262368,1836
1782333951.726238,1801
1782333951.726238,1815
1782333951.726239,1802
1782333951.72624,1821
1782333951.727503,1803
1782333951.72998,1814
1782333951.729983,1830
1782333951.729983,1842
1782333951.731244,1832
1782333951.732525,1839
1782333951.733813,1845
1782333951.73382,1832
1782333951.735105,1834
1782333951.7363951,1848
1782333951.737683,1856
1782333951.737698,1849
1782333951.738977,1881
1782333951.740261,1857
1782333951.741545,1860
1782333951.742835,1847
1782333951.7428422,1844
1782333951.744127,1859
1782333951.7454138,1838
1782333951.7467,1830
1782333951.746706,1839
1782333951.747992,1847
1782333951.7585468,1871
1782333951.7585511,1858
1782333951.758552,1861
1782333951.758553,1866
1782333951.758553,1863
1782333951.7585542,1865
1782333951.758555,1839
1782333951.758555,1838
1782333951.758556,1843
1782333951.7585568,1857
1782333951.7598221,1860
1782333951.7598238,1855
1782333951.762291,1857
1782333951.762294,1853
1782333951.763575,1864
1782333951.764867,1848
1782333951.764873,1849
1782333951.7661598,1850
1782333951.7674491,1861
1782333951.768747,1864
1782333951.7687528,1861
1782333951.7700381,1871
1782333951.771327,1864
1782333951.772612,1860
1782333951.773896,1849
1782333951.7739022,1846
1782333951.7751832,1844
1782333951.776466,1834
1782333951.777751,1837
1782333951.777757,1853
1782333951.779329,1858
1782333951.788734,1856
1782333951.788735,1858
1782333951.788736,1855
1782333951.788737,1854
1782333951.788738,1853
1782333951.788738,1849
1782333951.788739,1827
1782333951.788739,1821
1782333951.7887402,1812
1782333951.788741,1832
1782333951.790005,1838
1782333951.79315,1831
1782333951.793153,1839
1782333951.793154,1834
1782333951.794421,1826
1782333951.795701,1839
1782333951.795708,1835
1782333951.796993,1842
1782333951.7982771,1832
1782333951.799562,1839
1782333951.800849,1845
1782333951.800855,1842
1782333951.802142,1828
1782333951.8034308,1823
1782333951.8047209,1824
1782333951.804727,1807
1782333951.8060071,1807
1782333951.80729,1807
1782333951.818313,1801
1782333951.8183172,1812
1782333951.8183181,1836
1782333951.8183181,1844
1782333951.818319,1854
1782333951.8183198,1860
1782333951.8183198,1864
1782333951.818321,1850
1782333951.818322,1851
1782333951.818323,1868
1782333951.818323,1855
1782333951.819592,1844
1782333951.8222988,1845
1782333951.822301,1833
1782333951.8223019,1833
1782333951.82357,1851
1782333951.824854,1852
1782333951.8248599,1855
1782333951.826143,1862
1782333951.827432,1852
1782333951.828703,1850
1782333951.828705,1844
1782333951.829987,1850
1782333951.831271,1848
1782333951.832555,1824
1782333951.833843,1822
1782333951.8338492,1833
1782333951.835134,1828
1782333951.836422,1828
1782333951.837707,1859
1782333951.837713,1871
1782333951.8393989,1847
1782333951.850105,1847
1782333951.850108,1850
1782333951.8501089,1850
1782333951.8501089,1826
1782333951.85011,1822
1782333951.850111,1821
1782333951.850112,1834
1782333951.850112,1858
1782333951.850113,1848
1782333951.850114,1852
1782333951.850114,1861
1782333951.850115,1862
1782333951.8513842,1852
1782333951.854601,1854
1782333951.854604,1845
1782333951.854605,1853
1782333951.855867,1866
1782333951.8558688,1878
1782333951.8571498,1869
1782333951.858442,1883
1782333951.85973,1845
1782333951.859736,1854
1782333951.861021,1851
1782333951.8623092,1865
1782333951.863594,1879
1782333951.864877,1868
1782333951.864883,1839
1782333951.866165,1831
1782333951.867452,1837
1782333951.8687449,1837
1782333951.868751,1839
1782333951.870178,1832
1782333951.880652,1858
1782333951.880655,1868
1782333951.880655,1852
1782333951.8806558,1828
1782333951.880657,1846
1782333951.880658,1850
1782333951.880658,1816
1782333951.8806589,1831
1782333951.88066,1817
1782333951.88066,1798
1782333951.880661,1816
1782333951.881932,1839
1782333951.8845608,1839
1782333951.884563,1838
1782333951.8858292,1839
1782333951.8858309,1843
1782333951.887114,1844
1782333951.8883998,1853
1782333951.889684,1847
1782333951.8896902,1852
1782333951.890974,1846
1782333951.892261,1839
1782333951.893547,1846
1782333951.894835,1834
1782333951.8948412,1819
1782333951.8961248,1826
1782333951.897355,1845
1782333951.898633,1850
1782333951.899904,1856
1782333951.8999062,1849
1782333951.910002,1856
1782333951.910004,1853
1782333951.910005,1866
1782333951.910006,1849
1782333951.910007,1834
1782333951.910007,1830
1782333951.910008,1831
1782333951.9100091,1822
1782333951.9100091,1828
1782333951.91001,1854
1782333951.9112809,1854
1782333951.9136992,1835
1782333951.913701,1832
1782333951.9137018,1836
1782333951.914966,1839
1782333951.916248,1832
1782333951.917515,1834
1782333951.918797,1828
1782333951.918804,1839
1782333951.920088,1850
1782333951.921375,1875
1782333951.92266,1855
1782333951.923947,1845
1782333951.9239528,1854
1782333951.9252381,1853
1782333951.926526,1887
1782333951.927816,1862
1782333951.927822,1876
1782333951.929106,1876
1782333951.930372,1848
1782333951.9406238,1853
1782333951.9406269,1839
1782333951.940628,1851
1782333951.940628,1845
1782333951.940629,1857
1782333951.94063,1839
1782333951.94063,1849
1782333951.9406312,1855
1782333951.940632,1866
1782333951.940633,1828
1782333951.940639,1837
1782333951.941906,1837
1782333951.944216,1828
1782333951.9442189,1837
1782333951.945485,1850
1782333951.9467678,1825
1782333951.946774,1798
1782333951.948055,1816
1782333951.9493399,1811
1782333951.9506361,1826
1782333951.951923,1829
1782333951.951929,1830
1782333951.953214,1826
1782333951.954487,1837
1782333951.955765,1839
1782333951.955771,1845
1782333951.957054,1842
1782333951.9583418,1853
1782333951.959807,1849
1782333951.95981,1844
1782333951.970273,1865
1782333951.970276,1857
1782333951.970277,1848
1782333951.9702778,1830
1782333951.970279,1823
1782333951.970279,1849
1782333951.97028,1871
1782333951.970281,1860
1782333951.970282,1828
1782333951.970282,1844
1782333951.971553,1848
1782333951.9715562,1850
1782333951.973917,1837
1782333951.97392,1830
1782333951.973921,1858
1782333951.975184,1845
1782333951.976466,1835
1782333951.9777548,1835
1782333951.977762,1835
1782333951.9790468,1839
1782333951.980335,1817
1782333951.981617,1843
1782333951.982904,1858
1782333951.9829109,1868
1782333951.984191,1834
1782333951.985481,1836
1782333951.98677,1838
1782333951.986776,1835
1782333951.98806,1839
1782333951.989342,1864
1782333951.9906409,1855
1782333951.992095,1863
1782333951.992098,1857
1782333952.002675,1843
1782333952.002677,1837
1782333952.002678,1834
1782333952.002679,1820
1782333952.00268,1831
1782333952.00268,1843
1782333952.002681,1852
1782333952.0026822,1830
1782333952.0026822,1855
1782333952.002683,1862
1782333952.0026839,1870
1782333952.003951,1852
1782333952.006251,1853
1782333952.006253,1861
1782333952.007526,1894
1782333952.008811,1869
1782333952.008817,1846
1782333952.010102,1849
1782333952.011391,1855
1782333952.01268,1843
1782333952.012686,1791
1782333952.013967,1810
1782333952.01525,1829
1782333952.016533,1839
1782333952.017835,1846
1782333952.017844,1850
1782333952.0191329,1850
1782333952.020424,1851
1782333952.021708,1867
1782333952.021714,1858
1782333952.0329401,1878
1782333952.0329669,1864
1782333952.032969,1857
1782333952.03297,1877
1782333952.032971,1863
1782333952.032972,1874
1782333952.032972,1876
1782333952.032973,1859
1782333952.032974,1843
1782333952.0329752,1830
1782333952.0329752,1823
1782333952.0342422,1816
1782333952.036629,1822
1782333952.036631,1831
1782333952.037917,1836
1782333952.037924,1830
1782333952.039189,1878
1782333952.040473,1861
1782333952.041764,1849
1782333952.04177,1845
1782333952.043055,1832
1782333952.044343,1824
1782333952.04564,1772
1782333952.046925,1804
1782333952.046932,1827
1782333952.048213,1846
1782333952.0494962,1847
1782333952.050787,1851
1782333952.050793,1846
1782333952.052523,1832
1782333952.063532,1836
1782333952.0635378,1823
1782333952.063539,1812
1782333952.063539,1835
1782333952.06354,1829
1782333952.063541,1858
1782333952.063541,1856
1782333952.0635421,1857
1782333952.063543,1838
1782333952.063544,1865
1782333952.063544,1848
1782333952.064808,1851
1782333952.06481,1843
1782333952.067532,1824
1782333952.0675352,1834
1782333952.068801,1819
1782333952.068803,1835
1782333952.070061,1847
1782333952.0713222,1854
1782333952.072582,1915
1782333952.073843,1888
1782333952.073844,1811
1782333952.075109,1856
1782333952.076372,1844
1782333952.077653,1834
1782333952.078947,1764
1782333952.078953,1805
1782333952.080235,1825
1782333952.0815082,1837
1782333952.0909781,1810
1782333952.09098,1829
1782333952.090981,1865
1782333952.090982,1850
1782333952.090983,1860
1782333952.0909839,1864
1782333952.0909839,1866
1782333952.090985,1836
1782333952.090986,1850
1782333952.090987,1831
1782333952.092247,1830
1782333952.094547,1828
1782333952.094549,1831
1782333952.095813,1828
1782333952.095815,1844
1782333952.0970922,1854
1782333952.098374,1837
1782333952.099725,1828
1782333952.09973,1848
1782333952.101011,1849
1782333952.1010182,1834
1782333952.102301,1824
1782333952.103589,1930
1782333952.1048791,1913
1782333952.104885,1882
1782333952.106165,1881
1782333952.107452,1888
1782333952.10874,1886
1782333952.108746,1772
1782333952.1100302,1811
1782333952.111595,1847
1782333952.122004,1870
1782333952.122008,1860
1782333952.122009,1851
1782333952.122009,1855
1782333952.1220102,1857
1782333952.122011,1869
1782333952.122011,1854
1782333952.122012,1864
1782333952.122012,1844
1782333952.1220129,1866
1782333952.122014,1870
1782333952.123279,1845
1782333952.125671,1843
1782333952.125674,1845
1782333952.125675,1842
1782333952.126942,1846
1782333952.128225,1846
1782333952.129303,1859
1782333952.130584,1865
1782333952.13187,1839
1782333952.131876,1837
1782333952.133155,1846
1782333952.134443,1815
1782333952.135732,1853
1782333952.1357381,1951
1782333952.137025,1903
1782333952.138314,1847
1782333952.139602,1851
1782333952.1408901,1853
1782333952.140896,1816
1782333952.1421802,1737
1782333952.1434681,1773
1782333952.145211,1790
1782333952.145213,1797
1782333952.154599,1806
1782333952.154603,1816
1782333952.154603,1810
1782333952.154604,1835
1782333952.1546052,1842
1782333952.1546052,1846
1782333952.154606,1845
1782333952.154607,1852
1782333952.1558762,1850
1782333952.155879,1863
1782333952.15588,1870
1782333952.1581922,1876
1782333952.158195,1862
1782333952.159462,1850
1782333952.160747,1851
1782333952.160754,1839
1782333952.16204,1823
1782333952.16333,1835
1782333952.164615,1860
1782333952.165899,1870
1782333952.165905,1855
1782333952.16719,1865
1782333952.1684759,1979
1782333952.169764,1948
1782333952.169771,1931
1782333952.171055,1893
1782333952.17234,1876
1782333952.1736078,1867
1782333952.183703,1741
1782333952.183705,1739
1782333952.183706,1772
1782333952.183707,1794
1782333952.183707,1812
1782333952.183708,1825
1782333952.183709,1839
1782333952.183709,1845
1782333952.1837099,1846
1782333952.183711,1843
1782333952.183711,1848
1782333952.184986,1831
1782333952.187547,1830
1782333952.18755,1839
1782333952.188829,1828
1782333952.1888351,1852
1782333952.190124,1858
1782333952.191398,1836
1782333952.192681,1839
1782333952.192687,1851
1782333952.193969,1827
1782333952.195254,1845
1782333952.196536,1856
1782333952.197821,1852
1782333952.197827,1849
1782333952.1991081,1848
1782333952.200393,1871
1782333952.201679,1944
1782333952.201685,1912
1782333952.202966,1838
1782333952.214036,1906
1782333952.2140439,1871
1782333952.2140448,1839
1782333952.214046,1757
1782333952.214047,1772
1782333952.214047,1782
1782333952.214048,1805
1782333952.214048,1823
1782333952.214049,1831
1782333952.21405,1835
1782333952.21405,1837
1782333952.2153249,1845
1782333952.21766,1852
1782333952.217663,1857
1782333952.217663,1858
1782333952.218931,1864
1782333952.220211,1862
1782333952.221503,1869
1782333952.222789,1869
1782333952.222796,1850
1782333952.2240782,1843
1782333952.225364,1839
1782333952.22665,1853
1782333952.2279391,1876
1782333952.227946,1862
1782333952.2279491,1844
1782333952.229234,1826
1782333952.230525,1831
1782333952.231817,1828
1782333952.2318249,1944
1782333952.23311,1903
1782333952.2343879,1888
1782333952.244639,1865
1782333952.244643,1842
1782333952.2446442,1851
1782333952.2446442,1746
1782333952.244645,1754
1782333952.2446458,1790
1782333952.2446458,1815
1782333952.244647,1807
1782333952.244648,1850
1782333952.244648,1838
1782333952.2446551,1861
1782333952.2459168,1864
1782333952.248412,1838
1782333952.248414,1837
1782333952.249683,1806
1782333952.249685,1816
1782333952.2509701,1830
1782333952.2522612,1845
1782333952.253547,1839
1782333952.254837,1851
1782333952.254844,1839
1782333952.256125,1832
1782333952.25741,1844
1782333952.258695,1838
1782333952.258702,1829
1782333952.2599869,1844
1782333952.261277,1832
1782333952.262551,1849
1782333952.263944,1850
1782333952.263947,1877
1782333952.274318,1939
1782333952.2743208,1911
1782333952.274322,1846
1782333952.274323,1866
1782333952.274324,1853
1782333952.274324,1811
1782333952.274325,1718
1782333952.274326,1759
1782333952.274326,1791
1782333952.274327,1813
1782333952.275599,1839
1782333952.278383,1861
1782333952.278385,1848
1782333952.2783859,1862
1782333952.279666,1846
1782333952.280938,1850
1782333952.280941,1838
1782333952.282221,1828
1782333952.283505,1850
1782333952.284788,1853
1782333952.2847948,1858
1782333952.286081,1859
1782333952.28737,1870
1782333952.288652,1883
1782333952.289942,1890
1782333952.289948,1880
1782333952.2912278,1869
1782333952.292496,1859
1782333952.293779,1870
1782333952.293786,1853
1782333952.295071,1839
1782333952.2964501,1839
1782333952.3068202,1942
1782333952.306823,1910
1782333952.306823,1884
1782333952.306824,1879
1782333952.306825,1876
1782333952.306825,1852
1782333952.3068259,1745
1782333952.306827,1775
1782333952.306828,1774
1782333952.306828,1781
1782333952.306829,1810
1782333952.3080928,1833
1782333952.310482,1860
1782333952.310486,1859
1782333952.311757,1858
1782333952.311759,1847
1782333952.313045,1860
1782333952.3143308,1839
1782333952.315617,1841
1782333952.3169029,1842
1782333952.31691,1847
1782333952.318194,1842
1782333952.319479,1845
1782333952.320767,1856
1782333952.3207738,1868
1782333952.322057,1871
1782333952.3233469,1860
1782333952.326106,1856
1782333952.326108,1839
1782333952.326109,1838
1782333952.336315,1829
1782333952.336318,1839
1782333952.336319,1871
1782333952.33632,1917
1782333952.33632,1899
1782333952.336321,1855
1782333952.336322,1891
1782333952.336322,1877
1782333952.336323,1823
1782333952.3363242,1749
1782333952.337595,1775
1782333952.340092,1816
1782333952.3400939,1842
1782333952.340095,1845
1782333952.34136,1844
1782333952.3426402,1859
1782333952.343926,1853
1782333952.343942,1850
1782333952.345247,1866
1782333952.346532,1855
1782333952.3478148,1842
1782333952.347821,1852
1782333952.3491032,1830
1782333952.350403,1838
1782333952.351691,1836
1782333952.351706,1837
1782333952.35299,1827
1782333952.3542771,1822
1782333952.355909,1815
1782333952.355913,1849
1782333952.3559139,1847
1782333952.366288,1837
1782333952.3662899,1839
1782333952.366291,1850
1782333952.366292,1850
1782333952.366293,1932
1782333952.366293,1906
1782333952.366294,1878
1782333952.366295,1870
1782333952.366295,1839
1782333952.366296,1858
1782333952.367557,1743
1782333952.369864,1774
1782333952.369866,1791
1782333952.369867,1791
1782333952.371148,1794
1782333952.372415,1814
1782333952.3736918,1816
1782333952.3736992,1817
1782333952.374985,1838
1782333952.3762739,1839
1782333952.377558,1855
1782333952.378846,1859
1782333952.3788521,1855
1782333952.380136,1846
1782333952.381419,1861
1782333952.38271,1871
1782333952.382716,1861
1782333952.384,1886
1782333952.385289,1894
1782333952.386559,1876
1782333952.396941,1875
1782333952.3969438,1869
1782333952.396945,1850
1782333952.396946,1839
1782333952.396947,1822
1782333952.396947,1844
1782333952.3969479,1919
1782333952.396949,1919
1782333952.39695,1890
1782333952.39695,1857
1782333952.396951,1875
1782333952.398221,1855
1782333952.401015,1811
1782333952.4010172,1763
1782333952.4010181,1772
1782333952.402285,1811
1782333952.4035652,1820
1782333952.404854,1807
1782333952.40486,1820
1782333952.4061399,1815
1782333952.407425,1807
1782333952.408711,1819
1782333952.408716,1822
1782333952.4100008,1819
1782333952.411289,1814
1782333952.412562,1827
1782333952.4138398,1839
1782333952.413846,1843
1782333952.415566,1843
1782333952.426608,1833
1782333952.426662,1844
1782333952.426666,1865
1782333952.426667,1874
1782333952.426667,1882
1782333952.426676,1889
1782333952.426677,1883
1782333952.426678,1881
1782333952.426694,1862
1782333952.4266958,1842
1782333952.426698,1954
1782333952.426742,1924
1782333952.428063,1894
1782333952.430954,1873
1782333952.430957,1862
1782333952.430958,1843
1782333952.4322271,1727
1782333952.4335082,1763
1782333952.434798,1774
1782333952.434804,1805
1782333952.4360871,1829
1782333952.437376,1850
1782333952.438661,1857
1782333952.438678,1850
1782333952.440001,1838
1782333952.4412968,1842
1782333952.4425862,1823
1782333952.44386,1819
1782333952.443862,1831
1782333952.445128,1855
1782333952.44641,1860
1782333952.447679,1871
1782333952.4476821,1859
1782333952.457791,1866
1782333952.457794,1876
1782333952.4577951,1882
1782333952.457796,1867
1782333952.457797,1863
1782333952.457797,1865
1782333952.457798,1858
1782333952.457799,1868
1782333952.457799,1868
1782333952.4578,1919
1782333952.4590662,1924
1782333952.461659,1893
1782333952.461662,1850
1782333952.461663,1871
1782333952.462944,1866
1782333952.464212,1794
1782333952.465496,1762
1782333952.466783,1775
1782333952.46679,1807
1782333952.46809,1813
1782333952.4693818,1811
1782333952.470674,1795
1782333952.4706922,1812
1782333952.471999,1819
1782333952.4732852,1833
1782333952.474575,1835
1782333952.475862,1830
1782333952.475868,1823
1782333952.477133,1847
1782333952.488605,1816
1782333952.488608,1850
1782333952.4886348,1827
1782333952.488636,1829
1782333952.488637,1838
1782333952.488638,1852
1782333952.488638,1839
1782333952.4886389,1844
1782333952.48864,1831
1782333952.48864,1823
1782333952.488641,1839
1782333952.488642,1844
1782333952.4886458,1851
1782333952.48993,1929
1782333952.492474,1912
1782333952.492477,1891
1782333952.4937449,1881
1782333952.493747,1855
1782333952.495031,1837
1782333952.49632,1743
1782333952.4976058,1743
1782333952.498891,1782
1782333952.4988968,1787
1782333952.50018,1803
1782333952.5014699,1816
1782333952.5027578,1830
1782333952.502765,1833
1782333952.50405,1822
1782333952.505336,1832
1782333952.506631,1862
1782333952.508367,1879
1782333952.508369,1874
1782333952.519064,1870
1782333952.519069,1860
1782333952.51907,1855
1782333952.51907,1832
1782333952.5190709,1839
1782333952.519072,1855
1782333952.519073,1845
1782333952.519073,1883
1782333952.519074,1879
1782333952.5190752,1877
1782333952.5190752,1837
1782333952.520339,1843
1782333952.522657,1847
1782333952.522659,1906
1782333952.52266,1900
1782333952.523927,1891
1782333952.525193,1873
1782333952.52647,1861
1782333952.527734,1847
1782333952.527736,1759
1782333952.529003,1751
1782333952.530284,1784
1782333952.531567,1799
1782333952.532851,1820
1782333952.5328572,1833
1782333952.5341399,1837
1782333952.535407,1839
1782333952.5366862,1834
1782333952.536693,1850
1782333952.537976,1833
1782333952.539428,1851
1782333952.5496829,1861
1782333952.549686,1871
1782333952.5496871,1864
1782333952.549688,1837
1782333952.549689,1852
1782333952.54969,1865
1782333952.54969,1852
1782333952.549691,1832
1782333952.549692,1836
1782333952.549692,1871
1782333952.5496929,1864
1782333952.5509608,1865
1782333952.5536199,1859
1782333952.553622,1879
1782333952.554903,1871
1782333952.55491,1932
1782333952.5561779,1898
1782333952.557458,1870
1782333952.558748,1886
1782333952.5587552,1856
1782333952.560052,1848
1782333952.5613482,1748
1782333952.5626361,1778
1782333952.563919,1786
1782333952.563925,1819
1782333952.565205,1815
1782333952.566494,1832
1782333952.567782,1839
1782333952.567789,1832
1782333952.569057,1852
1782333952.570323,1869
1782333952.5807092,1870
1782333952.5807118,1845
1782333952.580713,1866
1782333952.580713,1865
1782333952.580714,1855
1782333952.580715,1839
1782333952.580715,1833
1782333952.5807161,1850
1782333952.580717,1842
1782333952.580717,1846
1782333952.580718,1855
1782333952.581986,1820
1782333952.5846488,1829
1782333952.584651,1817
1782333952.584652,1818
1782333952.585918,1845
1782333952.5872,1922
1782333952.588489,1910
1782333952.589772,1898
1782333952.589778,1869
1782333952.591059,1861
1782333952.592347,1852
1782333952.593504,1770
1782333952.594802,1762
1782333952.594809,1793
1782333952.596097,1804
1782333952.597385,1810
1782333952.598672,1819
1782333952.598678,1828
1782333952.600436,1825
1782333952.61103,1836
1782333952.6110332,1826
1782333952.6110342,1856
1782333952.6110349,1839
1782333952.6110358,1852
1782333952.6110358,1851
1782333952.611037,1854
1782333952.611038,1858
1782333952.611039,1852
1782333952.611039,1826
1782333952.61104,1835
1782333952.612304,1815
1782333952.6146638,1836
1782333952.614667,1839
1782333952.6146681,1847
1782333952.615934,1867
1782333952.617216,1867
1782333952.618506,1858
1782333952.618512,1866
1782333952.619798,1944
1782333952.619804,1918
1782333952.6210911,1870
1782333952.622375,1893
1782333952.623658,1878
1782333952.6236749,1857
1782333952.624979,1790
1782333952.626267,1784
1782333952.62755,1806
1782333952.6288378,1823
1782333952.628845,1855
1782333952.630251,1853
1782333952.640579,1864
1782333952.6405828,1869
1782333952.6405828,1887
1782333952.640584,1871
1782333952.640585,1868
1782333952.640585,1844
1782333952.640586,1851
1782333952.640587,1837
1782333952.640587,1850
1782333952.640588,1836
1782333952.641851,1838
1782333952.6418529,1844
1782333952.644164,1839
1782333952.644166,1843
1782333952.645432,1832
1782333952.646711,1826
1782333952.646718,1834
1782333952.6479979,1826
1782333952.649281,1834
1782333952.6505651,1830
1782333952.651854,1922
1782333952.65186,1930
1782333952.653143,1914
1782333952.654429,1871
1782333952.655715,1870
1782333952.655721,1857
1782333952.657004,1750
1782333952.6582909,1769
1782333952.659559,1784
1782333952.669579,1781
1782333952.669583,1789
1782333952.6695838,1802
1782333952.669585,1815
1782333952.669585,1821
1782333952.669586,1813
1782333952.669587,1807
1782333952.669587,1811
1782333952.6695879,1839
1782333952.669589,1848
1782333952.6708548,1843
1782333952.670857,1848
1782333952.673277,1852
1782333952.673279,1854
1782333952.674546,1860
1782333952.675827,1830
1782333952.6758342,1824
1782333952.677121,1822
1782333952.67841,1852
1782333952.6796951,1844
1782333952.679701,1860
1782333952.680966,1862
1782333952.682244,1867
1782333952.6835341,1869
1782333952.684822,1951
1782333952.684829,1929
1782333952.686114,1883
1782333952.687404,1887
1782333952.68869,1892
1782333952.6886961,1854
1782333952.689983,1769
1782333952.691489,1782
1782333952.7020102,1799
1782333952.702014,1818
1782333952.702015,1816
1782333952.702015,1824
1782333952.702016,1832
1782333952.702017,1846
1782333952.702017,1854
1782333952.702018,1862
1782333952.702019,1826
1782333952.702019,1836
1782333952.7020202,1844
1782333952.703284,1842
1782333952.7056699,1844
1782333952.705672,1850
1782333952.705673,1824
1782333952.70694,1813
1782333952.7082229,1832
1782333952.709514,1846
1782333952.710805,1843
1782333952.7108119,1849
1782333952.712095,1850
1782333952.713384,1847
1782333952.714674,1848
1782333952.71469,1848
1782333952.7159638,1915
1782333952.717247,1894
1782333952.718536,1886
1782333952.7198222,1871
1782333952.719828,1878
1782333952.7211149,1848
1782333952.722388,1733
1782333952.732167,1755
1782333952.7321699,1780
1782333952.7321699,1797
1782333952.732171,1783
1782333952.732172,1798
1782333952.732172,1805
1782333952.732173,1837
1782333952.7321742,1839
1782333952.7321742,1836
1782333952.732175,1850
1782333952.733446,1838
1782333952.735966,1827
1782333952.735968,1866
1782333952.735969,1862
1782333952.7372339,1864
1782333952.738518,1858
1782333952.7398028,1847
1782333952.739809,1842
1782333952.741091,1864
1782333952.742375,1876
1782333952.74366,1871
1782333952.744949,1878
1782333952.7449548,1875
1782333952.746238,1862
1782333952.747524,1864
1782333952.7488132,1886
1782333952.74882,1935
1782333952.748822,1888
1782333952.7501051,1844
1782333952.751395,1887
1782333952.752693,1878
1782333952.752695,1842
1782333952.763076,1731
1782333952.763079,1770
1782333952.76308,1791
1782333952.763081,1802
1782333952.763082,1819
1782333952.763083,1848
1782333952.763083,1842
1782333952.763084,1827
1782333952.7630851,1826
1782333952.7630851,1837
1782333952.7643561,1846
1782333952.7670028,1862
1782333952.767005,1862
1782333952.767006,1852
1782333952.7682738,1852
1782333952.769556,1857
1782333952.770847,1843
1782333952.770853,1856
1782333952.77214,1845
1782333952.7734241,1850
1782333952.774708,1867
1782333952.774714,1863
1782333952.775999,1850
1782333952.777289,1838
1782333952.7785778,1848
1782333952.7798662,1821
1782333952.7798731,1931
1782333952.781158,1901
1782333952.7824278,1870
1782333952.792536,1871
1782333952.7925382,1846
1782333952.792539,1856
1782333952.792539,1731
1782333952.7925398,1754
1782333952.792541,1769
1782333952.792541,1795
1782333952.792542,1822
1782333952.792543,1832
1782333952.792543,1858
1782333952.7938108,1850
1782333952.793813,1854
1782333952.796396,1858
1782333952.796399,1853
1782333952.797663,1848
1782333952.797665,1836
1782333952.798949,1825
1782333952.800234,1834
1782333952.8015208,1842
1782333952.802811,1861
1782333952.802817,1856
1782333952.804102,1845
1782333952.8053892,1859
1782333952.806675,1868
1782333952.8066812,1856
1782333952.807961,1862
1782333952.809247,1865
1782333952.810536,1875
1782333952.811824,1850
1782333952.811831,1915
1782333952.813097,1972
1782333952.823046,1928
1782333952.8230479,1848
1782333952.823049,1897
1782333952.823049,1867
1782333952.82305,1783
1782333952.823051,1583
1782333952.823051,1622
1782333952.823052,1632
1782333952.8230531,1652
1782333952.823054,1661
1782333952.824314,1844
1782333952.826914,1913
1782333952.826916,1887
1782333952.8269172,1854
1782333952.828182,1914
1782333952.829464,1902
1782333952.830747,1734
1782333952.830754,1638
1782333952.833316,1784
1782333952.833322,1982
1782333952.834608,1951
1782333952.835894,1866
1782333952.8358998,1959
1782333952.837184,1942
1782333952.838472,1870
1782333952.8397582,1643
1782333952.839765,1721
1782333952.8410501,2014
1782333952.842336,1986
1782333952.843603,1871
1782333952.853585,1987
1782333952.853589,1955
1782333952.85359,1855
1782333952.853591,1606
1782333952.853591,1658
1782333952.8535922,2009
1782333952.853593,1966
1782333952.853594,1927
1782333952.853594,1982
1782333952.8535948,1965
1782333952.854861,1928
1782333952.8548632,1565
1782333952.8580039,1618
1782333952.858006,1979
1782333952.858007,1974
1782333952.8592691,1940
1782333952.8605518,1954
1782333952.861839,1949
1782333952.861845,1928
1782333952.863125,1563
1782333952.864408,1604
1782333952.865692,1943
1782333952.865698,1967
1782333952.866982,1940
1782333952.8682702,1941
1782333952.869556,1967
1782333952.8708448,1928
1782333952.870851,1583
1782333952.872135,1597
1782333952.873826,1944
1782333952.8739169,2003
1782333952.8842208,1965
1782333952.884224,1963
1782333952.884224,1964
1782333952.8842251,1938
1782333952.884226,1600
1782333952.884226,1555
1782333952.884227,1851
1782333952.884228,1978
1782333952.884228,1960
1782333952.8842292,1917
1782333952.88423,1957
1782333952.88549,1939
1782333952.8886242,1691
1782333952.888627,1524
1782333952.888628,1736
1782333952.8899,1960
1782333952.8899012,1919
1782333952.8911822,1838
1782333952.892471,1976
1782333952.89376,1922
1782333952.8937669,1805
1782333952.89505,1534
1782333952.896322,1591
1782333952.897585,1978
1782333952.898867,1941
1782333952.898874,1814
1782333952.900167,1964
1782333952.90145,1948
1782333952.90274,1850
1782333952.9027462,1510
1782333952.9040089,1597
1782333952.914091,1996
1782333952.9140952,1975
1782333952.914096,1953
1782333952.914096,1994
1782333952.9140968,1951
1782333952.914098,1924
1782333952.914098,1519
1782333952.914099,1568
1782333952.9141,1989
1782333952.914101,1978
1782333952.915364,1932
1782333952.918596,1966
1782333952.918598,1967
1782333952.918599,1943
1782333952.919879,1518
1782333952.919886,1569
1782333952.92117,1988
1782333952.9224372,2012
1782333952.923716,1993
1782333952.923722,2009
1782333952.925007,1982
1782333952.926291,1954
1782333952.927575,1553
1782333952.928863,1547
1782333952.928868,1916
1782333952.93016,1967
1782333952.931443,1950
1782333952.9327302,1948
1782333952.932736,1970
1782333952.9344919,1944
1782333952.943958,1594
1782333952.94396,1540
1782333952.9439611,1861
1782333952.943962,1995
1782333952.9439628,1967
1782333952.9439628,1913
1782333952.943964,1971
1782333952.943965,1943
1782333952.943965,1676
1782333952.943966,1510
1782333952.945236,1725
1782333952.9482281,1988
1782333952.9482298,1975
1782333952.948231,1854
1782333952.949496,1991
1782333952.950778,1948
1782333952.950784,1812
1782333952.952065,1511
1782333952.953355,1603
1782333952.954637,2010
1782333952.955905,1962
1782333952.955907,1807
1782333952.957184,1987
1782333952.958467,1950
1782333952.959757,1838
1782333952.959763,1486
1782333952.961031,1559
1782333952.962313,1992
1782333952.9639611,1976
1782333952.9639628,1943
1782333952.9745762,1987
1782333952.97458,1954
1782333952.974581,1903
1782333952.974581,1459
1782333952.974582,1518
1782333952.9745831,1983
1782333952.9745831,1980
1782333952.974584,1934
1782333952.974585,1978
1782333952.974585,1952
1782333952.975851,1929
1782333952.975853,1490
1782333952.97913,1533
1782333952.979132,1979
1782333952.979133,2012
1782333952.980416,1967
1782333952.9817011,1985
1782333952.981708,1980
1782333952.9829912,1957
1782333952.984274,1504
1782333952.985547,1534
1782333952.9868312,1964
1782333952.986837,2020
1782333952.98812,2016
1782333952.989389,2009
1782333952.990676,1999
1782333952.990693,1974
1782333952.99202,1592
1782333952.9932978,1525
1782333952.9945621,1862
1782333952.996523,1999
1782333952.996525,1978
1782333953.0069718,1919
1782333953.006975,1987
1782333953.006976,1976
1782333953.006977,1667
1782333953.006978,1487
1782333953.006978,1706
1782333953.006979,1997
1782333953.0069802,1943
1782333953.0069811,1836
1782333953.0069811,1992
1782333953.0069818,1949
1782333953.0069828,1785
1782333953.00825,1455
1782333953.011433,1527
1782333953.011436,1992
1782333953.011436,1976
1782333953.012705,1785
1782333953.012706,1991
1782333953.013987,1967
1782333953.015271,1839
1782333953.016553,1468
1782333953.017819,1546
1782333953.0178208,2009
1782333953.019098,1967
1782333953.020365,1935
1782333953.021643,1997
1782333953.023006,1951
1782333953.023018,1903
1782333953.024307,1438
1782333953.026313,1508
1782333953.026315,1999
1782333953.0364559,1985
1782333953.03646,1962
1782333953.036461,2006
1782333953.036462,1977
1782333953.036463,1944
1782333953.0364642,1443
1782333953.0364642,1509
1782333953.036465,1961
1782333953.036466,1973
1782333953.0364668,1955
1782333953.037729,1990
1782333953.0377312,1988
1782333953.040858,1932
1782333953.04086,1449
1782333953.040861,1497
1782333953.0421262,1940
1782333953.0434098,1998
1782333953.0446951,1958
1782333953.044702,1985
1782333953.045986,1999
1782333953.047269,1965
1782333953.048537,1551
1782333953.049799,1495
1782333953.0498009,1867
1782333953.051061,2013
1782333953.0523431,1977
1782333953.053626,1922
1782333953.054914,1980
1782333953.05492,1952
1782333953.056675,1627
1782333953.056677,1487
1782333953.0660899,1743
1782333953.066091,2041
1782333953.066092,1993
1782333953.066093,1864
1782333953.066093,1998
1782333953.0660942,1976
1782333953.066095,1786
1782333953.066095,1423
1782333953.066096,1532
1782333953.0673668,2024
1782333953.0703511,1986
1782333953.070354,1832
1782333953.070355,1996
1782333953.0716329,1967
1782333953.072907,1842
1782333953.072908,1423
1782333953.074191,1496
1782333953.0754619,1997
1782333953.0767438,1982
1782333953.076751,1939
1782333953.0780349,1999
1782333953.0793228,1980
1782333953.0805929,1926
1782333953.081876,1430
1782333953.081882,1506
1782333953.083148,2029
1782333953.08443,2031
1782333953.085931,1987
1782333953.0859342,2020
1782333953.0965009,1995
1782333953.096504,1952
1782333953.0965052,1447
1782333953.096506,1485
1782333953.0965068,1966
1782333953.0965078,1994
1782333953.0965078,1976
1782333953.096509,2010
1782333953.09651,1993
1782333953.096511,1952
1782333953.097773,1453
1782333953.0977752,1466
1782333953.100823,1919
1782333953.100826,1979
1782333953.100827,1961
1782333953.102092,1962
1782333953.1033769,1985
1782333953.1046631,1981
1782333953.104682,1516
1782333953.105967,1479
1782333953.107251,1876
1782333953.108535,2015
1782333953.109819,1998
1782333953.1098251,1944
1782333953.111109,2004
1782333953.1123981,1975
1782333953.113684,1640
1782333953.1136901,1466
1782333953.114955,1730
1782333953.125268,2022
1782333953.125271,1992
1782333953.125272,1875
1782333953.125273,2012
1782333953.1252742,1941
1782333953.1252742,1778
1782333953.125275,1535
1782333953.1252759,1663
1782333953.125277,2022
1782333953.125278,1994
1782333953.126549,1862
1782333953.129739,1972
1782333953.129741,1942
1782333953.1297421,1828
1782333953.129743,1649
1782333953.131011,1689
1782333953.1322958,1934
1782333953.13358,1888
1782333953.134869,1845
1782333953.1348748,1874
1782333953.13616,1849
1782333953.137449,1826
1782333953.1374562,1631
1782333953.13874,1668
1782333953.138746,1871
1782333953.1400268,1859
1782333953.141311,1857
1782333953.142594,1874
1782333953.14388,1832
1782333953.143886,1797
1782333953.145173,1653
1782333953.1464598,1698
1782333953.147744,1862
1782333953.147753,1866
1782333953.159095,1851
1782333953.159115,1850
1782333953.159116,1838
1782333953.159117,1847
1782333953.159117,1703
1782333953.1591182,1735
1782333953.1591191,1896
1782333953.1591191,1896
1782333953.1591198,1889
1782333953.1591208,1860
1782333953.1591208,1846
1782333953.1603808,1862
1782333953.1634429,1736
1782333953.163445,1753
1782333953.163446,1903
1782333953.164714,1907
1782333953.164715,1903
1782333953.1659992,1885
1782333953.167288,1897
1782333953.168576,1892
1782333953.169865,1803
1782333953.171154,1732
1782333953.17116,1835
1782333953.172441,1914
1782333953.173724,1880
1782333953.1737301,1827
1782333953.1750112,1871
1782333953.1762938,1865
1782333953.177886,1822
1782333953.177888,1734
1782333953.1884449,1763
1782333953.188448,1887
1782333953.188449,1874
1782333953.188449,1826
1782333953.18845,1881
1782333953.188451,1876
1782333953.188451,1839
1782333953.188452,1761
1782333953.1884532,1798
1782333953.1884532,1953
1782333953.189719,1935
1782333953.189721,1898
1782333953.192962,1894
1782333953.192965,1874
1782333953.192966,1854
1782333953.194258,1715
1782333953.195554,1740
1782333953.1968482,1901
1782333953.196855,1861
1782333953.198139,1858
1782333953.199426,1842
1782333953.2007139,1847
1782333953.2007208,1858
1782333953.2020092,1742
1782333953.2033,1781
1782333953.204591,1896
1782333953.205878,1871
1782333953.205885,1862
1782333953.2071722,1874
1782333953.208504,1865
1782333953.219202,1836
1782333953.2192059,1733
1782333953.2192068,1765
1782333953.219208,1885
1782333953.219208,1887
1782333953.219209,1890
1782333953.21921,1910
1782333953.21921,1896
1782333953.219211,1882
1782333953.219212,1749
1782333953.219212,1765
1782333953.2204878,1878
1782333953.223583,1901
1782333953.223586,1897
1782333953.223586,1878
1782333953.224857,1902
1782333953.2248588,1874
1782333953.226143,1801
1782333953.227435,1792
1782333953.228723,1873
1782333953.228729,1933
1782333953.230011,1910
1782333953.2312949,1852
1782333953.2325811,1867
1782333953.233869,1863
1782333953.233875,1820
1782333953.235161,1751
1782333953.236435,1770
1782333953.237718,1894
1782333953.2377238,1875
1782333953.239011,1828
1782333953.240389,1858
1782333953.250839,1844
1782333953.250842,1817
1782333953.2508428,1737
1782333953.250844,1766
1782333953.250844,1890
1782333953.250845,1866
1782333953.250846,1848
1782333953.250846,1855
1782333953.2508469,1849
1782333953.250848,1847
1782333953.250848,1759
1782333953.2521129,1788
1782333953.2554188,1913
1782333953.255421,1903
1782333953.2554219,1895
1782333953.256686,1883
1782333953.256688,1883
1782333953.2579699,1891
1782333953.259259,1775
1782333953.260549,1771
1782333953.2618382,1906
1782333953.2618449,1892
1782333953.2631428,1866
1782333953.2644439,1842
1782333953.265732,1852
1782333953.265739,1871
1782333953.265742,1779
1782333953.267027,1793
1782333953.2683158,1923
1782333953.26999,1933
1782333953.269993,1896
1782333953.2805388,1880
1782333953.280542,1874
1782333953.280543,1856
1782333953.280543,1766
1782333953.280544,1751
1782333953.280545,1856
1782333953.280545,1877
1782333953.280546,1874
1782333953.2805471,1847
1782333953.2805471,1869
1782333953.2818182,1855
1782333953.281821,1770
1782333953.285019,1729
1782333953.285022,1812
1782333953.285023,1892
1782333953.286289,1881
1782333953.287571,1832
1782333953.288856,1842
1782333953.288862,1859
1782333953.290143,1836
1782333953.29143,1752
1782333953.2927191,1802
1782333953.292725,1916
1782333953.294009,1919
1782333953.295296,1869
1782333953.296584,1892
1782333953.2978718,1880
1782333953.297879,1839
1782333953.2991629,1758
1782333953.300621,1780
1782333953.311084,1889
1782333953.3110862,1867
1782333953.3110871,1850
1782333953.3110871,1839
1782333953.311088,1844
1782333953.3110888,1818
1782333953.3110888,1742
1782333953.31109,1770
1782333953.311091,1895
1782333953.311091,1878
1782333953.311092,1851
1782333953.3123589,1857
1782333953.3156018,1870
1782333953.315605,1863
1782333953.315606,1756
1782333953.31687,1769
1782333953.316872,1901
1782333953.318154,1907
1782333953.31944,1899
1782333953.320726,1894
1782333953.3207328,1871
1782333953.322017,1866
1782333953.323301,1761
1782333953.324584,1780
1782333953.325867,1909
1782333953.3258739,1926
1782333953.327157,1910
1782333953.328442,1868
1782333953.3300679,1864
1782333953.33007,1860
1782333953.3406122,1759
1782333953.340618,1762
1782333953.340619,1862
1782333953.34062,1886
1782333953.340621,1882
1782333953.340621,1870
1782333953.3406222,1852
1782333953.3406231,1846
1782333953.3406239,1775
1782333953.341891,1754
1782333953.3418932,1836
1782333953.341894,1898
1782333953.345131,1874
1782333953.345134,1850
1782333953.3451352,1867
1782333953.3464189,1866
1782333953.347692,1813
1782333953.3476942,1738
1782333953.3489778,1781
1782333953.350263,1899
1782333953.3515542,1893
1782333953.352844,1822
1782333953.352851,1879
1782333953.3541372,1868
1782333953.355426,1846
1782333953.3567119,1753
1782333953.356718,1780
1782333953.3579981,1879
1782333953.359683,1866
1782333953.3596852,1836
1782333953.370212,1837
1782333953.370214,1844
1782333953.370215,1866
1782333953.370216,1765
1782333953.370216,1785
1782333953.3702168,1899
1782333953.370218,1903
1782333953.370218,1901
1782333953.370219,1901
1782333953.37022,1866
1782333953.3714812,1899
1782333953.3746,1778
1782333953.374602,1797
1782333953.374603,1916
1782333953.3758662,1896
1782333953.3758678,1883
1782333953.377151,1876
1782333953.378442,1863
1782333953.37973,1855
1782333953.3797371,1762
1782333953.3810182,1778
1782333953.382304,1877
1782333953.383591,1870
1782333953.384882,1860
1782333953.3848891,1859
1782333953.386173,1857
1782333953.387459,1874
1782333953.388748,1780
1782333953.388754,1768
1782333953.390039,1859
1782333953.391326,1858
1782333953.392596,1877
1782333953.402976,1853
1782333953.4029791,1885
1782333953.40298,1861
1782333953.402981,1775
1782333953.402982,1757
1782333953.402982,1819
1782333953.402983,1874
1782333953.402984,1870
1782333953.402984,1838
1782333953.4029849,1866
1782333953.402986,1870
1782333953.402987,1836
1782333953.4042518,1778
1782333953.407732,1814
1782333953.407734,1875
1782333953.407735,1853
1782333953.407735,1799
1782333953.409002,1868
1782333953.410285,1867
1782333953.4115689,1838
1782333953.412858,1786
1782333953.412864,1802
1782333953.414145,1907
1782333953.415429,1887
1782333953.416715,1870
1782333953.4167218,1861
1782333953.418006,1861
1782333953.419295,1839
1782333953.420567,1759
1782333953.422086,1781
1782333953.4220889,1901
1782333953.432927,1890
1782333953.432933,1877
1782333953.4329338,1866
1782333953.432935,1839
1782333953.432936,1839
1782333953.432937,1739
1782333953.432937,1794
1782333953.432938,1907
1782333953.432939,1919
1782333953.43294,1871
1782333953.432941,1871
1782333953.4342132,1871
1782333953.437949,1871
1782333953.437953,1771
1782333953.437954,1782
1782333953.4379551,1903
1782333953.439219,1892
1782333953.4404988,1858
1782333953.441789,1860
1782333953.441796,1882
1782333953.443083,1867
1782333953.444353,1782
1782333953.445632,1771
1782333953.446916,1882
1782333953.446922,1896
1782333953.448202,1873
1782333953.449488,1851
1782333953.450774,1859
1782333953.4507809,1856
1782333953.452783,1779
1782333953.452786,1764
1782333953.4633338,1843
1782333953.463338,1891
1782333953.463339,1858
1782333953.46334,1812
1782333953.463341,1847
1782333953.4633422,1851
1782333953.4633422,1828
1782333953.4633431,1775
1782333953.463344,1800
1782333953.4633448,1894
1782333953.46461,1884
1782333953.467894,1829
1782333953.467895,1864
1782333953.467896,1859
1782333953.4678972,1843
1782333953.469163,1783
1782333953.470446,1802
1782333953.4717288,1923
1782333953.471735,1915
1782333953.473015,1874
1782333953.474297,1875
1782333953.475585,1864
1782333953.47684,1848
1782333953.476852,1779
1782333953.4781451,1801
1782333953.4794571,1887
1782333953.48076,1848
1782333953.480769,1851
1782333953.4822772,1839
1782333953.49283,1829
1782333953.492835,1846
1782333953.492836,1763
1782333953.4928372,1789
1782333953.492838,1882
1782333953.492838,1875
1782333953.4928389,1855
1782333953.49284,1868
1782333953.492841,1871
1782333953.492841,1862
1782333953.492842,1755
1782333953.494111,1790
1782333953.497241,1899
1782333953.497244,1903
1782333953.4972448,1871
1782333953.4985118,1871
1782333953.499798,1852
1782333953.499805,1866
1782333953.5010939,1773
1782333953.5023842,1774
1782333953.5036721,1858
1782333953.503687,1874
1782333953.504972,1851
1782333953.5062559,1846
1782333953.50754,1853
1782333953.508831,1851
1782333953.508838,1791
1782333953.5101209,1782
1782333953.51216,1844
1782333953.512164,1909
1782333953.522742,1886
1782333953.5227451,1859
1782333953.522746,1880
1782333953.5227468,1866
1782333953.522748,1847
1782333953.522749,1786
1782333953.522749,1834
1782333953.52275,1895
1782333953.522751,1887
1782333953.522752,1837
1782333953.522753,1870
1782333953.524023,1847
1782333953.527092,1831
1782333953.5270941,1765
1782333953.527095,1797
1782333953.527096,1890
1782333953.5283651,1881
1782333953.529644,1852
1782333953.5309272,1871
1782333953.530934,1862
1782333953.532214,1839
1782333953.5334988,1743
1782333953.5347872,1756
1782333953.534794,1862
1782333953.536076,1864
1782333953.537363,1847
1782333953.538647,1842
1782333953.539968,1855
1782333953.539975,1848
1782333953.54126,1775
1782333953.5425448,1778
1782333953.543817,1901
1782333953.543819,1903
1782333953.545082,1878
1782333953.5551841,1881
1782333953.555187,1871
1782333953.555188,1874
1782333953.555189,1782
1782333953.55519,1788
1782333953.55519,1886
1782333953.555191,1884
1782333953.555192,1860
1782333953.555192,1874
1782333953.5551932,1851
1782333953.556463,1858
1782333953.559626,1786
1782333953.559629,1778
1782333953.5596302,1850
1782333953.560899,1862
1782333953.5609002,1876
1782333953.562182,1865
1782333953.5634701,1862
1782333953.564754,1850
1782333953.56476,1802
1782333953.566041,1791
1782333953.567328,1877
1782333953.568599,1907
1782333953.5698829,1878
1782333953.569889,1847
1782333953.5711732,1870
1782333953.572459,1846
1782333953.5743868,1797
1782333953.57439,1757
1782333953.584776,1814
1782333953.58478,1893
1782333953.5847812,1871
1782333953.5847812,1829
1782333953.5847821,1862
1782333953.584783,1858
1782333953.5847838,1832
1782333953.584785,1780
1782333953.584785,1781
1782333953.584786,1889
1782333953.584787,1871
1782333953.5860522,1861
1782333953.589092,1862
1782333953.5890949,1851
1782333953.5890958,1847
1782333953.5903628,1788
1782333953.5916412,1795
1782333953.59293,1910
1782333953.592937,1876
1782333953.594219,1898
1782333953.5955079,1886
1782333953.596798,1869
1782333953.5968041,1855
1782333953.5980842,1765
1782333953.599367,1806
1782333953.600651,1903
1782333953.6019251,1891
1782333953.6019268,1874
1782333953.603204,1878
1782333953.604867,1858
1782333953.6048691,1861
1782333953.614238,1767
1782333953.6142411,1758
1782333953.614242,1883
1782333953.614243,1858
1782333953.614244,1849
1782333953.6142452,1835
1782333953.614246,1821
1782333953.614246,1828
1782333953.6142468,1743
1782333953.615511,1763
1782333953.6188102,1865
1782333953.618813,1893
1782333953.618814,1865
1782333953.618815,1857
1782333953.620085,1868
1782333953.621366,1860
1782333953.622654,1799
1782333953.623942,1780
1782333953.623949,1885
1782333953.625234,1900
1782333953.626525,1870
1782333953.6278121,1848
1782333953.6278179,1878
1782333953.6291041,1853
1782333953.630393,1807
1782333953.6316822,1763
1782333953.6316879,1805
1782333953.632973,1878
1782333953.634388,1891
1782333953.644887,1834
1782333953.6448908,1867
1782333953.644892,1856
1782333953.644893,1831
1782333953.644893,1763
1782333953.644894,1798
1782333953.644895,1886
1782333953.644895,1862
1782333953.644896,1850
1782333953.644897,1875
1782333953.644897,1863
1782333953.6461701,1849
1782333953.6492622,1764
1782333953.6492648,1796
1782333953.649266,1891
1782333953.6505332,1882
1782333953.651819,1871
1782333953.651825,1855
1782333953.6531131,1848
1782333953.654401,1845
1782333953.655688,1771
1782333953.655694,1803
1782333953.655696,1896
1782333953.656974,1886
1782333953.6582642,1887
1782333953.659555,1881
1782333953.660843,1848
1782333953.6608489,1851
1782333953.662133,1738
1782333953.663413,1769
1782333953.674787,1863
1782333953.67479,1885
1782333953.6747909,1882
1782333953.674792,1887
1782333953.674792,1892
1782333953.674793,1893
1782333953.674794,1795
1782333953.674794,1775
1782333953.674795,1882
1782333953.674796,1885
1782333953.674797,1865
1782333953.674797,1870
1782333953.67606,1866
1782333953.679274,1838
1782333953.679276,1774
1782333953.679277,1768
1782333953.6805692,1854
1782333953.681847,1900
1782333953.681849,1892
1782333953.683133,1863
1782333953.684421,1868
1782333953.685707,1863
1782333953.6857128,1810
1782333953.686999,1760
1782333953.6882849,1826
1782333953.689569,1913
1782333953.690853,1912
1782333953.690859,1850
1782333953.6921432,1861
1782333953.69343,1876
1782333953.694714,1866
1782333953.694721,1785
1782333953.696222,1797
1782333953.7068422,1898
1782333953.706845,1892
1782333953.706846,1853
1782333953.706847,1870
1782333953.706847,1868
1782333953.706848,1822
1782333953.706849,1751
1782333953.706849,1770
1782333953.70685,1871
1782333953.706851,1859
1782333953.706851,1848
1782333953.708116,1845
1782333953.711436,1843
1782333953.7114391,1839
1782333953.7114398,1760
1782333953.7124841,1791
1782333953.713774,1889
1782333953.7137868,1881
1782333953.7150762,1856
1782333953.716365,1861
1782333953.717639,1843
1782333953.7189188,1846
1782333953.7189262,1760
1782333953.720211,1774
1782333953.721486,1897
1782333953.7227688,1886
1782333953.722775,1866
1782333953.724056,1862
1782333953.7253299,1875
1782333953.7356439,1864
1782333953.735647,1755
1782333953.735648,1756
1782333953.735648,1864
1782333953.735649,1881
1782333953.73565,1869
1782333953.735651,1854
1782333953.7356522,1865
1782333953.7356522,1886
1782333953.7356532,1811
1782333953.73566,1787
1782333953.73692,1880
1782333953.7400918,1903
1782333953.740094,1902
1782333953.740095,1863
1782333953.741378,1881
1782333953.742669,1861
1782333953.742686,1804
1782333953.744016,1759
1782333953.745319,1827
1782333953.74661,1898
1782333953.747911,1870
1782333953.747917,1839
1782333953.7492049,1861
1782333953.750491,1861
1782333953.751779,1829
1782333953.751785,1779
1782333953.75307,1786
1782333953.7543612,1868
1782333953.755905,1869
1782333953.755908,1855
1782333953.7662961,1896
1782333953.7663,1858
1782333953.7663,1839
1782333953.766301,1757
1782333953.7663019,1790
1782333953.766303,1879
1782333953.766303,1871
1782333953.766304,1844
1782333953.766305,1855
1782333953.766305,1862
1782333953.767574,1876
1782333953.770823,1779
1782333953.770825,1793
1782333953.770826,1902
1782333953.770827,1902
1782333953.772108,1881
1782333953.773395,1879
1782333953.774674,1877
1782333953.774679,1857
1782333953.7759612,1757
1782333953.777246,1775
1782333953.778532,1887
1782333953.77982,1892
1782333953.779826,1871
1782333953.781106,1853
1782333953.782389,1851
1782333953.783674,1844
1782333953.78368,1732
1782333953.784965,1770
1782333953.7865,1862
1782333953.79699,1857
1782333953.796993,1852
1782333953.796994,1857
1782333953.7969952,1870
1782333953.796996,1863
1782333953.796997,1782
1782333953.796997,1754
1782333953.7969978,1849
1782333953.796999,1899
1782333953.796999,1898
1782333953.797,1863
1782333953.797001,1876
1782333953.798265,1860
1782333953.801707,1826
1782333953.8017092,1769
1782333953.8017101,1815
1782333953.801711,1901
1782333953.802978,1878
1782333953.8042612,1823
1782333953.805547,1859
1782333953.8068311,1849
1782333953.806838,1815
1782333953.808116,1769
1782333953.809401,1791
1782333953.8106859,1871
1782333953.810692,1864
1782333953.811978,1821
1782333953.813261,1856
1782333953.814549,1843
1782333953.816152,1823
1782333953.816155,1762
1782333953.8265102,1791
1782333953.8265128,1916
1782333953.826514,1902
1782333953.826515,1881
1782333953.826516,1896
1782333953.826517,1866
1782333953.826518,1865
1782333953.826518,1773
1782333953.826519,1803
1782333953.82652,1895
1782333953.8277912,1887
1782333953.827793,1884
1782333953.8309472,1890
1782333953.830949,1863
1782333953.8309498,1839
1782333953.832235,1743
1782333953.833523,1761
1782333953.834816,1871
1782333953.834822,1880
1782333953.836108,1867
1782333953.837396,1852
1782333953.8386822,1864
1782333953.838689,1871
1782333953.83997,1786
1782333953.841255,1786
1782333953.8425422,1890
1782333953.84383,1882
1782333953.843837,1864
1782333953.845123,1848
1782333953.846411,1851
1782333953.847698,1871
1782333953.848969,1764
1782333953.848971,1756
1782333953.859487,1833
1782333953.8594902,1871
1782333953.859491,1873
1782333953.859492,1860
1782333953.859492,1855
1782333953.859493,1848
1782333953.859494,1816
1782333953.859494,1789
1782333953.859495,1824
1782333953.8594959,1899
1782333953.8607638,1901
1782333953.860766,1859
1782333953.863992,1888
1782333953.8639948,1882
1782333953.8639958,1848
1782333953.865263,1763
1782333953.866548,1779
1782333953.8678348,1908
1782333953.867842,1892
1782333953.869128,1857
1782333953.8704152,1871
1782333953.871701,1871
1782333953.871708,1842
1782333953.872988,1778
1782333953.874271,1787
1782333953.8755689,1892
1782333953.8768551,1890
1782333953.876862,1863
1782333953.878434,1857
1782333953.8888562,1870
1782333953.8888588,1868
1782333953.8888588,1770
1782333953.88886,1775
1782333953.888861,1878
1782333953.888862,1884
1782333953.888862,1878
1782333953.888863,1885
1782333953.888864,1883
1782333953.888864,1863
1782333953.888865,1754
1782333953.8901289,1760
1782333953.8934221,1871
1782333953.893425,1869
1782333953.893426,1856
1782333953.89469,1869
1782333953.8946922,1871
1782333953.8959732,1854
1782333953.897259,1758
1782333953.898544,1753
1782333953.899829,1849
1782333953.8998349,1871
1782333953.9011211,1868
1782333953.902409,1852
1782333953.903693,1860
1782333953.903699,1871
1782333953.904984,1791
1782333953.906272,1800
1782333953.908088,1875
1782333953.90809,1909
1782333953.918655,1889
1782333953.918659,1847
1782333953.9186602,1850
1782333953.9186602,1854
1782333953.918661,1791
1782333953.9186618,1749
1782333953.9186618,1814
1782333953.918663,1892
1782333953.918664,1866
1782333953.918664,1829
1782333953.918665,1866
1782333953.918666,1890
1782333953.9199328,1858
1782333953.9232,1770
1782333953.923203,1780
1782333953.9232042,1884
1782333953.9244952,1892
1782333953.925786,1835
1782333953.925792,1847
1782333953.927079,1836
1782333953.9283662,1816
1782333953.9296489,1753
1782333953.9309409,1769
1782333953.930947,1869
1782333953.9322271,1848
1782333953.933513,1864
1782333953.9348018,1855
1782333953.934808,1842
1782333953.936091,1836
1782333953.937381,1748
1782333953.938669,1786
1782333953.938685,1903
1782333953.939975,1897
1782333953.951255,1866
1782333953.951257,1865
1782333953.9512582,1868
1782333953.951259,1855
1782333953.9512599,1762
1782333953.9512599,1782
1782333953.951261,1879
1782333953.951262,1886
1782333953.951262,1877
1782333953.951263,1871
1782333953.951264,1855
1782333953.9525278,1868
1782333953.9558232,1775
1782333953.9558258,1796
1782333953.955827,1913
1782333953.955828,1896
1782333953.957108,1893
1782333953.958393,1883
1782333953.959679,1884
1782333953.959685,1869
1782333953.960971,1800
1782333953.9622579,1789
1782333953.963546,1876
1782333953.96483,1899
1782333953.9648361,1878
1782333953.9661188,1886
1782333953.967406,1863
1782333953.968692,1851
1782333953.968699,1802
1782333953.9704802,1759
1782333953.9809458,1815
1782333953.98095,1887
1782333953.980951,1870
1782333953.980951,1830
1782333953.980952,1868
1782333953.980953,1842
1782333953.9809542,1810
1782333953.9809542,1768
1782333953.980955,1787
1782333953.9809558,1887
1782333953.9809558,1863
1782333953.9822311,1846
1782333953.985408,1878
1782333953.9854112,1865
1782333953.9854121,1829
1782333953.9866738,1768
1782333953.986677,1814
1782333953.9879591,1910
1782333953.9892428,1879
1782333953.990526,1856
1782333953.991811,1854
1782333953.991817,1832
1782333953.993103,1828
1782333953.9943922,1747
1782333953.995682,1767
1782333953.995696,1885
1782333953.996979,1887
1782333953.998265,1887
1782333953.999939,1881
1782333953.999941,1871
1782333954.010538,1867
1782333954.010541,1765
1782333954.0105422,1783
1782333954.0105422,1881
1782333954.010543,1901
1782333954.010543,1886
1782333954.010544,1869
1782333954.0105448,1856
1782333954.0105448,1851
1782333954.010546,1764
1782333954.0118191,1796
1782333954.011821,1895
1782333954.0151281,1903
1782333954.015132,1878
1782333954.015133,1861
1782333954.016426,1871
1782333954.017719,1860
1782333954.017726,1775
1782333954.0190122,1754
1782333954.020303,1832
1782333954.021593,1855
1782333954.022879,1855
1782333954.0228858,1860
1782333954.024168,1853
1782333954.0254579,1834
1782333954.026746,1788
1782333954.026753,1761
1782333954.0280352,1818
1782333954.029326,1861
1782333954.0307698,1855
1782333954.030772,1828
1782333954.0412118,1871
1782333954.041215,1874
1782333954.041216,1825
1782333954.041217,1775
1782333954.041217,1804
1782333954.041218,1892
1782333954.041219,1898
1782333954.0412202,1843
1782333954.0412211,1858
1782333954.0412211,1847
1782333954.042485,1857
1782333954.045624,1782
1782333954.0456269,1796
1782333954.0456278,1893
1782333954.0469089,1871
1782333954.046916,1870
1782333954.048199,1877
1782333954.049473,1854
1782333954.050756,1862
1782333954.050762,1765
1782333954.050765,1793
1782333954.0520508,1894
1782333954.053335,1884
1782333954.054603,1868
1782333954.0558798,1870
1782333954.0558872,1854
1782333954.057167,1851
1782333954.058453,1752
1782333954.060021,1798
1782333954.060024,1911
1782333954.070389,1894
1782333954.0703921,1880
1782333954.070393,1883
1782333954.070394,1876
1782333954.070394,1882
1782333954.070395,1774
1782333954.070396,1794
1782333954.070396,1890
1782333954.070397,1896
1782333954.0703979,1887
1782333954.071661,1881
1782333954.0716622,1894
1782333954.07506,1860
1782333954.075062,1794
1782333954.075063,1800
1782333954.076326,1878
1782333954.077606,1884
1782333954.078896,1862
1782333954.078902,1847
1782333954.0801878,1878
1782333954.081472,1848
1782333954.0827572,1781
1782333954.082763,1759
1782333954.0840478,1824
1782333954.085331,1883
1782333954.086612,1866
1782333954.087899,1839
1782333954.087905,1867
1782333954.089189,1855
1782333954.090477,1811
1782333954.091763,1759
1782333954.091769,1785
1782333954.093033,1887
1782333954.103279,1875
1782333954.103282,1819
1782333954.103283,1847
1782333954.103283,1853
1782333954.103284,1804
1782333954.103285,1736
1782333954.103285,1782
1782333954.103286,1900
1782333954.103287,1868
1782333954.1032882,1855
1782333954.10455,1853
1782333954.1077602,1852
1782333954.1077619,1852
1782333954.107763,1732
1782333954.107764,1764
1782333954.109028,1879
1782333954.110314,1882
1782333954.1116002,1855
1782333954.112889,1879
1782333954.112895,1879
1782333954.114178,1880
1782333954.115463,1770
1782333954.116748,1783
1782333954.116755,1890
1782333954.11804,1892
1782333954.1193311,1871
1782333954.1206,1861
1782333954.122387,1869
1782333954.12239,1882
1782333954.1327958,1775
1782333954.1328,1790
1782333954.132801,1888
1782333954.132802,1903
1782333954.132802,1878
1782333954.132803,1878
1782333954.1328042,1873
1782333954.1328042,1860
1782333954.132805,1772
1782333954.1328058,1782
1782333954.1328058,1878
1782333954.134079,1893
1782333954.137345,1881
1782333954.1373482,1858
1782333954.1373491,1867
1782333954.13863,1858
1782333954.139921,1794
1782333954.1399271,1780
1782333954.141214,1838
1782333954.142498,1882
1782333954.143786,1866
1782333954.1437922,1823
1782333954.145077,1857
1782333954.1463628,1859
1782333954.147648,1832
1782333954.1489348,1775
1782333954.148941,1810
1782333954.1502259,1899
1782333954.151746,1892
1782333954.1517482,1851
1782333954.162229,1898
1782333954.162233,1855
1782333954.162234,1846
1782333954.162234,1750
1782333954.1622348,1788
1782333954.162236,1886
1782333954.162237,1860
1782333954.162237,1869
1782333954.162238,1882
1782333954.162239,1868
1782333954.163507,1851
1782333954.166848,1755
1782333954.166851,1781
1782333954.166851,1884
1782333954.166852,1859
1782333954.168121,1863
1782333954.169405,1856
1782333954.1706922,1861
1782333954.170698,1853
1782333954.171983,1764
1782333954.173267,1775
1782333954.17455,1895
1782333954.1758342,1894
1782333954.17584,1865
1782333954.1771252,1866
1782333954.178414,1863
1782333954.1797,1855
1782333954.179706,1749
1782333954.180992,1761
1782333954.1809978,1877
1782333954.1823192,1903
1782333954.192766,1882
1782333954.192769,1864
1782333954.19277,1864
1782333954.19277,1868
1782333954.192771,1797
1782333954.1927722,1788
1782333954.1927722,1877
1782333954.192773,1879
1782333954.1927738,1863
1782333954.1927738,1865
1782333954.192775,1895
1782333954.194046,1871
1782333954.197236,1823
1782333954.197239,1771
1782333954.19724,1829
1782333954.198526,1880
1782333954.1998148,1882
1782333954.199821,1839
1782333954.201107,1877
1782333954.202393,1871
1782333954.20368,1839
1782333954.203694,1771
1782333954.2049768,1793
1782333954.20626,1886
1782333954.207542,1864
1782333954.208826,1816
1782333954.208832,1857
1782333954.2101161,1860
1782333954.211782,1837
1782333954.211784,1734
1782333954.2224991,1771
1782333954.222502,1883
1782333954.222503,1879
1782333954.222504,1871
1782333954.222504,1854
1782333954.2225049,1831
1782333954.222506,1822
1782333954.222506,1732
1782333954.222507,1767
1782333954.222508,1896
1782333954.223777,1887
1782333954.2237802,1862
1782333954.227187,1875
1782333954.227189,1855
1782333954.22719,1855
1782333954.228471,1750
1782333954.22976,1791
1782333954.229766,1902
1782333954.2310479,1902
1782333954.232331,1903
1782333954.2336278,1880
1782333954.2349179,1871
1782333954.234924,1860
1782333954.2362041,1798
1782333954.237489,1804
1782333954.2387772,1895
1782333954.238783,1901
1782333954.2400692,1899
1782333954.241359,1882
1782333954.242641,1885
1782333954.244802,1863
1782333954.244805,1782
1782333954.2448058,1766
1782333954.2552361,1868
1782333954.255239,1892
1782333954.25524,1874
1782333954.25524,1860
1782333954.255241,1871
1782333954.2552419,1869
1782333954.2552419,1821
1782333954.255243,1807
1782333954.255244,1804
1782333954.255244,1868
1782333954.2565088,1866
1782333954.259893,1830
1782333954.259897,1855
1782333954.2598982,1846
1782333954.2598982,1809
1782333954.261183,1743
1782333954.262476,1772
1782333954.263765,1862
1782333954.263772,1855
1782333954.265054,1827
1782333954.26634,1853
1782333954.26763,1860
1782333954.268919,1847
1782333954.268926,1790
1782333954.2701938,1794
1782333954.271481,1898
1782333954.272765,1879
1782333954.2727711,1876
1782333954.2744021,1876
1782333954.285086,1871
1782333954.285089,1866
1782333954.28509,1770
1782333954.2850912,1796
1782333954.2850912,1891
1782333954.285092,1855
1782333954.285093,1857
1782333954.285093,1849
1782333954.2850938,1835
1782333954.285095,1839
1782333954.285096,1746
1782333954.28636,1781
1782333954.2896352,1887
1782333954.289637,1878
1782333954.2896378,1867
1782333954.289643,1860
1782333954.2909272,1861
1782333954.292214,1871
1782333954.293489,1785
1782333954.294774,1796
1782333954.29478,1882
1782333954.296067,1886
1782333954.2973518,1850
1782333954.2986398,1857
1782333954.299977,1864
1782333954.299985,1864
1782333954.301295,1784
1782333954.302567,1787
1782333954.304127,1871
1782333954.304131,1932
1782333954.314786,1900
1782333954.314789,1877
1782333954.3147898,1887
1782333954.3147898,1876
1782333954.314791,1813
1782333954.314792,1771
1782333954.3147929,1833
1782333954.3147929,1868
1782333954.314794,1860
1782333954.314795,1827
1782333954.314796,1847
1782333954.3147972,1864
1782333954.3160582,1835
1782333954.319211,1764
1782333954.3192132,1772
1782333954.319214,1876
1782333954.3204942,1845
1782333954.321783,1824
1782333954.32179,1833
1782333954.323071,1836
1782333954.3243551,1812
1782333954.325637,1743
1782333954.3269272,1790
1782333954.326933,1877
1782333954.3282182,1852
1782333954.329503,1851
1782333954.330792,1865
1782333954.330799,1858
1782333954.332082,1864
1782333954.333371,1759
1782333954.334819,1807
1782333954.3348212,1907
1782333954.345353,1891
1782333954.345357,1875
1782333954.3453581,1862
1782333954.3453581,1860
1782333954.345359,1856
1782333954.3453598,1764
1782333954.345361,1772
1782333954.345361,1896
1782333954.345362,1908
1782333954.345363,1875
1782333954.346624,1866
1782333954.349921,1865
1782333954.349924,1839
1782333954.349925,1770
1782333954.349926,1781
1782333954.3511932,1874
1782333954.352478,1879
1782333954.3537679,1871
1782333954.353775,1858
1782333954.355059,1854
1782333954.3576388,1849
1782333954.357646,1775
1782333954.358929,1784
1782333954.358935,1884
1782333954.36022,1903
1782333954.3615072,1902
1782333954.362796,1871
1782333954.362802,1858
1782333954.36423,1855
1782333954.3747241,1807
1782333954.374727,1759
1782333954.374728,1813
1782333954.374729,1871
1782333954.374729,1876
1782333954.3747299,1852
1782333954.374731,1893
1782333954.374731,1878
1782333954.374732,1862
1782333954.374733,1790
1782333954.374733,1795
1782333954.3760052,1901
1782333954.379287,1884
1782333954.37929,1854
1782333954.3792908,1894
1782333954.380568,1887
1782333954.38186,1864
1782333954.381867,1786
1782333954.383138,1807
1782333954.384421,1908
1782333954.385708,1896
1782333954.3857138,1879
1782333954.386998,1868
1782333954.388287,1864
1782333954.389573,1849
1782333954.390858,1766
1782333954.3908648,1780
1782333954.39215,1874
1782333954.393441,1868
1782333954.394732,1871
1782333954.394738,1867
1782333954.3960052,1862
1782333954.406191,1852
1782333954.406194,1758
1782333954.406195,1772
1782333954.4061959,1878
1782333954.406197,1893
1782333954.406197,1853
1782333954.406198,1837
1782333954.406199,1831
1782333954.406199,1835
1782333954.4062002,1775
1782333954.40747,1766
1782333954.410749,1859
1782333954.4107509,1860
1782333954.410752,1834
1782333954.410753,1839
1782333954.412021,1839
1782333954.4133031,1838
1782333954.414588,1779
1782333954.415871,1784
1782333954.415877,1855
1782333954.417163,1871
1782333954.418449,1860
1782333954.419735,1859
1782333954.4197419,1885
1782333954.421025,1884
1782333954.422313,1826
1782333954.4236002,1782
1782333954.424887,1827
1782333954.424893,1895
1782333954.426524,1873
1782333954.437333,1832
1782333954.437338,1860
1782333954.437338,1843
1782333954.4373388,1831
1782333954.43734,1762
1782333954.437341,1788
1782333954.437341,1885
1782333954.437342,1879
1782333954.437343,1848
1782333954.437343,1874
1782333954.437344,1900
1782333954.437345,1878
1782333954.438619,1810
1782333954.442136,1796
1782333954.442139,1901
1782333954.4421399,1882
1782333954.4421408,1846
1782333954.443419,1870
1782333954.444685,1881
1782333954.4446871,1892
1782333954.445974,1786
1782333954.447263,1779
1782333954.448551,1881
1782333954.4498408,1875
1782333954.4498482,1864
1782333954.451135,1867
1782333954.452424,1852
1782333954.453716,1857
1782333954.453722,1761
1782333954.455005,1788
1782333954.456797,1882
1782333954.4568121,1880
1782333954.4662669,1851
1782333954.46627,1853
1782333954.46627,1864
1782333954.466271,1863
1782333954.466272,1787
1782333954.466272,1780
1782333954.466273,1869
1782333954.466274,1882
1782333954.466274,1883
1782333954.46754,1849
1782333954.4706838,1879
1782333954.470687,1860
1782333954.470688,1775
1782333954.470689,1766
1782333954.471974,1847
1782333954.473262,1875
1782333954.474553,1844
1782333954.475838,1850
1782333954.4758441,1880
1782333954.477112,1866
1782333954.478396,1798
1782333954.479682,1762
1782333954.479688,1811
1782333954.480969,1850
1782333954.4822521,1847
1782333954.4835358,1815
1782333954.4848452,1839
1782333954.484855,1841
1782333954.486364,1823
1782333954.4971929,1751
1782333954.497196,1782
1782333954.497196,1878
1782333954.4971972,1878
1782333954.497198,1851
1782333954.497198,1883
1782333954.497199,1894
1782333954.4972,1871
1782333954.4972,1803
1782333954.497201,1832
1782333954.497202,1935
1782333954.498473,1926
1782333954.50162,1909
1782333954.501622,1902
1782333954.5016232,1879
1782333954.502895,1850
1782333954.5028968,1755
1782333954.5041761,1784
1782333954.505465,1888
1782333954.506733,1892
1782333954.506735,1859
1782333954.508013,1851
1782333954.509301,1864
1782333954.510574,1866
1782333954.511841,1764
1782333954.511843,1775
1782333954.513124,1894
1782333954.514411,1891
1782333954.516085,1875
1782333954.516087,1870
1782333954.526716,1862
1782333954.52672,1851
1782333954.52672,1788
1782333954.526721,1791
1782333954.526722,1912
1782333954.526722,1896
1782333954.5267231,1871
1782333954.526724,1855
1782333954.526725,1858
1782333954.526725,1844
1782333954.5267258,1760
1782333954.527988,1775
1782333954.531329,1855
1782333954.531332,1888
1782333954.5313332,1875
1782333954.532599,1844
1782333954.53388,1857
1782333954.533886,1868
1782333954.5351622,1812
1782333954.536459,1773
1782333954.537751,1853
1782333954.5377579,1916
1782333954.5390432,1914
1782333954.540329,1834
1782333954.5416179,1861
1782333954.5429099,1855
1782333954.542917,1815
1782333954.544188,1747
1782333954.54547,1774
1782333954.547509,1886
1782333954.547511,1884
1782333954.558166,1818
1782333954.5581691,1844
1782333954.5581691,1839
1782333954.55817,1810
1782333954.5581708,1838
1782333954.558172,1835
1782333954.558173,1836
1782333954.558173,1839
1782333954.558174,1862
1782333954.558175,1860
1782333954.558176,1845
1782333954.559454,1820
1782333954.562639,1864
1782333954.5626419,1880
1782333954.562643,1859
1782333954.562644,1843
1782333954.563921,1764
1782333954.565217,1835
1782333954.565224,1839
1782333954.566512,1858
1782333954.5678,1845
1782333954.567807,1871
1782333954.5690901,1855
1782333954.57038,1782
1782333954.571667,1875
1782333954.5716732,1871
1782333954.572955,1855
1782333954.574243,1864
1782333954.575528,1863
1782333954.576808,1857
1782333954.5768151,1791
1782333954.578242,1858
1782333954.5886898,1855
1782333954.588693,1815
1782333954.588694,1860
1782333954.588694,1893
1782333954.588695,1833
1782333954.588696,1784
1782333954.588696,1869
1782333954.5886972,1884
1782333954.5886981,1858
1782333954.5886981,1838
1782333954.5886989,1881
1782333954.5899699,1875
1782333954.593174,1797
1782333954.593177,1754
1782333954.593178,1822
1782333954.594458,1903
1782333954.5957491,1871
1782333954.595756,1811
1782333954.597043,1839
1782333954.598329,1817
1782333954.5996149,1791
1782333954.6009002,1718
1782333954.600907,1750
1782333954.602176,1898
1782333954.603456,1880
1782333954.604745,1859
1782333954.604751,1906
1782333954.606035,1868
1782333954.607784,1843
1782333954.607786,1758
1782333954.618516,1793
1782333954.618519,1906
1782333954.61852,1892
1782333954.618521,1849
1782333954.618521,1869
1782333954.6185222,1839
1782333954.618523,1842
1782333954.618523,1735
1782333954.6185238,1775
1782333954.618525,1907
1782333954.6197948,1887
1782333954.619798,1878
1782333954.622997,1877
1782333954.622999,1868
1782333954.6230001,1879
1782333954.624286,1749
1782333954.6255748,1779
1782333954.626865,1901
1782333954.626872,1902
1782333954.628157,1889
1782333954.6294432,1875
1782333954.630728,1865
1782333954.630734,1851
1782333954.632015,1754
1782333954.633303,1780
1782333954.634592,1882
1782333954.63588,1902
1782333954.6358871,1887
1782333954.637171,1879
1782333954.638459,1897
1782333954.639746,1875
1782333954.639752,1766
1782333954.6414962,1739
1782333954.651244,1857
1782333954.651247,1902
1782333954.6512482,1902
1782333954.651249,1854
1782333954.651249,1879
1782333954.65125,1871
1782333954.6512508,1794
1782333954.6512508,1764
1782333954.651252,1816
1782333954.651253,1908
1782333954.6525152,1886
1782333954.655901,1823
1782333954.6559029,1883
1782333954.655904,1890
1782333954.655905,1864
1782333954.657173,1775
1782333954.658454,1798
1782333954.6597419,1917
1782333954.659749,1883
1782333954.661036,1828
1782333954.662327,1867
1782333954.6636229,1871
1782333954.66491,1848
1782333954.664916,1741
1782333954.666199,1771
1782333954.6674838,1916
1782333954.668774,1895
1782333954.66878,1871
1782333954.670312,1871
1782333954.680765,1871
1782333954.680768,1860
1782333954.680769,1737
1782333954.680769,1780
1782333954.6807702,1911
1782333954.680771,1895
1782333954.680771,1887
1782333954.680772,1899
1782333954.680772,1891
1782333954.680773,1876
1782333954.680774,1748
1782333954.682046,1767
1782333954.685214,1910
1782333954.6852171,1903
1782333954.685218,1866
1782333954.686485,1858
1782333954.6877701,1859
1782333954.687777,1860
1782333954.689059,1751
1782333954.690343,1760
1782333954.691627,1896
1782333954.691633,1919
1782333954.692917,1893
1782333954.6929228,1879
1782333954.6954901,1881
1782333954.6954958,1877
1782333954.6967812,1754
1782333954.6967869,1738
1782333954.698072,1836
1782333954.700018,1866
1782333954.700021,1878
1782333954.710651,1862
1782333954.710654,1871
1782333954.710655,1854
1782333954.710656,1787
1782333954.710656,1745
1782333954.7106571,1814
1782333954.710658,1900
1782333954.710659,1899
1782333954.710659,1822
1782333954.71066,1864
1782333954.7106612,1845
1782333954.711932,1816
1782333954.715148,1719
1782333954.715151,1752
1782333954.7151518,1861
1782333954.7164328,1867
1782333954.7177181,1838
1782333954.717725,1869
1782333954.719011,1871
1782333954.7203,1853
1782333954.72159,1765
1782333954.722873,1800
1782333954.722879,1924
1782333954.72416,1902
1782333954.7254431,1890
1782333954.726732,1893
1782333954.726739,1876
1782333954.728023,1854
1782333954.72931,1710
1782333954.730836,1743
1782333954.730838,1882
1782333954.74134,1877
1782333954.741343,1853
1782333954.741343,1855
1782333954.741344,1846
1782333954.741345,1862
1782333954.741345,1739
1782333954.7413461,1765
1782333954.741347,1908
1782333954.741347,1903
1782333954.741348,1876
1782333954.742612,1869
1782333954.7457101,1871
1782333954.745713,1853
1782333954.745714,1743
1782333954.745714,1770
1782333954.7470028,1868
1782333954.748291,1881
1782333954.749583,1864
1782333954.750871,1829
1782333954.7508779,1854
1782333954.7521658,1860
1782333954.7534568,1774
1782333954.7547462,1755
1782333954.754753,1882
1782333954.7560341,1920
1782333954.75732,1884
1782333954.7586062,1850
1782333954.760031,1881
1782333954.760034,1875
1782333954.770616,1812
1782333954.770619,1767
1782333954.7706199,1816
1782333954.7706208,1910
1782333954.7706208,1880
1782333954.770622,1843
1782333954.770623,1880
1782333954.770623,1867
1782333954.770624,1848
1782333954.770625,1746
1782333954.771888,1783
1782333954.77189,1896
1782333954.77514,1879
1782333954.775142,1851
1782333954.775143,1882
1782333954.7764091,1871
1782333954.777687,1834
1782333954.777693,1748
1782333954.7789729,1762
1782333954.780261,1897
1782333954.781544,1890
1782333954.7828422,1873
1782333954.782848,1899
1782333954.7841332,1886
1782333954.7854211,1876
1782333954.7867079,1739
1782333954.786716,1760
1782333954.788001,1889
1782333954.789288,1878
1782333954.790575,1868
1782333954.791859,1861
1782333954.791865,1882
1782333954.793509,1890
1782333954.803319,1771
1782333954.803322,1794
1782333954.8033228,1927
1782333954.8033228,1900
1782333954.803324,1861
1782333954.803325,1860
1782333954.803325,1883
1782333954.803326,1855
1782333954.803327,1762
1782333954.803327,1775
1782333954.8046012,1886
1782333954.80782,1899
1782333954.8078232,1883
1782333954.807824,1863
1782333954.8078249,1863
1782333954.8090932,1845
1782333954.810377,1772
1782333954.8116689,1742
1782333954.8116858,1852
1782333954.8129961,1910
1782333954.814284,1883
1782333954.815568,1859
1782333954.816857,1899
1782333954.816863,1879
1782333954.8168662,1810
1782333954.818152,1759
1782333954.8194408,1812
1782333954.820727,1917
1782333954.8207328,1881
1782333954.82218,1831
1782333954.832769,1871
1782333954.832772,1866
1782333954.8327732,1827
1782333954.832774,1748
1782333954.8327749,1786
1782333954.8327749,1907
1782333954.8327758,1890
1782333954.832777,1832
1782333954.832778,1861
1782333954.832778,1873
1782333954.832779,1849
1782333954.834041,1752
1782333954.837296,1781
1782333954.837298,1899
1782333954.8372989,1871
1782333954.83858,1855
1782333954.839869,1847
1782333954.8398762,1844
1782333954.841163,1828
1782333954.842449,1717
1782333954.843738,1751
1782333954.843744,1885
1782333954.8450282,1871
1782333954.846313,1863
1782333954.8475971,1867
1782333954.848882,1880
1782333954.8488882,1853
1782333954.8501701,1743
1782333954.8519082,1780
1782333954.8519099,1908
1782333954.862476,1918
1782333954.8624792,1896
1782333954.86248,1884
1782333954.8624809,1871
1782333954.8624818,1883
1782333954.8624818,1741
1782333954.862483,1778
1782333954.862484,1912
1782333954.862484,1919
1782333954.862485,1867
1782333954.8637571,1871
1782333954.867084,1878
1782333954.8670871,1860
1782333954.8670878,1763
1782333954.8670878,1746
1782333954.8683531,1845
1782333954.869632,1871
1782333954.870921,1871
1782333954.870927,1857
1782333954.8722088,1882
1782333954.873492,1855
1782333954.874778,1798
1782333954.874784,1755
1782333954.876069,1796
1782333954.8773592,1892
1782333954.878628,1893
1782333954.879916,1843
1782333954.879922,1887
1782333954.8812091,1870
1782333954.882758,1848
1782333954.88276,1775
1782333954.8932831,1818
1782333954.893287,1907
1782333954.893288,1887
1782333954.8932889,1854
1782333954.89329,1871
1782333954.89329,1848
1782333954.893291,1829
1782333954.893292,1743
1782333954.8932931,1768
1782333954.893294,1914
1782333954.894557,1873
1782333954.897839,1868
1782333954.897842,1884
1782333954.897842,1884
1782333954.897843,1867
1782333954.899112,1765
1782333954.90039,1778
1782333954.901678,1903
1782333954.901694,1890
1782333954.9029791,1875
1782333954.904267,1884
1782333954.9055529,1876
1782333954.9068391,1864
1782333954.906846,1758
1782333954.908127,1770
1782333954.909411,1898
1782333954.91071,1905
1782333954.910717,1868
1782333954.912396,1870
1782333954.923054,1871
1782333954.9230568,1858
1782333954.9230568,1751
1782333954.923058,1740
1782333954.923059,1866
1782333954.923059,1890
1782333954.92306,1855
1782333954.923061,1843
1782333954.923061,1857
1782333954.923062,1853
1782333954.923063,1748
1782333954.9243279,1727
1782333954.927455,1839
1782333954.927457,1910
1782333954.927458,1915
1782333954.928725,1886
1782333954.9287271,1886
1782333954.930004,1878
1782333954.931288,1807
1782333954.9325728,1770
1782333954.933862,1816
1782333954.933868,1907
1782333954.935151,1882
1782333954.936436,1839
1782333954.937726,1899
1782333954.937732,1870
1782333954.9390159,1842
1782333954.940301,1733
1782333954.9415889,1765
1782333954.943359,1902
1782333954.943361,1884
1782333954.943362,1857
1782333954.953711,1866
1782333954.953713,1864
1782333954.953714,1849
1782333954.9537148,1735
1782333954.9537148,1762
1782333954.953716,1911
1782333954.953717,1899
1782333954.953717,1868
1782333954.953718,1879
1782333954.953718,1847
1782333954.9537191,1854
1782333954.954988,1718
1782333954.9583519,1731
1782333954.958356,1896
1782333954.958357,1896
1782333954.959639,1901
1782333954.96093,1893
1782333954.9609358,1890
1782333954.9622211,1866
1782333954.963506,1727
1782333954.964791,1752
1782333954.964798,1903
1782333954.966083,1884
1782333954.9673688,1855
1782333954.9686542,1856
1782333954.968673,1884
1782333954.969964,1880
1782333954.9712489,1770
1782333954.972537,1757
1782333954.9738922,1901
1782333954.9738948,1888
1782333954.9845161,1887
1782333954.9845178,1856
1782333954.984519,1864
1782333954.98452,1855
1782333954.984521,1754
1782333954.9845219,1750
1782333954.984523,1847
1782333954.984523,1906
1782333954.984524,1883
1782333954.984525,1863
1782333954.985787,1886
1782333954.9857888,1857
1782333954.9888918,1801
1782333954.988894,1768
1782333954.988895,1796
1782333954.9901628,1922
1782333954.991445,1896
1782333954.992736,1866
1782333954.992743,1898
1782333954.994028,1890
1782333954.995317,1844
1782333954.996586,1727
1782333954.997864,1747
1782333954.9978712,1889
1782333954.999155,1875
1782333955.000442,1832
1782333955.001728,1860
1782333955.0017338,1847
1782333955.00302,1832
1782333955.004819,1719
1782333955.004822,1756
1782333955.015465,1919
1782333955.0154681,1888
1782333955.015469,1895
1782333955.015469,1895
1782333955.01547,1881
1782333955.0154712,1858
1782333955.0154712,1711
1782333955.0154722,1753
1782333955.015473,1889
1782333955.015473,1877
1782333955.016751,1877
1782333955.016754,1887
1782333955.020053,1890
1782333955.020056,1876
1782333955.0200572,1733
1782333955.0213382,1775
1782333955.0226061,1912
1782333955.0238879,1918
1782333955.023895,1882
1782333955.025177,1871
1782333955.026468,1875
1782333955.0277572,1883
1782333955.027764,1703
1782333955.029048,1717
1782333955.030336,1875
1782333955.0316212,1895
1782333955.032908,1879
1782333955.0329149,1868
1782333955.0343199,1890
1782333955.044954,1877
1782333955.0449579,1731
1782333955.044959,1666
1782333955.044959,1799
1782333955.04496,1873
1782333955.044961,1843
1782333955.044961,1786
1782333955.044962,1871
1782333955.0449631,1842
1782333955.0449631,1719
1782333955.044964,1548
1782333955.04623,1636
1782333955.049491,1950
1782333955.049494,1950
1782333955.049495,1824
1782333955.050764,1960
1782333955.0507672,1954
1782333955.052049,1884
1782333955.0533388,1599
1782333955.054626,1669
1782333955.0559099,2031
1782333955.055916,1999
1782333955.0571961,1905
1782333955.05848,1975
1782333955.059766,1966
1782333955.059772,1887
1782333955.061054,1559
1782333955.06234,1612
1782333955.0642629,1992
1782333955.064266,1992
1782333955.074909,1974
1782333955.074912,1982
1782333955.074913,1944
1782333955.074914,1917
1782333955.074914,1555
1782333955.0749152,1596
1782333955.0749161,1997
1782333955.074917,1995
1782333955.074917,1972
1782333955.0749178,1990
1782333955.074919,1961
1782333955.07492,1926
1782333955.076181,1547
1782333955.079635,1592
1782333955.079638,1971
1782333955.079639,2015
1782333955.079656,1994
1782333955.0809238,1973
1782333955.082207,1942
1782333955.0834932,1923
1782333955.0847812,1568
1782333955.084788,1556
1782333955.086057,1880
1782333955.08734,1977
1782333955.0886242,1945
1782333955.089907,1902
1782333955.0899131,1948
1782333955.0911949,1934
1782333955.0924768,1623
1782333955.093764,1525
1782333955.09377,1797
1782333955.095052,1974
1782333955.0968168,1934
1782333955.0968199,1863
1782333955.1067069,1951
1782333955.106709,1925
1782333955.10671,1728
1782333955.1067111,1510
1782333955.106712,1647
1782333955.106712,1990
1782333955.106713,1979
1782333955.106714,1847
1782333955.106715,1986
1782333955.106715,1956
1782333955.107986,1845
1782333955.11133,1546
1782333955.1113331,1595
1782333955.1113331,2013
1782333955.1126,1989
1782333955.113881,1912
1782333955.113888,2006
1782333955.115169,1952
1782333955.116456,1862
1782333955.117742,1491
1782333955.117748,1587
1782333955.11903,1999
1782333955.120318,1986
1782333955.1216042,1954
1782333955.122901,1989
1782333955.122907,1967
1782333955.124189,1941
1782333955.1258829,1510
1782333955.125886,1558
1782333955.13669,1987
1782333955.136694,1972
1782333955.136694,1947
1782333955.1366951,1990
1782333955.136696,1981
1782333955.136697,1925
1782333955.136697,1511
1782333955.136698,1529
1782333955.136699,1939
1782333955.136699,1967
1782333955.1367,1944
1782333955.137971,1954
1782333955.14123,1959
1782333955.141232,1940
1782333955.141233,1543
1782333955.142516,1528
1782333955.143806,1901
1782333955.1438131,1994
1782333955.145098,1974
1782333955.146385,1951
1782333955.1476538,1974
1782333955.147656,1962
1782333955.148932,1647
1782333955.150212,1505
1782333955.1515,1788
1782333955.152788,2008
1782333955.1527948,1999
1782333955.154079,1899
1782333955.155743,1986
1782333955.155745,1965
1782333955.1666172,1725
1782333955.16662,1493
1782333955.166621,1622
1782333955.166621,2018
1782333955.166622,1985
1782333955.1666229,1793
1782333955.1666229,1976
1782333955.166624,1970
1782333955.166625,1822
1782333955.166625,1453
1782333955.167891,1519
1782333955.167892,1987
1782333955.171339,1988
1782333955.171341,1889
1782333955.1713421,2010
1782333955.1726038,1966
1782333955.173884,1881
1782333955.173891,1504
1782333955.175158,1543
1782333955.1764429,2026
1782333955.177731,1999
1782333955.177737,1977
1782333955.179022,2018
1782333955.180311,1994
1782333955.181597,1967
1782333955.182869,1472
1782333955.182871,1519
1782333955.184149,1988
1782333955.1859891,2015
1782333955.185993,2002
1782333955.1964328,2015
1782333955.196436,2012
1782333955.196437,1978
1782333955.196438,1480
1782333955.196439,1519
1782333955.196439,1960
1782333955.19644,2012
1782333955.1964412,1964
1782333955.1964412,1963
1782333955.1964421,1982
1782333955.197712,1953
1782333955.197715,1509
1782333955.2011719,1470
1782333955.201174,1885
1782333955.201175,1978
1782333955.2011762,1919
1782333955.203736,1903
1782333955.203742,1946
1782333955.2037451,1939
1782333955.205028,1551
1782333955.206311,1455
1782333955.207594,1756
1782333955.2088661,2003
1782333955.208868,1961
1782333955.21015,1871
1782333955.211435,1985
1782333955.212724,1964
1782333955.2127302,1711
1782333955.214014,1443
1782333955.215595,1606
1782333955.226306,1999
1782333955.226309,1959
1782333955.2263098,1786
1782333955.226311,1983
1782333955.226312,1960
1782333955.226312,1855
1782333955.2263129,1453
1782333955.226314,1554
1782333955.226314,2038
1782333955.226315,2007
1782333955.226316,1910
1782333955.2275891,2039
1782333955.2311392,1992
1782333955.2311418,1887
1782333955.231143,1442
1782333955.231143,1503
1782333955.2324102,2008
1782333955.23369,1994
1782333955.233697,1952
1782333955.23498,2012
1782333955.236268,1978
1782333955.237557,1932
1782333955.238841,1394
1782333955.238848,1459
1782333955.240127,1962
1782333955.241411,1965
1782333955.2426932,1947
1782333955.242699,1985
1782333955.243982,1971
1782333955.24527,1945
1782333955.246557,1414
1782333955.247828,1451
1782333955.24783,1929
1782333955.2580962,1979
1782333955.258098,1954
1782333955.2580988,1980
1782333955.2581,1978
1782333955.258101,1965
1782333955.258101,1482
1782333955.258102,1448
1782333955.258102,1884
1782333955.2581031,1989
1782333955.258104,1944
1782333955.25937,1907
1782333955.263009,1965
1782333955.2630131,1931
1782333955.2630131,1561
1782333955.2630138,1429
1782333955.264276,1765
1782333955.265553,2027
1782333955.266838,1966
1782333955.2668438,1892
1782333955.268129,2023
1782333955.2694159,1980
1782333955.2707012,1718
1782333955.270707,1436
1782333955.271976,1594
1782333955.2732532,2021
1782333955.274535,2011
1782333955.2758179,1805
1782333955.275824,1999
1782333955.277635,1966
1782333955.288188,1842
1782333955.288191,1433
1782333955.288192,1524
1782333955.288193,2044
1782333955.288193,1997
1782333955.288194,1921
1782333955.2881951,2058
1782333955.2881951,1980
1782333955.288196,1891
1782333955.288197,1455
1782333955.288197,1535
1782333955.289473,2044
1782333955.292995,2008
1782333955.2929978,1982
1782333955.2929978,2031
1782333955.292999,1993
1782333955.294261,1988
1782333955.295542,1494
1782333955.296834,1565
1782333955.296841,2029
1782333955.2981231,2030
1782333955.299417,1990
1782333955.300705,2010
1782333955.300711,1990
1782333955.301997,1959
1782333955.303282,1530
1782333955.304555,1570
1782333955.3058171,1972
1782333955.305818,1999
1782333955.307445,1946
1782333955.3179562,1918
1782333955.3179588,1887
1782333955.31796,1857
1782333955.317961,1528
1782333955.317962,1563
1782333955.3179631,1847
1782333955.317964,1856
1782333955.317964,1815
1782333955.317965,1775
1782333955.317966,1789
1782333955.3179672,1736
1782333955.319241,1573
1782333955.322839,1590
1782333955.3228412,1804
1782333955.3228421,1839
1782333955.3228428,1804
1782333955.3241081,1775
1782333955.325393,1821
1782333955.3266811,1821
1782333955.326688,1725
1782333955.327971,1716
1782333955.327978,1813
1782333955.3292649,1907
1782333955.330562,1860
1782333955.331852,1817
1782333955.3318589,1889
1782333955.333148,1878
1782333955.3344362,1844
1782333955.335722,1807
1782333955.335729,1839
1782333955.3370152,1926
1782333955.338303,1896
1782333955.3396978,1871
1782333955.339704,1931
1782333955.3499799,1918
1782333955.349983,1900
1782333955.349984,1838
1782333955.3499851,1900
1782333955.3499851,1976
1782333955.349986,1924
1782333955.349987,1903
1782333955.349987,1900
1782333955.349988,1875
1782333955.349988,1850
1782333955.351257,1791
1782333955.354678,1839
1782333955.354681,1935
1782333955.3546822,1915
1782333955.354683,1914
1782333955.355951,1903
1782333955.357237,1871
1782333955.3585238,1885
1782333955.359808,1819
1782333955.359815,1830
1782333955.3611012,1922
1782333955.362392,1876
1782333955.363677,1884
1782333955.363683,1886
1782333955.364964,1881
1782333955.3662531,1877
1782333955.3675368,1798
1782333955.3688262,1852
1782333955.368833,1930
1782333955.370419,1879
1782333955.38093,1882
1782333955.380932,1879
1782333955.380933,1891
1782333955.380934,1862
1782333955.380935,1798
1782333955.380936,1816
1782333955.380936,1896
1782333955.3809369,1869
1782333955.380938,1839
1782333955.380939,1842
1782333955.38094,1858
1782333955.3822038,1866
1782333955.385826,1807
1782333955.3858292,1794
1782333955.38583,1866
1782333955.3858309,1889
1782333955.3871,1856
1782333955.388386,1846
1782333955.389675,1883
1782333955.3896809,1876
1782333955.3909671,1849
1782333955.392258,1795
1782333955.393549,1842
1782333955.394839,1885
1782333955.394846,1866
1782333955.396132,1834
1782333955.3974211,1864
1782333955.39871,1849
1782333955.398716,1834
1782333955.400246,1772
1782333955.410857,1807
1782333955.41086,1871
1782333955.410861,1864
1782333955.410862,1857
1782333955.410862,1880
1782333955.4108632,1883
1782333955.410864,1862
1782333955.410864,1783
1782333955.4108648,1822
1782333955.410866,1930
1782333955.410866,1890
1782333955.4121401,1887
1782333955.415489,1861
1782333955.415492,1847
1782333955.415493,1839
1782333955.416762,1741
1782333955.416765,1805
1782333955.418049,1926
1782333955.419342,1903
1782333955.420631,1879
1782333955.421922,1885
1782333955.421929,1860
1782333955.42321,1871
1782333955.4244952,1754
1782333955.425785,1804
1782333955.425791,1952
1782333955.427077,1955
1782333955.428365,1927
1782333955.429815,1894
1782333955.4298172,1893
1782333955.440655,1886
1782333955.440663,1785
1782333955.440664,1768
1782333955.440665,1898
1782333955.440665,1924
1782333955.4406662,1903
1782333955.440667,1871
1782333955.4406679,1891
1782333955.4406688,1866
1782333955.44067,1788
1782333955.440671,1727
1782333955.441937,1805
1782333955.44596,1906
1782333955.445964,1879
1782333955.445965,1821
1782333955.445966,1901
1782333955.44726,1897
1782333955.4485528,1836
1782333955.449844,1724
1782333955.4498508,1754
1782333955.451176,1903
1782333955.452478,1875
1782333955.453771,1839
1782333955.453778,1875
1782333955.455064,1883
1782333955.45507,1855
1782333955.456353,1727
1782333955.457636,1763
1782333955.4589272,1903
1782333955.4589329,1871
1782333955.4602098,1862
1782333955.470477,1893
1782333955.470479,1871
1782333955.47048,1870
1782333955.470481,1732
1782333955.470481,1753
1782333955.4704819,1928
1782333955.4704828,1929
1782333955.4704828,1895
1782333955.470484,1886
1782333955.470485,1863
1782333955.471755,1861
1782333955.4717581,1702
1782333955.4753559,1741
1782333955.475358,1917
1782333955.475359,1898
1782333955.476625,1889
1782333955.477911,1883
1782333955.477918,1879
1782333955.4792051,1839
1782333955.480493,1714
1782333955.481778,1722
1782333955.481784,1889
1782333955.483066,1888
1782333955.4843562,1890
1782333955.485624,1871
1782333955.486906,1865
1782333955.486913,1864
1782333955.488199,1743
1782333955.4894888,1723
1782333955.490755,1836
1782333955.4907572,1887
1782333955.492896,1859
1782333955.4928992,1833
1782333955.503664,1857
1782333955.5036669,1866
1782333955.5036669,1791
1782333955.503668,1725
1782333955.503669,1787
1782333955.503669,1899
1782333955.50367,1878
1782333955.50367,1827
1782333955.503671,1894
1782333955.5036721,1875
1782333955.5036721,1839
1782333955.504937,1731
1782333955.508532,1783
1782333955.508534,1924
1782333955.5085351,1910
1782333955.509803,1855
1782333955.5098062,1892
1782333955.5110881,1878
1782333955.512376,1846
1782333955.513665,1707
1782333955.513682,1752
1782333955.514998,1892
1782333955.516289,1871
1782333955.517578,1863
1782333955.518851,1860
1782333955.5188532,1852
1782333955.520131,1845
1782333955.521419,1716
1782333955.522688,1759
1782333955.52269,1914
1782333955.53306,1884
1782333955.533062,1854
1782333955.533063,1855
1782333955.533064,1851
1782333955.5330648,1845
1782333955.5330648,1717
1782333955.533066,1752
1782333955.533067,1903
1782333955.533068,1891
1782333955.5330691,1899
1782333955.534336,1888
1782333955.5378401,1890
1782333955.537843,1858
1782333955.537843,1735
1782333955.537844,1765
1782333955.53911,1893
1782333955.5403929,1901
1782333955.5416791,1869
1782333955.541694,1852
1782333955.5429912,1854
1782333955.544286,1843
1782333955.5455759,1733
1782333955.546867,1739
1782333955.546874,1871
1782333955.5481548,1903
1782333955.549441,1875
1782333955.5507321,1839
1782333955.5507379,1876
1782333955.552006,1870
1782333955.562197,1782
1782333955.5622,1738
1782333955.562201,1820
1782333955.5622022,1922
1782333955.562203,1880
1782333955.562203,1832
1782333955.562204,1877
1782333955.5622048,1858
1782333955.562206,1825
1782333955.562207,1719
1782333955.5634701,1767
1782333955.567004,1914
1782333955.567007,1898
1782333955.567008,1874
1782333955.567009,1900
1782333955.568276,1902
1782333955.569563,1837
1782333955.570854,1740
1782333955.5708601,1796
1782333955.572146,1930
1782333955.57343,1908
1782333955.5747159,1874
1782333955.574722,1861
1782333955.576007,1869
1782333955.57728,1866
1782333955.578563,1701
1782333955.57985,1732
1782333955.579856,1896
1782333955.579859,1887
1782333955.581144,1883
1782333955.582423,1878
1782333955.592768,1875
1782333955.592771,1862
1782333955.592772,1718
1782333955.5927732,1764
1782333955.5927732,1910
1782333955.592774,1890
1782333955.5927749,1902
1782333955.5927749,1869
1782333955.5927758,1878
1782333955.592777,1871
1782333955.592777,1732
1782333955.5940402,1722
1782333955.597383,1885
1782333955.597387,1869
1782333955.597388,1848
1782333955.5986528,1852
1782333955.598656,1852
1782333955.59994,1829
1782333955.6012301,1718
1782333955.602516,1685
1782333955.603786,1821
1782333955.6037881,1874
1782333955.60507,1850
1782333955.606355,1812
1782333955.607639,1860
1782333955.608937,1865
1782333955.608943,1772
1782333955.610209,1688
1782333955.612127,1770
1782333955.612131,1897
1782333955.6227121,1879
1782333955.622715,1789
1782333955.622716,1847
1782333955.622717,1848
1782333955.622717,1790
1782333955.6227179,1663
1782333955.622719,1729
1782333955.62272,1865
1782333955.622721,1834
1782333955.622721,1770
1782333955.6227221,1812
1782333955.623994,1831
1782333955.6275551,1815
1782333955.627557,1691
1782333955.627558,1766
1782333955.6288269,1948
1782333955.628829,1880
1782333955.6301131,1897
1782333955.631399,1913
1782333955.6326861,1890
1782333955.632693,1884
1782333955.6339798,1711
1782333955.635267,1771
1782333955.636554,1951
1782333955.637843,1908
1782333955.63785,1898
1782333955.639134,1916
1782333955.640424,1907
1782333955.6417139,1903
1782333955.64172,1638
1782333955.643002,1733
1782333955.6447139,2014
1782333955.644716,1967
1782333955.655566,1938
1782333955.6555688,1945
1782333955.65557,1943
1782333955.655571,1903
1782333955.655572,1634
1782333955.655572,1727
1782333955.655573,2020
1782333955.655574,2038
1782333955.655575,1974
1782333955.655576,1944
1782333955.656849,1930
1782333955.656852,1890
1782333955.660359,1632
1782333955.660362,1637
1782333955.660363,1890
1782333955.6616251,1986
1782333955.662914,1931
1782333955.662921,1850
1782333955.6642041,1942
1782333955.665489,1918
1782333955.666774,1757
1782333955.66678,1625
1782333955.668064,1751
1782333955.669355,2003
1782333955.670642,1943
1782333955.671938,1789
1782333955.671944,1950
1782333955.673229,1912
1782333955.674558,1814
1782333955.685175,1626
1782333955.685178,1698
1782333955.685179,1992
1782333955.68518,1950
1782333955.685181,1865
1782333955.6851819,1943
1782333955.6851819,1912
1782333955.685183,1815
1782333955.685184,1541
1782333955.685185,1658
1782333955.6851861,2021
1782333955.686448,1948
1782333955.689951,1922
1782333955.689954,1961
1782333955.689955,1926
1782333955.6899562,1889
1782333955.691218,1546
1782333955.692499,1647
1782333955.69379,2022
1782333955.693797,1966
1782333955.695084,1935
1782333955.6963542,1948
1782333955.6976159,1940
1782333955.698896,1889
1782333955.698903,1513
1782333955.700167,1594
1782333955.7014499,1993
1782333955.702741,1967
1782333955.7027469,1919
1782333955.704016,1950
1782333955.713898,1932
1782333955.7139,1909
1782333955.713901,1559
1782333955.713901,1590
1782333955.713902,1956
1782333955.7139032,1988
1782333955.7139041,1948
1782333955.7139041,1920
1782333955.7139049,1924
1782333955.7139058,1900
1782333955.713907,1583
1782333955.715168,1572
1782333955.71859,1869
1782333955.7185931,2008
1782333955.718594,1967
1782333955.719861,1876
1782333955.719863,1970
1782333955.7211468,1939
1782333955.722433,1769
1782333955.723716,1594
1782333955.723722,1748
1782333955.724998,2048
1782333955.726283,1966
1782333955.727577,1790
1782333955.728866,1955
1782333955.728873,1898
1782333955.730156,1781
1782333955.731439,1519
1782333955.733108,1633
1782333955.7331111,2011
1782333955.743443,1964
1782333955.743447,1891
1782333955.743448,1964
1782333955.743448,1908
1782333955.743449,1828
1782333955.7434502,1514
1782333955.7434509,1610
1782333955.7434518,2002
1782333955.743453,1931
1782333955.743453,1884
1782333955.744715,1928
1782333955.7447171,1871
1782333955.7484941,1894
1782333955.748497,1519
1782333955.748498,1636
1782333955.749714,2043
1782333955.749717,1990
1782333955.750997,1942
1782333955.752286,1950
1782333955.753556,1908
1782333955.7548401,1901
1782333955.754847,1501
1782333955.7561269,1616
1782333955.75741,2005
1782333955.758689,1989
1782333955.758692,1928
1782333955.759976,1915
1782333955.761266,1913
1782333955.7625558,1896
1782333955.7642298,1541
1782333955.764232,1599
1782333955.774656,1955
1782333955.7746592,1967
1782333955.77466,1925
1782333955.774661,1903
1782333955.774661,1941
1782333955.7746618,1910
1782333955.774663,1629
1782333955.774663,1602
1782333955.774664,1885
1782333955.774664,2015
1782333955.7746649,1967
1782333955.775927,1868
1782333955.77987,1934
1782333955.7798731,1899
1782333955.779874,1722
1782333955.779875,1588
1782333955.7809222,1750
1782333955.782201,2003
1782333955.783487,1942
1782333955.784773,1778
1782333955.78478,1907
1782333955.7860649,1903
1782333955.787352,1807
1782333955.788618,1600
1782333955.7898948,1699
1782333955.789902,2020
1782333955.791184,1960
1782333955.792468,1873
1782333955.793751,1927
1782333955.793758,1897
1782333955.79504,1818
1782333955.796612,1598
1782333955.807043,1704
1782333955.807046,1999
1782333955.807047,1949
1782333955.8070478,1891
1782333955.807049,1902
1782333955.80705,1880
1782333955.80705,1877
1782333955.807051,1602
1782333955.8070521,1698
1782333955.807053,1991
1782333955.807054,1934
1782333955.808325,1892
1782333955.8122728,1885
1782333955.812276,1871
1782333955.812277,1851
1782333955.812278,1586
1782333955.813549,1706
1782333955.8148139,2010
1782333955.814816,1941
1782333955.8161001,1901
1782333955.817392,1859
1782333955.818679,1866
1782333955.8186848,1861
1782333955.819971,1617
1782333955.821239,1687
1782333955.8225,1964
1782333955.823779,1947
1782333955.823786,1900
1782333955.8254762,1859
1782333955.836009,1876
1782333955.8360121,1888
1782333955.836013,1672
1782333955.836014,1693
1782333955.836015,1934
1782333955.836015,1962
1782333955.8360162,1901
1782333955.836017,1824
1782333955.836017,1873
1782333955.8360178,1864
1782333955.836019,1766
1782333955.836019,1705
1782333955.837281,1827
1782333955.8409002,1992
1782333955.8409028,1935
1782333955.840904,1823
1782333955.840905,1901
1782333955.8421729,1877
1782333955.843456,1824
1782333955.844744,1695
1782333955.8447511,1760
1782333955.846039,1993
1782333955.847309,1928
1782333955.8485901,1824
1782333955.849889,1857
1782333955.849895,1865
1782333955.851178,1807
1782333955.852467,1655
1782333955.853756,1740
1782333955.853763,1958
1782333955.855697,1903
1782333955.85572,1871
1782333955.866412,1860
1782333955.866415,1829
1782333955.8664162,1828
1782333955.8664162,1651
1782333955.866417,1725
1782333955.866417,1955
1782333955.866418,1910
1782333955.8664188,1877
1782333955.8664188,1855
1782333955.86642,1845
1782333955.867689,1837
1782333955.867691,1670
1782333955.871485,1743
1782333955.871487,1982
1782333955.871488,1931
1782333955.872751,1887
1782333955.872753,1857
1782333955.874033,1862
1782333955.875318,1849
1782333955.876619,1667
1782333955.877894,1724
1782333955.8778958,1944
1782333955.879179,1917
1782333955.8817449,1906
1782333955.8817532,1861
1782333955.8817558,1871
1782333955.883044,1859
1782333955.8843288,1725
1782333955.8859808,1742
1782333955.885984,1920
1782333955.8963468,1917
1782333955.8963509,1880
1782333955.896352,1855
1782333955.896352,1887
1782333955.896353,1858
1782333955.896354,1772
1782333955.896354,1752
1782333955.8963552,1857
1782333955.896356,1932
1782333955.896356,1893
1782333955.8976262,1812
1782333955.9016,1856
1782333955.901603,1856
1782333955.901609,1826
1782333955.901609,1740
1782333955.90289,1774
1782333955.902894,1943
1782333955.9041789,1916
1782333955.905471,1828
1782333955.906757,1839
1782333955.906764,1856
1782333955.9080472,1814
1782333955.909332,1711
1782333955.910622,1739
1782333955.911916,1914
1782333955.911922,1881
1782333955.913207,1851
1782333955.914504,1855
1782333955.916457,1862
1782333955.91646,1850
1782333955.926879,1730
1782333955.926882,1789
1782333955.926883,1943
1782333955.9268842,1883
1782333955.9268851,1871
1782333955.9268858,1860
1782333955.9268868,1854
1782333955.926888,1853
1782333955.926888,1725
1782333955.926889,1790
1782333955.92689,1943
1782333955.928162,1879
1782333955.9317498,1864
1782333955.931752,1849
1782333955.931753,1851
1782333955.931753,1832
1782333955.933019,1707
1782333955.934283,1782
1782333955.93557,1926
1782333955.9368598,1923
1782333955.936867,1888
1782333955.938151,1847
1782333955.939436,1850
1782333955.9407208,1861
1782333955.940727,1728
1782333955.942003,1758
1782333955.9432929,1915
1782333955.944583,1919
1782333955.9458702,1892
1782333955.945877,1850
1782333955.947158,1862
1782333955.948427,1842
1782333955.9584231,1751
1782333955.958426,1758
1782333955.958427,1842
1782333955.958428,1918
1782333955.958428,1863
1782333955.9584289,1793
1782333955.95843,1855
1782333955.95843,1851
1782333955.958431,1800
1782333955.958432,1746
1782333955.959702,1800
1782333955.9597042,1953
1782333955.963413,1892
1782333955.9634151,1807
1782333955.963416,1868
1782333955.964682,1861
1782333955.964684,1807
1782333955.965962,1733
1782333955.967248,1784
1782333955.967254,1923
1782333955.9685388,1866
1782333955.969829,1878
1782333955.969836,1856
1782333955.9711192,1867
1782333955.972427,1871
1782333955.97371,1749
1782333955.973717,1775
1782333955.974988,1956
1782333955.9762728,1890
1782333955.977741,1871
1782333955.9777439,1861
1782333955.988148,1839
1782333955.988151,1851
1782333955.988152,1728
1782333955.988153,1785
1782333955.988153,1956
1782333955.9881542,1898
1782333955.988155,1861
1782333955.988155,1828
1782333955.9881558,1853
1782333955.988157,1851
1782333955.9894211,1756
1782333955.993115,1789
1782333955.9931169,1950
1782333955.993118,1912
1782333955.993119,1880
1782333955.994383,1846
1782333955.995667,1864
1782333955.9956732,1883
1782333955.996953,1765
1782333955.998239,1800
1782333955.999527,1941
1782333956.000795,1933
1782333956.000797,1887
1782333956.002078,1835
1782333956.003368,1862
1782333956.004661,1842
1782333956.004676,1771
1782333956.0059588,1779
1782333956.007688,1867
1782333956.00769,1940
1782333956.018024,1910
1782333956.018027,1833
1782333956.018028,1883
1782333956.018029,1835
1782333956.0180302,1798
1782333956.0180311,1751
1782333956.0180311,1807
1782333956.018032,1928
1782333956.0180328,1892
1782333956.0180328,1829
1782333956.019299,1882
1782333956.0230641,1861
1782333956.023068,1804
1782333956.023069,1748
1782333956.023069,1790
1782333956.0243342,1915
1782333956.025616,1881
1782333956.026908,1883
1782333956.026915,1861
1782333956.028202,1859
1782333956.029492,1861
1782333956.030776,1711
1782333956.030782,1785
1782333956.032064,1948
1782333956.0333388,1898
1782333956.034621,1883
1782333956.035912,1849
1782333956.0359192,1866
1782333956.037204,1866
1782333956.038489,1745
1782333956.039774,1801
1782333956.039777,1947
1782333956.050273,1919
1782333956.050276,1870
1782333956.0502772,1834
1782333956.050278,1839
1782333956.050278,1835
1782333956.050279,1750
1782333956.0502799,1802
1782333956.050281,1914
1782333956.050281,1881
1782333956.050282,1842
1782333956.051553,1835
1782333956.0552251,1824
1782333956.055229,1830
1782333956.05523,1750
1782333956.05523,1779
1782333956.0564969,1839
1782333956.057782,1829
1782333956.0577888,1835
1782333956.059077,1843
1782333956.060363,1827
1782333956.061646,1812
1782333956.062934,1770
1782333956.06294,1804
1782333956.064204,1846
1782333956.0654988,1871
1782333956.066784,1848
1782333956.0667899,1820
1782333956.068074,1846
1782333956.069362,1844
1782333956.070922,1815
1782333956.0709262,1791
1782333956.081501,1836
1782333956.081504,1870
1782333956.081505,1847
1782333956.081506,1814
1782333956.081507,1837
1782333956.081507,1836
1782333956.0815082,1813
1782333956.081509,1794
1782333956.0815098,1847
1782333956.081511,1874
1782333956.082782,1865
1782333956.0827851,1864
1782333956.086645,1878
1782333956.086647,1853
1782333956.086648,1843
1782333956.086648,1804
1782333956.087936,1828
1782333956.089204,1894
1782333956.090482,1884
1782333956.091769,1874
1782333956.091775,1858
1782333956.09306,1842
1782333956.0943491,1860
1782333956.0956311,1832
1782333956.096919,1851
1782333956.0969238,1914
1782333956.096927,1887
1782333956.0982049,1869
1782333956.099489,1891
1782333956.100783,1850
1782333956.1007848,1844
1782333956.111014,1816
1782333956.111017,1853
1782333956.111018,1894
1782333956.111019,1868
1782333956.11102,1871
1782333956.111021,1883
1782333956.111021,1859
1782333956.111022,1856
1782333956.1110232,1813
1782333956.1110241,1818
1782333956.112293,1863
1782333956.116061,1855
1782333956.1160629,1844
1782333956.116064,1828
1782333956.116065,1855
1782333956.117333,1885
1782333956.118626,1843
1782333956.119915,1823
1782333956.119922,1855
1782333956.121206,1883
1782333956.1224902,1853
1782333956.1237729,1821
1782333956.123779,1842
1782333956.125061,1846
1782333956.1263502,1830
1782333956.1276312,1807
1782333956.128918,1834
1782333956.128924,1862
1782333956.1304781,1839
1782333956.140927,1796
1782333956.140929,1844
1782333956.14093,1850
1782333956.14093,1846
1782333956.1409311,1810
1782333956.140932,1822
1782333956.140933,1884
1782333956.140933,1866
1782333956.140934,1878
1782333956.140935,1864
1782333956.140935,1862
1782333956.142206,1856
1782333956.145926,1812
1782333956.145928,1821
1782333956.1459289,1871
1782333956.14593,1839
1782333956.1472352,1834
1782333956.1485262,1832
1782333956.1498199,1844
1782333956.149826,1841
1782333956.151113,1789
1782333956.152402,1817
1782333956.153688,1883
1782333956.153694,1871
1782333956.154974,1848
1782333956.156259,1865
1782333956.157544,1843
1782333956.1588328,1839
1782333956.158839,1805
1782333956.160116,1838
1782333956.170463,1912
1782333956.170466,1899
1782333956.1704671,1880
1782333956.170468,1874
1782333956.170469,1863
1782333956.170469,1863
1782333956.17047,1815
1782333956.17047,1842
1782333956.170471,1902
1782333956.170472,1877
1782333956.1717389,1877
1782333956.171741,1875
1782333956.175348,1865
1782333956.17535,1854
1782333956.1753511,1825
1782333956.1766322,1818
1782333956.177917,1858
1782333956.1779242,1868
1782333956.179211,1858
1782333956.180497,1834
1782333956.181782,1860
1782333956.181788,1843
1782333956.1830668,1828
1782333956.184354,1818
1782333956.1856372,1828
1782333956.186938,1871
1782333956.186945,1836
1782333956.1882272,1816
1782333956.189516,1852
1782333956.190806,1866
1782333956.1908128,1819
1782333956.192611,1803
1782333956.2035148,1818
1782333956.203518,1875
1782333956.2035189,1848
1782333956.20352,1845
1782333956.20352,1839
1782333956.203521,1852
1782333956.203522,1838
1782333956.203522,1791
1782333956.2035232,1838
1782333956.203524,1870
1782333956.203524,1859
1782333956.204799,1835
1782333956.204801,1849
1782333956.208334,1838
1782333956.2083359,1836
1782333956.2083368,1800
1782333956.209602,1842
1782333956.2108932,1881
1782333956.2108989,1855
1782333956.2121851,1821
1782333956.213471,1818
1782333956.214756,1822
1782333956.214762,1815
1782333956.216043,1774
1782333956.21733,1790
1782333956.2186198,1868
1782333956.219907,1861
1782333956.219913,1832
1782333956.221196,1839
1782333956.2225769,1846
1782333956.233223,1845
1782333956.233226,1795
1782333956.233227,1815
1782333956.233228,1875
1782333956.233228,1870
1782333956.2332292,1859
1782333956.23323,1857
1782333956.23323,1857
1782333956.233231,1855
1782333956.2332318,1807
1782333956.2332318,1801
1782333956.233233,1833
1782333956.234505,1858
1782333956.238007,1857
1782333956.238009,1847
1782333956.2380102,1861
1782333956.238011,1856
1782333956.2392771,1860
1782333956.240559,1827
1782333956.241843,1847
1782333956.2418501,1867
1782333956.2431371,1858
1782333956.2444239,1839
1782333956.245713,1856
1782333956.2457201,1854
1782333956.247005,1836
1782333956.248289,1812
1782333956.249572,1844
1782333956.25086,1867
1782333956.250867,1844
1782333956.252138,1824
1782333956.2622862,1858
1782333956.2622888,1830
1782333956.26229,1839
1782333956.26229,1796
1782333956.262291,1838
1782333956.262292,1876
1782333956.262293,1860
1782333956.262294,1869
1782333956.262294,1864
1782333956.262295,1876
1782333956.2635572,1839
1782333956.2671602,1807
1782333956.2671628,1825
1782333956.267164,1903
1782333956.267164,1871
1782333956.268448,1835
1782333956.2697349,1850
1782333956.269741,1847
1782333956.271025,1853
1782333956.27231,1812
1782333956.2735932,1824
1782333956.2748811,1884
1782333956.2748868,1867
1782333956.2761679,1850
1782333956.277453,1849
1782333956.278739,1839
1782333956.2787452,1826
1782333956.2800262,1782
1782333956.281315,1806
1782333956.282581,1890
1782333956.293091,1881
1782333956.2930949,1865
1782333956.2930958,1845
1782333956.293097,1855
1782333956.293098,1838
1782333956.293098,1794
1782333956.293099,1807
1782333956.2931,1866
1782333956.293101,1895
1782333956.293102,1903
1782333956.293102,1862
1782333956.294365,1870
1782333956.298049,1863
1782333956.298052,1859
1782333956.298052,1839
1782333956.298053,1848
1782333956.299318,1882
1782333956.300603,1855
1782333956.301904,1814
1782333956.301913,1850
1782333956.3032,1832
1782333956.304472,1807
1782333956.305751,1782
1782333956.305757,1821
1782333956.307039,1864
1782333956.308325,1851
1782333956.3096142,1854
1782333956.310905,1866
1782333956.310911,1839
1782333956.312177,1829
1782333956.3226,1797
1782333956.322602,1820
1782333956.322607,1861
1782333956.3226082,1866
1782333956.3226082,1833
1782333956.322609,1850
1782333956.32261,1832
1782333956.3226109,1824
1782333956.322612,1811
1782333956.322612,1824
1782333956.3238761,1860
1782333956.3238778,1839
1782333956.327453,1842
1782333956.327456,1853
1782333956.327457,1849
1782333956.328724,1851
1782333956.328725,1823
1782333956.330005,1838
1782333956.331289,1901
1782333956.332573,1885
1782333956.3338602,1876
1782333956.333866,1870
1782333956.3351521,1862
1782333956.336441,1839
1782333956.3377259,1798
1782333956.337732,1814
1782333956.339017,1867
1782333956.3403049,1855
1782333956.34159,1836
1782333956.3428748,1836
1782333956.342881,1844
1782333956.344147,1846
1782333956.3545442,1814
1782333956.3545458,1815
1782333956.354547,1846
1782333956.354547,1865
1782333956.354548,1862
1782333956.354549,1839
1782333956.3545501,1862
1782333956.3545501,1852
1782333956.354551,1832
1782333956.354552,1832
1782333956.355813,1846
1782333956.355815,1866
1782333956.355815,1862
1782333956.3594172,1839
1782333956.3594189,1858
1782333956.3594198,1822
1782333956.360686,1807
1782333956.360687,1821
1782333956.361968,1833
1782333956.363242,1855
1782333956.364521,1819
1782333956.365806,1824
1782333956.365813,1827
1782333956.3670988,1850
1782333956.3683882,1825
1782333956.369676,1778
1782333956.369691,1794
1782333956.370975,1863
1782333956.372262,1870
1782333956.3735511,1837
1782333956.3748212,1839
1782333956.374824,1830
1782333956.385219,1844
1782333956.385221,1813
1782333956.385221,1829
1782333956.385222,1896
1782333956.385223,1875
1782333956.385223,1880
1782333956.3852239,1860
1782333956.3852239,1842
1782333956.385225,1835
1782333956.385226,1797
1782333956.386486,1834
1782333956.389911,1882
1782333956.389913,1865
1782333956.389914,1855
1782333956.389914,1857
1782333956.39118,1845
1782333956.392459,1866
1782333956.393749,1803
1782333956.393755,1842
1782333956.395041,1890
1782333956.396329,1878
1782333956.397611,1851
1782333956.398895,1850
1782333956.398901,1867
1782333956.400185,1874
1782333956.401473,1806
1782333956.40276,1839
1782333956.4027672,1871
1782333956.404147,1888
1782333956.414939,1868
1782333956.414942,1825
1782333956.414943,1860
1782333956.414944,1867
1782333956.4149451,1834
1782333956.4149451,1824
1782333956.414946,1846
1782333956.414947,1877
1782333956.414948,1871
1782333956.414948,1829
1782333956.4149492,1829
1782333956.416213,1838
1782333956.419809,1807
1782333956.4198122,1786
1782333956.4198132,1823
1782333956.4198139,1882
1782333956.421094,1876
1782333956.4223611,1859
1782333956.42364,1880
1782333956.4249291,1873
1782333956.4249349,1855
1782333956.426218,1787
1782333956.427485,1828
1782333956.428768,1932
1782333956.4287739,1883
1782333956.430058,1878
1782333956.4313421,1868
1782333956.4331121,1860
1782333956.4331148,1866
1782333956.444334,1751
1782333956.444339,1797
1782333956.44434,1925
1782333956.444341,1885
1782333956.444342,1887
1782333956.444343,1857
1782333956.444344,1845
1782333956.444344,1839
1782333956.444345,1739
1782333956.4443462,1790
1782333956.444347,1930
1782333956.4456131,1881
1782333956.449488,1891
1782333956.4494898,1882
1782333956.449491,1880
1782333956.449492,1861
1782333956.450756,1736
1782333956.450759,1780
1782333956.4520268,1917
1782333956.4532979,1895
1782333956.4545841,1867
1782333956.455853,1850
1782333956.4558551,1861
1782333956.457133,1849
1782333956.458422,1743
1782333956.459709,1759
1782333956.459716,1884
1782333956.461004,1903
1782333956.462295,1871
1782333956.4642491,1794
1782333956.4642508,1842
1782333956.47474,1835
1782333956.4747431,1759
1782333956.474744,1733
1782333956.474745,1796
1782333956.4747462,1887
1782333956.474747,1876
1782333956.474747,1788
1782333956.474748,1862
1782333956.4747488,1851
1782333956.47475,1807
1782333956.474751,1747
1782333956.476019,1791
1782333956.479774,1935
1782333956.479777,1912
1782333956.479778,1851
1782333956.479779,1875
1782333956.481046,1862
1782333956.482335,1834
1782333956.483608,1722
1782333956.4848928,1793
1782333956.484899,1945
1782333956.486186,1890
1782333956.4874759,1862
1782333956.4887638,1864
1782333956.48877,1850
1782333956.488773,1860
1782333956.4900548,1730
1782333956.4911969,1788
1782333956.4924958,1939
1782333956.4937742,1884
1782333956.4937758,1863
1782333956.495043,1865
1782333956.496563,1853
1782333956.507339,1862
1782333956.507342,1731
1782333956.507343,1806
1782333956.5073438,1972
1782333956.507345,1896
1782333956.507345,1861
1782333956.507346,1847
1782333956.5073469,1864
1782333956.507348,1863
1782333956.507349,1743
1782333956.507349,1793
1782333956.5086231,1963
1782333956.5124,1928
1782333956.512403,1889
1782333956.512405,1855
1782333956.512405,1856
1782333956.513673,1846
1782333956.513675,1711
1782333956.5149581,1736
1782333956.516247,1887
1782333956.5175219,1919
1782333956.518791,1881
1782333956.5187929,1807
1782333956.520076,1847
1782333956.5213618,1832
1782333956.5226471,1784
1782333956.523922,1751
1782333956.5239239,1847
1782333956.5258398,1945
1782333956.525842,1894
1782333956.536511,1815
1782333956.536514,1866
1782333956.536515,1854
1782333956.536515,1827
1782333956.5365162,1718
1782333956.5365171,1773
1782333956.5365179,1935
1782333956.5365188,1903
1782333956.53652,1839
1782333956.53652,1888
1782333956.537794,1858
1782333956.537796,1795
1782333956.541523,1709
1782333956.541527,1769
1782333956.541528,1947
1782333956.542801,1858
1782333956.542805,1847
1782333956.544091,1828
1782333956.54538,1836
1782333956.5466518,1839
1782333956.546658,1711
1782333956.5479412,1780
1782333956.54923,1954
1782333956.5505202,1925
1782333956.5518,1887
1782333956.551807,1859
1782333956.553091,1839
1782333956.554383,1835
1782333956.555983,1710
1782333956.555985,1746
1782333956.566397,1940
1782333956.5664,1875
1782333956.566401,1855
1782333956.566402,1819
1782333956.566402,1815
1782333956.5664032,1821
1782333956.566404,1702
1782333956.566405,1759
1782333956.566405,1951
1782333956.5664058,1916
1782333956.567677,1886
1782333956.567681,1830
1782333956.571593,1856
1782333956.5715961,1846
1782333956.571597,1721
1782333956.572861,1782
1782333956.5728629,1931
1782333956.574145,1929
1782333956.575435,1909
1782333956.576739,1853
1782333956.5767481,1870
1782333956.5780349,1880
1782333956.579326,1789
1782333956.5805938,1761
1782333956.5818748,1842
1782333956.581882,1924
1782333956.583167,1880
1782333956.5844522,1791
1782333956.585839,1853
1782333956.585841,1846
1782333956.596544,1810
1782333956.596548,1769
1782333956.596549,1821
1782333956.59655,1930
1782333956.59655,1887
1782333956.596551,1811
1782333956.596552,1864
1782333956.5965528,1865
1782333956.596554,1812
1782333956.596554,1762
1782333956.597822,1814
1782333956.597824,1954
1782333956.60153,1901
1782333956.601533,1901
1782333956.601533,1878
1782333956.6027992,1878
1782333956.6028008,1875
1782333956.6040802,1784
1782333956.6053681,1839
1782333956.606664,1967
1782333956.6066802,1899
1782333956.608,1862
1782333956.6092968,1849
1782333956.61057,1825
1782333956.611851,1828
1782333956.611858,1748
1782333956.613127,1791
1782333956.614393,1918
1782333956.615983,1866
1782333956.6159859,1844
1782333956.626216,1832
1782333956.626218,1831
1782333956.626219,1817
1782333956.62622,1740
1782333956.62622,1784
1782333956.626221,1882
1782333956.6262221,1871
1782333956.6262221,1844
1782333956.626223,1839
1782333956.626224,1846
1782333956.626224,1834
1782333956.627485,1768
1782333956.631298,1807
1782333956.6313002,1875
1782333956.6313012,1869
1782333956.6313019,1833
1782333956.632571,1826
1782333956.633854,1847
1782333956.633861,1839
1782333956.635145,1796
1782333956.636428,1793
1782333956.637718,1853
1782333956.637724,1883
1782333956.639004,1867
1782333956.640287,1807
1782333956.64157,1818
1782333956.642857,1817
1782333956.642862,1806
1782333956.644147,1775
1782333956.645432,1807
1782333956.646718,1865
1782333956.646724,1844
1782333956.648751,1815
1782333956.648758,1826
1782333956.659553,1838
1782333956.659555,1811
1782333956.6595562,1796
1782333956.659557,1854
1782333956.659557,1889
1782333956.6595578,1869
1782333956.659559,1879
1782333956.65956,1870
1782333956.659561,1877
1782333956.659561,1888
1782333956.660824,1839
1782333956.6608262,1877
1782333956.6643882,1919
1782333956.6643908,1892
1782333956.6643908,1867
1782333956.665674,1881
1782333956.665681,1883
1782333956.6669672,1869
1782333956.6682591,1810
1782333956.6695502,1850
1782333956.670839,1907
1782333956.670846,1868
1782333956.6721332,1854
1782333956.673418,1875
1782333956.6747031,1871
1782333956.674709,1838
1782333956.6759949,1783
1782333956.677284,1815
1782333956.678607,1881
1782333956.689027,1846
1782333956.689031,1838
1782333956.6890318,1843
1782333956.6890318,1853
1782333956.689033,1839
1782333956.689034,1801
1782333956.689035,1821
1782333956.6890361,1887
1782333956.689037,1871
1782333956.689037,1874
1782333956.689038,1842
1782333956.690312,1842
1782333956.693742,1835
1782333956.693745,1816
1782333956.6937459,1822
1782333956.6937459,1868
1782333956.695013,1874
1782333956.696295,1846
1782333956.697579,1827
1782333956.698863,1839
1782333956.698869,1848
1782333956.700154,1797
1782333956.701448,1781
1782333956.7027352,1816
1782333956.702742,1874
1782333956.704028,1843
1782333956.705315,1828
1782333956.706613,1845
1782333956.708228,1838
1782333956.7082298,1804
1782333956.71896,1797
1782333956.7189639,1822
1782333956.718965,1879
1782333956.718966,1858
1782333956.718967,1838
1782333956.7189682,1848
1782333956.7189682,1844
1782333956.718969,1838
1782333956.71897,1806
1782333956.7189708,1831
1782333956.718972,1871
1782333956.7202408,1852
1782333956.7238772,1861
1782333956.7238789,1867
1782333956.72388,1851
1782333956.723881,1848
1782333956.725142,1783
1782333956.7264261,1813
1782333956.727714,1871
1782333956.727721,1843
1782333956.729006,1824
1782333956.730294,1822
1782333956.7315772,1838
1782333956.7328598,1842
1782333956.732866,1811
1782333956.734147,1845
1782333956.735435,1901
1782333956.7367198,1863
1782333956.736727,1838
1782333956.738013,1847
1782333956.739306,1845
1782333956.750062,1863
1782333956.7500658,1810
1782333956.7500658,1819
1782333956.750067,1864
1782333956.750068,1863
1782333956.750068,1838
1782333956.750069,1835
1782333956.75007,1855
1782333956.75007,1848
1782333956.750071,1818
1782333956.750071,1813
1782333956.750072,1833
1782333956.751341,1852
1782333956.7550058,1846
1782333956.755009,1816
1782333956.7550101,1831
1782333956.755011,1822
1782333956.7562828,1816
1782333956.757569,1821
1782333956.758859,1821
1782333956.7588658,1862
1782333956.760153,1854
1782333956.761442,1833
1782333956.762727,1871
1782333956.7627342,1846
1782333956.7640162,1839
1782333956.765301,1814
1782333956.766586,1823
1782333956.767875,1898
1782333956.767881,1881
1782333956.769844,1884
1782333956.7698472,1868
1782333956.7807412,1848
1782333956.7807438,1849
1782333956.780745,1807
1782333956.780745,1844
1782333956.780746,1899
1782333956.780747,1877
1782333956.780747,1875
1782333956.7807481,1871
1782333956.780749,1885
1782333956.780749,1868
1782333956.78075,1810
1782333956.7820191,1862
1782333956.7856991,1930
1782333956.785701,1902
1782333956.785702,1871
1782333956.785703,1866
1782333956.7869692,1860
1782333956.7882519,1832
1782333956.789537,1792
1782333956.790821,1836
1782333956.790828,1887
1782333956.7921128,1865
1782333956.793401,1846
1782333956.794683,1835
1782333956.794689,1828
1782333956.7959738,1817
1782333956.797261,1761
1782333956.798549,1799
1782333956.799838,1875
1782333956.799844,1870
1782333956.801107,1866
1782333956.81158,1837
1782333956.8115819,1861
1782333956.811583,1857
1782333956.811584,1802
1782333956.811585,1826
1782333956.811585,1876
1782333956.8115861,1899
1782333956.811587,1885
1782333956.811588,1854
1782333956.811588,1870
1782333956.812848,1851
1782333956.81285,1825
1782333956.8163788,1801
1782333956.816383,1833
1782333956.816384,1887
1782333956.817672,1871
1782333956.8176901,1819
1782333956.818978,1844
1782333956.820271,1851
1782333956.8215628,1825
1782333956.822846,1811
1782333956.822853,1816
1782333956.824136,1892
1782333956.825425,1869
1782333956.826714,1865
1782333956.82672,1861
1782333956.828007,1855
1782333956.8292952,1835
1782333956.830563,1756
1782333956.841163,1807
1782333956.841166,1902
1782333956.8411672,1868
1782333956.841168,1858
1782333956.841168,1854
1782333956.8411689,1845
1782333956.8411698,1838
1782333956.8411698,1752
1782333956.841171,1813
1782333956.841172,1918
1782333956.841172,1887
1782333956.842442,1852
1782333956.846186,1870
1782333956.846188,1852
1782333956.846189,1838
1782333956.84619,1756
1782333956.847455,1810
1782333956.848737,1918
1782333956.848744,1899
1782333956.850032,1883
1782333956.851317,1874
1782333956.852611,1871
1782333956.8539038,1858
1782333956.85391,1780
1782333956.8551931,1806
1782333956.856478,1901
1782333956.857764,1908
1782333956.857771,1864
1782333956.859057,1862
1782333956.860327,1868
1782333956.870699,1861
1782333956.8707032,1792
1782333956.8707042,1783
1782333956.8707042,1851
1782333956.870705,1895
1782333956.8707058,1866
1782333956.870707,1814
1782333956.870707,1855
1782333956.870708,1857
1782333956.870709,1829
1782333956.8707101,1779
1782333956.871973,1809
1782333956.875468,1881
1782333956.875471,1868
1782333956.8754718,1814
1782333956.8767412,1843
1782333956.8767428,1846
1782333956.876744,1815
1782333956.878028,1751
1782333956.879319,1806
1782333956.8806028,1871
1782333956.881889,1837
1782333956.881896,1820
1782333956.883177,1847
1782333956.884467,1820
1782333956.885756,1803
1782333956.885762,1732
1782333956.8870459,1787
1782333956.888331,1878
1782333956.8896189,1850
1782333956.890906,1836
1782333956.890912,1852
1782333956.892618,1855
1782333956.903595,1833
1782333956.903597,1757
1782333956.903598,1791
1782333956.903599,1891
1782333956.903599,1856
1782333956.9036002,1848
1782333956.903602,1849
1782333956.9036028,1839
1782333956.9036028,1851
1782333956.903604,1755
1782333956.903605,1805
1782333956.9048681,1951
1782333956.9048698,1898
1782333956.9084601,1895
1782333956.908463,1885
1782333956.9084642,1871
1782333956.909733,1866
1782333956.909735,1735
1782333956.9110131,1781
1782333956.9123,1950
1782333956.91359,1938
1782333956.914874,1900
1782333956.91488,1877
1782333956.916165,1876
1782333956.917464,1870
1782333956.918752,1778
1782333956.9187589,1790
1782333956.920042,1888
1782333956.921332,1942
1782333956.9226,1910
1782333956.933245,1856
1782333956.933249,1892
1782333956.933249,1875
1782333956.93325,1818
1782333956.9332511,1757
1782333956.9332511,1822
1782333956.933252,1934
1782333956.933253,1903
1782333956.933253,1824
1782333956.933254,1875
1782333956.933255,1876
1782333956.93452,1839
1782333956.9379041,1762
1782333956.937906,1803
1782333956.937907,1934
1782333956.937908,1882
1782333956.939174,1883
1782333956.940455,1870
1782333956.941746,1824
1782333956.941752,1810
1782333956.9430358,1704
1782333956.944309,1764
1782333956.9455879,1918
1782333956.9468741,1871
1782333956.94688,1843
1782333956.948164,1838
1782333956.949454,1812
1782333956.95162,1804
1782333956.951624,1700
1782333956.9620109,1770
1782333956.962014,1935
1782333956.962015,1886
1782333956.962015,1870
1782333956.962016,1855
1782333956.962017,1836
1782333956.962017,1836
1782333956.962018,1715
1782333956.962019,1802
1782333956.962019,1947
1782333956.9620202,1902
1782333956.9632902,1876
1782333956.9671948,1843
1782333956.967199,1887
1782333956.9672,1871
1782333956.967201,1727
1782333956.9684858,1768
1782333956.9697778,1933
1782333956.969785,1935
1782333956.971068,1899
1782333956.972336,1848
1782333956.973623,1858
1782333956.97491,1848
1782333956.9749172,1758
1782333956.9761941,1735
1782333956.977483,1883
1782333956.97877,1947
1782333956.9787772,1888
1782333956.980062,1817
1782333956.981518,1847
1782333956.992237,1835
1782333956.9922402,1793
1782333956.992241,1756
1782333956.9922419,1806
1782333956.992243,1919
1782333956.992244,1880
1782333956.992244,1764
1782333956.992245,1864
1782333956.992246,1871
1782333956.992247,1829
1782333956.992248,1740
1782333956.9935129,1794
1782333956.997264,1931
1782333956.9972658,1871
1782333956.9972658,1839
1782333956.997267,1832
1782333956.998548,1839
1782333956.999839,1832
1782333956.999846,1700
1782333957.001128,1782
1782333957.0024161,1945
1782333957.0037088,1900
1782333957.003716,1887
1782333957.004998,1844
1782333957.006282,1843
1782333957.007583,1842
1782333957.0075898,1702
1782333957.0088582,1773
1782333957.008859,1981
1782333957.0101252,1922
1782333957.012198,1917
1782333957.012201,1892
1782333957.0228312,1876
1782333957.0228338,1870
1782333957.022835,1710
1782333957.022836,1779
1782333957.022837,1971
1782333957.022838,1919
1782333957.022839,1894
1782333957.022839,1870
1782333957.02284,1849
1782333957.022841,1844
1782333957.0228422,1714
1782333957.024105,1770
1782333957.027828,1961
1782333957.0278301,1934
1782333957.027831,1894
1782333957.027832,1850
1782333957.029095,1839
1782333957.030376,1839
1782333957.0316632,1734
1782333957.03167,1722
1782333957.032952,1890
1782333957.0342221,1917
1782333957.035501,1871
1782333957.036789,1807
1782333957.036795,1854
1782333957.038078,1828
1782333957.039368,1786
1782333957.040661,1736
1782333957.040677,1792
1782333957.0419998,1930
1782333957.044,1896
1782333957.044003,1806
1782333957.054799,1830
1782333957.054802,1839
1782333957.054803,1785
1782333957.054804,1701
1782333957.054804,1759
1782333957.054805,1931
1782333957.054806,1887
1782333957.054806,1869
1782333957.054807,1856
1782333957.0548081,1853
1782333957.0548081,1836
1782333957.056082,1743
1782333957.060235,1803
1782333957.0602381,1962
1782333957.060239,1920
1782333957.0602398,1892
1782333957.0615108,1871
1782333957.0627809,1854
1782333957.062784,1854
1782333957.064051,1714
1782333957.0653162,1786
1782333957.066577,1966
1782333957.067838,1903
1782333957.06784,1882
1782333957.069102,1877
1782333957.070365,1829
1782333957.071625,1822
1782333957.072885,1695
1782333957.072887,1771
1782333957.074226,1935
1782333957.08579,1903
1782333957.085797,1864
1782333957.0857978,1823
1782333957.085799,1853
1782333957.085799,1845
1782333957.0858,1725
1782333957.085801,1777
1782333957.085802,1955
1782333957.085803,1929
1782333957.085804,1879
1782333957.085805,1838
1782333957.0858061,1879
1782333957.087071,1845
1782333957.0910678,1749
1782333957.09107,1761
1782333957.091071,1863
1782333957.091072,1899
1782333957.0923488,1866
1782333957.093632,1794
1782333957.0949209,1845
1782333957.094927,1839
1782333957.096215,1805
1782333957.097501,1740
1782333957.098784,1791
1782333957.09879,1918
1782333957.100071,1862
1782333957.1013591,1788
1782333957.102643,1850
1782333957.10398,1855
1782333957.1039832,1801
1782333957.114273,1728
1782333957.1142771,1792
1782333957.1142778,1940
1782333957.1142788,1910
1782333957.11428,1867
1782333957.114281,1866
1782333957.114281,1879
1782333957.114283,1843
1782333957.114284,1726
1782333957.114284,1788
1782333957.11555,1966
1782333957.1192698,1903
1782333957.119273,1892
1782333957.119274,1855
1782333957.119275,1874
1782333957.120542,1859
1782333957.121805,1715
1782333957.121807,1770
1782333957.12309,1983
1782333957.1243799,1931
1782333957.125668,1906
1782333957.1256871,1869
1782333957.126981,1861
1782333957.1282701,1857
1782333957.129555,1711
1782333957.13083,1770
1782333957.130832,1954
1782333957.132113,1899
1782333957.133926,1868
1782333957.133929,1861
1782333957.13393,1868
1782333957.144209,1847
1782333957.144212,1742
1782333957.144213,1784
1782333957.144214,1935
1782333957.144214,1935
1782333957.144215,1881
1782333957.144216,1839
1782333957.144216,1881
1782333957.144217,1877
1782333957.1442182,1759
1782333957.145483,1756
1782333957.149046,1877
1782333957.149049,1929
1782333957.14905,1878
1782333957.149051,1804
1782333957.150317,1859
1782333957.1516092,1878
1782333957.1529012,1831
1782333957.152907,1769
1782333957.154171,1822
1782333957.15545,1954
1782333957.156738,1884
1782333957.156744,1783
1782333957.158029,1842
1782333957.159316,1839
1782333957.1606138,1801
1782333957.161898,1727
1782333957.1619048,1789
1782333957.163193,1916
1782333957.164472,1877
1782333957.1744351,1855
1782333957.174437,1854
1782333957.174438,1842
1782333957.174439,1824
1782333957.17444,1711
1782333957.17444,1769
1782333957.1744409,1935
1782333957.174442,1893
1782333957.174443,1868
1782333957.174444,1849
1782333957.1757069,1836
1782333957.175709,1823
1782333957.179636,1695
1782333957.179638,1778
1782333957.179639,1982
1782333957.17964,1912
1782333957.180902,1899
1782333957.182183,1865
1782333957.183469,1862
1782333957.1847591,1862
1782333957.1847649,1726
1782333957.186079,1799
1782333957.187364,1981
1782333957.1886468,1919
1782333957.189934,1880
1782333957.189941,1849
1782333957.191226,1854
1782333957.19251,1856
1782333957.193793,1719
1782333957.1938,1766
1782333957.195085,1938
1782333957.196533,1916
1782333957.206767,1881
1782333957.20677,1834
1782333957.206771,1845
1782333957.2067719,1847
1782333957.206773,1748
1782333957.206774,1752
1782333957.206775,1886
1782333957.206775,1929
1782333957.2067761,1888
1782333957.206777,1801
1782333957.206778,1859
1782333957.208045,1839
1782333957.211785,1796
1782333957.211788,1746
1782333957.2117891,1797
1782333957.21179,1911
1782333957.213044,1867
1782333957.214331,1800
1782333957.215619,1865
1782333957.216892,1857
1782333957.2168992,1828
1782333957.218177,1761
1782333957.219459,1807
1782333957.220725,1967
1782333957.220727,1898
1782333957.222007,1884
1782333957.223295,1866
1782333957.2245839,1871
1782333957.226464,1870
1782333957.226466,1741
1782333957.236864,1821
1782333957.2368672,1977
1782333957.2368681,1917
1782333957.236869,1890
1782333957.2368698,1871
1782333957.236871,1866
1782333957.236872,1833
1782333957.236873,1720
1782333957.236873,1769
1782333957.2368739,1951
1782333957.236875,1884
1782333957.238139,1859
1782333957.24208,1839
1782333957.242082,1839
1782333957.242083,1837
1782333957.242084,1690
1782333957.243347,1743
1782333957.244627,1942
1782333957.245918,1887
1782333957.2459252,1860
1782333957.247212,1834
1782333957.248503,1850
1782333957.249794,1860
1782333957.2498,1728
1782333957.25108,1772
1782333957.252365,1956
1782333957.253667,1948
1782333957.2536829,1889
1782333957.2549849,1836
1782333957.256261,1846
1782333957.2663538,1842
1782333957.266356,1735
1782333957.266357,1762
1782333957.266357,1881
1782333957.266358,1921
1782333957.266359,1877
1782333957.26636,1788
1782333957.266361,1824
1782333957.266361,1828
1782333957.2663622,1775
1782333957.266363,1723
1782333957.267624,1778
1782333957.271273,1935
1782333957.271277,1895
1782333957.2712781,1805
1782333957.271279,1861
1782333957.272546,1882
1782333957.273834,1823
1782333957.273841,1743
1782333957.275127,1805
1782333957.276413,1962
1782333957.277699,1903
1782333957.277705,1871
1782333957.278987,1868
1782333957.280277,1847
1782333957.281565,1832
1782333957.282849,1722
1782333957.2828548,1785
1782333957.284137,1934
1782333957.2859561,1871
1782333957.2859578,1847
1782333957.296604,1837
1782333957.296607,1858
1782333957.296608,1836
1782333957.296609,1721
1782333957.29661,1773
1782333957.296611,1966
1782333957.296612,1919
1782333957.296612,1903
1782333957.2966132,1877
1782333957.296614,1865
1782333957.2978802,1831
1782333957.297882,1709
1782333957.301611,1791
1782333957.301614,1983
1782333957.301615,1916
1782333957.3028831,1886
1782333957.302885,1860
1782333957.304149,1871
1782333957.3054342,1864
1782333957.306724,1722
1782333957.306731,1790
1782333957.308013,1951
1782333957.309302,1922
1782333957.310584,1881
1782333957.311865,1832
1782333957.311871,1866
1782333957.313159,1864
1782333957.314431,1770
1782333957.3160691,1756
1782333957.3160708,1890
1782333957.326863,1930
1782333957.326866,1901
1782333957.3268669,1806
1782333957.326868,1858
1782333957.326869,1860
1782333957.32687,1790
1782333957.3268712,1737
1782333957.3268712,1803
1782333957.326872,1934
1782333957.326873,1886
1782333957.326874,1799
1782333957.328136,1849
1782333957.331937,1845
1782333957.3319402,1807
1782333957.3319411,1747
1782333957.3319418,1787
1782333957.3332322,1913
1782333957.334526,1879
1782333957.335813,1860
1782333957.33582,1835
1782333957.3371022,1819
1782333957.33839,1848
1782333957.339678,1736
1782333957.339684,1797
1782333957.340972,1935
1782333957.342261,1886
1782333957.343551,1858
1782333957.344841,1839
1782333957.3448472,1826
1782333957.346133,1844
1782333957.347497,1700
1782333957.358494,1758
1782333957.3584971,1943
1782333957.358498,1866
1782333957.358499,1852
1782333957.358499,1859
1782333957.3585,1855
1782333957.3585,1838
1782333957.3585012,1721
1782333957.358502,1802
1782333957.358502,1980
1782333957.3585029,1910
1782333957.359775,1871
1782333957.3597782,1839
1782333957.363483,1853
1782333957.363487,1864
1782333957.363488,1732
1782333957.364761,1793
1782333957.3647628,1966
1782333957.366047,1944
1782333957.367338,1901
1782333957.3686242,1845
1782333957.369909,1866
1782333957.369916,1842
1782333957.3712032,1748
1782333957.3724768,1761
1782333957.3737578,1888
1782333957.373764,1929
1782333957.3750489,1892
1782333957.3763342,1800
1782333957.377734,1881
1782333957.377738,1860
1782333957.3882701,1817
1782333957.388273,1761
1782333957.388274,1801
1782333957.388275,1931
1782333957.388275,1892
1782333957.3882759,1791
1782333957.388277,1842
1782333957.388278,1851
1782333957.388279,1817
1782333957.388279,1764
1782333957.3882802,1780
1782333957.38955,1912
1782333957.393153,1868
1782333957.393156,1826
1782333957.393157,1827
1782333957.393158,1838
1782333957.394424,1815
1782333957.395711,1721
1782333957.3957179,1790
1782333957.3969998,1948
1782333957.398283,1916
1782333957.399572,1855
1782333957.400857,1858
1782333957.400863,1845
1782333957.402148,1833
1782333957.4034328,1695
1782333957.404701,1770
1782333957.404703,1949
1782333957.405984,1893
1782333957.4075289,1874
1782333957.418368,1885
1782333957.418371,1863
1782333957.4183722,1862
1782333957.4183722,1719
1782333957.418373,1791
1782333957.4183738,1971
1782333957.4183738,1909
1782333957.418375,1880
1782333957.418376,1842
1782333957.418376,1827
1782333957.418377,1826
1782333957.419643,1696
1782333957.4196448,1756
1782333957.423408,1942
1782333957.423411,1938
1782333957.423412,1900
1782333957.42468,1857
1782333957.424682,1880
1782333957.425962,1864
1782333957.4272509,1764
1782333957.4285371,1778
1782333957.4298282,1899
1782333957.429835,1911
1782333957.4311,1881
1782333957.432384,1824
1782333957.433672,1874
1782333957.4336782,1868
1782333957.434963,1811
1782333957.436248,1773
1782333957.437521,1831
1782333957.438802,1940
1782333957.4388092,1892
1782333957.440077,1811
1782333957.450805,1856
1782333957.4508119,1844
1782333957.4508128,1802
1782333957.450814,1715
1782333957.450815,1766
1782333957.450816,1918
1782333957.450816,1887
1782333957.450817,1846
1782333957.450818,1849
1782333957.450819,1867
1782333957.4508202,1845
1782333957.452088,1751
1782333957.456392,1815
1782333957.456396,1972
1782333957.456397,1900
1782333957.456398,1880
1782333957.4576662,1868
1782333957.457668,1857
1782333957.458952,1848
1782333957.460227,1723
1782333957.461494,1792
1782333957.4627771,1967
1782333957.4627829,1916
1782333957.4640481,1894
1782333957.465329,1879
1782333957.466614,1873
1782333957.467902,1853
1782333957.467909,1702
1782333957.469174,1770
1782333957.470439,1948
1782333957.480747,1893
1782333957.48075,1860
1782333957.480751,1839
1782333957.480751,1854
1782333957.4807522,1861
1782333957.480753,1701
1782333957.480753,1746
1782333957.480754,1942
1782333957.4807549,1921
1782333957.4807549,1865
1782333957.480756,1823
1782333957.482027,1839
1782333957.485725,1824
1782333957.485729,1719
1782333957.48573,1723
1782333957.4857311,1885
1782333957.4870012,1911
1782333957.4882848,1854
1782333957.489574,1804
1782333957.490861,1848
1782333957.4908679,1839
1782333957.4921548,1785
1782333957.493429,1763
1782333957.49472,1826
1782333957.494727,1933
1782333957.496015,1887
1782333957.497319,1788
1782333957.4986172,1858
1782333957.500153,1848
1782333957.500155,1812
1782333957.510541,1739
1782333957.5105448,1790
1782333957.5105448,1945
1782333957.510546,1884
1782333957.510547,1862
1782333957.510547,1848
1782333957.5105479,1835
1782333957.510549,1804
1782333957.51055,1732
1782333957.51055,1807
1782333957.51182,1967
1782333957.5118232,1909
1782333957.515647,1867
1782333957.51565,1849
1782333957.515651,1839
1782333957.5156522,1828
1782333957.5156522,1691
1782333957.51693,1780
1782333957.518236,1935
1782333957.519535,1880
1782333957.520824,1839
1782333957.5208309,1847
1782333957.5221171,1831
1782333957.523401,1852
1782333957.524686,1707
1782333957.524692,1785
1782333957.525963,1999
1782333957.5272262,1931
1782333957.528505,1899
1782333957.529898,1877
1782333957.529901,1878
1782333957.540454,1886
1782333957.540458,1743
1782333957.540458,1780
1782333957.540459,1961
1782333957.54046,1913
1782333957.54046,1888
1782333957.540461,1851
1782333957.540462,1865
1782333957.540462,1862
1782333957.5404632,1728
1782333957.541733,1756
1782333957.541735,1902
1782333957.545686,1928
1782333957.5456882,1892
1782333957.545689,1831
1782333957.545689,1857
1782333957.5469708,1831
1782333957.5482612,1751
1782333957.549533,1719
1782333957.550813,1806
1782333957.55082,1912
1782333957.552089,1871
1782333957.553372,1785
1782333957.554658,1860
1782333957.5546649,1875
1782333957.555945,1844
1782333957.557229,1771
1782333957.5584939,1813
1782333957.559764,1987
1782333957.559767,1934
1782333957.570195,1871
1782333957.570198,1876
1782333957.570199,1883
1782333957.5702,1826
1782333957.5702,1736
1782333957.5702012,1791
1782333957.570202,1955
1782333957.570202,1903
1782333957.5702028,1860
1782333957.570204,1847
1782333957.571467,1839
1782333957.575182,1835
1782333957.5751839,1703
1782333957.5751848,1763
1782333957.575186,1965
1782333957.5764742,1890
1782333957.5777652,1860
1782333957.5777721,1859
1782333957.579059,1860
1782333957.580349,1836
1782333957.581633,1685
1782333957.582928,1780
1782333957.582934,1971
1782333957.5842,1918
1782333957.5854652,1881
1782333957.586748,1855
1782333957.586754,1865
1782333957.588038,1874
1782333957.589327,1718
1782333957.591184,1765
1782333957.591187,1961
1782333957.602062,1910
1782333957.6020648,1884
1782333957.6020658,1839
1782333957.602067,1864
1782333957.602067,1864
1782333957.602068,1736
1782333957.602069,1771
1782333957.60207,1930
1782333957.602071,1926
1782333957.602071,1879
1782333957.602072,1816
1782333957.6033332,1859
1782333957.60707,1846
1782333957.607073,1769
1782333957.607074,1753
1782333957.607075,1844
1782333957.608355,1939
1782333957.609636,1890
1782333957.609654,1784
1782333957.610949,1858
1782333957.6122398,1857
1782333957.6135292,1830
1782333957.614815,1748
1782333957.614822,1802
1782333957.616095,1960
1782333957.617383,1896
1782333957.6184661,1824
1782333957.6197581,1874
1782333957.619765,1865
1782333957.62173,1822
1782333957.621732,1727
1782333957.632288,1779
1782333957.632292,1967
1782333957.632292,1906
1782333957.6322932,1876
1782333957.632294,1833
1782333957.632294,1816
1782333957.632295,1807
1782333957.6322958,1663
1782333957.6322958,1734
1782333957.632297,1961
1782333957.6335628,1909
1782333957.637318,1870
1782333957.63732,1874
1782333957.637321,1830
1782333957.637322,1845
1782333957.638614,1698
1782333957.639905,1764
1782333957.639911,1982
1782333957.641196,1903
1782333957.6424801,1879
1782333957.6437702,1861
1782333957.643776,1857
1782333957.645061,1851
1782333957.646346,1696
1782333957.6476312,1759
1782333957.648947,1977
1782333957.6489532,1919
1782333957.6489558,1871
1782333957.6502411,1833
1782333957.651846,1844
1782333957.651849,1839
1782333957.662463,1702
1782333957.662466,1734
1782333957.662466,1919
1782333957.662467,1935
1782333957.6624682,1890
1782333957.6624682,1826
1782333957.6624691,1874
1782333957.6624699,1867
1782333957.6624699,1775
1782333957.6624708,1773
1782333957.663732,1862
1782333957.663734,1960
1782333957.6675358,1917
1782333957.667538,1800
1782333957.667539,1860
1782333957.668808,1862
1782333957.66881,1802
1782333957.670093,1711
1782333957.671384,1787
1782333957.672674,1971
1782333957.6726809,1905
1782333957.673964,1803
1782333957.6752489,1860
1782333957.676521,1862
1782333957.677802,1827
1782333957.677809,1728
1782333957.679094,1777
1782333957.680383,1994
1782333957.68167,1922
1782333957.6816761,1883
1782333957.6829429,1855
1782333957.6932428,1833
1782333957.693246,1829
1782333957.693247,1684
1782333957.693248,1752
1782333957.693248,1961
1782333957.693249,1897
1782333957.69325,1868
1782333957.69325,1852
1782333957.6932511,1852
1782333957.693252,1847
1782333957.694519,1679
1782333957.698247,1762
1782333957.69825,1994
1782333957.69825,1919
1782333957.698251,1877
1782333957.699519,1855
1782333957.7008,1845
1782333957.700806,1836
1782333957.702094,1659
1782333957.703383,1768
1782333957.70467,1991
1782333957.7046862,1921
1782333957.705966,1877
1782333957.7072499,1847
1782333957.7085388,1875
1782333957.7098281,1868
1782333957.709835,1711
1782333957.711117,1762
1782333957.712436,1965
1782333957.723099,1941
1782333957.723101,1885
1782333957.7231019,1814
1782333957.723103,1839
1782333957.723103,1832
1782333957.723104,1735
1782333957.723105,1723
1782333957.723105,1879
1782333957.7231061,1975
1782333957.7231061,1912
1782333957.723107,1798
1782333957.72438,1853
1782333957.728313,1833
1782333957.728317,1801
1782333957.728318,1716
1782333957.728318,1778
1782333957.7296178,1963
1782333957.73089,1917
1782333957.730892,1818
1782333957.732158,1880
1782333957.733438,1855
1782333957.7347279,1818
1782333957.734734,1711
1782333957.7360032,1790
1782333957.7372868,1982
1782333957.738576,1924
1782333957.739862,1892
1782333957.739868,1869
1782333957.741148,1845
1782333957.742434,1858
1782333957.7443478,1679
1782333957.744351,1759
1782333957.755154,1995
1782333957.755157,1912
1782333957.755158,1903
1782333957.7551591,1866
1782333957.7551591,1847
1782333957.75516,1862
1782333957.75516,1657
1782333957.755161,1740
1782333957.755162,2014
1782333957.755163,1923
1782333957.755163,1903
1782333957.756434,1866
1782333957.7602718,1867
1782333957.760274,1876
1782333957.760275,1663
1782333957.760276,1752
1782333957.761557,2024
1782333957.762846,1952
1782333957.7628531,1945
1782333957.764135,1861
1782333957.76542,1874
1782333957.76671,1896
1782333957.766716,1683
1782333957.768,1711
1782333957.7692878,1988
1782333957.7705731,1996
1782333957.771859,1930
1782333957.771866,1813
1782333957.7731452,1871
1782333957.77488,1869
1782333957.7748868,1715
1782333957.785512,1677
1782333957.785515,1870
1782333957.785516,2009
1782333957.785516,1935
1782333957.785517,1775
1782333957.7855182,1876
1782333957.7855182,1879
1782333957.7855191,1813
1782333957.7855191,1646
1782333957.78552,1731
1782333957.7855208,2039
1782333957.7867908,1982
1782333957.786794,1814
1782333957.790682,1881
1782333957.790685,1869
1782333957.790686,1782
1782333957.790687,1582
1782333957.7919512,1702
1782333957.7932422,2058
1782333957.79454,1990
1782333957.7958322,1960
1782333957.795839,1884
1782333957.797121,1860
1782333957.798406,1897
1782333957.799691,1575
1782333957.799697,1672
1782333957.800978,2123
1782333957.8022668,2012
1782333957.8041978,1989
1782333957.804201,1916
1782333957.814631,1903
1782333957.814634,1940
1782333957.814635,1557
1782333957.814636,1669
1782333957.814637,2125
1782333957.8146381,2044
1782333957.8146381,1991
1782333957.814639,1888
1782333957.81464,1867
1782333957.814641,1867
1782333957.814647,1501
1782333957.8159082,1608
1782333957.82006,2092
1782333957.8200629,2063
1782333957.820064,2022
1782333957.820065,1901
1782333957.821331,1948
1782333957.822612,1934
1782333957.823898,1579
1782333957.823905,1615
1782333957.8251688,2028
1782333957.826452,2061
1782333957.8277519,1999
1782333957.827758,1823
1782333957.829043,1902
1782333957.830333,1866
1782333957.8316128,1620
1782333957.832885,1519
1782333957.832886,1807
1782333957.834265,2048
1782333957.8448799,1981
1782333957.844883,1759
1782333957.844883,1899
1782333957.844884,1884
1782333957.844885,1790
1782333957.844885,1555
1782333957.844886,1663
1782333957.844887,2095
1782333957.844887,2009
1782333957.844888,1783
1782333957.8448892,1870
1782333957.846165,1896
1782333957.85022,1767
1782333957.850222,1475
1782333957.850223,1591
1782333957.850224,2059
1782333957.8514938,1985
1782333957.852777,1916
1782333957.8527832,1858
1782333957.85407,1882
1782333957.855359,1880
1782333957.856653,1483
1782333957.856669,1619
1782333957.857972,2083
1782333957.85924,1976
1782333957.860523,1932
1782333957.8618119,1861
1782333957.861818,1858
1782333957.863103,1882
1782333957.864376,1500
1782333957.8747761,1618
1782333957.874784,2093
1782333957.874785,1983
1782333957.8747861,1932
1782333957.874787,1886
1782333957.874787,1842
1782333957.874788,1847
1782333957.8747892,1496
1782333957.87479,1591
1782333957.874791,2058
1782333957.874791,1967
1782333957.876055,1949
1782333957.880008,1865
1782333957.880012,1890
1782333957.880013,1871
1782333957.880013,1562
1782333957.8810549,1629
1782333957.8823402,1980
1782333957.88363,1994
1782333957.884927,1922
1782333957.8849332,1822
1782333957.886218,1868
1782333957.887507,1858
1782333957.888792,1654
1782333957.8888,1633
1782333957.890079,1865
1782333957.89135,1971
1782333957.8926258,1897
1782333957.8939142,1724
1782333957.89392,1811
1782333957.895206,1806
1782333957.897043,1722
1782333957.897047,1610
1782333957.9074602,1731
1782333957.907462,1978
1782333957.9074628,1914
1782333957.907464,1726
1782333957.907465,1832
1782333957.907466,1842
1782333957.907466,1775
1782333957.9074671,1651
1782333957.907468,1735
1782333957.907469,1975
1782333957.908732,1915
1782333957.9087338,1862
1782333957.912842,1839
1782333957.912846,1825
1782333957.912847,1827
1782333957.912847,1636
1782333957.9128478,1734
1782333957.914109,1958
1782333957.915391,1890
1782333957.916676,1879
1782333957.916683,1848
1782333957.917969,1813
1782333957.919243,1818
1782333957.9205272,1647
1782333957.921819,1737
1782333957.921825,1970
1782333957.9231071,1903
1782333957.924372,1879
1782333957.925653,1870
1782333957.925659,1897
1782333957.926927,1913
1782333957.9370801,1816
1782333957.937082,1928
1782333957.9370828,2088
1782333957.937084,1994
1782333957.937085,1917
1782333957.937085,1827
1782333957.9370859,1778
1782333957.937087,1727
1782333957.937088,1620
1782333957.937089,1654
1782333957.9383512,1748
1782333957.942285,1730
1782333957.9422872,1722
1782333957.942288,1718
1782333957.942288,1739
1782333957.9435468,1743
