1782333966.4288461,1829
1782333966.430184,1839
1782333966.4315,1826
1782333966.43281,1807
1782333966.432819,1785
1782333966.434138,1796
1782333966.435423,1819
1782333966.4367201,1817
1782333966.436728,1851
1782333966.4378722,1870
1782333966.439222,1862
1782333966.440542,1842
1782333966.441826,1860
1782333966.4418309,1881
1782333966.443625,1887
1782333966.4440992,1889
1782333966.445379,1896
1782333966.445384,1894
1782333966.446676,1886
1782333966.446683,1874
1782333966.447982,1854
1782333966.44927,1870
1782333966.450549,1866
1782333966.45183,1836
1782333966.4518368,1821
1782333966.453333,1805
1782333966.454611,1807
1782333966.4546251,1807
1782333966.4559171,1810
1782333966.457215,1854
1782333966.458508,1850
1782333966.4597929,1862
1782333966.4598012,1910
1782333966.461086,1820
1782333966.4623702,1791
1782333966.463676,1789
1782333966.463682,1786
1782333966.464958,1758
1782333966.466242,1722
1782333966.467527,1665
1782333966.468809,1640
1782333966.4688158,1682
1782333966.4700952,1722
1782333966.471379,1753
1782333966.47259,1781
1782333966.474136,1821
1782333966.47414,1860
1782333966.475441,1889
1782333966.476715,1870
1782333966.4767191,1888
1782333966.477988,1903
1782333966.479268,1890
1782333966.480583,1895
1782333966.481865,1876
1782333966.481869,1917
1782333966.483144,1914
1782333966.484427,1879
1782333966.485715,1887
1782333966.485722,1856
1782333966.487015,1863
1782333966.4883058,1871
1782333966.489579,1861
1782333966.490863,1874
1782333966.49087,1858
1782333966.492151,1837
1782333966.493432,1855
1782333966.494715,1858
1782333966.494721,1864
1782333966.496005,1842
1782333966.4972959,1832
1782333966.498583,1828
1782333966.499862,1835
1782333966.499867,1818
1782333966.50115,1819
1782333966.502431,1795
1782333966.503828,1798
1782333966.503833,1803
1782333966.505119,1795
1782333966.506407,1800
1782333966.507694,1807
1782333966.507702,1833
1782333966.508971,1824
1782333966.510251,1829
1782333966.511532,1919
1782333966.5128162,1784
1782333966.512822,1807
1782333966.514109,1848
1782333966.515389,1864
1782333966.516674,1881
1782333966.5166888,1871
1782333966.517966,1857
1782333966.519239,1845
1782333966.520524,1831
1782333966.5218182,1817
1782333966.521826,1783
1782333966.523105,1792
1782333966.524385,1827
1782333966.525673,1832
1782333966.525679,1881
1782333966.526957,1903
1782333966.528239,1887
1782333966.529629,1869
1782333966.529665,1871
1782333966.5309708,1900
1782333966.532264,1885
1782333966.533536,1896
1782333966.534836,1917
1782333966.53484,1926
1782333966.5361469,1891
1782333966.5374231,1895
1782333966.538698,1892
1782333966.538702,1900
1782333966.539975,1887
1782333966.541248,1890
1782333966.542517,1884
1782333966.5438159,1864
1782333966.543825,1843
1782333966.545115,1871
1782333966.5464058,1896
1782333966.547693,1911
1782333966.547701,1919
1782333966.5489762,1894
1782333966.55025,1916
1782333966.551523,1916
1782333966.552804,1919
1782333966.552811,1901
1782333966.554091,1887
1782333966.555389,1871
1782333966.556683,1857
1782333966.55669,1854
1782333966.557974,1863
1782333966.559259,1878
1782333966.5605419,1894
1782333966.5618281,1959
1782333966.561834,1815
1782333966.5631151,1849
1782333966.564773,1855
1782333966.564779,1832
1782333966.5660532,1802
1782333966.5673301,1820
1782333966.5686028,1852
1782333966.569888,1857
1782333966.569895,1886
1782333966.57118,1871
1782333966.572462,1846
1782333966.57374,1829
1782333966.573744,1818
1782333966.575026,1821
1782333966.57631,1827
1782333966.5763159,1816
1782333966.577595,1820
1782333966.578877,1817
1782333966.5788841,1810
1782333966.580168,1814
1782333966.5814478,1819
1782333966.582732,1836
1782333966.582738,1853
1782333966.584021,1829
1782333966.585304,1799
1782333966.586586,1785
1782333966.587873,1784
1782333966.58788,1771
1782333966.589163,1775
1782333966.5904481,1767
1782333966.591736,1796
1782333966.591742,1787
1782333966.593152,1789
1782333966.594292,1791
1782333966.5956101,1805
1782333966.597321,1812
1782333966.5986078,1827
1782333966.5986161,1848
1782333966.5986261,1850
1782333966.5999,1839
1782333966.601183,1851
1782333966.602518,1849
1782333966.603831,1870
1782333966.603843,1854
1782333966.605176,1842
1782333966.606455,1863
1782333966.60775,1839
1782333966.607761,1844
1782333966.60906,1834
1782333966.610155,1958
1782333966.611504,1880
1782333966.612811,1882
1782333966.612823,1903
1782333966.614109,1897
1782333966.615405,1896
1782333966.6167092,1888
1782333966.616723,1855
1782333966.617991,1850
1782333966.619296,1838
1782333966.620605,1827
1782333966.621923,1834
1782333966.6219342,1863
1782333966.6232069,1926
1782333966.624486,1907
1782333966.6259918,1875
1782333966.625998,1861
1782333966.627329,1903
1782333966.6286101,1886
1782333966.6286259,1867
1782333966.629896,1852
1782333966.631168,1847
1782333966.632216,1837
1782333966.633514,1858
1782333966.634819,1838
1782333966.6348312,1844
1782333966.636134,1818
1782333966.6374452,1815
1782333966.6387699,1829
1782333966.638777,1798
1782333966.640068,1791
1782333966.641366,1800
1782333966.642497,1815
1782333966.643606,1810
1782333966.643627,1817
1782333966.644924,1829
1782333966.646156,1843
1782333966.647454,1853
1782333966.648771,1868
1782333966.648782,1824
1782333966.65008,1798
1782333966.651399,1806
1782333966.6527119,1835
1782333966.6527202,1819
1782333966.654037,1818
1782333966.655334,1829
1782333966.656621,1837
1782333966.656628,1857
1782333966.65807,1864
1782333966.659369,1882
1782333966.660504,1897
1782333966.66182,1919
1782333966.661831,1832
1782333966.663129,1835
1782333966.6644201,1839
1782333966.6657212,1849
1782333966.6657321,1858
1782333966.667027,1850
1782333966.668332,1849
1782333966.669634,1836
1782333966.669643,1848
1782333966.6709561,1842
1782333966.672257,1829
1782333966.673559,1836
1782333966.674853,1803
1782333966.674858,1785
1782333966.676141,1807
1782333966.67748,1807
1782333966.678795,1837
1782333966.678802,1833
1782333966.680086,1818
1782333966.681373,1799
1782333966.682661,1825
1782333966.682671,1800
1782333966.683962,1807
1782333966.686079,1833
1782333966.686089,1816
1782333966.687818,1806
1782333966.68783,1806
1782333966.689132,1842
1782333966.69043,1844
1782333966.691715,1838
1782333966.691722,1853
1782333966.6930099,1839
1782333966.6942961,1839
1782333966.6955788,1812
1782333966.696859,1820
1782333966.696865,1821
1782333966.698138,1820
1782333966.699411,1832
1782333966.700685,1846
1782333966.70069,1838
1782333966.701976,1881
1782333966.703268,1879
1782333966.704575,1894
1782333966.705885,1889
1782333966.7058969,1876
1782333966.707205,1871
1782333966.708498,1849
1782333966.709793,1860
1782333966.709803,1861
1782333966.7098072,1925
1782333966.711127,1814
1782333966.7124422,1837
1782333966.713748,1855
1782333966.713759,1826
1782333966.71509,1849
1782333966.716623,1834
1782333966.716684,1828
1782333966.718323,1839
1782333966.719629,1847
1782333966.719664,1867
1782333966.720941,1834
1782333966.722222,1833
1782333966.723496,1851
1782333966.724779,1879
1782333966.7247841,1861
1782333966.7260978,1866
1782333966.7274082,1864
1782333966.728714,1836
1782333966.728724,1847
1782333966.729981,1861
1782333966.7312691,1878
1782333966.732576,1890
1782333966.73388,1895
1782333966.733891,1876
1782333966.735204,1855
1782333966.736521,1807
1782333966.737824,1822
1782333966.737834,1796
1782333966.739128,1799
1782333966.7404318,1820
1782333966.7417312,1806
1782333966.741741,1826
1782333966.743038,1830
1782333966.7443452,1831
1782333966.7456598,1847
1782333966.7456782,1858
1782333966.7478652,1860
1782333966.7478778,1871
1782333966.750294,1875
1782333966.7503,1871
1782333966.7515788,1870
1782333966.752862,1854
1782333966.7528691,1854
1782333966.7539918,1850
1782333966.75527,1837
1782333966.756563,1839
1782333966.7578702,1839
1782333966.757882,1858
1782333966.759176,1854
1782333966.760471,1926
1782333966.761788,1828
1782333966.761806,1817
1782333966.7631,1817
1782333966.764398,1812
1782333966.765697,1825
1782333966.765706,1839
1782333966.768299,1819
1782333966.768312,1838
1782333966.769624,1832
1782333966.769689,1827
1782333966.771002,1828
1782333966.7723038,1838
1782333966.7736042,1839
1782333966.77491,1839
1782333966.774921,1847
1782333966.7762291,1860
1782333966.777545,1848
1782333966.779264,1852
1782333966.779277,1860
1782333966.781853,1845
1782333966.7818592,1828
1782333966.781861,1831
1782333966.783137,1856
1782333966.784409,1843
1782333966.7856991,1843
1782333966.785707,1839
1782333966.7869859,1826
1782333966.7882931,1830
1782333966.789598,1844
1782333966.790935,1864
1782333966.790941,1825
1782333966.792238,1821
1782333966.793539,1819
1782333966.7948391,1812
1782333966.794848,1803
1782333966.796154,1791
1782333966.797448,1831
1782333966.7987452,1853
1782333966.7987561,1864
1782333966.800052,1867
1782333966.8013709,1860
1782333966.802697,1861
1782333966.8027132,1871
1782333966.804018,1850
1782333966.8053539,1871
1782333966.806675,1855
1782333966.806682,1856
1782333966.8082502,1850
1782333966.8100438,1855
1782333966.81005,1914
1782333966.811248,1884
1782333966.812524,1802
1782333966.8137999,1838
1782333966.8138041,1854
1782333966.815072,1861
1782333966.816361,1838
1782333966.817482,1844
1782333966.8188002,1839
1782333966.818809,1854
1782333966.820112,1850
1782333966.821419,1847
1782333966.82272,1849
1782333966.8227332,1850
1782333966.824034,1851
1782333966.825335,1845
1782333966.8266518,1849
1782333966.8266602,1883
1782333966.827958,1884
1782333966.8292658,1886
1782333966.830569,1884
1782333966.831879,1902
1782333966.831889,1892
1782333966.8331819,1887
1782333966.834481,1889
1782333966.835785,1888
1782333966.835798,1871
1782333966.837148,1887
1782333966.838316,1866
1782333966.8397171,1858
1782333966.83973,1835
1782333966.842355,1816
1782333966.842366,1816
1782333966.843671,1801
1782333966.843679,1798
1782333966.843681,1790
1782333966.844969,1780
1782333966.846251,1772
1782333966.847542,1791
1782333966.848863,1811
1782333966.848873,1812
1782333966.8500311,1820
1782333966.8513238,1832
1782333966.852654,1809
1782333966.852694,1822
1782333966.854042,1833
1782333966.855351,1839
1782333966.8566458,1847
1782333966.8566551,1861
1782333966.857944,1894
1782333966.859164,1903
1782333966.860491,1926
1782333966.861802,1864
1782333966.861811,1855
1782333966.863096,1860
1782333966.86438,1866
1782333966.865675,1844
1782333966.8656871,1822
1782333966.8669891,1824
1782333966.868288,1830
1782333966.869608,1852
1782333966.8711889,1851
1782333966.8712032,1839
1782333966.873615,1820
1782333966.873631,1839
1782333966.8736598,1838
1782333966.874936,1849
1782333966.87621,1852
1782333966.877505,1855
1782333966.878816,1865
1782333966.878825,1844
1782333966.880117,1837
1782333966.881398,1848
1782333966.8826911,1839
1782333966.8827012,1811
1782333966.8840032,1811
1782333966.8852868,1828
1782333966.886604,1846
1782333966.88664,1865
1782333966.887945,1879
1782333966.8892422,1839
1782333966.890539,1828
1782333966.89184,1834
1782333966.891851,1811
1782333966.8931541,1824
1782333966.8944871,1834
1782333966.89583,1822
1782333966.895843,1834
1782333966.8971488,1813
1782333966.898452,1818
1782333966.899752,1802
1782333966.899762,1764
1782333966.901226,1774
1782333966.9035048,1797
1782333966.9035158,1815
1782333966.904811,1827
1782333966.9048162,1855
1782333966.90609,1864
1782333966.907361,1856
1782333966.908633,1847
1782333966.908637,1870
1782333966.9099278,1950
1782333966.911243,1852
1782333966.912548,1855
1782333966.913847,1868
1782333966.913858,1902
1782333966.915159,1903
1782333966.916457,1919
1782333966.917761,1885
1782333966.917772,1899
1782333966.918863,1895
1782333966.920175,1871
1782333966.921472,1857
1782333966.922774,1867
1782333966.922783,1862
1782333966.924085,1878
1782333966.925382,1846
1782333966.926579,1837
1782333966.927892,1838
1782333966.9279082,1850
1782333966.929249,1837
1782333966.9308748,1871
1782333966.930888,1849
1782333966.933055,1855
1782333966.933065,1858
1782333966.934382,1871
1782333966.935678,1858
1782333966.9356842,1858
1782333966.936966,1843
1782333966.9382532,1847
1782333966.9395578,1830
1782333966.940841,1807
1782333966.9408472,1822
1782333966.9421408,1812
1782333966.9434738,1832
1782333966.944799,1837
1782333966.9448068,1865
1782333966.9461389,1884
1782333966.947445,1880
1782333966.948729,1871
1782333966.948734,1871
1782333966.950028,1854
1782333966.951333,1831
1782333966.952655,1842
1782333966.952662,1855
1782333966.953981,1821
1782333966.95529,1839
1782333966.956586,1838
1782333966.95789,1805
1782333966.957901,1807
1782333966.959699,1821
1782333966.96065,1877
1782333966.960742,1839
1782333966.9633322,1826
1782333966.9633431,1824
1782333966.964622,1848
1782333966.964627,1830
1782333966.9659011,1835
1782333966.967176,1843
1782333966.968457,1838
1782333966.9697762,1851
1782333966.969782,1863
1782333966.9710798,1870
1782333966.9723809,1846
1782333966.973693,1836
1782333966.97371,1858
1782333966.97503,1885
1782333966.9763288,1880
1782333966.977663,1876
1782333966.977673,1846
1782333966.977676,1858
1782333966.978986,1850
1782333966.98031,1843
1782333966.981629,1867
1782333966.981691,1876
1782333966.982997,1857
1782333966.9841359,1855
1782333966.98545,1854
1782333966.986772,1848
1782333966.986785,1833
1782333966.988113,1854
1782333966.989426,1842
1782333966.99074,1834
1782333966.990751,1848
1782333966.992064,1834
1782333966.994914,1838
1782333966.9949281,1836
1782333966.994931,1835
1782333966.996212,1794
1782333966.99749,1797
1782333966.9987688,1803
1782333966.998775,1823
1782333967.0000472,1822
1782333967.001316,1812
1782333967.002645,1810
1782333967.002673,1832
1782333967.003984,1838
1782333967.005265,1843
1782333967.006536,1819
1782333967.007828,1839
1782333967.007839,1842
1782333967.009152,1866
1782333967.0104692,1910
1782333967.011779,1853
1782333967.011786,1848
1782333967.0128589,1855
1782333967.014144,1871
1782333967.0153291,1852
1782333967.016623,1862
1782333967.016672,1867
1782333967.017973,1854
1782333967.0193138,1855
1782333967.020652,1842
1782333967.0207171,1834
1782333967.022551,1851
1782333967.0252092,1839
1782333967.025218,1826
1782333967.0252218,1812
1782333967.0262961,1827
1782333967.0273762,1832
1782333967.028672,1812
1782333967.028681,1803
1782333967.029963,1807
1782333967.0312488,1819
1782333967.032522,1835
1782333967.033791,1835
1782333967.033795,1839
1782333967.035077,1871
1782333967.0363572,1894
1782333967.037629,1881
1782333967.037633,1865
1782333967.0389068,1877
1782333967.0402088,1885
1782333967.041491,1890
1782333967.042766,1903
1782333967.04277,1909
1782333967.0440378,1871
1782333967.045312,1871
1782333967.046593,1885
1782333967.04787,1880
1782333967.047874,1852
1782333967.0491588,1844
1782333967.0504398,1844
1782333967.051873,1876
1782333967.051879,1871
1782333967.053205,1874
1782333967.0544782,1864
1782333967.055748,1854
1782333967.055752,1833
1782333967.057037,1815
1782333967.0583239,1807
1782333967.059606,1842
1782333967.060909,1889
1782333967.0609138,1802
1782333967.06219,1822
1782333967.063475,1823
1782333967.064806,1830
1782333967.0648131,1830
1782333967.066085,1838
1782333967.067366,1831
1782333967.068637,1818
1782333967.068641,1825
1782333967.06992,1825
1782333967.0711942,1839
1782333967.072475,1850
1782333967.073756,1848
1782333967.073761,1828
1782333967.07503,1817
1782333967.076301,1812
1782333967.0775769,1828
1782333967.078847,1805
1782333967.078851,1832
1782333967.0801249,1842
1782333967.08144,1827
1782333967.0835562,1852
1782333967.0835588,1843
1782333967.084825,1812
1782333967.084828,1811
1782333967.086092,1816
1782333967.087361,1817
1782333967.0886369,1807
1782333967.0886421,1791
1782333967.089909,1827
1782333967.091174,1821
1782333967.092437,1823
1782333967.0937011,1829
1782333967.093704,1841
1782333967.094965,1849
1782333967.096226,1864
1782333967.097499,1884
1782333967.0987651,1855
1782333967.0987678,1839
1782333967.100034,1844
1782333967.1012962,1811
1782333967.102558,1794
1782333967.103828,1802
1782333967.103831,1805
1782333967.105119,1795
1782333967.1063948,1791
1782333967.107679,1787
1782333967.107685,1814
1782333967.108971,1827
1782333967.110255,1901
1782333967.111535,1865
1782333967.111538,1833
1782333967.1128,1849
1782333967.112802,1875
1782333967.114072,1886
1782333967.115362,1890
1782333967.116651,1902
1782333967.116658,1866
1782333967.11794,1874
1782333967.119224,1877
1782333967.120509,1906
1782333967.1217978,1917
1782333967.121805,1900
1782333967.1230972,1898
1782333967.124383,1896
1782333967.125658,1897
1782333967.12566,1889
1782333967.126941,1877
1782333967.1282291,1885
1782333967.129513,1901
1782333967.130798,1889
1782333967.130805,1887
1782333967.132086,1858
1782333967.1333709,1871
1782333967.134655,1857
1782333967.1346612,1855
1782333967.135942,1842
1782333967.137229,1835
1782333967.1385128,1833
1782333967.1397839,1822
1782333967.139786,1825
1782333967.141065,1820
1782333967.1423512,1810
1782333967.143865,1815
1782333967.1438668,1814
1782333967.145129,1828
1782333967.14626,1826
1782333967.14757,1837
1782333967.1488461,1836
1782333967.14885,1835
1782333967.150134,1821
1782333967.1514082,1839
1782333967.152688,1855
1782333967.152694,1857
1782333967.153976,1851
1782333967.155275,1839
1782333967.156551,1842
1782333967.157822,1829
1782333967.1578271,1835
1782333967.159095,1839
1782333967.160376,1885
1782333967.161661,1820
1782333967.161667,1807
1782333967.162945,1816
1782333967.1642392,1821
1782333967.165523,1826
1782333967.166812,1839
1782333967.1668181,1830
1782333967.1680992,1830
1782333967.1693702,1839
1782333967.170641,1824
1782333967.170646,1817
1782333967.171916,1839
1782333967.173561,1834
1782333967.174839,1832
1782333967.1748438,1839
1782333967.1761138,1831
1782333967.177388,1823
1782333967.178661,1839
1782333967.178665,1842
1782333967.179934,1850
1782333967.181205,1867
1782333967.182476,1863
1782333967.183744,1856
1782333967.183748,1858
1782333967.185014,1860
1782333967.186284,1851
1782333967.187552,1874
1782333967.188829,1862
1782333967.1888351,1850
1782333967.190102,1835
1782333967.191369,1815
1782333967.192637,1843
1782333967.19264,1849
1782333967.1939042,1839
1782333967.1951702,1832
1782333967.196438,1838
1782333967.1977038,1846
1782333967.197706,1857
1782333967.1989682,1848
1782333967.200232,1845
1782333967.2014961,1864
1782333967.20276,1832
1782333967.202762,1822
1782333967.204024,1849
1782333967.205296,1855
1782333967.20657,1844
1782333967.20784,1842
1782333967.207844,1817
1782333967.209103,1850
1782333967.210367,1883
1782333967.21163,1794
1782333967.211632,1818
1782333967.212893,1844
1782333967.214159,1832
1782333967.2154229,1831
1782333967.216684,1818
1782333967.216686,1839
1782333967.2179468,1838
1782333967.219208,1839
1782333967.220469,1839
1782333967.221729,1830
1782333967.2217312,1851
1782333967.222993,1831
1782333967.224261,1837
1782333967.2255402,1848
1782333967.226822,1851
1782333967.226828,1863
1782333967.228097,1875
1782333967.229374,1881
1782333967.230655,1862
1782333967.2306612,1861
1782333967.231943,1856
1782333967.233226,1839
1782333967.234497,1847
1782333967.235766,1844
1782333967.2357702,1828
1782333967.2370298,1839
1782333967.238324,1837
1782333967.239603,1842
1782333967.239607,1830
1782333967.24087,1845
1782333967.242149,1852
1782333967.243435,1855
1782333967.244719,1871
1782333967.244726,1850
1782333967.244729,1839
1782333967.246009,1828
1782333967.247299,1851
1782333967.248577,1870
1782333967.249861,1855
1782333967.249867,1847
1782333967.251147,1849
1782333967.252429,1833
1782333967.253713,1829
1782333967.253719,1837
1782333967.255004,1836
1782333967.256278,1853
1782333967.257558,1846
1782333967.2588391,1839
1782333967.2588449,1895
1782333967.2601159,1846
1782333967.261396,1855
1782333967.262679,1850
1782333967.262686,1875
1782333967.264527,1861
1782333967.265795,1854
1782333967.2657988,1858
1782333967.2670772,1853
1782333967.268351,1853
1782333967.269632,1847
1782333967.2696419,1849
1782333967.270924,1853
1782333967.27222,1856
1782333967.273509,1846
1782333967.274793,1851
1782333967.276078,1861
1782333967.276084,1842
1782333967.277364,1823
1782333967.278649,1835
1782333967.278655,1846
1782333967.279935,1849
1782333967.281209,1859
1782333967.282488,1839
1782333967.283774,1827
1782333967.28378,1822
1782333967.2850611,1835
1782333967.286342,1827
1782333967.287637,1834
1782333967.287646,1823
1782333967.288932,1812
1782333967.290215,1839
1782333967.291497,1855
1782333967.292781,1822
1782333967.2927868,1846
1782333967.294067,1838
1782333967.295348,1827
1782333967.297577,1820
1782333967.297585,1827
1782333967.2989068,1842
1782333967.298913,1857
1782333967.3001962,1869
1782333967.301476,1866
1782333967.302759,1866
1782333967.302766,1859
1782333967.304047,1849
1782333967.305333,1839
1782333967.3066182,1850
1782333967.306624,1865
1782333967.308001,1865
1782333967.309349,1848
1782333967.3106802,1871
1782333967.310694,1810
1782333967.3120499,1807
1782333967.313328,1814
1782333967.314674,1829
1782333967.314686,1842
1782333967.315797,1838
1782333967.317119,1833
1782333967.318411,1822
1782333967.319735,1830
1782333967.3197591,1838
1782333967.321088,1847
1782333967.322387,1847
1782333967.323667,1859
1782333967.323671,1862
1782333967.324985,1861
1782333967.327536,1850
1782333967.3275468,1824
1782333967.328835,1818
1782333967.328842,1826
1782333967.3301198,1848
1782333967.3314219,1846
1782333967.332733,1844
1782333967.332741,1839
1782333967.334024,1861
1782333967.335309,1864
1782333967.336659,1836
1782333967.336689,1846
1782333967.33804,1865
1782333967.339254,1868
1782333967.340544,1855
1782333967.34186,1867
1782333967.34187,1839
1782333967.343167,1836
1782333967.344501,1839
1782333967.345815,1849
1782333967.3458219,1838
1782333967.347137,1861
1782333967.348442,1855
1782333967.349739,1836
1782333967.34975,1844
1782333967.351069,1848
1782333967.352412,1879
1782333967.353747,1864
1782333967.353757,1852
1782333967.355052,1835
1782333967.357564,1844
1782333967.35758,1858
1782333967.358866,1856
1782333967.3588722,1858
1782333967.360136,1919
1782333967.3614368,1832
1782333967.362657,1834
1782333967.3626812,1847
1782333967.3639832,1836
1782333967.3652742,1834
1782333967.366566,1862
1782333967.367869,1854
1782333967.3678799,1844
1782333967.369211,1830
1782333967.370523,1823
1782333967.3718421,1839
1782333967.371849,1824
1782333967.373135,1835
1782333967.3744268,1848
1782333967.3757231,1846
1782333967.375735,1843
1782333967.3770502,1828
1782333967.37838,1816
1782333967.378392,1818
1782333967.3797219,1818
1782333967.3797278,1834
1782333967.380908,1815
1782333967.3822389,1807
1782333967.383573,1818
1782333967.384671,1818
1782333967.384678,1821
1782333967.386095,1849
1782333967.387776,1853
1782333967.387784,1832
1782333967.3890948,1842
1782333967.390398,1839
1782333967.3916879,1838
1782333967.391695,1863
1782333967.392819,1850
1782333967.394117,1847
1782333967.3954408,1861
1782333967.396748,1858
1782333967.3967612,1839
1782333967.398049,1839
1782333967.399337,1834
1782333967.400672,1847
1782333967.400684,1839
1782333967.402019,1847
1782333967.403351,1847
1782333967.404693,1836
1782333967.404704,1843
1782333967.4060092,1847
1782333967.407243,1842
1782333967.408545,1835
1782333967.409659,1880
1782333967.409665,1833
1782333967.41099,1842
1782333967.412307,1834
1782333967.413606,1843
1782333967.413644,1830
1782333967.414937,1816
1782333967.417511,1828
1782333967.4175181,1818
1782333967.418815,1818
1782333967.4188302,1826
1782333967.420125,1838
1782333967.4214242,1829
1782333967.422567,1860
1782333967.423896,1835
1782333967.423917,1822
1782333967.4252229,1855
1782333967.426327,1847
1782333967.4276638,1846
1782333967.4276989,1860
1782333967.42902,1858
1782333967.430342,1851
1782333967.43166,1839
1782333967.431674,1843
1782333967.432971,1839
1782333967.434279,1835
1782333967.4356391,1850
1782333967.4356768,1851
1782333967.436992,1845
1782333967.438281,1858
1782333967.43958,1845
1782333967.4409,1856
1782333967.440907,1855
1782333967.442206,1870
1782333967.443509,1869
1782333967.444855,1861
1782333967.444868,1861
1782333967.446196,1862
1782333967.447509,1857
1782333967.448597,1855
1782333967.4511318,1826
1782333967.4511418,1836
1782333967.451145,1833
1782333967.45244,1855
1782333967.453745,1836
1782333967.453755,1831
1782333967.4550679,1839
1782333967.456367,1833
1782333967.457649,1807
1782333967.457654,1829
1782333967.458923,1859
1782333967.460374,1892
1782333967.461712,1831
1782333967.4617212,1834
1782333967.4630558,1834
1782333967.464268,1837
1782333967.465628,1853
1782333967.465665,1842
1782333967.466948,1853
1782333967.468266,1849
1782333967.469588,1848
1782333967.4708931,1837
1782333967.470904,1843
1782333967.472213,1842
1782333967.4734988,1852
1782333967.474794,1852
1782333967.4748049,1848
1782333967.4761002,1862
1782333967.477613,1867
1782333967.477869,1867
1782333967.4795468,1866
1782333967.480839,1876
1782333967.4808462,1878
1782333967.481937,1844
1782333967.483225,1884
1782333967.484521,1890
1782333967.485822,1885
1782333967.485831,1858
1782333967.4871502,1850
1782333967.488482,1862
1782333967.4897852,1850
1782333967.489797,1825
1782333967.491105,1823
1782333967.4924119,1828
1782333967.493456,1824
1782333967.494781,1802
1782333967.4947891,1807
1782333967.496108,1810
1782333967.497387,1836
1782333967.498592,1796
1782333967.4986181,1807
1782333967.4999192,1833
1782333967.501216,1850
1782333967.502526,1829
1782333967.503835,1848
1782333967.503843,1875
1782333967.505116,1853
1782333967.506426,1823
1782333967.5076668,1839
1782333967.507703,1848
1782333967.510562,1864
1782333967.510576,1893
1782333967.510578,1820
1782333967.5118809,1831
1782333967.511891,1833
1782333967.513175,1848
1782333967.514477,1811
1782333967.515774,1826
1782333967.5157812,1863
1782333967.517075,1851
1782333967.518414,1833
1782333967.519545,1852
1782333967.520871,1858
1782333967.5208802,1860
1782333967.522187,1823
1782333967.523478,1844
1782333967.5248,1864
1782333967.524808,1879
1782333967.526123,1878
1782333967.527456,1878
1782333967.528781,1839
1782333967.52879,1855
1782333967.5301068,1826
1782333967.531403,1850
1782333967.532724,1878
1782333967.5327308,1856
1782333967.5340319,1847
1782333967.535149,1848
1782333967.536479,1869
1782333967.5377762,1864
1782333967.537784,1829
1782333967.539093,1843
1782333967.540482,1878
1782333967.5435038,1857
1782333967.543514,1852
1782333967.5435169,1839
1782333967.544835,1826
1782333967.544845,1818
1782333967.546155,1763
1782333967.5474691,1799
1782333967.548765,1858
1782333967.548773,1843
1782333967.550068,1844
1782333967.551383,1834
1782333967.5527098,1847
1782333967.552719,1839
1782333967.554046,1824
1782333967.5553741,1834
1782333967.556677,1868
1782333967.556685,1865
1782333967.558003,1851
1782333967.55932,1909
1782333967.5606341,1850
1782333967.560678,1839
1782333967.562007,1847
1782333967.563312,1838
1782333967.5646122,1855
1782333967.5646951,1858
1782333967.56601,1855
1782333967.5673192,1849
1782333967.5695648,1839
1782333967.5695832,1818
1782333967.571271,1806
1782333967.571286,1801
1782333967.5733702,1830
1782333967.57338,1861
1782333967.574665,1834
1782333967.574672,1828
1782333967.575994,1855
1782333967.577307,1845
1782333967.5786161,1837
1782333967.57864,1798
1782333967.5799282,1821
1782333967.581218,1876
1782333967.5825212,1839
1782333967.583822,1831
1782333967.5838342,1838
1782333967.58514,1823
1782333967.586455,1814
1782333967.5877628,1803
1782333967.5877702,1828
1782333967.5890582,1861
1782333967.590353,1850
1782333967.591671,1847
1782333967.5916789,1854
1782333967.592983,1864
1782333967.594295,1865
1782333967.595624,1830
1782333967.595693,1839
1782333967.597027,1867
1782333967.598358,1856
1782333967.600466,1846
1782333967.600478,1851
1782333967.603233,1836
1782333967.603242,1851
1782333967.603245,1821
1782333967.604546,1842
1782333967.605849,1879
1782333967.605858,1849
1782333967.607145,1853
1782333967.608442,1863
1782333967.6097448,1862
1782333967.609757,1889
1782333967.610877,1836
1782333967.6122298,1850
1782333967.6135428,1847
1782333967.6148422,1844
1782333967.614851,1839
1782333967.616149,1855
1782333967.617453,1853
1782333967.618784,1843
1782333967.618794,1810
1782333967.620107,1826
1782333967.621409,1837
1782333967.6225731,1833
1782333967.62386,1847
1782333967.623868,1855
1782333967.625161,1870
1782333967.626462,1868
1782333967.627809,1858
1782333967.627829,1844
1782333967.62919,1855
1782333967.630767,1871
1782333967.6307788,1844
1782333967.634052,1838
1782333967.634061,1866
1782333967.634064,1881
1782333967.635375,1845
1782333967.636673,1850
1782333967.6366808,1869
1782333967.6379688,1879
1782333967.6392598,1863
1782333967.640513,1849
1782333967.6418188,1844
1782333967.641829,1839
1782333967.64312,1842
1782333967.6431308,1845
1782333967.644469,1870
1782333967.6457999,1858
1782333967.64581,1835
1782333967.647118,1832
1782333967.64841,1855
1782333967.649709,1867
1782333967.64972,1852
1782333967.651016,1865
1782333967.652342,1861
1782333967.6536682,1844
1782333967.6536791,1839
1782333967.6549811,1838
1782333967.656283,1839
1782333967.657587,1814
1782333967.658885,1821
1782333967.658897,1835
1782333967.661271,1771
1782333967.6612911,1802
1782333967.664576,1830
1782333967.664588,1830
1782333967.664591,1827
1782333967.665897,1830
1782333967.665907,1829
1782333967.667207,1838
1782333967.668511,1835
1782333967.669812,1837
1782333967.669824,1831
1782333967.670979,1830
1782333967.672299,1817
1782333967.673592,1831
1782333967.673613,1842
1782333967.674908,1850
1782333967.676217,1839
1782333967.677545,1855
1782333967.6788638,1848
1782333967.6788712,1828
1782333967.680166,1827
1782333967.681453,1819
1782333967.6827798,1839
1782333967.6827898,1829
1782333967.684115,1823
1782333967.685429,1838
1782333967.686744,1835
1782333967.6867552,1855
1782333967.6880581,1846
1782333967.689348,1825
1782333967.6919959,1820
1782333967.692008,1842
1782333967.692012,1845
1782333967.694922,1839
1782333967.694935,1822
1782333967.6949382,1836
1782333967.696234,1837
1782333967.6975172,1844
1782333967.698817,1846
1782333967.698826,1855
1782333967.700136,1846
1782333967.701417,1867
1782333967.702709,1846
1782333967.7027168,1860
1782333967.7040179,1837
1782333967.705316,1855
1782333967.706642,1858
1782333967.7066681,1851
1782333967.707972,1836
1782333967.709292,1879
1782333967.710624,1841
1782333967.710644,1815
1782333967.71196,1813
1782333967.713283,1838
1782333967.714561,1851
1782333967.7158458,1836
1782333967.715853,1856
1782333967.7171452,1866
1782333967.7184582,1883
1782333967.7197828,1860
1782333967.719795,1839
1782333967.721111,1847
1782333967.7233942,1869
1782333967.723412,1856
1782333967.7263649,1843
1782333967.7263758,1855
1782333967.726378,1862
1782333967.727693,1861
1782333967.727702,1864
1782333967.7289941,1864
1782333967.7303019,1864
1782333967.731616,1862
1782333967.731647,1865
1782333967.7329412,1853
1782333967.734236,1839
1782333967.735563,1863
1782333967.736886,1852
1782333967.736894,1852
1782333967.73822,1861
1782333967.7395048,1867
1782333967.7407901,1856
1782333967.740797,1859
1782333967.742082,1858
1782333967.743361,1861
1782333967.744651,1867
1782333967.744663,1835
1782333967.7459688,1848
1782333967.7472918,1837
1782333967.7485921,1847
1782333967.7499,1836
1782333967.749911,1852
1782333967.7512,1851
1782333967.752613,1855
1782333967.7526278,1865
1782333967.754591,1835
1782333967.754622,1835
1782333967.755899,1843
1782333967.757171,1850
1782333967.758443,1855
1782333967.759655,1867
1782333967.759673,1864
1782333967.7609441,1825
1782333967.7622411,1820
1782333967.7635431,1839
1782333967.764823,1835
1782333967.7648268,1821
1782333967.766117,1828
1782333967.7674172,1827
1782333967.768708,1818
1782333967.768714,1836
1782333967.7700338,1853
1782333967.771341,1839
1782333967.772622,1837
1782333967.772626,1866
1782333967.773916,1858
1782333967.7752168,1874
1782333967.7752278,1861
1782333967.776312,1864
1782333967.777644,1836
1782333967.7776709,1845
1782333967.778968,1817
1782333967.780295,1816
1782333967.7822049,1834
1782333967.782209,1864
1782333967.784203,1850
1782333967.784207,1833
1782333967.785506,1826
1782333967.7867851,1829
1782333967.78679,1838
1782333967.788059,1823
1782333967.7893388,1796
1782333967.790394,1839
1782333967.7916968,1838
1782333967.791709,1852
1782333967.7930071,1822
1782333967.7943192,1812
1782333967.7956522,1834
1782333967.795679,1813
1782333967.797011,1818
1782333967.79832,1846
1782333967.799607,1848
1782333967.7996318,1846
1782333967.800946,1817
1782333967.802273,1827
1782333967.803615,1850
1782333967.803639,1839
1782333967.80493,1854
1782333967.8062239,1852
1782333967.807521,1863
1782333967.808806,1851
1782333967.8088121,1874
1782333967.8101,1803
1782333967.8112378,1832
1782333967.8138099,1825
1782333967.813815,1810
1782333967.813817,1812
1782333967.815088,1837
1782333967.8163662,1845
1782333967.8176389,1853
1782333967.817643,1839
1782333967.818914,1860
1782333967.820239,1853
1782333967.821541,1834
1782333967.822824,1862
1782333967.822827,1865
1782333967.824119,1860
1782333967.8254201,1864
1782333967.826741,1863
1782333967.826752,1867
1782333967.8280509,1856
1782333967.829375,1846
1782333967.830646,1838
1782333967.83065,1862
1782333967.831917,1844
1782333967.833188,1827
1782333967.834482,1851
1782333967.835797,1857
1782333967.835806,1866
1782333967.837104,1850
1782333967.838409,1871
1782333967.839691,1871
1782333967.8396952,1881
1782333967.840985,1879
1782333967.842286,1879
1782333967.844341,1861
1782333967.844346,1838
1782333967.8461618,1828
1782333967.846167,1824
1782333967.847455,1839
1782333967.848733,1836
1782333967.848737,1837
1782333967.850008,1815
1782333967.851305,1812
1782333967.852632,1821
1782333967.852658,1827
1782333967.8539572,1813
1782333967.855267,1825
1782333967.856549,1839
1782333967.857842,1861
1782333967.857853,1855
1782333967.859154,1903
1782333967.860458,1825
1782333967.861763,1822
1782333967.861774,1839
1782333967.8630688,1866
1782333967.864353,1892
1782333967.8656461,1883
1782333967.865658,1860
1782333967.8669708,1861
1782333967.868277,1870
1782333967.8695948,1871
1782333967.870901,1826
1782333967.870909,1813
1782333967.8722181,1827
1782333967.8733811,1815
1782333967.87467,1817
1782333967.874677,1846
1782333967.876904,1869
1782333967.876912,1856
1782333967.878193,1839
1782333967.879415,1857
1782333967.880689,1899
1782333967.880694,1895
1782333967.881988,1871
1782333967.883292,1859
1782333967.884577,1847
1782333967.885893,1850
1782333967.8859,1813
1782333967.88721,1826
1782333967.8885171,1855
1782333967.8898208,1839
1782333967.889832,1849
1782333967.8911302,1845
1782333967.8924422,1850
1782333967.893755,1825
1782333967.8937669,1805
1782333967.895094,1815
1782333967.896388,1871
1782333967.897672,1868
1782333967.8976798,1843
1782333967.898999,1826
1782333967.9002838,1862
1782333967.901577,1867
1782333967.902872,1835
1782333967.902882,1823
1782333967.9044569,1865
1782333967.9073138,1867
1782333967.90732,1842
1782333967.9073222,1861
1782333967.908606,1870
1782333967.908612,1889
1782333967.908639,1871
1782333967.9099169,1837
1782333967.911202,1824
1782333967.912479,1849
1782333967.913768,1833
1782333967.9137769,1839
1782333967.915072,1853
1782333967.916372,1822
1782333967.917692,1807
1782333967.9177,1804
1782333967.919036,1814
1782333967.920344,1847
1782333967.921632,1828
1782333967.921639,1832
1782333967.9229472,1846
1782333967.924247,1818
1782333967.925544,1818
1782333967.926808,1818
1782333967.926817,1828
1782333967.928133,1859
1782333967.9294379,1848
1782333967.9307368,1845
1782333967.930746,1832
1782333967.932064,1827
1782333967.934026,1818
1782333967.934036,1812
1782333967.937397,1837
1782333967.937407,1868
1782333967.937409,1857
1782333967.93869,1842
1782333967.938696,1850
1782333967.939981,1849
1782333967.941256,1832
1782333967.9424598,1823
1782333967.943753,1826
1782333967.9437618,1866
1782333967.9450371,1875
1782333967.946333,1862
1782333967.947653,1860
1782333967.947665,1871
1782333967.948947,1859
1782333967.950241,1821
1782333967.951287,1854
1782333967.952599,1876
1782333967.953931,1857
1782333967.953939,1855
1782333967.955221,1857
1782333967.956495,1854
1782333967.957786,1868
1782333967.957797,1838
1782333967.959075,1860
1782333967.960363,1828
1782333967.961665,1824
1782333967.9616718,1847
1782333967.962956,1825
1782333967.964416,1852
1782333967.966611,1836
1782333967.966618,1801
1782333967.966645,1807
1782333967.967927,1839
1782333967.969213,1828
1782333967.970502,1839
1782333967.971794,1838
1782333967.971802,1853
1782333967.973088,1835
1782333967.974366,1829
1782333967.97564,1844
1782333967.975646,1843
1782333967.976933,1860
1782333967.978215,1839
1782333967.979488,1844
1782333967.980758,1867
1782333967.980762,1860
1782333967.982037,1837
1782333967.983304,1821
1782333967.984575,1837
1782333967.985846,1839
1782333967.9858508,1838
1782333967.987145,1852
1782333967.9884422,1850
1782333967.989741,1830
1782333967.989751,1852
1782333967.991044,1851
1782333967.992343,1865
1782333967.993682,1860
1782333967.993699,1868
1782333967.995039,1838
1782333967.9970949,1853
1782333967.9971058,1852
1782333968.0000892,1832
1782333968.000096,1855
1782333968.0000992,1854
1782333968.0012841,1866
1782333968.0025651,1855
1782333968.003846,1847
1782333968.003851,1831
1782333968.004941,1848
1782333968.006217,1818
1782333968.007514,1819
1782333968.0088189,1824
1782333968.00883,1891
1782333968.01015,1830
1782333968.011452,1839
1782333968.0127559,1844
1782333968.012772,1849
1782333968.014064,1852
1782333968.015347,1855
1782333968.0166578,1855
1782333968.0169458,1866
1782333968.018254,1845
1782333968.019558,1849
1782333968.020867,1865
1782333968.020879,1849
1782333968.022191,1831
1782333968.023494,1802
1782333968.0252821,1803
1782333968.025295,1799
1782333968.029588,1798
1782333968.029603,1824
1782333968.0296059,1824
1782333968.029609,1839
1782333968.029655,1836
1782333968.0309389,1811
1782333968.0322099,1838
1782333968.033487,1844
1782333968.0347662,1858
1782333968.034771,1845
1782333968.0360808,1839
1782333968.037396,1855
1782333968.0387058,1875
1782333968.038719,1867
1782333968.039914,1855
1782333968.0399208,1847
1782333968.0412061,1858
1782333968.0424588,1855
1782333968.043766,1851
1782333968.0437791,1871
1782333968.045098,1854
1782333968.0464032,1823
1782333968.047703,1820
1782333968.047714,1826
1782333968.049027,1833
1782333968.050111,1828
1782333968.0512981,1830
1782333968.052622,1839
1782333968.052692,1860
1782333968.054007,1866
1782333968.056261,1862
1782333968.056273,1870
1782333968.0602372,1879
1782333968.060245,1891
1782333968.060281,1864
1782333968.060286,1848
1782333968.061574,1860
1782333968.062848,1870
1782333968.062853,1839
1782333968.06412,1843
1782333968.06539,1857
1782333968.0666811,1877
1782333968.066692,1875
1782333968.067826,1871
1782333968.06914,1871
1782333968.070451,1871
1782333968.071754,1861
1782333968.071767,1866
1782333968.073067,1849
1782333968.074346,1869
1782333968.075618,1855
1782333968.075624,1864
1782333968.07692,1831
1782333968.0782201,1851
1782333968.079516,1842
1782333968.0808132,1839
1782333968.0808241,1834
1782333968.082125,1831
1782333968.083424,1853
1782333968.084724,1836
1782333968.084736,1833
1782333968.086991,1836
1782333968.0870059,1839
1782333968.090053,1820
1782333968.090061,1819
1782333968.0900638,1834
1782333968.091338,1826
1782333968.092438,1821
1782333968.093717,1839
1782333968.0937228,1852
1782333968.0949981,1862
1782333968.096294,1837
1782333968.097601,1851
1782333968.098899,1852
1782333968.0989041,1871
1782333968.1002,1830
1782333968.101501,1853
1782333968.102807,1870
1782333968.102819,1876
1782333968.104117,1842
1782333968.105421,1852
1782333968.1067038,1865
1782333968.106708,1864
1782333968.107997,1837
1782333968.1092968,1871
1782333968.1105962,1815
1782333968.1119301,1824
1782333968.1119401,1837
1782333968.11328,1820
1782333968.114597,1820
1782333968.115944,1845
1782333968.115959,1825
1782333968.120942,1823
1782333968.120951,1850
1782333968.120953,1839
1782333968.120955,1839
1782333968.120957,1832
1782333968.1235049,1827
1782333968.1235101,1830
1782333968.12478,1836
1782333968.1247842,1837
1782333968.126079,1845
1782333968.127367,1834
1782333968.1286669,1815
1782333968.1286788,1837
1782333968.1299741,1854
1782333968.1312718,1843
1782333968.1325529,1822
1782333968.133847,1827
1782333968.133858,1846
1782333968.1351628,1866
1782333968.136482,1856
1782333968.1377852,1852
1782333968.137795,1842
1782333968.139085,1834
1782333968.140376,1831
1782333968.141675,1823
1782333968.141685,1812
1782333968.142987,1833
1782333968.144316,1846
1782333968.1456268,1854
1782333968.1456902,1861
1782333968.146996,1861
1782333968.149431,1853
1782333968.149442,1850
1782333968.152643,1857
1782333968.1526499,1855
1782333968.152652,1848
1782333968.1526551,1855
1782333968.153929,1834
1782333968.1552,1842
1782333968.156298,1828
1782333968.1575758,1815
1782333968.1588721,1828
1782333968.158883,1886
1782333968.160185,1807
1782333968.161505,1796
1782333968.162848,1826
1782333968.1628559,1859
1782333968.164164,1843
1782333968.165463,1871
1782333968.166768,1860
1782333968.1667788,1858
1782333968.1680799,1862
1782333968.169386,1848
1782333968.169395,1855
1782333968.1706939,1881
1782333968.170704,1834
1782333968.1720269,1830
1782333968.173333,1815
1782333968.174654,1831
1782333968.174722,1836
1782333968.175788,1830
1782333968.178756,1816
1782333968.1787689,1821
1782333968.178773,1819
1782333968.1826172,1820
1782333968.182624,1845
1782333968.182627,1848
1782333968.182653,1850
1782333968.183925,1850
1782333968.185119,1866
1782333968.186406,1882
1782333968.187686,1875
1782333968.187692,1874
1782333968.1889951,1869
1782333968.190302,1848
1782333968.1915991,1837
1782333968.192906,1827
1782333968.192916,1833
1782333968.194252,1847
1782333968.195572,1863
1782333968.196873,1848
1782333968.196883,1843
1782333968.1981812,1868
1782333968.199477,1862
1782333968.200778,1871
1782333968.2007868,1889
1782333968.202118,1886
1782333968.203445,1875
1782333968.204764,1861
1782333968.204778,1832
1782333968.2060852,1815
1782333968.2074041,1809
1782333968.209554,1827
1782333968.209578,1798
1782333968.210042,1813
1782333968.213064,1836
1782333968.213074,1839
1782333968.213077,1839
1782333968.214367,1848
1782333968.21555,1834
1782333968.216834,1828
1782333968.216841,1837
1782333968.218129,1839
1782333968.219455,1841
1782333968.220766,1845
1782333968.2207758,1823
1782333968.222073,1842
1782333968.223388,1814
1782333968.224708,1830
1782333968.224715,1823
1782333968.226036,1828
1782333968.2273622,1850
1782333968.228679,1858
1782333968.228689,1846
1782333968.230032,1845
1782333968.231335,1837
1782333968.232638,1854
1782333968.2326488,1847
1782333968.233942,1849
1782333968.23524,1874
1782333968.2365701,1879
1782333968.237887,1883
1782333968.237899,1884
1782333968.2403572,1881
1782333968.240366,1871
1782333968.2430358,1839
1782333968.2430432,1819
1782333968.243045,1842
1782333968.244342,1839
1782333968.2456162,1858
1782333968.24562,1851
1782333968.246891,1850
1782333968.248162,1842
1782333968.249463,1824
1782333968.250766,1832
1782333968.2507782,1853
1782333968.252054,1874
1782333968.253349,1864
1782333968.254653,1847
1782333968.254664,1839
1782333968.255965,1852
1782333968.2572649,1816
1782333968.2585468,1825
1782333968.2598348,1863
1782333968.2598422,1829
1782333968.261148,1828
1782333968.262452,1823
1782333968.2637382,1865
1782333968.263744,1884
1782333968.265037,1847
1782333968.266324,1850
1782333968.267613,1858
1782333968.267654,1871
1782333968.269418,1852
1782333968.272501,1847
1782333968.272508,1839
1782333968.272511,1839
1782333968.27379,1820
1782333968.2737951,1806
1782333968.27507,1814
1782333968.2763479,1843
1782333968.2776608,1845
1782333968.277668,1855
1782333968.278968,1876
1782333968.2802649,1858
1782333968.281562,1853
1782333968.282848,1834
1782333968.2828531,1834
1782333968.284153,1876
1782333968.285441,1877
1782333968.286749,1882
1782333968.286756,1867
1782333968.288054,1864
1782333968.289332,1848
1782333968.2906182,1838
1782333968.290625,1857
1782333968.291927,1866
1782333968.293247,1855
1782333968.294572,1854
1782333968.295879,1842
1782333968.295891,1822
1782333968.2971861,1822
1782333968.2985,1813
1782333968.298514,1839
1782333968.300461,1843
1782333968.3004742,1837
1782333968.3040352,1851
1782333968.304043,1871
1782333968.304045,1852
1782333968.304047,1855
1782333968.3053188,1816
1782333968.306601,1842
1782333968.306633,1857
1782333968.307908,1884
1782333968.309178,1804
1782333968.3104792,1835
1782333968.311798,1851
1782333968.3118038,1839
1782333968.313096,1824
1782333968.314423,1813
1782333968.3157,1851
1782333968.315705,1856
1782333968.316986,1838
1782333968.318294,1839
1782333968.3196108,1862
1782333968.320933,1855
1782333968.32094,1857
1782333968.322242,1854
1782333968.323541,1851
1782333968.324841,1860
1782333968.324852,1850
1782333968.326165,1828
1782333968.327481,1856
1782333968.328785,1835
1782333968.328796,1829
1782333968.330229,1839
1782333968.331854,1834
1782333968.331861,1834
1782333968.334241,1834
1782333968.3342478,1839
1782333968.3355289,1842
1782333968.336808,1839
1782333968.336813,1858
1782333968.338082,1828
1782333968.3393762,1842
1782333968.340681,1850
1782333968.340692,1832
1782333968.341992,1822
1782333968.3432949,1822
1782333968.3445828,1803
1782333968.345887,1816
1782333968.345899,1798
1782333968.3471959,1830
1782333968.3484778,1837
1782333968.349768,1824
1782333968.349779,1839
1782333968.3510778,1857
1782333968.3523571,1827
1782333968.353653,1838
1782333968.3536608,1845
1782333968.354959,1844
1782333968.3562539,1864
1782333968.357554,1860
1782333968.358898,1895
1782333968.358911,1854
1782333968.360679,1821
1782333968.361439,1825
1782333968.364189,1827
1782333968.3641942,1839
1782333968.364196,1855
1782333968.365469,1837
1782333968.366739,1866
1782333968.366744,1855
1782333968.368021,1864
1782333968.369301,1846
1782333968.370601,1856
1782333968.371904,1839
1782333968.371916,1867
1782333968.373219,1866
1782333968.374519,1852
1782333968.375818,1860
1782333968.375829,1857
1782333968.377147,1856
1782333968.3784509,1844
1782333968.379751,1859
1782333968.379762,1855
1782333968.381053,1842
1782333968.382336,1849
1782333968.3836339,1850
1782333968.383643,1845
1782333968.384945,1851
1782333968.386245,1831
1782333968.3875468,1839
1782333968.388845,1832
1782333968.388855,1851
1782333968.390186,1873
1782333968.392993,1855
1782333968.393007,1870
1782333968.393434,1866
1782333968.396538,1850
1782333968.396545,1850
1782333968.396547,1844
1782333968.397822,1838
1782333968.397826,1839
1782333968.399104,1829
1782333968.400374,1838
1782333968.401653,1818
1782333968.4016588,1828
1782333968.402967,1841
1782333968.404067,1845
1782333968.405371,1846
1782333968.406673,1855
1782333968.4066849,1836
1782333968.407988,1842
1782333968.409292,1868
1782333968.4105868,1833
1782333968.4106188,1829
1782333968.411933,1849
1782333968.4132328,1848
1782333968.4145448,1848
1782333968.415853,1857
1782333968.415864,1834
1782333968.4171882,1847
1782333968.4185011,1845
1782333968.419811,1848
1782333968.4198232,1849
1782333968.4211252,1854
1782333968.423371,1868
1782333968.4233851,1847
1782333968.4264572,1836
1782333968.426463,1851
1782333968.426466,1849
1782333968.4277492,1831
1782333968.427756,1819
1782333968.427758,1830
1782333968.428797,1854
1782333968.429933,1839
1782333968.43121,1826
1782333968.4325042,1864
1782333968.433805,1884
1782333968.433816,1854
1782333968.435146,1839
1782333968.436446,1844
1782333968.4377532,1854
1782333968.437763,1832
1782333968.4390578,1810
1782333968.440356,1827
1782333968.441658,1838
1782333968.4416692,1850
1782333968.442977,1825
1782333968.4442902,1847
1782333968.445601,1842
1782333968.4469151,1823
1782333968.446926,1817
1782333968.448257,1821
1782333968.4495711,1835
1782333968.450882,1834
1782333968.4508932,1832
1782333968.4531689,1830
1782333968.453182,1829
1782333968.456428,1837
1782333968.456434,1832
1782333968.456436,1834
1782333968.4577248,1834
1782333968.457731,1867
1782333968.459032,1813
1782333968.4606452,1838
1782333968.460674,1855
1782333968.461954,1844
1782333968.463258,1850
1782333968.4645472,1864
1782333968.465825,1881
1782333968.4658298,1853
1782333968.467144,1856
1782333968.468448,1864
1782333968.46976,1875
1782333968.469772,1848
1782333968.471073,1851
1782333968.4723809,1867
1782333968.473685,1863
1782333968.473697,1847
1782333968.4749901,1868
1782333968.476296,1855
1782333968.477619,1867
1782333968.477638,1869
1782333968.47875,1837
1782333968.480046,1829
1782333968.481792,1828
1782333968.4817972,1842
1782333968.4843268,1830
1782333968.484332,1839
1782333968.48562,1839
1782333968.485652,1839
1782333968.486926,1847
1782333968.4881961,1831
1782333968.4894779,1836
1782333968.490753,1837
1782333968.4907572,1839
1782333968.49205,1830
1782333968.493351,1842
1782333968.4946601,1849
1782333968.494673,1871
1782333968.495977,1874
1782333968.497299,1876
1782333968.498561,1866
1782333968.499864,1852
1782333968.499875,1853
1782333968.501184,1877
1782333968.50251,1878
1782333968.503816,1880
1782333968.503828,1867
1782333968.504958,1871
1782333968.506237,1863
1782333968.507513,1861
1782333968.508807,1860
1782333968.508818,1818
1782333968.510157,1812
1782333968.511462,1807
1782333968.512806,1830
1782333968.512814,1824
1782333968.516062,1836
1782333968.516067,1818
1782333968.5160692,1822
1782333968.517355,1827
1782333968.518442,1868
1782333968.5197282,1860
1782333968.519736,1871
1782333968.5209222,1854
1782333968.5222368,1863
1782333968.523509,1863
1782333968.524805,1871
1782333968.5248158,1866
1782333968.5261362,1876
1782333968.5274649,1871
1782333968.528772,1852
1782333968.528785,1870
1782333968.530103,1866
1782333968.531381,1858
1782333968.532676,1826
1782333968.532688,1834
1782333968.533995,1835
1782333968.535282,1821
1782333968.536596,1830
1782333968.53791,1826
1782333968.537917,1835
1782333968.5392299,1828
1782333968.540534,1805
1782333968.541836,1814
1782333968.541846,1830
1782333968.5449548,1839
1782333968.5449688,1811
1782333968.5449731,1822
1782333968.54878,1835
1782333968.5487869,1826
1782333968.548789,1818
1782333968.548791,1817
1782333968.5500631,1821
1782333968.551278,1832
1782333968.55257,1833
1782333968.5538728,1830
1782333968.553886,1839
1782333968.554965,1822
1782333968.5562408,1818
1782333968.557512,1807
1782333968.558806,1843
1782333968.558817,1854
1782333968.5588238,1862
1782333968.560023,1865
1782333968.561332,1855
1782333968.562423,1867
1782333968.563725,1847
1782333968.5637372,1831
1782333968.5650182,1837
1782333968.566318,1859
1782333968.567455,1868
1782333968.568769,1857
1782333968.5687811,1881
1782333968.570106,1853
1782333968.571407,1847
1782333968.5725608,1839
1782333968.573726,1839
1782333968.573739,1862
1782333968.57568,1869
1782333968.575691,1876
1782333968.57938,1877
1782333968.579387,1870
1782333968.57939,1862
1782333968.580668,1839
1782333968.580673,1846
1782333968.5819561,1863
1782333968.5832279,1867
1782333968.584497,1821
1782333968.58577,1828
1782333968.5857751,1826
1782333968.587067,1819
1782333968.5883899,1823
1782333968.589696,1812
1782333968.589707,1832
1782333968.591003,1815
1782333968.5922828,1822
1782333968.593614,1832
1782333968.593641,1842
1782333968.5949461,1847
1782333968.5962439,1830
1782333968.597553,1831
1782333968.598866,1863
1782333968.598876,1866
1782333968.60018,1859
1782333968.601483,1848
1782333968.602806,1845
1782333968.602821,1855
1782333968.605118,1850
1782333968.605132,1850
1782333968.6064608,1843
1782333968.609406,1858
1782333968.609411,1839
1782333968.6094131,1833
1782333968.610703,1837
1782333968.61071,1828
1782333968.611991,1839
1782333968.613271,1830
1782333968.6145458,1832
1782333968.615818,1862
1782333968.615822,1854
1782333968.617111,1855
1782333968.618391,1837
1782333968.6197052,1839
1782333968.61971,1828
1782333968.621005,1823
1782333968.622298,1834
1782333968.6236181,1871
1782333968.62365,1855
1782333968.6249459,1863
1782333968.626265,1868
1782333968.627579,1855
1782333968.628882,1838
1782333968.628896,1830
1782333968.6312041,1860
1782333968.63121,1892
1782333968.632482,1895
1782333968.6342468,1882
1782333968.634252,1882
1782333968.637262,1849
1782333968.637269,1848
1782333968.637271,1822
1782333968.638547,1836
1782333968.639821,1864
1782333968.6398258,1847
1782333968.641102,1868
1782333968.6424,1886
1782333968.643714,1866
1782333968.643727,1875
1782333968.645039,1863
1782333968.646315,1842
1782333968.647587,1876
1782333968.648885,1850
1782333968.648896,1833
1782333968.650193,1822
1782333968.651495,1832
1782333968.652801,1852
1782333968.652821,1795
1782333968.654109,1798
1782333968.6554081,1836
1782333968.656708,1836
1782333968.656718,1828
1782333968.6580129,1820
1782333968.6593258,1845
1782333968.660661,1836
1782333968.6606772,1830
1782333968.6620128,1819
1782333968.664674,1816
1782333968.664686,1833
1782333968.664691,1827
1782333968.668278,1812
1782333968.668287,1837
1782333968.668289,1844
1782333968.669573,1831
1782333968.6708539,1822
1782333968.67086,1826
1782333968.6721358,1849
1782333968.673407,1846
1782333968.6747,1846
1782333968.674711,1858
1782333968.675893,1849
1782333968.677224,1836
1782333968.678533,1803
1782333968.6798139,1819
1782333968.67982,1865
1782333968.6811159,1844
1782333968.682415,1854
1782333968.683716,1865
1782333968.683727,1868
1782333968.685028,1850
1782333968.686335,1845
1782333968.687629,1851
1782333968.687638,1871
1782333968.6889422,1861
1782333968.6902552,1855
1782333968.690269,1851
1782333968.6915982,1845
1782333968.6929002,1850
1782333968.6929111,1847
1782333968.69426,1857
1782333968.696552,1874
1782333968.696576,1835
1782333968.6981251,1860
1782333968.6981308,1858
1782333968.700712,1839
1782333968.7007182,1835
1782333968.7007208,1836
1782333968.7020009,1838
1782333968.7032828,1864
1782333968.704554,1852
1782333968.705824,1812
1782333968.7058291,1834
1782333968.7071218,1850
1782333968.708423,1853
1782333968.7097259,1839
1782333968.709737,1847
1782333968.711024,1860
1782333968.712332,1889
1782333968.71346,1860
1782333968.714737,1846
1782333968.714741,1858
1782333968.716008,1847
1782333968.7172968,1836
1782333968.718623,1829
1782333968.718658,1835
1782333968.7199821,1854
1782333968.721279,1860
1782333968.722594,1836
1782333968.723781,1833
1782333968.723789,1851
1782333968.725088,1838
1782333968.7266839,1829
1782333968.7266939,1854
1782333968.7299578,1863
1782333968.729965,1822
1782333968.729967,1830
1782333968.7312489,1832
1782333968.732524,1846
1782333968.733793,1848
1782333968.733797,1850
1782333968.735073,1863
1782333968.736376,1865
1782333968.737698,1864
1782333968.737707,1874
1782333968.7390022,1871
1782333968.740315,1875
1782333968.741622,1890
1782333968.741659,1874
1782333968.742956,1882
1782333968.7442718,1869
1782333968.745589,1852
1782333968.746885,1848
1782333968.746898,1851
1782333968.7481742,1851
1782333968.7494678,1827
1782333968.7507951,1847
1782333968.750804,1852
1782333968.752121,1831
1782333968.7534258,1839
1782333968.754743,1839
1782333968.7547572,1842
1782333968.7567658,1839
1782333968.756777,1826
1782333968.759995,1824
1782333968.7600021,1823
1782333968.760004,1838
1782333968.7612832,1819
1782333968.762557,1829
1782333968.763838,1839
1782333968.763843,1856
1782333968.765137,1856
1782333968.76644,1852
1782333968.7677472,1857
1782333968.7677598,1867
1782333968.7690802,1842
1782333968.770426,1844
1782333968.771735,1818
1782333968.7717462,1807
1782333968.773043,1827
1782333968.774338,1829
1782333968.7756522,1828
1782333968.77566,1820
1782333968.776926,1830
1782333968.778239,1832
1782333968.779537,1833
1782333968.780837,1843
1782333968.780848,1846
1782333968.782149,1865
1782333968.783446,1871
1782333968.784746,1858
1782333968.784756,1882
1782333968.786771,1876
1782333968.786784,1839
1782333968.791268,1854
1782333968.791275,1839
1782333968.7912772,1825
1782333968.791279,1812
1782333968.792429,1827
1782333968.793716,1828
1782333968.7937229,1847
1782333968.794996,1852
1782333968.796268,1839
1782333968.797559,1833
1782333968.798866,1846
1782333968.798877,1855
1782333968.800172,1852
1782333968.801474,1861
1782333968.802783,1857
1782333968.802793,1870
1782333968.8040938,1861
1782333968.8053901,1863
1782333968.8066912,1844
1782333968.806701,1832
1782333968.807992,1850
1782333968.809309,1871
1782333968.810418,1866
1782333968.811706,1864
1782333968.811713,1866
1782333968.813005,1852
1782333968.814304,1839
1782333968.817006,1823
1782333968.817021,1850
1782333968.817027,1859
1782333968.821505,1848
1782333968.821513,1830
1782333968.821549,1820
1782333968.8215559,1847
1782333968.821558,1839
1782333968.822856,1835
1782333968.822861,1830
1782333968.824129,1857
1782333968.825399,1860
1782333968.8266702,1860
1782333968.826675,1843
1782333968.8279748,1846
1782333968.829281,1858
1782333968.8305988,1834
1782333968.831894,1843
1782333968.8319051,1850
1782333968.8332071,1837
1782333968.83451,1859
1782333968.835832,1848
1782333968.83584,1863
1782333968.837145,1860
1782333968.838449,1854
1782333968.8397472,1844
1782333968.839757,1849
1782333968.841074,1851
1782333968.842379,1855
1782333968.84348,1853
1782333968.844801,1853
1782333968.844815,1863
1782333968.846145,1855
1782333968.847448,1842
1782333968.8497071,1854
1782333968.849718,1838
1782333968.8497229,1815
1782333968.853709,1817
1782333968.853717,1839
1782333968.85372,1839
1782333968.8537228,1844
1782333968.85493,1825
1782333968.856205,1819
1782333968.857475,1831
1782333968.8585112,1812
1782333968.859648,1821
1782333968.859661,1832
1782333968.860991,1839
1782333968.862305,1837
1782333968.8636029,1817
1782333968.864924,1835
1782333968.8649359,1852
1782333968.866234,1839
1782333968.8675368,1843
1782333968.868862,1836
1782333968.868869,1844
1782333968.870189,1860
1782333968.8714921,1838
1782333968.872801,1853
1782333968.872812,1854
1782333968.874125,1862
1782333968.8754299,1858
1782333968.876745,1839
1782333968.8767529,1837
1782333968.878081,1836
1782333968.881449,1828
1782333968.8814561,1838
1782333968.8814578,1853
1782333968.88273,1842
1782333968.882735,1836
1782333968.88387,1861
1782333968.885152,1858
1782333968.8864589,1862
1782333968.8877718,1855
1782333968.8877811,1857
1782333968.889083,1857
1782333968.890389,1859
1782333968.8917062,1866
1782333968.8917131,1853
1782333968.892965,1858
1782333968.894282,1844
1782333968.895603,1845
1782333968.895638,1854
1782333968.896937,1832
1782333968.898239,1851
1782333968.8995311,1843
1782333968.900828,1830
1782333968.900838,1858
1782333968.902168,1858
1782333968.903478,1860
1782333968.904783,1859
1782333968.9047942,1859
1782333968.906098,1866
1782333968.909626,1863
1782333968.909641,1860
1782333968.909646,1877
1782333968.909714,1879
1782333968.913001,1858
1782333968.9130082,1855
1782333968.91301,1851
1782333968.914283,1846
1782333968.915554,1845
1782333968.916824,1814
1782333968.916827,1848
1782333968.917994,1846
1782333968.919277,1834
1782333968.9205859,1825
1782333968.9218838,1822
1782333968.921896,1820
1782333968.92319,1821
1782333968.924491,1833
1782333968.925792,1829
1782333968.925803,1824
1782333968.927142,1827
1782333968.928452,1817
1782333968.929756,1832
1782333968.929763,1867
1782333968.931058,1866
1782333968.9323578,1835
1782333968.933651,1826
1782333968.9336598,1839
1782333968.934984,1826
1782333968.936298,1825
1782333968.93761,1832
1782333968.9376729,1845
1782333968.939868,1836
1782333968.939879,1855
1782333968.944588,1858
1782333968.944598,1855
1782333968.9446,1837
1782333968.944602,1819
1782333968.944632,1839
1782333968.945915,1852
1782333968.947188,1857
1782333968.948458,1847
1782333968.949727,1846
1782333968.949732,1844
1782333968.950801,1864
1782333968.952079,1838
1782333968.953386,1850
1782333968.953398,1839
1782333968.954695,1845
1782333968.9547079,1851
1782333968.956008,1832
1782333968.95729,1842
1782333968.958588,1843
1782333968.9599118,1844
1782333968.959921,1829
1782333968.96122,1858
1782333968.962523,1860
1782333968.963826,1850
1782333968.963837,1851
1782333968.965131,1848
1782333968.966431,1847
1782333968.9677298,1831
1782333968.967741,1810
1782333968.969056,1850
1782333968.970589,1857
1782333968.9706318,1853
1782333968.9740438,1855
1782333968.97405,1852
1782333968.9740522,1857
1782333968.975326,1861
1782333968.9766028,1811
1782333968.976634,1857
1782333968.977924,1864
1782333968.979043,1833
1782333968.980344,1860
1782333968.981659,1853
1782333968.981667,1854
1782333968.982962,1860
1782333968.984266,1828
1782333968.98561,1850
1782333968.98564,1861
1782333968.9869828,1838
1782333968.988299,1837
1782333968.989603,1826
1782333968.990922,1833
1782333968.9909341,1838
1782333968.9922318,1794
1782333968.993519,1827
1782333968.9948149,1855
1782333968.994825,1844
1782333968.996104,1843
1782333968.9974022,1846
1782333968.998702,1850
1782333968.998711,1862
1782333969.000921,1854
1782333969.000978,1832
1782333969.004169,1871
1782333969.0041778,1871
1782333969.00418,1880
1782333969.005455,1839
1782333969.0067358,1866
1782333969.006742,1861
1782333969.0080252,1855
1782333969.0093172,1850
1782333969.010619,1845
1782333969.010626,1891
1782333969.011908,1871
1782333969.0131898,1852
1782333969.014504,1846
1782333969.0158038,1846
1782333969.015816,1847
1782333969.017118,1836
1782333969.0184052,1828
1782333969.019691,1860
1782333969.019698,1863
1782333969.02095,1855
1782333969.022233,1846
1782333969.023531,1865
1782333969.024836,1865
1782333969.024847,1822
1782333969.026125,1832
1782333969.027414,1858
1782333969.028672,1867
1782333969.028679,1851
1782333969.0300071,1853
1782333969.0328488,1845
1782333969.032856,1844
1782333969.0328581,1814
1782333969.0341408,1834
1782333969.035431,1856
1782333969.036712,1853
1782333969.0367181,1829
1782333969.037998,1818
1782333969.039297,1803
1782333969.0406,1820
1782333969.041894,1800
1782333969.041899,1807
1782333969.043169,1844
1782333969.044461,1860
1782333969.045773,1862
1782333969.045781,1863
1782333969.0470788,1857
1782333969.0483809,1863
1782333969.049678,1848
1782333969.049688,1830
1782333969.051,1858
1782333969.0523038,1877
1782333969.053597,1863
1782333969.053639,1832
1782333969.05494,1836
1782333969.056231,1822
1782333969.0575218,1831
1782333969.058826,1826
1782333969.0588381,1860
1782333969.060724,1839
1782333969.0607371,1818
1782333969.0622962,1817
1782333969.064981,1857
1782333969.0649862,1857
1782333969.064988,1847
1782333969.066268,1855
1782333969.067424,1847
1782333969.068702,1857
1782333969.068707,1865
1782333969.069985,1831
1782333969.071285,1874
1782333969.072597,1845
1782333969.0739222,1844
1782333969.073937,1827
1782333969.0752268,1832
1782333969.076525,1844
1782333969.077835,1838
1782333969.077847,1853
1782333969.0791721,1846
1782333969.0805042,1830
1782333969.0818062,1839
1782333969.08182,1839
1782333969.0831099,1839
1782333969.084418,1837
1782333969.08443,1854
1782333969.08574,1842
1782333969.085749,1861
1782333969.087054,1862
1782333969.08828,1862
1782333969.089584,1809
1782333969.090925,1823
1782333969.090935,1852
1782333969.092944,1855
1782333969.093036,1860
1782333969.096936,1868
1782333969.096944,1881
1782333969.096946,1858
1782333969.096948,1847
1782333969.098221,1839
1782333969.0994911,1857
1782333969.100757,1848
1782333969.1007628,1844
1782333969.102049,1807
1782333969.103345,1794
1782333969.104662,1811
1782333969.104671,1800
1782333969.106039,1804
1782333969.1073449,1835
1782333969.108629,1847
1782333969.108633,1844
1782333969.109927,1852
1782333969.1112478,1847
1782333969.112572,1858
1782333969.113874,1834
1782333969.113885,1822
1782333969.115183,1834
1782333969.1164658,1837
1782333969.117764,1851
1782333969.117773,1825
1782333969.119095,1814
1782333969.120414,1831
1782333969.12305,1832
1782333969.1230578,1815
1782333969.123061,1821
1782333969.126715,1849
1782333969.126721,1845
1782333969.126723,1828
1782333969.1267252,1845
1782333969.1280031,1851
1782333969.1292758,1842
1782333969.130549,1853
1782333969.131823,1853
1782333969.131828,1839
1782333969.13312,1830
1782333969.134432,1822
1782333969.13552,1838
1782333969.136835,1850
1782333969.136841,1866
1782333969.1394491,1849
1782333969.139457,1844
1782333969.1407518,1869
1782333969.140762,1887
1782333969.14206,1888
1782333969.143359,1880
1782333969.144681,1869
1782333969.144691,1860
1782333969.1460202,1860
1782333969.1473181,1853
1782333969.148628,1854
1782333969.148664,1834
1782333969.1499588,1824
1782333969.1524549,1822
1782333969.152473,1831
1782333969.1569128,1830
1782333969.156919,1837
1782333969.1569211,1850
1782333969.1569228,1846
1782333969.156925,1839
1782333969.158197,1848
1782333969.15947,1848
1782333969.1607559,1858
1782333969.1607628,1850
1782333969.162034,1862
1782333969.1632981,1861
1782333969.164602,1873
1782333969.165914,1879
1782333969.165925,1869
1782333969.1672199,1865
1782333969.168536,1844
1782333969.169852,1832
1782333969.169858,1815
1782333969.17116,1832
1782333969.172462,1844
1782333969.1737652,1839
1782333969.1737752,1843
1782333969.17507,1816
1782333969.176369,1838
1782333969.177687,1839
1782333969.177697,1817
1782333969.179002,1830
1782333969.180321,1842
1782333969.182176,1857
1782333969.182187,1837
1782333969.186249,1838
1782333969.1862578,1834
1782333969.186261,1842
1782333969.186263,1826
1782333969.1875389,1823
1782333969.1888099,1820
1782333969.1888142,1827
1782333969.19009,1846
1782333969.191364,1846
1782333969.1926668,1868
1782333969.19268,1864
1782333969.194006,1868
1782333969.195325,1868
1782333969.196652,1860
1782333969.1966562,1861
1782333969.197953,1830
1782333969.199254,1822
1782333969.200562,1847
1782333969.201878,1823
1782333969.2018912,1821
1782333969.203191,1826
1782333969.204442,1828
1782333969.20574,1815
1782333969.205749,1834
1782333969.20704,1819
1782333969.20832,1829
1782333969.2096179,1823
1782333969.209662,1829
1782333969.210969,1825
1782333969.212856,1855
1782333969.2128692,1854
1782333969.217364,1849
1782333969.21737,1859
1782333969.217372,1846
1782333969.2173738,1826
1782333969.217375,1847
1782333969.218559,1837
1782333969.219838,1844
1782333969.2198431,1852
1782333969.2211268,1880
1782333969.2224011,1871
1782333969.223695,1870
1782333969.223706,1862
1782333969.225004,1843
1782333969.226308,1835
1782333969.2276218,1836
1782333969.227654,1842
1782333969.228958,1853
1782333969.2302752,1855
1782333969.231581,1855
1782333969.232882,1852
1782333969.232894,1843
1782333969.234113,1839
1782333969.2354271,1856
1782333969.236736,1867
1782333969.236746,1855
1782333969.238038,1853
1782333969.23934,1848
1782333969.2406468,1844
1782333969.240654,1845
1782333969.241951,1839
1782333969.2432508,1826
1782333969.2450078,1826
1782333969.2450209,1826
1782333969.249585,1844
1782333969.2495942,1848
1782333969.2495959,1831
1782333969.249598,1851
1782333969.24962,1839
1782333969.250755,1832
1782333969.252038,1839
1782333969.253314,1858
1782333969.2545862,1839
1782333969.2546089,1839
1782333969.255905,1855
1782333969.257208,1839
1782333969.25851,1846
1782333969.25982,1839
1782333969.2598321,1862
1782333969.261151,1895
1782333969.2624562,1881
1782333969.2637599,1855
1782333969.2637708,1861
1782333969.2650821,1867
1782333969.266382,1871
1782333969.267442,1836
1782333969.268758,1832
1782333969.268769,1848
1782333969.270066,1854
1782333969.2713642,1845
1782333969.2726662,1843
1782333969.272675,1837
1782333969.2748601,1834
1782333969.274869,1830
1782333969.2790022,1817
1782333969.279009,1842
1782333969.2790122,1839
1782333969.2790139,1826
1782333969.280285,1839
1782333969.281555,1837
1782333969.282824,1846
1782333969.282828,1839
1782333969.284116,1831
1782333969.285407,1828
1782333969.2867048,1828
1782333969.286717,1830
1782333969.288013,1823
1782333969.289314,1845
1782333969.290616,1851
1782333969.290644,1849
1782333969.291934,1864
1782333969.293237,1850
1782333969.2945411,1842
1782333969.29585,1836
1782333969.295861,1855
1782333969.297153,1848
1782333969.298453,1837
1782333969.2997508,1849
1782333969.299762,1868
1782333969.301076,1864
1782333969.3023748,1853
1782333969.3039,1868
1782333969.303912,1866
1782333969.308342,1882
1782333969.308348,1886
1782333969.3083498,1866
1782333969.3096058,1853
1782333969.309611,1857
1782333969.3096142,1862
1782333969.3109,1861
1782333969.312177,1838
1782333969.313256,1847
1782333969.3145542,1828
1782333969.315876,1842
1782333969.3158882,1823
1782333969.317183,1851
1782333969.318476,1844
1782333969.3197892,1846
1782333969.319796,1839
1782333969.3211038,1839
1782333969.322401,1844
1782333969.323683,1830
1782333969.3236868,1818
1782333969.3249831,1834
1782333969.326284,1860
1782333969.327585,1848
1782333969.328884,1853
1782333969.328895,1839
1782333969.330183,1843
1782333969.331481,1836
1782333969.332778,1828
1782333969.332788,1826
1782333969.335242,1852
1782333969.335256,1861
1782333969.336846,1856
1782333969.336855,1844
1782333969.339626,1820
1782333969.339631,1829
1782333969.339633,1806
1782333969.340918,1830
1782333969.3421922,1854
1782333969.343477,1861
1782333969.344757,1852
1782333969.344762,1850
1782333969.34606,1850
1782333969.347337,1861
1782333969.347341,1846
1782333969.3486478,1834
1782333969.348667,1852
1782333969.349959,1858
1782333969.351271,1853
1782333969.352583,1828
1782333969.3538718,1829
1782333969.353877,1855
1782333969.354926,1857
1782333969.356222,1856
1782333969.357504,1838
1782333969.358798,1860
1782333969.358809,1877
1782333969.360116,1853
1782333969.361256,1844
1782333969.362568,1834
1782333969.364717,1827
1782333969.3647249,1821
1782333969.364768,1839
1782333969.3680298,1856
1782333969.368036,1854
1782333969.368038,1834
1782333969.3693252,1838
1782333969.3706,1836
1782333969.370605,1834
1782333969.3718772,1846
1782333969.3731809,1853
1782333969.374484,1877
1782333969.375788,1866
1782333969.375799,1858
1782333969.377114,1836
1782333969.378429,1834
1782333969.3797278,1839
1782333969.37974,1834
1782333969.3810408,1828
1782333969.3823428,1849
1782333969.3836632,1843
1782333969.383672,1845
1782333969.3849878,1828
1782333969.386296,1834
1782333969.387488,1835
1782333969.3887901,1830
1782333969.3888,1826
1782333969.390096,1831
1782333969.39138,1838
1782333969.392443,1855
1782333969.393752,1852
1782333969.393764,1839
1782333969.3950741,1837
1782333969.396729,1835
1782333969.3967402,1816
1782333969.400976,1859
1782333969.400982,1851
1782333969.400984,1858
1782333969.4009862,1839
1782333969.402264,1835
1782333969.403546,1839
1782333969.40482,1838
1782333969.404825,1839
1782333969.4061198,1855
1782333969.407403,1855
1782333969.408695,1866
1782333969.4087071,1862
1782333969.410004,1860
1782333969.411315,1838
1782333969.412621,1849
1782333969.412648,1847
1782333969.4139452,1835
1782333969.415254,1850
1782333969.4165509,1868
1782333969.417869,1868
1782333969.417878,1860
1782333969.419188,1877
1782333969.420504,1862
1782333969.421807,1853
1782333969.421819,1839
1782333969.4231381,1863
1782333969.424437,1874
1782333969.427406,1867
1782333969.427417,1863
1782333969.427419,1844
1782333969.4310021,1842
1782333969.431007,1836
1782333969.431009,1812
1782333969.4310122,1832
1782333969.432283,1855
1782333969.4335518,1861
1782333969.4348228,1863
1782333969.434827,1870
1782333969.436141,1841
1782333969.437443,1848
1782333969.438745,1829
1782333969.4387572,1844
1782333969.4400709,1837
1782333969.44114,1816
1782333969.4424162,1805
1782333969.443742,1812
1782333969.4437492,1820
1782333969.445075,1839
1782333969.446382,1843
1782333969.447692,1821
1782333969.447702,1826
1782333969.4490151,1832
1782333969.450322,1836
1782333969.451631,1836
1782333969.451653,1853
1782333969.45297,1827
1782333969.454278,1828
1782333969.456932,1842
1782333969.456939,1842
1782333969.456942,1839
1782333969.460404,1828
1782333969.460414,1828
1782333969.460416,1830
1782333969.4617112,1849
1782333969.461718,1858
1782333969.4627998,1868
1782333969.464083,1857
1782333969.465364,1864
1782333969.466638,1857
1782333969.4666429,1860
1782333969.467941,1851
1782333969.469236,1855
1782333969.470559,1868
1782333969.4718678,1874
1782333969.471883,1858
1782333969.473164,1839
1782333969.474439,1838
1782333969.475735,1843
1782333969.475749,1816
1782333969.4770749,1821
1782333969.478358,1827
1782333969.479669,1834
1782333969.4796748,1829
1782333969.479678,1828
1782333969.480957,1844
1782333969.4822311,1842
1782333969.4835231,1839
1782333969.484826,1849
1782333969.484837,1862
1782333969.486476,1863
1782333969.489891,1868
1782333969.489899,1839
1782333969.489901,1839
1782333969.4899032,1823
1782333969.491172,1837
1782333969.492453,1833
1782333969.493739,1820
1782333969.4937458,1823
1782333969.495049,1839
1782333969.496326,1844
1782333969.4975731,1842
1782333969.4988842,1847
1782333969.4988968,1846
1782333969.500173,1844
1782333969.501467,1834
1782333969.502773,1852
1782333969.502784,1852
1782333969.504056,1836
1782333969.505131,1849
1782333969.506411,1852
1782333969.507714,1850
1782333969.5077279,1849
1782333969.509038,1857
1782333969.51013,1861
1782333969.511436,1862
1782333969.512741,1845
1782333969.512752,1856
1782333969.51406,1874
1782333969.515347,1866
1782333969.516763,1832
1782333969.516768,1837
1782333969.519934,1845
1782333969.5199418,1839
1782333969.519945,1807
1782333969.521218,1812
1782333969.522495,1858
1782333969.5237691,1862
1782333969.5237749,1853
1782333969.5250728,1862
1782333969.5263739,1858
1782333969.5276842,1851
1782333969.5276968,1853
1782333969.529034,1817
1782333969.5303218,1823
1782333969.5316422,1839
1782333969.531664,1839
1782333969.532959,1850
1782333969.5342789,1851
1782333969.535558,1844
1782333969.5368671,1850
1782333969.536874,1834
1782333969.5381691,1831
1782333969.539283,1844
1782333969.540598,1838
1782333969.541894,1831
1782333969.541904,1838
1782333969.543196,1848
1782333969.544495,1839
1782333969.545794,1851
1782333969.545803,1847
1782333969.548123,1839
1782333969.5481331,1828
1782333969.552612,1854
1782333969.552618,1858
1782333969.5526211,1839
1782333969.552623,1848
1782333969.552625,1853
1782333969.553899,1838
1782333969.5551949,1846
1782333969.5564759,1832
1782333969.557776,1832
1782333969.557788,1839
1782333969.55909,1853
1782333969.560413,1855
1782333969.561727,1853
1782333969.561734,1854
1782333969.563037,1837
1782333969.5643048,1850
1782333969.5656059,1846
1782333969.566925,1838
1782333969.5669398,1844
1782333969.5682502,1857
1782333969.569557,1864
1782333969.570869,1853
1782333969.570878,1855
1782333969.572181,1850
1782333969.57348,1849
1782333969.574784,1850
1782333969.574795,1856
1782333969.5760908,1868
1782333969.57854,1847
1782333969.5785542,1833
1782333969.582788,1818
1782333969.582793,1826
1782333969.582795,1851
1782333969.582797,1848
1782333969.5827992,1837
1782333969.584073,1861
1782333969.585106,1851
1782333969.586383,1847
1782333969.587657,1859
1782333969.587661,1858
1782333969.588964,1818
1782333969.590268,1830
1782333969.591583,1842
1782333969.592884,1842
1782333969.592895,1837
1782333969.594209,1852
1782333969.595541,1846
1782333969.5968158,1846
1782333969.5968199,1853
1782333969.598115,1862
1782333969.599414,1860
1782333969.600717,1859
1782333969.600731,1866
1782333969.602022,1839
1782333969.603324,1830
1782333969.6046422,1821
1782333969.604959,1830
1782333969.6062348,1826
1782333969.608594,1819
1782333969.608601,1831
1782333969.6088629,1828
1782333969.612677,1826
1782333969.612684,1839
1782333969.6126862,1843
1782333969.6126878,1828
1782333969.61269,1846
1782333969.6139698,1844
1782333969.615243,1846
1782333969.616523,1848
1782333969.617824,1850
1782333969.617837,1847
1782333969.619117,1832
1782333969.620394,1850
1782333969.6216152,1852
1782333969.62164,1826
1782333969.6229131,1821
1782333969.624203,1835
1782333969.625507,1847
1782333969.626806,1839
1782333969.626817,1831
1782333969.628116,1842
1782333969.629418,1832
1782333969.630717,1839
1782333969.6307268,1845
1782333969.6320262,1852
1782333969.633327,1853
1782333969.634648,1860
1782333969.6346629,1857
1782333969.6359968,1880
1782333969.637302,1882
1782333969.6386209,1878
1782333969.638678,1858
1782333969.641463,1855
1782333969.641474,1862
1782333969.646715,1851
1782333969.646722,1843
1782333969.646724,1837
1782333969.646726,1832
1782333969.646728,1830
1782333969.64673,1829
1782333969.6480021,1834
1782333969.649278,1831
1782333969.650549,1825
1782333969.651826,1816
1782333969.651832,1832
1782333969.653127,1837
1782333969.654429,1861
1782333969.655731,1862
1782333969.655742,1861
1782333969.6570408,1871
1782333969.65834,1855
1782333969.659667,1843
1782333969.6596742,1815
1782333969.660981,1845
1782333969.662294,1855
1782333969.663593,1855
1782333969.664921,1876
1782333969.664932,1870
1782333969.666236,1843
1782333969.667534,1859
1782333969.670055,1865
1782333969.6700642,1849
1782333969.670104,1866
1782333969.673888,1882
1782333969.673894,1880
1782333969.6738958,1874
1782333969.673898,1851
1782333969.675168,1848
1782333969.676267,1854
1782333969.677543,1849
1782333969.678818,1858
1782333969.6788218,1851
1782333969.679947,1842
1782333969.681251,1855
1782333969.682533,1845
1782333969.6838248,1864
1782333969.683836,1871
1782333969.685156,1861
1782333969.6864781,1854
1782333969.687778,1864
1782333969.687789,1871
1782333969.689086,1858
1782333969.690367,1857
1782333969.691658,1870
1782333969.691669,1859
1782333969.692968,1846
1782333969.694292,1845
1782333969.695596,1825
1782333969.695628,1824
1782333969.696928,1814
1782333969.698237,1830
1782333969.6998599,1828
1782333969.699866,1826
1782333969.703871,1824
1782333969.7038789,1812
1782333969.703881,1812
1782333969.703883,1821
1782333969.704916,1845
1782333969.706111,1852
1782333969.707382,1839
1782333969.708678,1833
1782333969.708689,1836
1782333969.709988,1829
1782333969.7112792,1842
1782333969.712586,1839
1782333969.713888,1837
1782333969.713898,1839
1782333969.715192,1844
1782333969.716497,1852
1782333969.717799,1829
1782333969.71781,1834
1782333969.7191281,1820
1782333969.7204301,1818
1782333969.7217321,1837
1782333969.721743,1842
1782333969.72304,1852
1782333969.724339,1857
1782333969.7256372,1855
1782333969.725652,1861
1782333969.7269728,1857
1782333969.7282891,1856
1782333969.730368,1835
1782333969.73038,1859
1782333969.73516,1855
1782333969.735167,1854
1782333969.7351701,1854
1782333969.735172,1839
1782333969.735174,1849
1782333969.736452,1852
1782333969.737725,1848
1782333969.737729,1862
1782333969.739022,1853
1782333969.740297,1856
1782333969.740302,1829
1782333969.741594,1839
1782333969.74294,1838
1782333969.7429461,1830
1782333969.74426,1838
1782333969.745573,1848
1782333969.746891,1848
1782333969.746898,1822
1782333969.748199,1828
1782333969.7494988,1818
1782333969.750784,1847
1782333969.750792,1833
1782333969.752099,1830
1782333969.753408,1837
1782333969.754708,1860
1782333969.754718,1858
1782333969.7560089,1822
1782333969.757304,1848
1782333969.758614,1852
1782333969.75867,1839
1782333969.7615511,1828
1782333969.761573,1861
1782333969.7630239,1878
1782333969.763029,1849
1782333969.766012,1838
1782333969.766017,1858
1782333969.766019,1834
1782333969.767303,1822
1782333969.7685828,1846
1782333969.769876,1862
1782333969.769881,1880
1782333969.771151,1871
1782333969.772445,1842
1782333969.7737489,1855
1782333969.77376,1844
1782333969.77506,1835
1782333969.776364,1816
1782333969.7776692,1822
1782333969.7776809,1812
1782333969.7789881,1826
1782333969.780289,1817
1782333969.781589,1834
1782333969.782895,1839
1782333969.782906,1839
1782333969.784202,1839
1782333969.785515,1848
1782333969.786819,1850
1782333969.7868302,1819
1782333969.788123,1842
1782333969.789421,1836
1782333969.790723,1838
1782333969.7907321,1862
1782333969.7932658,1846
1782333969.793281,1850
1782333969.7948759,1869
1782333969.7948852,1847
1782333969.7981288,1836
1782333969.798136,1850
1782333969.7981381,1843
1782333969.7994099,1839
1782333969.800679,1864
1782333969.800683,1834
1782333969.801773,1855
1782333969.803051,1858
1782333969.804363,1857
1782333969.805662,1868
1782333969.805673,1866
1782333969.8069718,1858
1782333969.8082728,1857
1782333969.8095748,1867
1782333969.810894,1861
1782333969.810905,1869
1782333969.812212,1851
1782333969.8135118,1847
1782333969.814815,1861
1782333969.814827,1856
1782333969.817433,1854
1782333969.817439,1831
1782333969.818572,1843
1782333969.819886,1838
1782333969.819896,1845
1782333969.821215,1831
1782333969.822867,1826
1782333969.8228748,1839
1782333969.827456,1837
1782333969.827462,1846
1782333969.827465,1853
1782333969.827467,1852
1782333969.828748,1844
1782333969.8287518,1855
1782333969.8300202,1862
1782333969.831288,1857
1782333969.832439,1852
1782333969.833736,1853
1782333969.833749,1853
1782333969.8350441,1869
1782333969.836353,1830
1782333969.837663,1856
1782333969.83768,1830
1782333969.8390028,1818
1782333969.840292,1842
1782333969.841599,1839
1782333969.8429298,1835
1782333969.842939,1839
1782333969.8442361,1839
1782333969.845536,1836
1782333969.846839,1835
1782333969.846849,1834
1782333969.848147,1833
1782333969.849443,1822
1782333969.850743,1842
1782333969.850752,1857
1782333969.853091,1832
1782333969.85317,1839
1782333969.857266,1844
1782333969.8572721,1826
1782333969.857274,1836
1782333969.857276,1810
1782333969.8585489,1824
1782333969.859831,1821
1782333969.859838,1842
1782333969.861126,1845
1782333969.8624,1844
1782333969.863714,1848
1782333969.863719,1843
1782333969.8650181,1858
1782333969.866323,1842
1782333969.867659,1853
1782333969.8676639,1846
1782333969.8689752,1852
1782333969.870296,1826
1782333969.870302,1813
1782333969.871615,1813
1782333969.871647,1838
1782333969.872947,1839
1782333969.874251,1844
1782333969.875555,1854
1782333969.876874,1868
1782333969.876885,1857
1782333969.87819,1855
1782333969.879489,1853
1782333969.880789,1847
1782333969.8808,1845
1782333969.882117,1856
1782333969.886267,1838
1782333969.886275,1833
1782333969.8862772,1818
1782333969.8862798,1820
1782333969.887551,1816
1782333969.888823,1829
1782333969.8888268,1820
1782333969.890115,1830
1782333969.891416,1828
1782333969.892725,1839
1782333969.892738,1847
1782333969.894055,1850
1782333969.8953621,1853
1782333969.896676,1853
1782333969.896692,1854
1782333969.8979871,1866
1782333969.899285,1876
1782333969.900588,1864
1782333969.9018922,1884
1782333969.9019048,1874
1782333969.9032,1858
1782333969.904503,1850
1782333969.905807,1832
1782333969.905817,1829
1782333969.907112,1839
1782333969.90841,1825
1782333969.909708,1820
1782333969.909718,1838
1782333969.9110148,1834
1782333969.913749,1851
1782333969.913758,1834
1782333969.9137611,1834
1782333969.917493,1855
1782333969.9174988,1848
1782333969.917501,1867
1782333969.918794,1842
1782333969.9187999,1826
1782333969.920078,1822
1782333969.921356,1839
1782333969.922667,1852
1782333969.922679,1855
1782333969.9239612,1850
1782333969.925235,1869
1782333969.926291,1875
1782333969.927603,1867
1782333969.92894,1854
1782333969.928947,1838
1782333969.9302552,1835
1782333969.9315891,1827
1782333969.9329028,1845
1782333969.932914,1858
1782333969.934103,1832
1782333969.93539,1842
1782333969.936697,1839
1782333969.93671,1844
1782333969.937851,1834
1782333969.939164,1853
1782333969.940473,1860
1782333969.941773,1858
1782333969.941783,1874
1782333969.942958,1852
1782333969.945229,1836
1782333969.9452422,1855
1782333969.9466639,1842
1782333969.9466739,1834
1782333969.950298,1857
1782333969.950303,1842
1782333969.950304,1856
1782333969.9516,1854
1782333969.951616,1855
1782333969.9528902,1860
1782333969.954161,1860
1782333969.955433,1839
1782333969.956725,1844
1782333969.956736,1812
1782333969.958037,1834
1782333969.95934,1830
1782333969.960663,1839
1782333969.9606762,1819
1782333969.961993,1836
1782333969.963309,1824
1782333969.964614,1826
1782333969.964638,1837
1782333969.96593,1830
1782333969.967232,1837
1782333969.9685178,1838
1782333969.969816,1852
1782333969.969826,1839
1782333969.971125,1854
1782333969.9724212,1854
1782333969.973718,1857
1782333969.973728,1860
1782333969.9757318,1862
1782333969.975744,1853
1782333969.977086,1852
1782333969.9810739,1849
1782333969.98108,1866
1782333969.9810822,1846
1782333969.9810839,1833
1782333969.982357,1824
1782333969.983625,1836
1782333969.983629,1839
1782333969.984908,1849
1782333969.986188,1843
1782333969.987487,1837
1782333969.988791,1861
1782333969.9888031,1863
1782333969.9900758,1863
1782333969.991369,1850
1782333969.992673,1880
1782333969.992685,1854
1782333969.993993,1839
1782333969.995318,1839
1782333969.996654,1851
1782333969.99666,1862
1782333969.997961,1857
1782333969.9992452,1851
1782333969.99925,1858
1782333970.000544,1846
1782333970.001853,1851
1782333970.001861,1847
1782333970.003175,1834
1782333970.004746,1843
1782333970.0047538,1860
1782333970.008279,1879
1782333970.008288,1880
1782333970.00829,1858
1782333970.009562,1831
1782333970.0108411,1820
1782333970.010848,1836
1782333970.012135,1849
1782333970.013242,1857
1782333970.014539,1861
1782333970.015848,1855
1782333970.01586,1855
1782333970.017096,1839
1782333970.0183198,1812
1782333970.019638,1814
1782333970.01966,1829
1782333970.020971,1838
1782333970.0222871,1830
1782333970.0235908,1837
1782333970.024929,1829
1782333970.024939,1829
1782333970.0262458,1816
1782333970.027574,1838
1782333970.027627,1855
1782333970.028927,1857
1782333970.030228,1863
1782333970.0315251,1853
1782333970.032825,1863
1782333970.032834,1866
1782333970.03591,1839
1782333970.035923,1835
1782333970.036,1855
1782333970.040156,1864
1782333970.0401611,1883
1782333970.040163,1859
1782333970.0401652,1858
1782333970.041434,1850
1782333970.0427048,1854
1782333970.04271,1837
1782333970.043995,1823
1782333970.045274,1832
1782333970.04658,1849
1782333970.047879,1834
1782333970.04789,1844
1782333970.0491729,1856
1782333970.050465,1871
1782333970.051788,1845
1782333970.051798,1854
1782333970.053111,1860
1782333970.054431,1837
1782333970.0557299,1820
1782333970.0557408,1838
1782333970.057038,1825
1782333970.058335,1824
1782333970.059453,1813
1782333970.060758,1818
1782333970.060767,1834
1782333970.0620642,1835
1782333970.0653598,1820
1782333970.065374,1826
1782333970.0653791,1842
1782333970.06713,1824
1782333970.067137,1844
1782333970.070869,1852
1782333970.070876,1864
1782333970.070878,1861
1782333970.07088,1852
1782333970.072155,1853
1782333970.073428,1860
1782333970.074701,1848
1782333970.0747058,1834
1782333970.075974,1831
1782333970.077257,1855
1782333970.0785742,1868
1782333970.079875,1870
1782333970.0798929,1853
1782333970.081204,1863
1782333970.082509,1851
1782333970.0838132,1856
1782333970.0838242,1852
1782333970.085144,1868
1782333970.086463,1866
1782333970.087765,1855
1782333970.0877771,1860
1782333970.0890722,1861
1782333970.090373,1849
1782333970.091674,1828
1782333970.091684,1818
1782333970.092979,1835
1782333970.09428,1839
1782333970.095587,1846
1782333970.097481,1831
1782333970.097493,1830
1782333970.1022809,1847
1782333970.102289,1846
1782333970.102292,1822
1782333970.102294,1832
1782333970.102296,1848
1782333970.10357,1844
1782333970.104842,1860
1782333970.1048472,1854
1782333970.106115,1860
1782333970.107409,1836
1782333970.1087139,1845
1782333970.108725,1854
1782333970.110024,1825
1782333970.111337,1832
1782333970.112659,1836
1782333970.1126652,1834
1782333970.113972,1806
1782333970.115275,1820
1782333970.116586,1836
1782333970.117892,1830
1782333970.117902,1848
1782333970.1192288,1850
1782333970.1205308,1857
1782333970.121616,1855
1782333970.121651,1835
1782333970.122951,1846
1782333970.1242502,1844
1782333970.125545,1847
1782333970.128263,1860
1782333970.1282759,1835
1782333970.1282802,1832
1782333970.132319,1845
1782333970.132324,1839
1782333970.132326,1835
1782333970.132328,1831
1782333970.132329,1859
1782333970.133599,1864
1782333970.133603,1849
1782333970.13477,1843
1782333970.136053,1846
1782333970.137352,1855
1782333970.138657,1832
1782333970.138674,1842
1782333970.139946,1852
1782333970.141239,1863
1782333970.142554,1852
1782333970.143879,1847
1782333970.143894,1861
1782333970.145233,1854
1782333970.146534,1859
1782333970.1478348,1849
1782333970.147846,1855
1782333970.149142,1856
1782333970.1504378,1858
1782333970.151737,1854
1782333970.151746,1856
1782333970.153036,1846
1782333970.156896,1844
1782333970.1569111,1829
1782333970.156917,1826
1782333970.15692,1846
1782333970.161555,1855
1782333970.161601,1839
1782333970.161607,1818
1782333970.161609,1810
1782333970.161634,1842
1782333970.1629078,1837
1782333970.164176,1837
1782333970.165445,1839
1782333970.166722,1827
1782333970.166728,1824
1782333970.167955,1819
1782333970.169284,1835
1782333970.1706061,1847
1782333970.170634,1842
1782333970.171937,1837
1782333970.1732428,1843
1782333970.174551,1830
1782333970.175871,1826
1782333970.175882,1847
1782333970.177183,1843
1782333970.178497,1838
1782333970.1797981,1850
1782333970.179809,1864
1782333970.181109,1860
1782333970.182391,1869
1782333970.1836832,1838
1782333970.1836932,1830
1782333970.1849978,1858
1782333970.1867762,1851
1782333970.186804,1845
1782333970.1910021,1828
1782333970.191007,1857
1782333970.191009,1877
1782333970.1910112,1859
1782333970.1922822,1843
1782333970.193565,1844
1782333970.194842,1853
1782333970.1948469,1854
1782333970.196116,1846
1782333970.197406,1854
1782333970.198708,1865
1782333970.198719,1861
1782333970.200259,1868
1782333970.201581,1839
1782333970.202882,1855
1782333970.2028952,1863
1782333970.204082,1837
1782333970.2053928,1837
1782333970.206696,1870
1782333970.206707,1860
1782333970.2080069,1854
1782333970.2091,1830
1782333970.210419,1848
1782333970.2117188,1851
1782333970.211731,1850
1782333970.213025,1861
1782333970.214329,1862
1782333970.215647,1851
1782333970.2156549,1854
1782333970.217111,1832
1782333970.220608,1837
1782333970.220614,1839
1782333970.220617,1833
1782333970.220618,1844
1782333970.2218869,1829
1782333970.223157,1851
1782333970.224427,1838
1782333970.2257211,1849
1782333970.225734,1857
1782333970.2270458,1860
1782333970.22836,1880
1782333970.229645,1857
1782333970.22965,1870
1782333970.230963,1861
1782333970.232267,1839
1782333970.233556,1839
1782333970.234627,1835
1782333970.234658,1845
1782333970.235971,1839
1782333970.2372532,1814
1782333970.23855,1821
1782333970.2398562,1819
1782333970.239867,1814
1782333970.241175,1819
1782333970.2424278,1830
1782333970.243735,1829
1782333970.243745,1821
1782333970.2450528,1812
1782333970.246351,1835
1782333970.247653,1846
1782333970.247663,1849
1782333970.249134,1844
1782333970.250687,1851
1782333970.250699,1853
1782333970.254666,1844
1782333970.254674,1854
1782333970.2546759,1854
1782333970.254678,1866
1782333970.255952,1854
1782333970.2572212,1835
1782333970.25849,1834
1782333970.259547,1818
1782333970.260876,1843
1782333970.260886,1830
1782333970.26218,1848
1782333970.2634869,1846
1782333970.263498,1856
1782333970.264798,1876
1782333970.26481,1865
1782333970.2661061,1863
1782333970.267429,1853
1782333970.268745,1836
1782333970.2687519,1836
1782333970.27005,1837
1782333970.271355,1858
1782333970.272664,1847
1782333970.2726789,1857
1782333970.274009,1850
1782333970.275316,1848
1782333970.27664,1860
1782333970.276701,1858
1782333970.280457,1847
1782333970.2804701,1854
1782333970.280475,1848
1782333970.284854,1846
1782333970.284859,1839
1782333970.2848608,1838
1782333970.284864,1867
1782333970.284866,1858
1782333970.286145,1850
1782333970.2874181,1854
1782333970.288686,1853
1782333970.288691,1821
1782333970.289959,1832
1782333970.29125,1833
1782333970.292572,1832
1782333970.293796,1826
1782333970.293802,1825
1782333970.295125,1830
1782333970.296403,1833
1782333970.297699,1839
1782333970.2977102,1858
1782333970.2990148,1838
1782333970.300299,1871
1782333970.301596,1851
1782333970.3029041,1851
1782333970.302916,1876
1782333970.3042119,1869
1782333970.305512,1853
1782333970.306827,1847
1782333970.3068328,1854
1782333970.3081112,1869
1782333970.3122828,1839
1782333970.31229,1833
1782333970.312292,1839
1782333970.312294,1831
1782333970.313569,1834
1782333970.3148391,1861
1782333970.314843,1845
1782333970.3161201,1849
1782333970.317424,1831
1782333970.318753,1837
1782333970.3187609,1825
1782333970.320079,1839
1782333970.321377,1834
1782333970.3226812,1838
1782333970.322693,1838
1782333970.3252869,1844
1782333970.325299,1838
1782333970.326596,1846
1782333970.327924,1839
1782333970.327931,1835
1782333970.3292239,1839
1782333970.330528,1844
1782333970.331831,1842
1782333970.331842,1839
1782333970.3331368,1835
1782333970.3344362,1820
1782333970.3357508,1827
1782333970.3357592,1837
1782333970.337062,1845
1782333970.340223,1838
1782333970.340236,1829
1782333970.340241,1838
1782333970.3452291,1844
1782333970.345238,1827
1782333970.345272,1838
1782333970.3452768,1818
1782333970.345279,1818
1782333970.3465521,1811
1782333970.347831,1805
1782333970.3478348,1815
1782333970.349102,1822
1782333970.350394,1826
1782333970.3516989,1807
1782333970.351709,1848
1782333970.3529909,1838
1782333970.3542888,1822
1782333970.355615,1855
1782333970.3556402,1844
1782333970.356935,1849
1782333970.358239,1844
1782333970.359544,1866
1782333970.3608582,1887
1782333970.360868,1878
1782333970.3621602,1848
1782333970.363459,1863
1782333970.364759,1848
1782333970.364768,1852
1782333970.3660622,1871
1782333970.367361,1871
1782333970.368662,1866
1782333970.368673,1857
1782333970.369776,1853
1782333970.371797,1858
1782333970.3718112,1855
1782333970.377216,1856
1782333970.377246,1847
1782333970.377248,1846
1782333970.3772511,1830
1782333970.377252,1832
1782333970.378528,1833
1782333970.3797991,1839
1782333970.379803,1848
1782333970.381078,1846
1782333970.3823738,1844
1782333970.38368,1848
1782333970.383692,1858
1782333970.384992,1833
1782333970.3863108,1839
1782333970.3876119,1842
1782333970.387639,1835
1782333970.388931,1830
1782333970.390232,1823
1782333970.391511,1839
1782333970.3928041,1831
1782333970.392815,1867
1782333970.394132,1855
1782333970.3954182,1855
1782333970.3966222,1863
1782333970.396628,1860
1782333970.396652,1865
1782333970.3979468,1880
1782333970.399263,1878
1782333970.40077,1903
1782333970.4007769,1876
1782333970.404852,1888
1782333970.40486,1886
1782333970.4048629,1862
1782333970.404864,1833
1782333970.406136,1834
1782333970.4074152,1813
1782333970.4086862,1823
1782333970.40869,1828
1782333970.4099588,1824
1782333970.411229,1832
1782333970.4125319,1845
1782333970.413842,1839
1782333970.413853,1831
1782333970.4151511,1843
1782333970.416451,1837
1782333970.4177558,1830
1782333970.417768,1839
1782333970.41906,1856
1782333970.420374,1845
1782333970.421676,1854
1782333970.4216871,1842
1782333970.422987,1833
1782333970.424286,1817
1782333970.42559,1812
1782333970.426898,1807
1782333970.426909,1825
1782333970.4282,1826
1782333970.431505,1830
1782333970.431517,1821
1782333970.4315221,1826
1782333970.436345,1842
1782333970.436353,1836
1782333970.436355,1834
1782333970.436357,1832
1782333970.436359,1837
1782333970.437631,1866
1782333970.4376361,1876
1782333970.438903,1856
1782333970.440172,1856
1782333970.4414668,1866
1782333970.442771,1845
1782333970.442782,1839
1782333970.444111,1842
1782333970.445436,1839
1782333970.446611,1836
1782333970.446639,1819
1782333970.447936,1819
1782333970.4492412,1823
1782333970.4505239,1839
1782333970.4517992,1828
1782333970.4518049,1861
1782333970.45311,1850
1782333970.454431,1846
1782333970.455734,1858
1782333970.4557471,1857
1782333970.4570591,1864
1782333970.458339,1852
1782333970.46051,1865
1782333970.4605188,1857
1782333970.461854,1851
1782333970.4618618,1858
1782333970.46651,1854
1782333970.4665148,1860
1782333970.466516,1858
1782333970.466518,1852
1782333970.467793,1839
1782333970.467799,1852
1782333970.469076,1848
1782333970.470353,1846
1782333970.471646,1850
1782333970.4716558,1863
1782333970.472933,1852
1782333970.474018,1851
1782333970.4753358,1842
1782333970.4766378,1841
1782333970.476678,1835
1782333970.4779751,1839
1782333970.479289,1827
1782333970.4805791,1834
1782333970.480614,1866
1782333970.481919,1863
1782333970.483223,1862
1782333970.4845288,1882
1782333970.485835,1867
1782333970.485848,1860
1782333970.487147,1855
1782333970.488266,1857
1782333970.489546,1858
1782333970.49084,1862
1782333970.490852,1848
1782333970.49193,1848
1782333970.4933062,1859
1782333970.497092,1846
1782333970.497097,1825
1782333970.497099,1823
1782333970.497101,1839
1782333970.4983768,1828
1782333970.499648,1842
1782333970.4996521,1851
1782333970.500742,1841
1782333970.5020201,1832
1782333970.5033169,1837
1782333970.504639,1822
1782333970.504661,1842
1782333970.505899,1843
1782333970.507201,1829
1782333970.5085042,1845
1782333970.50963,1835
1782333970.509655,1844
1782333970.510946,1850
1782333970.512293,1850
1782333970.513621,1863
1782333970.5136378,1864
1782333970.514923,1849
1782333970.5162199,1871
1782333970.517523,1864
1782333970.5188138,1857
1782333970.51882,1847
1782333970.520088,1838
1782333970.521368,1832
1782333970.52261,1848
1782333970.5226161,1818
1782333970.5262988,1819
1782333970.526305,1839
1782333970.526308,1830
1782333970.527583,1831
1782333970.5275881,1814
1782333970.527609,1806
1782333970.5288801,1836
1782333970.530158,1839
1782333970.531432,1839
1782333970.532744,1862
1782333970.532755,1867
1782333970.534049,1849
1782333970.5353332,1849
1782333970.5366101,1855
1782333970.5366158,1842
1782333970.537792,1860
1782333970.539104,1860
1782333970.540409,1871
1782333970.541692,1858
1782333970.541696,1862
1782333970.542988,1858
1782333970.544296,1846
1782333970.545599,1871
1782333970.546915,1857
1782333970.5469272,1852
1782333970.548197,1820
1782333970.549471,1833
1782333970.550765,1847
1782333970.550776,1850
1782333970.5525901,1850
1782333970.552806,1845
1782333970.5561879,1856
1782333970.556193,1863
1782333970.556195,1861
1782333970.557365,1863
1782333970.558634,1856
1782333970.558638,1836
1782333970.5599098,1842
1782333970.5611892,1854
1782333970.562486,1871
1782333970.5637949,1838
1782333970.563806,1852
1782333970.565084,1845
1782333970.5663738,1861
1782333970.5676851,1866
1782333970.5676968,1864
1782333970.569004,1859
1782333970.5703099,1846
1782333970.571628,1846
1782333970.571659,1853
1782333970.57293,1834
1782333970.57422,1826
1782333970.575524,1810
1782333970.576829,1820
1782333970.57684,1818
1782333970.578155,1849
1782333970.579458,1834
1782333970.58077,1820
1782333970.5807822,1836
1782333970.5821161,1828
1782333970.5857,1823
1782333970.585706,1828
1782333970.5857081,1835
1782333970.585709,1833
1782333970.5869792,1818
1782333970.588233,1828
1782333970.5895061,1806
1782333970.590802,1839
1782333970.5908139,1839
1782333970.592111,1838
1782333970.593432,1843
1782333970.594739,1850
1782333970.594754,1853
1782333970.59605,1861
1782333970.597353,1866
1782333970.598573,1850
1782333970.5998871,1839
1782333970.5999,1848
1782333970.601194,1855
1782333970.602515,1854
1782333970.603814,1851
1782333970.6038249,1827
1782333970.60512,1861
1782333970.606401,1843
1782333970.607689,1851
1782333970.6076999,1842
1782333970.609015,1832
1782333970.6103182,1864
1782333970.61163,1842
1782333970.611659,1843
1782333970.613,1835
1782333970.61774,1846
1782333970.6177468,1839
1782333970.617749,1828
1782333970.6177511,1811
1782333970.617753,1839
1782333970.619026,1839
1782333970.6202729,1864
1782333970.621548,1871
1782333970.6228192,1863
1782333970.622823,1848
1782333970.62413,1836
1782333970.625427,1837
1782333970.626734,1852
1782333970.6267462,1852
1782333970.628059,1858
1782333970.6293619,1844
1782333970.630672,1849
1782333970.6306849,1826
1782333970.631983,1838
1782333970.633282,1836
1782333970.634589,1856
1782333970.635916,1860
1782333970.635927,1859
1782333970.637232,1871
1782333970.638537,1859
1782333970.63982,1859
1782333970.639824,1871
1782333970.641114,1853
1782333970.6424189,1844
1782333970.644104,1850
1782333970.64411,1851
1782333970.648169,1836
1782333970.648173,1836
1782333970.648175,1850
1782333970.648177,1847
1782333970.649447,1851
1782333970.650719,1848
1782333970.650723,1842
1782333970.652006,1832
1782333970.653301,1827
1782333970.654609,1839
1782333970.654645,1849
1782333970.655809,1862
1782333970.657108,1845
1782333970.6584141,1844
1782333970.65973,1814
1782333970.6597419,1854
1782333970.661043,1845
1782333970.662303,1838
1782333970.663575,1848
1782333970.663579,1846
1782333970.663614,1849
1782333970.664906,1827
1782333970.666188,1835
1782333970.667477,1843
1782333970.668792,1843
1782333970.668797,1859
1782333970.670088,1832
1782333970.671386,1830
1782333970.672682,1823
1782333970.672692,1831
1782333970.675912,1819
1782333970.675924,1818
1782333970.675929,1807
1782333970.680481,1823
1782333970.680487,1835
1782333970.680489,1835
1782333970.68049,1837
1782333970.681761,1858
1782333970.6817658,1856
1782333970.683032,1871
1782333970.6843011,1859
1782333970.6855738,1874
1782333970.686878,1883
1782333970.68689,1832
1782333970.688194,1823
1782333970.689497,1818
1782333970.690799,1829
1782333970.6908102,1831
1782333970.692113,1839
1782333970.693433,1836
1782333970.694752,1846
1782333970.694759,1851
1782333970.69606,1870
1782333970.697357,1867
1782333970.698663,1883
1782333970.698673,1874
1782333970.699965,1866
1782333970.701278,1865
1782333970.702517,1846
1782333970.705216,1844
1782333970.705224,1855
1782333970.705227,1853
1782333970.709773,1837
1782333970.70978,1827
1782333970.7097821,1865
1782333970.709785,1871
1782333970.709787,1856
1782333970.711061,1838
1782333970.7123358,1851
1782333970.7136068,1832
1782333970.7136111,1844
1782333970.71488,1859
1782333970.716149,1853
1782333970.717439,1847
1782333970.718741,1854
1782333970.718753,1860
1782333970.720064,1854
1782333970.721366,1828
1782333970.722668,1830
1782333970.7226791,1830
1782333970.7239912,1807
1782333970.725295,1815
1782333970.726615,1817
1782333970.726645,1823
1782333970.727937,1823
1782333970.729236,1829
1782333970.730538,1846
1782333970.731839,1868
1782333970.73185,1883
1782333970.733161,1887
1782333970.734533,1869
1782333970.738506,1871
1782333970.738511,1863
1782333970.7385118,1839
1782333970.738514,1845
1782333970.739787,1868
1782333970.7397912,1855
1782333970.741059,1876
1782333970.742327,1862
1782333970.743603,1833
1782333970.7436092,1833
1782333970.744908,1838
1782333970.7462132,1815
1782333970.747527,1811
1782333970.748828,1829
1782333970.748839,1833
1782333970.750133,1851
1782333970.751284,1838
1782333970.752587,1844
1782333970.753898,1845
1782333970.753909,1839
1782333970.755211,1839
1782333970.75651,1836
1782333970.7578108,1818
1782333970.7578208,1829
1782333970.759097,1822
1782333970.760414,1834
1782333970.761718,1824
1782333970.761729,1825
1782333970.763021,1827
1782333970.764866,1825
1782333970.764906,1839
1782333970.769279,1849
1782333970.7692852,1826
1782333970.769286,1828
1782333970.7692878,1843
1782333970.7705579,1860
1782333970.7718349,1855
1782333970.771839,1861
1782333970.773097,1844
1782333970.774367,1838
1782333970.775656,1825
1782333970.775668,1812
1782333970.7769952,1829
1782333970.778304,1818
1782333970.7796109,1837
1782333970.779644,1831
1782333970.7809348,1836
1782333970.7822342,1833
1782333970.7835531,1852
1782333970.784835,1834
1782333970.784839,1844
1782333970.786134,1847
1782333970.7874408,1867
1782333970.788744,1857
1782333970.788755,1875
1782333970.790074,1870
1782333970.7913752,1876
1782333970.792693,1880
1782333970.792703,1874
1782333970.794007,1856
1782333970.795307,1848
1782333970.795319,1839
1782333970.797001,1855
1782333970.7970061,1844
1782333970.8011642,1842
1782333970.801169,1832
1782333970.8011708,1822
1782333970.801173,1852
1782333970.8024561,1829
1782333970.8037279,1815
1782333970.803732,1849
1782333970.8049102,1830
1782333970.806216,1807
1782333970.807522,1825
1782333970.808825,1832
1782333970.8088372,1853
1782333970.8101351,1861
1782333970.8114402,1861
1782333970.8127449,1885
1782333970.812756,1861
1782333970.8140538,1864
1782333970.8153589,1854
1782333970.816661,1855
1782333970.8166752,1883
1782333970.817972,1853
1782333970.819284,1857
1782333970.8205938,1868
1782333970.821892,1857
1782333970.821904,1852
1782333970.823195,1829
1782333970.824508,1815
1782333970.826439,1829
1782333970.8264499,1867
1782333970.8314319,1839
1782333970.831437,1850
1782333970.831439,1850
1782333970.831441,1852
1782333970.8314428,1848
1782333970.832713,1854
1782333970.8327181,1865
1782333970.833986,1855
1782333970.835258,1855
1782333970.836491,1855
1782333970.837792,1864
1782333970.837806,1858
1782333970.839107,1853
1782333970.840409,1857
1782333970.8417091,1854
1782333970.84172,1845
1782333970.842954,1862
1782333970.844259,1838
1782333970.845588,1830
1782333970.846903,1823
1782333970.846913,1827
1782333970.848207,1806
1782333970.8495119,1825
1782333970.8508139,1830
1782333970.850826,1831
1782333970.852129,1824
1782333970.853441,1819
1782333970.8547451,1806
1782333970.854756,1830
1782333970.856318,1839
1782333970.860171,1861
1782333970.8601768,1848
1782333970.860179,1863
1782333970.860181,1862
1782333970.86145,1861
1782333970.862484,1857
1782333970.8637571,1856
1782333970.863762,1859
1782333970.865055,1862
1782333970.866335,1849
1782333970.8676548,1850
1782333970.867661,1836
1782333970.868962,1866
1782333970.87028,1862
1782333970.871582,1861
1782333970.872919,1846
1782333970.872927,1850
1782333970.874225,1849
1782333970.875526,1828
1782333970.8768299,1829
1782333970.876844,1822
1782333970.878148,1807
1782333970.87945,1815
1782333970.880755,1839
1782333970.880765,1828
1782333970.882072,1816
1782333970.883373,1822
1782333970.884664,1830
1782333970.884672,1865
1782333970.886119,1850
1782333970.8911219,1848
1782333970.891128,1868
1782333970.8911302,1839
1782333970.891131,1846
1782333970.8911328,1838
1782333970.8924,1833
1782333970.8936808,1846
1782333970.893686,1865
1782333970.894955,1850
1782333970.896249,1850
1782333970.89753,1844
1782333970.8988218,1845
1782333970.8988318,1849
1782333970.900131,1856
1782333970.901432,1861
1782333970.902755,1863
1782333970.902762,1866
1782333970.904083,1848
1782333970.905395,1839
1782333970.9067001,1842
1782333970.906712,1842
1782333970.9080179,1830
1782333970.909321,1839
1782333970.910631,1823
1782333970.910655,1822
1782333970.911975,1828
1782333970.9132779,1815
1782333970.914585,1826
1782333970.91839,1839
1782333970.918401,1826
1782333970.9184058,1827
1782333970.91841,1839
1782333970.9235468,1818
1782333970.923554,1829
1782333970.923556,1832
1782333970.92356,1829
1782333970.9235609,1831
1782333970.924835,1822
1782333970.92484,1833
1782333970.926108,1842
1782333970.927381,1844
1782333970.927386,1856
1782333970.9286542,1863
1782333970.928658,1871
1782333970.9299479,1854
1782333970.9312482,1855
1782333970.932548,1846
1782333970.933863,1857
1782333970.933874,1833
1782333970.935192,1853
1782333970.9365041,1855
1782333970.937783,1853
1782333970.937788,1866
1782333970.9390578,1847
1782333970.940351,1842
1782333970.941652,1853
1782333970.941663,1870
1782333970.942959,1867
1782333970.944266,1867
1782333970.945581,1861
1782333970.9477499,1849
1782333970.947756,1847
1782333970.9477592,1861
1782333970.952478,1856
1782333970.9524841,1848
1782333970.9524858,1846
1782333970.952489,1850
1782333970.95376,1843
1782333970.9537652,1839
1782333970.954958,1848
1782333970.9562292,1850
1782333970.957525,1843
1782333970.958834,1842
1782333970.958848,1839
1782333970.96013,1837
1782333970.961432,1832
1782333970.962759,1834
1782333970.9627662,1813
1782333970.964066,1797
1782333970.965367,1828
1782333970.966667,1828
1782333970.966678,1847
1782333970.967953,1839
1782333970.9692569,1839
1782333970.970569,1844
1782333970.971869,1844
1782333970.971881,1835
1782333970.973172,1853
1782333970.9744651,1866
1782333970.975754,1851
1782333970.9757628,1854
1782333970.978247,1861
1782333970.978256,1861
1782333970.9829938,1852
1782333970.983,1853
1782333970.9830022,1855
1782333970.9830039,1849
1782333970.983006,1839
1782333970.98428,1871
1782333970.985555,1839
1782333970.986602,1847
1782333970.986608,1853
1782333970.987881,1855
1782333970.989175,1855
1782333970.990474,1851
1782333970.9917738,1854
1782333970.991785,1853
1782333970.992953,1824
1782333970.994282,1839
1782333970.995608,1847
1782333970.9956381,1831
1782333970.996932,1837
1782333970.9982321,1816
1782333970.999533,1824
1782333971.0007591,1842
1782333971.000771,1839
1782333971.002079,1829
1782333971.0033898,1843
1782333971.004689,1831
1782333971.004699,1851
1782333971.006,1844
1782333971.007311,1858
1782333971.00921,1857
1782333971.0092192,1846
1782333971.013715,1869
1782333971.0137222,1871
1782333971.0137239,1854
1782333971.013726,1843
1782333971.013728,1854
1782333971.0150049,1847
1782333971.016277,1847
1782333971.017557,1860
1782333971.018838,1839
1782333971.018843,1846
1782333971.0199091,1842
1782333971.021214,1835
1782333971.022516,1832
1782333971.023817,1832
1782333971.023829,1820
1782333971.025126,1830
1782333971.026287,1832
1782333971.027593,1854
1782333971.02894,1854
1782333971.028946,1847
1782333971.03024,1849
1782333971.031544,1878
1782333971.0328588,1865
1782333971.0328698,1865
1782333971.034178,1879
1782333971.035491,1855
1782333971.036788,1850
1782333971.036798,1838
1782333971.038089,1839
1782333971.039764,1844
1782333971.0397701,1831
1782333971.044845,1830
1782333971.0448508,1839
1782333971.044855,1847
1782333971.044857,1853
1782333971.044859,1862
1782333971.046129,1855
1782333971.0473979,1859
1782333971.048665,1839
1782333971.0486689,1819
1782333971.0499358,1838
1782333971.05125,1844
1782333971.0526028,1826
1782333971.052625,1818
1782333971.053946,1829
1782333971.054995,1845
1782333971.056289,1839
1782333971.057593,1838
1782333971.058901,1856
1782333971.058912,1847
1782333971.058917,1836
1782333971.060213,1839
1782333971.0615199,1845
1782333971.0628228,1866
1782333971.062834,1854
1782333971.0641348,1844
1782333971.065436,1850
1782333971.0667431,1855
1782333971.066754,1858
1782333971.068039,1862
1782333971.0692139,1867
1782333971.070817,1870
1782333971.070822,1871
1782333971.074909,1839
1782333971.074914,1844
1782333971.0749152,1864
1782333971.074917,1866
1782333971.076185,1850
1782333971.0774589,1835
1782333971.078732,1850
1782333971.0787358,1870
1782333971.079936,1846
1782333971.081234,1847
1782333971.082515,1835
1782333971.083806,1839
1782333971.083817,1850
1782333971.08512,1827
1782333971.086431,1848
1782333971.0877361,1842
1782333971.087748,1815
1782333971.0890508,1827
1782333971.090352,1827
1782333971.091651,1848
1782333971.0916622,1837
1782333971.0929651,1851
1782333971.0942879,1845
1782333971.095594,1839
1782333971.0968928,1837
1782333971.096905,1839
1782333971.098214,1850
1782333971.09952,1844
1782333971.101123,1823
1782333971.101129,1837
1782333971.105406,1851
1782333971.105412,1838
1782333971.105414,1824
1782333971.1054158,1845
1782333971.106685,1850
1782333971.106689,1830
1782333971.107954,1855
1782333971.109237,1849
1782333971.110516,1844
1782333971.111815,1839
1782333971.111827,1827
1782333971.113131,1837
1782333971.1144378,1851
1782333971.115741,1866
1782333971.115752,1876
1782333971.117048,1871
1782333971.118358,1838
1782333971.119659,1846
1782333971.119665,1858
1782333971.1209621,1853
1782333971.122263,1835
1782333971.1235719,1846
1782333971.124872,1842
1782333971.124883,1846
1782333971.126192,1832
1782333971.1274948,1850
1782333971.128809,1838
1782333971.128818,1824
1782333971.130251,1836
1782333971.1350882,1834
1782333971.1350951,1844
1782333971.1350982,1834
1782333971.1351,1843
1782333971.135102,1839
1782333971.136352,1862
1782333971.137623,1839
1782333971.137627,1852
1782333971.138895,1836
1782333971.1401658,1835
1782333971.141459,1839
1782333971.142762,1838
1782333971.142773,1834
1782333971.144075,1848
1782333971.145383,1848
1782333971.146685,1842
1782333971.1466959,1862
1782333971.14799,1837
1782333971.149288,1812
1782333971.15059,1828
1782333971.151912,1848
1782333971.1519191,1832
1782333971.153207,1832
1782333971.154507,1853
1782333971.155808,1832
1782333971.155817,1842
1782333971.157108,1835
1782333971.158407,1847
1782333971.1618612,1880
1782333971.1618729,1861
1782333971.161878,1855
1782333971.1618829,1839
1782333971.16659,1846
1782333971.166595,1842
1782333971.1665971,1836
1782333971.1666,1824
1782333971.166631,1813
1782333971.1679082,1820
1782333971.169183,1827
1782333971.1704519,1827
1782333971.17285,1825
1782333971.172862,1832
1782333971.172868,1825
1782333971.1741629,1834
1782333971.1754618,1829
1782333971.176775,1841
1782333971.1767879,1834
1782333971.178093,1839
1782333971.179395,1841
1782333971.180695,1833
1782333971.180706,1815
1782333971.1819992,1810
1782333971.183299,1839
1782333971.1846242,1852
1782333971.184644,1834
1782333971.185938,1837
1782333971.1859488,1857
1782333971.187254,1847
1782333971.1885362,1855
1782333971.189829,1855
1782333971.1898398,1838
1782333971.1911309,1858
1782333971.193634,1848
1782333971.193645,1849
1782333971.194219,1836
1782333971.198619,1852
1782333971.198625,1854
1782333971.198627,1859
1782333971.1986291,1871
1782333971.1986308,1869
1782333971.1999118,1859
1782333971.201185,1850
1782333971.202456,1858
1782333971.203726,1855
1782333971.2037299,1860
1782333971.205018,1850
1782333971.206319,1848
1782333971.2076411,1843
1782333971.207666,1837
1782333971.2089632,1833
1782333971.2102752,1836
1782333971.2115421,1843
1782333971.212847,1867
1782333971.212857,1862
1782333971.214171,1854
1782333971.21547,1852
1782333971.2167711,1880
1782333971.216782,1871
1782333971.21809,1850
1782333971.219394,1869
1782333971.220696,1862
1782333971.2207072,1857
1782333971.222521,1851
1782333971.227232,1855
1782333971.227238,1845
1782333971.227241,1835
1782333971.227243,1839
1782333971.2272441,1845
1782333971.2285151,1839
1782333971.229784,1843
1782333971.2297878,1844
1782333971.231055,1831
1782333971.2323241,1826
1782333971.233441,1838
1782333971.234737,1824
1782333971.23475,1856
1782333971.236047,1851
1782333971.2373362,1850
1782333971.238642,1862
1782333971.238655,1845
1782333971.239957,1839
1782333971.241261,1834
1782333971.2424178,1835
1782333971.2437289,1820
1782333971.243742,1802
1782333971.2450418,1807
1782333971.246342,1823
1782333971.247643,1829
1782333971.247654,1839
1782333971.2489548,1846
1782333971.250253,1843
1782333971.252814,1851
1782333971.25282,1855
1782333971.252842,1863
1782333971.2568178,1860
1782333971.256824,1857
1782333971.2568262,1871
1782333971.2568278,1870
1782333971.258097,1848
1782333971.2593658,1848
1782333971.260639,1856
1782333971.2606452,1865
1782333971.261913,1855
1782333971.2629828,1886
1782333971.264292,1850
1782333971.265598,1851
1782333971.266925,1845
1782333971.266937,1839
1782333971.268235,1856
1782333971.269539,1851
1782333971.270862,1842
1782333971.270868,1828
1782333971.272177,1842
1782333971.273477,1839
1782333971.2747872,1854
1782333971.274799,1848
1782333971.276097,1848
1782333971.277399,1857
1782333971.278718,1831
1782333971.278731,1844
1782333971.2799182,1831
1782333971.281224,1860
1782333971.2831712,1846
1782333971.283175,1842
1782333971.287004,1855
1782333971.28701,1854
1782333971.287012,1853
1782333971.287013,1843
1782333971.288231,1849
1782333971.2895029,1837
1782333971.290774,1850
1782333971.2907782,1846
1782333971.2920692,1833
1782333971.29337,1847
1782333971.294688,1833
1782333971.294695,1839
1782333971.295988,1837
1782333971.29729,1831
1782333971.2985961,1820
1782333971.299933,1812
1782333971.299944,1820
1782333971.301242,1801
1782333971.302547,1826
1782333971.303861,1837
1782333971.303872,1834
1782333971.305192,1822
1782333971.306495,1812
1782333971.307801,1822
1782333971.3078122,1827
1782333971.3091002,1825
1782333971.3104,1814
1782333971.312531,1831
1782333971.312535,1852
1782333971.316169,1839
1782333971.316174,1832
1782333971.316176,1828
1782333971.3161778,1844
1782333971.316179,1854
1782333971.3173919,1861
1782333971.318663,1856
1782333971.3186681,1850
1782333971.319938,1860
1782333971.321234,1864
1782333971.3225348,1871
1782333971.3238442,1869
1782333971.323854,1869
1782333971.325155,1859
1782333971.3262908,1855
1782333971.3276029,1859
1782333971.32764,1851
1782333971.328948,1864
1782333971.330249,1871
1782333971.331531,1880
1782333971.332824,1870
1782333971.3328362,1853
1782333971.334147,1848
1782333971.335472,1829
1782333971.336768,1823
1782333971.336781,1835
1782333971.338083,1847
1782333971.339367,1858
1782333971.340658,1846
1782333971.340669,1848
1782333971.34197,1875
1782333971.344179,1874
1782333971.3441842,1862
1782333971.348592,1856
1782333971.3485959,1864
1782333971.348598,1846
1782333971.348599,1836
1782333971.348623,1847
1782333971.349895,1850
1782333971.3511639,1830
1782333971.352438,1828
1782333971.353733,1839
1782333971.3537438,1832
1782333971.3550441,1823
1782333971.3563478,1834
1782333971.357651,1836
1782333971.357666,1845
1782333971.358968,1823
1782333971.360256,1852
1782333971.3615758,1854
1782333971.362688,1852
1782333971.3627,1871
1782333971.364,1848
1782333971.365302,1845
1782333971.366603,1828
1782333971.366642,1846
1782333971.3679428,1842
1782333971.36925,1839
1782333971.3705542,1834
1782333971.371861,1836
1782333971.371872,1835
1782333971.373167,1846
1782333971.374573,1839
1782333971.374594,1852
1782333971.378818,1850
1782333971.378824,1834
1782333971.378826,1838
1782333971.378827,1838
1782333971.379891,1833
1782333971.3811688,1807
1782333971.382441,1806
1782333971.383738,1825
1782333971.383749,1818
1782333971.385059,1844
1782333971.386336,1846
1782333971.3876321,1839
1782333971.3876731,1851
1782333971.388973,1845
1782333971.3902762,1869
1782333971.3915899,1850
1782333971.392898,1867
1782333971.392919,1866
1782333971.394214,1860
1782333971.39552,1858
1782333971.396598,1839
1782333971.396626,1849
1782333971.397918,1858
1782333971.39922,1858
1782333971.400519,1861
1782333971.401834,1851
1782333971.4018471,1847
1782333971.403141,1852
1782333971.404653,1862
1782333971.4046578,1848
1782333971.408889,1838
1782333971.408895,1830
1782333971.408897,1857
1782333971.408898,1839
1782333971.410173,1832
1782333971.411448,1845
1782333971.412725,1842
1782333971.412731,1837
1782333971.414031,1839
1782333971.4153368,1834
1782333971.416641,1837
1782333971.416652,1848
1782333971.417956,1855
1782333971.419264,1845
1782333971.4204469,1839
1782333971.421588,1828
1782333971.422922,1855
1782333971.422931,1865
1782333971.4242408,1854
1782333971.4255402,1878
1782333971.426854,1874
1782333971.4268658,1850
1782333971.428153,1852
1782333971.429447,1839
1782333971.4307551,1822
1782333971.430766,1816
1782333971.432072,1821
1782333971.433384,1844
1782333971.435406,1834
1782333971.435411,1839
1782333971.437558,1827
1782333971.4375648,1829
1782333971.450902,1843
1782333971.450911,1844
1782333971.450913,1839
1782333971.450915,1824
1782333971.450916,1844
1782333971.450918,1847
1782333971.450921,1850
1782333971.450923,1849
1782333971.450924,1853
1782333971.450926,1849
1782333971.4509282,1863
1782333971.4509299,1845
1782333971.4509308,1848
1782333971.450933,1839
1782333971.4509351,1850
1782333971.4522061,1831
1782333971.4534762,1839
1782333971.457696,1844
1782333971.4577,1845
1782333971.457702,1839
1782333971.4577029,1831
1782333971.457705,1839
1782333971.459004,1846
1782333971.460282,1847
1782333971.461576,1855
1782333971.4628632,1865
1782333971.462869,1852
1782333971.4641888,1854
1782333971.465463,1865
1782333971.467121,1845
1782333971.467125,1839
1782333971.482976,1839
1782333971.48298,1847
1782333971.4829812,1857
1782333971.482982,1850
1782333971.4829829,1836
1782333971.4829838,1832
1782333971.482985,1847
1782333971.482986,1837
1782333971.482987,1842
1782333971.482988,1832
1782333971.482989,1828
1782333971.48299,1839
1782333971.4829912,1852
1782333971.4829922,1844
1782333971.482993,1832
1782333971.4829938,1864
1782333971.484264,1849
1782333971.4855292,1848
1782333971.4889688,1832
1782333971.488972,1844
1782333971.4889731,1852
1782333971.488974,1858
1782333971.490241,1852
1782333971.491523,1851
1782333971.492812,1857
1782333971.4928188,1875
1782333971.494099,1852
1782333971.4953961,1851
1782333971.4967701,1839
1782333971.496775,1835
1782333971.509475,1847
1782333971.5094788,1850
1782333971.50948,1827
1782333971.509481,1843
1782333971.509482,1849
1782333971.509483,1842
1782333971.509483,1825
1782333971.509484,1830
1782333971.509485,1836
1782333971.5094862,1826
1782333971.5094862,1832
1782333971.5094872,1839
1782333971.510753,1836
1782333971.510755,1852
1782333971.512017,1863
1782333971.51408,1861
1782333971.5140831,1848
1782333971.5153532,1878
1782333971.516636,1852
1782333971.516643,1862
1782333971.517925,1859
1782333971.51921,1871
1782333971.5204952,1876
1782333971.521783,1839
1782333971.5217888,1851
1782333971.52306,1858
1782333971.524342,1862
1782333971.525627,1830
1782333971.525633,1844
1782333971.5268989,1862
1782333971.5377438,1839
1782333971.537746,1855
1782333971.537747,1845
1782333971.5377479,1851
1782333971.537749,1839
1782333971.537749,1851
1782333971.53775,1831
1782333971.537751,1836
1782333971.537751,1838
1782333971.5377522,1844
1782333971.537753,1847
1782333971.539029,1823
1782333971.541701,1824
1782333971.541705,1836
1782333971.541707,1836
1782333971.5429718,1836
1782333971.544257,1836
1782333971.54555,1821
1782333971.546892,1813
1782333971.546902,1846
1782333971.548172,1844
1782333971.5494359,1853
1782333971.550716,1847
1782333971.5507221,1854
1782333971.5520031,1858
1782333971.553288,1852
1782333971.5545752,1838
1782333971.555847,1838
1782333971.55585,1850
1782333971.56652,1844
1782333971.5665228,1847
1782333971.5665238,1839
1782333971.566525,1846
1782333971.566525,1844
1782333971.566526,1846
1782333971.566527,1830
1782333971.566528,1851
1782333971.566528,1837
1782333971.566529,1846
1782333971.567797,1831
1782333971.567799,1827
1782333971.5703402,1818
1782333971.5703418,1836
1782333971.570343,1839
1782333971.5716102,1815
1782333971.571616,1818
1782333971.572882,1825
1782333971.574165,1836
1782333971.575454,1828
1782333971.576737,1849
1782333971.5767438,1864
1782333971.578024,1869
1782333971.579312,1855
1782333971.580595,1863
1782333971.5819352,1881
1782333971.5819452,1857
1782333971.583233,1858
1782333971.584523,1858
1782333971.58615,1839
1782333971.586153,1839
1782333971.595938,1839
1782333971.595941,1855
1782333971.595941,1848
1782333971.5959418,1846
1782333971.595943,1839
1782333971.595944,1855
1782333971.595944,1855
1782333971.595945,1853
1782333971.595946,1860
1782333971.595947,1839
1782333971.5972202,1839
1782333971.599809,1836
1782333971.599811,1837
1782333971.599812,1825
1782333971.6010938,1844
1782333971.6023848,1861
1782333971.6036742,1842
1782333971.60368,1866
1782333971.604964,1859
1782333971.606236,1871
1782333971.607519,1849
1782333971.6088068,1869
1782333971.608813,1851
1782333971.610094,1845
1782333971.611378,1845
1782333971.6126652,1847
1782333971.612671,1853
1782333971.613955,1850
1782333971.615552,1839
1782333971.626436,1832
1782333971.62644,1832
1782333971.626441,1833
1782333971.626441,1835
1782333971.626442,1847
1782333971.626443,1852
1782333971.626444,1860
1782333971.626444,1849
1782333971.626445,1854
1782333971.626446,1864
1782333971.626446,1854
1782333971.627715,1832
1782333971.627717,1821
1782333971.630377,1836
1782333971.630379,1833
1782333971.631644,1838
1782333971.631646,1838
1782333971.632925,1850
1782333971.634207,1834
1782333971.63549,1854
1782333971.6367738,1807
1782333971.63678,1821
1782333971.6380632,1803
1782333971.639334,1825
1782333971.640617,1817
1782333971.6406322,1828
1782333971.6419132,1839
1782333971.643195,1837
1782333971.644483,1842
1782333971.64577,1837
1782333971.645775,1847
1782333971.647058,1823
1782333971.6483252,1807
1782333971.658669,1826
1782333971.658672,1819
1782333971.6586728,1837
1782333971.6586728,1856
1782333971.658674,1861
1782333971.658675,1864
1782333971.658676,1864
1782333971.658676,1871
1782333971.658677,1856
1782333971.658678,1883
1782333971.658679,1868
1782333971.6599429,1884
1782333971.662426,1862
1782333971.6624289,1858
1782333971.663698,1871
1782333971.6636999,1874
1782333971.664991,1850
1782333971.666281,1866
1782333971.667573,1850
1782333971.6688588,1855
1782333971.6688662,1848
1782333971.670152,1842
1782333971.671442,1846
1782333971.672731,1861
1782333971.6727371,1864
1782333971.674022,1849
1782333971.675311,1861
1782333971.676964,1850
1782333971.676966,1850
1782333971.687404,1842
1782333971.687406,1839
1782333971.687407,1839
1782333971.687407,1846
1782333971.6874082,1837
1782333971.687409,1836
1782333971.687409,1837
1782333971.6874099,1846
1782333971.6874108,1838
1782333971.687412,1833
1782333971.688676,1824
1782333971.6886778,1829
1782333971.691134,1824
1782333971.691137,1846
1782333971.692416,1836
1782333971.6937,1842
1782333971.693706,1843
1782333971.694987,1848
1782333971.6962612,1835
1782333971.697545,1823
1782333971.698834,1847
1782333971.6988401,1843
1782333971.700126,1866
1782333971.700133,1853
1782333971.7014139,1857
1782333971.702699,1847
1782333971.702705,1864
1782333971.703987,1839
1782333971.705278,1816
1782333971.706548,1820
1782333971.707826,1839
1782333971.707832,1815
1782333971.7094789,1815
1782333971.719264,1810
1782333971.719266,1839
1782333971.7192671,1820
1782333971.719268,1816
1782333971.719269,1836
1782333971.719269,1826
1782333971.71927,1826
1782333971.719271,1847
1782333971.719271,1845
1782333971.719272,1852
1782333971.7205372,1847
1782333971.723048,1857
1782333971.7230499,1836
1782333971.723051,1839
1782333971.724313,1851
1782333971.7255921,1848
1782333971.726887,1828
1782333971.7268941,1844
1782333971.728176,1836
1782333971.729465,1858
1782333971.730753,1862
1782333971.730759,1854
1782333971.732043,1858
1782333971.733333,1846
1782333971.7346182,1851
1782333971.734634,1862
1782333971.735949,1868
1782333971.737244,1866
1782333971.738532,1859
1782333971.739908,1877
1782333971.73991,1871
1782333971.750589,1866
1782333971.750593,1875
1782333971.750593,1867
1782333971.7505941,1842
1782333971.750595,1850
1782333971.750596,1854
1782333971.750596,1855
1782333971.7505972,1852
1782333971.750598,1860
1782333971.750598,1868
1782333971.750605,1855
1782333971.75189,1849
1782333971.7543511,1828
1782333971.7543528,1831
1782333971.755622,1804
1782333971.7556238,1807
1782333971.756907,1832
1782333971.758194,1836
1782333971.7594829,1839
1782333971.760767,1839
1782333971.7607732,1839
1782333971.762055,1837
1782333971.763345,1844
1782333971.764629,1859
1782333971.7646348,1867
1782333971.765919,1857
1782333971.767206,1844
1782333971.76849,1857
1782333971.7697768,1851
1782333971.769783,1847
1782333971.771051,1838
1782333971.78102,1836
1782333971.781023,1847
1782333971.781024,1849
1782333971.781025,1824
1782333971.7810261,1851
1782333971.7810261,1846
1782333971.781027,1861
1782333971.781028,1839
1782333971.781028,1851
1782333971.7810292,1831
1782333971.7822971,1847
1782333971.784829,1838
1782333971.784833,1826
1782333971.7848341,1844
1782333971.786101,1837
1782333971.7873878,1842
1782333971.788679,1843
1782333971.788686,1861
1782333971.789972,1858
1782333971.791262,1860
1782333971.792547,1862
1782333971.79383,1830
1782333971.793837,1835
1782333971.7951171,1844
1782333971.796404,1864
1782333971.797693,1860
1782333971.797699,1837
1782333971.7989628,1812
1782333971.8003159,1824
1782333971.81077,1802
1782333971.810773,1837
1782333971.810773,1847
1782333971.810774,1853
1782333971.810775,1858
1782333971.810775,1853
1782333971.810776,1858
1782333971.8107772,1851
1782333971.8107781,1843
1782333971.8107781,1871
1782333971.8107789,1871
1782333971.812048,1865
1782333971.8144488,1855
1782333971.814452,1875
1782333971.815718,1864
1782333971.8157198,1859
1782333971.817003,1874
1782333971.8182871,1870
1782333971.819571,1843
1782333971.820858,1851
1782333971.820864,1847
1782333971.822145,1837
1782333971.823426,1843
1782333971.8247108,1853
1782333971.824717,1850
1782333971.825998,1869
1782333971.8272798,1854
1782333971.828563,1848
1782333971.829888,1839
1782333971.829891,1834
1782333971.8298922,1865
1782333971.8404238,1839
1782333971.840427,1836
1782333971.840427,1857
1782333971.840428,1820
1782333971.840429,1826
1782333971.84043,1839
1782333971.84043,1807
1782333971.8404312,1826
1782333971.8404322,1846
1782333971.840433,1847
1782333971.8416991,1842
1782333971.841701,1847
1782333971.84422,1820
1782333971.844223,1833
1782333971.845493,1819
1782333971.8467789,1821
1782333971.846785,1818
1782333971.849356,1843
1782333971.8493629,1858
1782333971.850647,1845
1782333971.850653,1844
1782333971.851934,1829
1782333971.853219,1842
1782333971.854502,1836
1782333971.855789,1855
1782333971.855795,1834
1782333971.85708,1828
1782333971.858367,1855
1782333971.860113,1842
1782333971.860115,1849
1782333971.8708322,1847
1782333971.8708348,1855
1782333971.870836,1864
1782333971.870837,1848
1782333971.870838,1871
1782333971.870839,1863
1782333971.870839,1852
1782333971.87084,1853
1782333971.870841,1861
1782333971.870841,1887
1782333971.8708422,1880
1782333971.872112,1875
1782333971.874589,1874
1782333971.874592,1871
1782333971.874592,1839
1782333971.875871,1846
1782333971.8771572,1838
1782333971.878448,1839
1782333971.879734,1833
1782333971.879741,1845
1782333971.881021,1842
1782333971.882308,1850
1782333971.88359,1831
1782333971.884882,1829
1782333971.8848882,1835
1782333971.886168,1836
1782333971.887451,1832
1782333971.8887339,1855
1782333971.888741,1857
1782333971.890025,1839
1782333971.8920052,1847
1782333971.8920069,1825
1782333971.902644,1821
1782333971.902647,1815
1782333971.902648,1836
1782333971.9026492,1846
1782333971.90265,1834
1782333971.90265,1830
1782333971.9026508,1828
1782333971.9026518,1849
1782333971.9026518,1851
1782333971.902653,1835
1782333971.902654,1835
1782333971.903921,1827
1782333971.906259,1847
1782333971.906261,1829
1782333971.9075232,1845
1782333971.908801,1828
1782333971.9088068,1832
1782333971.9100878,1833
1782333971.911371,1833
1782333971.9126558,1838
1782333971.912662,1852
1782333971.913941,1857
1782333971.9152262,1845
1782333971.916515,1862
1782333971.917802,1868
1782333971.917808,1868
1782333971.9190888,1855
1782333971.9203782,1870
1782333971.922281,1847
1782333971.922283,1828
1782333971.9328792,1839
1782333971.932883,1851
1782333971.932884,1822
1782333971.932884,1821
1782333971.932885,1816
1782333971.9328861,1806
1782333971.932887,1823
1782333971.932887,1822
1782333971.932888,1853
1782333971.932889,1853
1782333971.932889,1871
1782333971.9341528,1875
1782333971.936693,1871
1782333971.936695,1876
1782333971.936696,1870
1782333971.937979,1851
1782333971.939248,1856
1782333971.940533,1810
1782333971.941819,1844
1782333971.941826,1842
1782333971.9431071,1845
1782333971.944392,1851
1782333971.945677,1850
1782333971.945684,1846
1782333971.946969,1858
1782333971.9482539,1867
1782333971.949541,1871
1782333971.951591,1879
1782333971.951595,1858
1782333971.962006,1861
1782333971.962008,1875
1782333971.9620092,1862
1782333971.9620101,1869
1782333971.9620101,1844
1782333971.9620109,1856
1782333971.9620118,1830
1782333971.9620118,1823
1782333971.962013,1822
1782333971.962014,1820
1782333971.962014,1820
1782333971.962015,1813
1782333971.963277,1825
1782333971.965673,1842
1782333971.965675,1837
1782333971.965676,1810
1782333971.9669602,1826
1782333971.968229,1818
1782333971.9695091,1814
1782333971.970798,1831
1782333971.970805,1852
1782333971.972091,1848
1782333971.973375,1831
1782333971.9746618,1842
1782333971.974668,1837
1782333971.9759529,1811
1782333971.977237,1839
1782333971.978521,1816
1782333971.979807,1837
1782333971.979813,1837
1782333971.981098,1816
1782333971.982364,1817
1782333971.992461,1817
1782333971.9924648,1824
1782333971.992466,1835
1782333971.992466,1834
1782333971.992467,1829
1782333971.9924679,1836
1782333971.992469,1837
1782333971.992469,1866
1782333971.99247,1844
1782333971.992471,1828
1782333971.9937348,1827
1782333971.993737,1823
1782333971.996138,1854
1782333971.9961421,1844
1782333971.99741,1839
1782333971.998697,1849
1782333971.9987042,1862
1782333971.999993,1836
1782333972.00128,1850
1782333972.0025651,1871
1782333972.003851,1864
1782333972.003857,1856
1782333972.005143,1871
1782333972.006429,1871
1782333972.0077178,1860
1782333972.007724,1869
1782333972.009009,1858
1782333972.010297,1844
1782333972.011578,1845
1782333972.0128489,1836
1782333972.012851,1812
1782333972.0231218,1828
1782333972.023125,1827
1782333972.0231261,1858
1782333972.023127,1851
1782333972.023128,1844
1782333972.023129,1864
1782333972.023129,1851
1782333972.0231302,1839
1782333972.023131,1855
1782333972.0231318,1860
1782333972.0243998,1838
1782333972.0267751,1846
1782333972.026777,1834
1782333972.0267782,1833
1782333972.028043,1829
1782333972.029321,1828
1782333972.030612,1814
1782333972.0306282,1830
1782333972.0319412,1834
1782333972.033236,1833
1782333972.034525,1835
1782333972.035808,1860
1782333972.035815,1889
1782333972.0370948,1874
1782333972.038383,1871
1782333972.039668,1878
1782333972.039674,1850
1782333972.0409532,1851
1782333972.042241,1856
1782333972.044178,1855
1782333972.04418,1825
1782333972.054877,1841
1782333972.054879,1824
1782333972.05488,1838
1782333972.05488,1864
1782333972.054881,1831
1782333972.054882,1822
1782333972.054882,1838
1782333972.054883,1834
1782333972.0548842,1836
1782333972.0548842,1852
1782333972.0548851,1836
1782333972.056148,1852
1782333972.058455,1841
1782333972.0584571,1860
1782333972.059728,1851
1782333972.0597298,1857
1782333972.061013,1848
1782333972.0623019,1846
1782333972.0635881,1829
1782333972.0648818,1839
1782333972.0648901,1858
1782333972.066161,1857
1782333972.067429,1827
1782333972.068693,1838
1782333972.068695,1843
1782333972.069957,1838
1782333972.0712209,1855
1782333972.0724878,1848
1782333972.074173,1847
1782333972.074176,1866
1782333972.084903,1869
1782333972.084908,1860
1782333972.084909,1867
1782333972.0849102,1855
1782333972.0849102,1847
1782333972.084911,1839
1782333972.084912,1871
1782333972.084912,1855
1782333972.0849128,1856
1782333972.084914,1836
1782333972.084914,1837
1782333972.086178,1850
1782333972.088887,1847
1782333972.08889,1849
1782333972.0888908,1838
1782333972.088892,1849
1782333972.090164,1838
1782333972.091458,1835
1782333972.092752,1830
1782333972.0927591,1824
1782333972.094042,1828
1782333972.095327,1838
1782333972.0966148,1845
1782333972.096632,1830
1782333972.097973,1834
1782333972.099277,1823
1782333972.100548,1833
1782333972.101831,1856
1782333972.101838,1827
1782333972.103132,1834
1782333972.114005,1824
1782333972.1140091,1858
1782333972.114032,1839
1782333972.114035,1824
1782333972.114036,1829
1782333972.114037,1866
1782333972.114037,1860
1782333972.114038,1850
1782333972.114039,1842
1782333972.1140401,1831
1782333972.1140401,1822
1782333972.115305,1839
1782333972.117753,1845
1782333972.117755,1838
1782333972.117756,1839
1782333972.1190221,1845
1782333972.120304,1839
1782333972.12159,1833
1782333972.122896,1848
1782333972.1228979,1851
1782333972.124182,1839
1782333972.125468,1850
1782333972.1267369,1851
1782333972.126739,1852
1782333972.1280158,1836
1782333972.1293051,1832
1782333972.130589,1844
1782333972.131894,1839
1782333972.131901,1857
1782333972.133187,1857
1782333972.1344728,1848
1782333972.144852,1857
1782333972.144855,1850
1782333972.144855,1849
1782333972.144856,1854
1782333972.1448572,1836
1782333972.1448581,1839
1782333972.1448588,1836
1782333972.1448588,1834
1782333972.1448598,1836
1782333972.144861,1860
1782333972.144862,1851
1782333972.146126,1842
1782333972.148254,1834
1782333972.148256,1832
1782333972.1495209,1836
1782333972.150805,1838
1782333972.150812,1846
1782333972.152094,1836
1782333972.153379,1839
1782333972.15467,1837
1782333972.154676,1842
1782333972.155961,1835
1782333972.1572502,1837
1782333972.15852,1858
1782333972.1598022,1844
1782333972.159809,1833
1782333972.161095,1837
1782333972.16238,1845
1782333972.164002,1839
1782333972.164005,1831
1782333972.174409,1846
1782333972.174413,1839
1782333972.1744142,1842
1782333972.174415,1824
1782333972.174415,1849
1782333972.1744158,1839
1782333972.1744168,1855
1782333972.1744168,1862
1782333972.174418,1862
1782333972.174419,1865
1782333972.175683,1878
1782333972.1756852,1868
1782333972.1779368,1869
1782333972.177939,1839
1782333972.179202,1847
1782333972.180487,1860
1782333972.181777,1848
1782333972.181783,1848
1782333972.183069,1836
1782333972.1843572,1845
1782333972.1856441,1837
1782333972.1856499,1836
1782333972.188212,1839
1782333972.188218,1849
1782333972.189503,1850
1782333972.190791,1849
1782333972.190798,1854
1782333972.192084,1839
1782333972.1933749,1837
1782333972.194664,1843
1782333972.19467,1846
1782333972.196372,1858
1782333972.207175,1863
1782333972.207179,1847
1782333972.20718,1855
1782333972.207181,1836
1782333972.207181,1839
1782333972.2071822,1833
1782333972.2071831,1848
1782333972.2071831,1839
1782333972.2071838,1862
1782333972.2071848,1866
1782333972.2071848,1860
1782333972.20845,1861
1782333972.2108428,1849
1782333972.210845,1822
1782333972.210846,1814
1782333972.212112,1839
1782333972.213398,1815
1782333972.2146869,1812
1782333972.214693,1819
1782333972.215979,1812
1782333972.21727,1832
1782333972.218555,1825
1782333972.21984,1846
1782333972.2198458,1858
1782333972.2198489,1864
1782333972.221132,1856
1782333972.2224221,1831
1782333972.22371,1835
1782333972.223716,1848
1782333972.225002,1851
1782333972.226269,1828
1782333972.236481,1842
1782333972.236484,1866
1782333972.236485,1876
1782333972.236486,1857
1782333972.236487,1862
1782333972.236487,1851
1782333972.2364879,1835
1782333972.236489,1836
1782333972.23649,1850
1782333972.23649,1839
1782333972.237756,1854
1782333972.237758,1844
1782333972.240063,1839
1782333972.240067,1857
1782333972.241336,1847
1782333972.242621,1858
1782333972.242628,1843
1782333972.243911,1837
1782333972.2451992,1844
1782333972.246488,1842
1782333972.247777,1834
1782333972.247784,1846
1782333972.2490702,1844
1782333972.250358,1842
1782333972.251647,1839
1782333972.2516532,1835
1782333972.252939,1860
1782333972.2542279,1846
1782333972.255517,1837
1782333972.256785,1839
1782333972.256787,1844
1782333972.2670772,1838
1782333972.2670798,1857
1782333972.267081,1858
1782333972.267081,1863
1782333972.267082,1839
1782333972.267083,1839
1782333972.267083,1844
1782333972.2670841,1839
1782333972.267085,1837
1782333972.267085,1844
1782333972.268346,1871
1782333972.270735,1867
1782333972.270738,1845
1782333972.2707388,1854
1782333972.272005,1857
1782333972.273289,1854
1782333972.274576,1849
1782333972.275866,1853
1782333972.275872,1852
1782333972.277154,1828
1782333972.2784388,1826
1782333972.279726,1852
1782333972.279732,1855
1782333972.281017,1874
1782333972.2822988,1844
1782333972.283583,1839
1782333972.2848709,1838
1782333972.284877,1854
1782333972.286277,1849
1782333972.2965279,1862
1782333972.296532,1887
1782333972.296532,1882
1782333972.296533,1855
1782333972.296534,1859
1782333972.296535,1846
1782333972.296535,1859
1782333972.296536,1845
1782333972.2965372,1845
1782333972.2965372,1850
1782333972.297805,1839
1782333972.2978072,1842
1782333972.3002932,1838
1782333972.3002958,1833
1782333972.301561,1825
1782333972.302848,1807
1782333972.302855,1815
1782333972.304141,1827
1782333972.305432,1824
1782333972.306721,1819
1782333972.306728,1816
1782333972.308013,1834
1782333972.309302,1823
1782333972.3105862,1849
1782333972.3118799,1835
1782333972.311886,1855
1782333972.3131678,1871
1782333972.3144572,1846
1782333972.315841,1849
1782333972.315843,1864
1782333972.3262951,1851
1782333972.326298,1854
1782333972.326299,1855
1782333972.3263,1852
1782333972.3263,1860
1782333972.3263009,1882
1782333972.326302,1858
1782333972.326302,1847
1782333972.326303,1835
1782333972.326304,1844
1782333972.327575,1851
1782333972.329941,1855
1782333972.3299441,1839
1782333972.3299441,1839
1782333972.33121,1828
1782333972.332494,1829
1782333972.333784,1820
1782333972.33379,1847
1782333972.33507,1832
1782333972.336355,1839
1782333972.337641,1839
1782333972.3376472,1847
1782333972.338926,1855
1782333972.340209,1851
1782333972.341493,1839
1782333972.3427799,1828
1782333972.342786,1848
1782333972.344071,1851
1782333972.345359,1855
1782333972.346646,1854
1782333972.346653,1860
1782333972.348261,1854
1782333972.3589902,1845
1782333972.358994,1853
1782333972.358994,1830
1782333972.358995,1807
1782333972.358996,1813
1782333972.358997,1817
1782333972.358997,1819
1782333972.358998,1842
1782333972.358999,1847
1782333972.358999,1860
1782333972.359,1845
1782333972.3590012,1852
1782333972.360272,1839
1782333972.362726,1842
1782333972.362729,1853
1782333972.362729,1838
1782333972.364011,1830
1782333972.365301,1835
1782333972.366587,1833
1782333972.367871,1833
1782333972.367878,1838
1782333972.3691578,1839
1782333972.370444,1837
1782333972.371733,1839
1782333972.371739,1831
1782333972.373024,1839
1782333972.374312,1855
1782333972.375596,1853
1782333972.376888,1839
1782333972.376894,1858
1782333972.378161,1851
1782333972.388478,1859
1782333972.3884811,1844
1782333972.388482,1854
1782333972.388483,1852
1782333972.388484,1865
1782333972.3884852,1853
1782333972.3884852,1853
1782333972.388486,1854
1782333972.3884869,1849
1782333972.3884869,1849
1782333972.3897548,1842
1782333972.389757,1861
1782333972.392137,1850
1782333972.3921402,1844
1782333972.393408,1839
1782333972.3946922,1849
1782333972.394699,1839
1782333972.395981,1832
1782333972.3972712,1867
1782333972.398558,1859
1782333972.399847,1855
1782333972.399853,1837
1782333972.401139,1839
1782333972.402424,1826
1782333972.403711,1829
1782333972.403718,1827
1782333972.405003,1817
1782333972.406285,1824
1782333972.407572,1855
1782333972.40884,1868
1782333972.408842,1860
1782333972.418854,1865
1782333972.418856,1881
1782333972.4188569,1883
1782333972.418858,1865
1782333972.418859,1867
1782333972.41886,1871
1782333972.41886,1870
1782333972.4188612,1871
1782333972.418862,1871
1782333972.418862,1855
1782333972.4201229,1847
1782333972.422632,1849
1782333972.422636,1831
1782333972.422637,1828
1782333972.423903,1805
1782333972.425185,1816
1782333972.4264698,1820
1782333972.427754,1852
1782333972.4277608,1842
1782333972.429064,1846
1782333972.430352,1845
1782333972.431637,1843
1782333972.4316428,1849
1782333972.432927,1839
1782333972.43421,1831
1782333972.435497,1836
1782333972.436783,1834
1782333972.43679,1847
1782333972.438074,1846
1782333972.439345,1836
1782333972.449709,1866
1782333972.449712,1861
1782333972.449713,1863
1782333972.449714,1857
1782333972.449715,1839
1782333972.449715,1832
1782333972.4497159,1834
1782333972.449717,1821
1782333972.449717,1829
1782333972.449718,1845
1782333972.449719,1844
1782333972.450984,1848
1782333972.453383,1861
1782333972.4533849,1849
1782333972.454659,1866
1782333972.4546602,1849
1782333972.4559438,1859
1782333972.457217,1855
1782333972.458499,1831
1782333972.459765,1849
1782333972.459767,1826
1782333972.461043,1830
1782333972.462327,1831
1782333972.4636118,1838
1782333972.463628,1835
1782333972.464939,1839
1782333972.466228,1839
1782333972.467517,1826
1782333972.468805,1834
1782333972.468811,1839
1782333972.470081,1825
1782333972.480313,1829
1782333972.4803169,1853
1782333972.480318,1863
1782333972.480318,1863
1782333972.480319,1847
1782333972.48032,1862
1782333972.480321,1852
1782333972.480321,1834
1782333972.4803221,1823
1782333972.480323,1820
1782333972.480323,1829
1782333972.481586,1823
1782333972.484245,1831
1782333972.4842482,1838
1782333972.484249,1847
1782333972.4855108,1867
1782333972.486791,1865
1782333972.486798,1866
1782333972.488083,1828
1782333972.489274,1830
1782333972.4905589,1844
1782333972.491841,1837
1782333972.491848,1805
1782333972.493112,1807
1782333972.494391,1811
1782333972.495679,1831
1782333972.495685,1807
1782333972.496971,1814
1782333972.498251,1827
1782333972.499537,1832
1782333972.501312,1821
1782333972.5013142,1811
1782333972.510721,1844
1782333972.510724,1853
1782333972.510725,1869
1782333972.510726,1874
1782333972.510727,1852
1782333972.510727,1876
1782333972.510728,1854
1782333972.510729,1844
1782333972.51073,1843
1782333972.51073,1849
1782333972.5119941,1857
1782333972.514436,1858
1782333972.5144389,1851
1782333972.515712,1859
1782333972.515714,1866
1782333972.516999,1859
1782333972.518282,1850
1782333972.519566,1827
1782333972.520853,1833
1782333972.5208588,1850
1782333972.522153,1865
1782333972.5234509,1873
1782333972.5247428,1891
1782333972.52475,1871
1782333972.526036,1890
1782333972.5273228,1863
1782333972.5286138,1876
1782333972.52863,1866
1782333972.530037,1859
1782333972.540461,1879
1782333972.5404632,1891
1782333972.5404642,1879
1782333972.5404649,1854
1782333972.5404649,1851
1782333972.5404658,1850
1782333972.540467,1877
1782333972.540468,1861
1782333972.540468,1839
1782333972.540469,1856
1782333972.5417302,1853
1782333972.541732,1855
1782333972.544016,1843
1782333972.544018,1858
1782333972.545283,1850
1782333972.54657,1847
1782333972.54784,1838
1782333972.547842,1857
1782333972.5491252,1822
1782333972.5504131,1818
1782333972.5516958,1836
1782333972.551703,1858
1782333972.552982,1867
1782333972.554268,1884
1782333972.555579,1868
1782333972.556871,1894
1782333972.556878,1899
1782333972.558164,1903
1782333972.559812,1882
1782333972.559814,1857
1782333972.570382,1854
1782333972.570385,1845
1782333972.570386,1828
1782333972.570387,1827
1782333972.570387,1829
1782333972.570388,1833
1782333972.570389,1839
1782333972.570389,1834
1782333972.57039,1847
1782333972.570391,1834
1782333972.571659,1834
1782333972.571661,1855
1782333972.573982,1855
1782333972.573985,1833
1782333972.575263,1816
1782333972.576534,1832
1782333972.5778172,1838
1782333972.577823,1868
1782333972.579108,1876
1782333972.580411,1865
1782333972.581706,1871
1782333972.581714,1864
1782333972.582984,1858
1782333972.5842712,1848
1782333972.585556,1824
1782333972.586841,1824
1782333972.586847,1826
1782333972.5881338,1828
1782333972.589407,1823
1782333972.590689,1816
1782333972.5906959,1824
1782333972.59249,1810
1782333972.6029649,1823
1782333972.602968,1817
1782333972.6029692,1813
1782333972.6029701,1823
1782333972.6029708,1826
1782333972.6029708,1819
1782333972.6029718,1810
1782333972.602973,1826
1782333972.602973,1821
1782333972.602974,1802
1782333972.602975,1800
1782333972.604238,1797
1782333972.6065018,1805
1782333972.606504,1818
1782333972.607771,1831
1782333972.6077728,1831
1782333972.609051,1837
1782333972.609057,1807
1782333972.6103392,1817
1782333972.611626,1828
1782333972.6116328,1818
1782333972.612915,1836
1782333972.614197,1834
1782333972.615486,1820
1782333972.616771,1857
1782333972.616776,1837
1782333972.618061,1820
1782333972.619349,1824
1782333972.620634,1847
1782333972.62064,1842
1782333972.62205,1852
1782333972.632492,1818
1782333972.632496,1824
1782333972.6324968,1839
1782333972.632498,1845
1782333972.632499,1826
1782333972.632499,1833
1782333972.6325,1847
1782333972.632501,1835
1782333972.632501,1861
1782333972.632502,1867
1782333972.63377,1890
1782333972.6337721,1885
1782333972.6361952,1890
1782333972.6361978,1867
1782333972.637465,1855
1782333972.638748,1852
1782333972.6387541,1837
1782333972.640023,1829
1782333972.6413078,1824
1782333972.642593,1830
1782333972.643886,1855
1782333972.643893,1844
1782333972.645191,1844
1782333972.646482,1846
1782333972.647756,1834
1782333972.647758,1832
1782333972.649041,1854
1782333972.65033,1848
1782333972.651619,1815
1782333972.651634,1836
1782333972.652898,1845
1782333972.663091,1828
1782333972.663094,1839
1782333972.663095,1846
1782333972.663096,1845
1782333972.6630971,1835
1782333972.6630971,1860
1782333972.663098,1850
1782333972.6630988,1871
1782333972.6630988,1876
1782333972.6631,1863
1782333972.6643698,1869
1782333972.666713,1877
1782333972.6667159,1870
1782333972.6667168,1861
1782333972.668017,1847
1782333972.6692889,1839
1782333972.670573,1816
1782333972.671861,1798
1782333972.6718678,1815
1782333972.673154,1828
1782333972.674443,1818
1782333972.6757262,1822
1782333972.675732,1836
1782333972.677013,1882
1782333972.678297,1871
1782333972.6795819,1881
1782333972.6808698,1894
1782333972.680876,1873
1782333972.682243,1837
1782333972.692744,1851
1782333972.692746,1832
1782333972.692747,1827
1782333972.692748,1839
1782333972.692748,1837
1782333972.692749,1844
1782333972.69275,1854
1782333972.69275,1842
1782333972.6927512,1831
1782333972.692752,1825
1782333972.6927528,1823
1782333972.694017,1852
1782333972.696358,1850
1782333972.696362,1855
1782333972.69763,1832
1782333972.697633,1844
1782333972.698915,1839
1782333972.700206,1836
1782333972.7014909,1830
1782333972.702776,1838
1782333972.702782,1817
1782333972.704065,1817
1782333972.705355,1822
1782333972.7066398,1819
1782333972.706646,1822
1782333972.7079308,1819
1782333972.7092202,1834
1782333972.710507,1836
1782333972.7118862,1823
1782333972.7118878,1810
1782333972.722346,1830
1782333972.7223492,1838
1782333972.7223501,1867
1782333972.722351,1855
1782333972.722351,1833
1782333972.722352,1841
1782333972.722353,1848
1782333972.722353,1839
1782333972.722354,1846
1782333972.722355,1849
1782333972.723619,1832
1782333972.7236211,1845
1782333972.7261288,1866
1782333972.726132,1871
1782333972.7273989,1860
1782333972.728684,1879
1782333972.7286909,1871
1782333972.729974,1855
1782333972.731263,1859
1782333972.7325609,1853
1782333972.733851,1861
1782333972.733857,1878
1782333972.735137,1869
1782333972.7364202,1862
1782333972.736427,1853
1782333972.7377121,1845
1782333972.737718,1838
1782333972.7390049,1828
1782333972.740293,1834
1782333972.74158,1834
1782333972.742869,1825
1782333972.7428758,1839
1782333972.7443268,1852
1782333972.7550988,1857
1782333972.755102,1832
1782333972.7551029,1830
1782333972.755104,1855
1782333972.755105,1851
1782333972.755105,1850
1782333972.755106,1839
1782333972.7551072,1846
1782333972.755108,1855
1782333972.755108,1836
1782333972.755109,1844
1782333972.756377,1855
1782333972.758843,1868
1782333972.758846,1859
1782333972.758847,1853
1782333972.7601101,1850
1782333972.761394,1855
1782333972.76268,1849
1782333972.762687,1853
1782333972.763971,1830
1782333972.76526,1846
1782333972.766549,1851
1782333972.7678459,1858
1782333972.767853,1848
1782333972.7691321,1833
1782333972.770415,1854
1782333972.771703,1829
1782333972.77171,1844
1782333972.772994,1838
1782333972.774261,1846
1782333972.784408,1843
1782333972.78441,1848
1782333972.784411,1846
1782333972.784412,1852
1782333972.784412,1835
1782333972.7844129,1863
1782333972.784414,1860
1782333972.784415,1862
1782333972.784415,1868
1782333972.784416,1871
1782333972.7856798,1858
1782333972.785682,1846
1782333972.78811,1848
1782333972.7881138,1871
1782333972.789381,1864
1782333972.7906659,1855
1782333972.7906728,1846
1782333972.791959,1834
1782333972.7932448,1838
1782333972.7945302,1815
1782333972.795831,1829
1782333972.7958379,1819
1782333972.7971241,1818
1782333972.798398,1807
1782333972.7996778,1829
1782333972.799684,1846
1782333972.800969,1839
1782333972.8022559,1844
1782333972.803542,1858
1782333972.8048131,1866
1782333972.804814,1870
1782333972.815153,1868
1782333972.815155,1862
1782333972.815156,1853
1782333972.815157,1829
1782333972.8151581,1831
1782333972.8151581,1824
1782333972.815159,1835
1782333972.81516,1832
1782333972.81516,1839
1782333972.815161,1847
1782333972.816426,1850
1782333972.8189042,1845
1782333972.818908,1837
1782333972.818909,1820
1782333972.820172,1826
1782333972.8214579,1838
1782333972.822748,1846
1782333972.822755,1833
1782333972.824041,1836
1782333972.825331,1857
1782333972.826616,1850
1782333972.826622,1852
1782333972.8279018,1828
1782333972.829186,1838
1782333972.830474,1846
1782333972.831761,1861
1782333972.831768,1868
1782333972.8330529,1858
1782333972.8343208,1851
1782333972.8445241,1851
1782333972.844527,1832
1782333972.844527,1833
1782333972.8445282,1833
1782333972.844529,1826
1782333972.844529,1825
1782333972.8445299,1826
1782333972.844531,1831
1782333972.844531,1827
1782333972.844532,1819
1782333972.8458,1815
1782333972.845802,1825
1782333972.848209,1831
1782333972.848211,1833
1782333972.849477,1839
1782333972.8507562,1848
1782333972.850763,1830
1782333972.852043,1822
1782333972.853348,1843
1782333972.854634,1863
1782333972.8546402,1853
1782333972.855923,1838
1782333972.8572102,1843
1782333972.858484,1856
1782333972.8597682,1871
1782333972.859775,1855
1782333972.861061,1854
1782333972.86235,1868
1782333972.864043,1839
1782333972.8640451,1852
1782333972.8745909,1846
1782333972.874594,1864
1782333972.8745952,1847
1782333972.874596,1848
1782333972.874597,1859
1782333972.8745978,1853
1782333972.8745978,1852
1782333972.874599,1860
1782333972.8746,1875
1782333972.874601,1855
1782333972.874601,1850
1782333972.874607,1837
1782333972.875872,1837
1782333972.8781672,1822
1782333972.87817,1839
1782333972.879439,1827
1782333972.880724,1817
1782333972.8807309,1842
1782333972.8820171,1849
1782333972.883307,1836
1782333972.884592,1868
1782333972.8858821,1862
1782333972.885889,1864
1782333972.8871732,1865
1782333972.8884559,1831
1782333972.889743,1832
1782333972.88975,1862
1782333972.8910341,1865
1782333972.892321,1876
1782333972.893614,1860
1782333972.8936288,1866
1782333972.894943,1847
1782333972.89669,1859
1782333972.896708,1848
1782333972.907212,1817
1782333972.907215,1820
1782333972.9072158,1831
1782333972.9072158,1834
1782333972.9072168,1837
1782333972.907218,1838
1782333972.907218,1836
1782333972.907219,1830
1782333972.90722,1828
1782333972.907221,1832
1782333972.908489,1824
1782333972.910955,1815
1782333972.910958,1832
1782333972.910959,1838
1782333972.912229,1843
1782333972.913512,1848
1782333972.914803,1843
1782333972.914809,1858
1782333972.916095,1859
1782333972.9173791,1861
1782333972.918663,1870
1782333972.918669,1855
1782333972.919952,1835
1782333972.921236,1823
1782333972.922525,1831
1782333972.923813,1849
1782333972.923819,1833
1782333972.9251041,1822
1782333972.9263701,1845
1782333972.936894,1842
1782333972.936897,1835
1782333972.936898,1855
1782333972.9368992,1843
1782333972.9368992,1818
1782333972.9369001,1848
1782333972.936901,1858
1782333972.936901,1850
1782333972.9369018,1863
1782333972.936903,1871
1782333972.936903,1865
1782333972.938171,1871
1782333972.940533,1871
1782333972.940536,1858
1782333972.941819,1869
1782333972.941825,1853
1782333972.94309,1834
1782333972.944373,1829
1782333972.9456582,1834
1782333972.945664,1829
1782333972.946945,1844
1782333972.9482281,1846
1782333972.9495099,1842
1782333972.950798,1831
1782333972.950804,1853
1782333972.9520829,1843
1782333972.953381,1852
1782333972.954666,1871
1782333972.9546728,1860
1782333972.955936,1823
1782333972.966191,1836
1782333972.9661949,1828
1782333972.9661949,1830
1782333972.966196,1805
1782333972.966197,1834
1782333972.966197,1832
1782333972.966198,1843
1782333972.966199,1837
1782333972.966199,1848
1782333972.9662,1839
1782333972.967467,1855
1782333972.969929,1845
1782333972.969933,1857
1782333972.969934,1857
1782333972.9712,1874
1782333972.9724858,1874
1782333972.9737759,1871
1782333972.973783,1879
1782333972.975069,1860
1782333972.976353,1850
1782333972.977637,1847
1782333972.977643,1827
1782333972.9789271,1859
1782333972.980214,1865
1782333972.981506,1857
1782333972.9827929,1863
1782333972.982799,1856
1782333972.9840791,1839
1782333972.985367,1839
1782333972.987129,1827
1782333972.9871309,1829
1782333972.996654,1832
1782333972.9966562,1829
1782333972.996657,1848
1782333972.9966578,1829
1782333972.996659,1829
1782333972.996659,1836
1782333972.99666,1831
1782333972.996661,1837
1782333972.996661,1851
1782333972.996662,1843
1782333972.996663,1855
1782333972.997932,1843
1782333973.000202,1834
1782333973.000204,1829
1782333973.0014699,1839
1782333973.002753,1839
1782333973.002759,1833
1782333973.004044,1839
1782333973.005332,1824
1782333973.006616,1836
1782333973.006623,1846
1782333973.007906,1829
1782333973.009193,1839
1782333973.010476,1847
1782333973.0117602,1846
1782333973.011766,1833
1782333973.0130508,1842
1782333973.014338,1846
1782333973.015914,1846
1782333973.015916,1867
1782333973.0262651,1869
1782333973.0262668,1866
1782333973.026268,1857
1782333973.026269,1852
1782333973.026269,1856
1782333973.02627,1844
1782333973.0262709,1834
1782333973.0262709,1830
1782333973.026272,1825
1782333973.026273,1836
1782333973.027533,1830
1782333973.0299861,1821
1782333973.029989,1836
1782333973.02999,1842
1782333973.0312572,1830
1782333973.032539,1832
1782333973.033874,1854
1782333973.0338829,1864
1782333973.035166,1864
1782333973.036452,1839
1782333973.037739,1850
1782333973.037746,1828
1782333973.039032,1834
1782333973.040319,1819
1782333973.0416079,1818
1782333973.041623,1837
1782333973.042932,1839
1782333973.044221,1845
1782333973.045507,1850
1782333973.046793,1854
1782333973.0468,1846
1782333973.048498,1839
1782333973.059049,1857
1782333973.059052,1834
1782333973.059052,1838
1782333973.059053,1839
1782333973.0590541,1831
1782333973.059055,1816
1782333973.059055,1823
1782333973.059056,1839
1782333973.059057,1852
1782333973.059057,1856
1782333973.059058,1874
1782333973.0603242,1861
1782333973.062739,1856
1782333973.062742,1855
1782333973.062743,1848
1782333973.0640068,1851
1782333973.06529,1852
1782333973.066574,1839
1782333973.067862,1839
1782333973.067868,1811
1782333973.0691478,1800
1782333973.0704331,1801
1782333973.071719,1827
1782333973.0717251,1843
1782333973.073009,1879
1782333973.074296,1854
1782333973.0755782,1856
1782333973.076865,1861
1782333973.0768719,1860
1782333973.078159,1849
1782333973.088591,1844
1782333973.088594,1853
1782333973.088595,1871
1782333973.0885959,1868
1782333973.088597,1863
1782333973.088598,1848
1782333973.088598,1856
1782333973.088599,1858
1782333973.0886002,1852
1782333973.0886002,1842
1782333973.088601,1852
1782333973.089869,1828
1782333973.092235,1847
1782333973.092237,1860
1782333973.093502,1856
1782333973.0947862,1830
1782333973.0947928,1844
1782333973.096077,1844
1782333973.097363,1838
1782333973.098655,1839
1782333973.098662,1846
1782333973.099946,1824
1782333973.1012301,1814
1782333973.102514,1821
1782333973.103796,1826
1782333973.103803,1836
1782333973.105085,1836
1782333973.106372,1844
1782333973.1076648,1850
1782333973.107671,1859
1782333973.108939,1850
1782333973.11912,1849
1782333973.119124,1834
1782333973.119124,1839
1782333973.119125,1855
1782333973.119126,1859
1782333973.119127,1849
1782333973.119127,1834
1782333973.119128,1828
1782333973.119128,1839
1782333973.1191292,1839
1782333973.1191301,1857
1782333973.120394,1839
1782333973.1227672,1847
1782333973.1227698,1844
1782333973.122771,1867
1782333973.1240451,1875
1782333973.125331,1848
1782333973.1266181,1846
1782333973.126624,1855
1782333973.1279051,1834
1782333973.129195,1839
1782333973.130483,1832
1782333973.1317708,1860
1782333973.131777,1866
1782333973.133062,1862
1782333973.13435,1848
1782333973.135635,1830
1782333973.135641,1843
1782333973.136926,1856
1782333973.138209,1865
1782333973.139488,1848
1782333973.150649,1844
1782333973.150652,1851
1782333973.150665,1853
1782333973.150666,1839
1782333973.150667,1837
1782333973.1506681,1850
1782333973.1506681,1839
1782333973.150669,1827
1782333973.15067,1817
1782333973.150671,1814
1782333973.150671,1823
1782333973.150672,1830
1782333973.15194,1839
1782333973.154192,1838
1782333973.1541939,1855
1782333973.1554601,1851
1782333973.1567419,1845
1782333973.156749,1855
1782333973.158035,1855
1782333973.159322,1865
1782333973.160609,1874
1782333973.160615,1866
1782333973.1619,1842
1782333973.1631858,1836
1782333973.164474,1849
1782333973.165761,1837
1782333973.165767,1832
1782333973.167051,1851
1782333973.169067,1846
1782333973.169069,1835
1782333973.179532,1852
1782333973.1795352,1855
1782333973.1795359,1878
1782333973.1795368,1861
1782333973.179538,1853
1782333973.179538,1835
1782333973.179539,1826
1782333973.17954,1829
1782333973.179541,1821
1782333973.179541,1817
1782333973.1808078,1825
1782333973.18081,1844
1782333973.183018,1847
1782333973.18302,1838
1782333973.1843,1849
1782333973.185584,1860
1782333973.186869,1861
1782333973.1868749,1837
1782333973.1881568,1839
1782333973.189441,1827
1782333973.190729,1836
1782333973.190735,1834
1782333973.192018,1838
1782333973.193301,1822
1782333973.1945841,1826
1782333973.195881,1832
1782333973.195887,1839
1782333973.197171,1832
1782333973.198443,1830
1782333973.199724,1841
1782333973.19973,1845
1782333973.210975,1844
1782333973.210979,1838
1782333973.2109802,1839
1782333973.2109811,1828
1782333973.2109818,1839
1782333973.2109818,1821
1782333973.2109828,1830
1782333973.210984,1820
1782333973.210984,1839
1782333973.210985,1857
1782333973.210986,1856
1782333973.212249,1843
1782333973.21439,1861
1782333973.214392,1888
1782333973.215661,1869
1782333973.2156632,1830
1782333973.216948,1845
1782333973.2182348,1839
1782333973.219521,1842
1782333973.220806,1839
1782333973.220813,1858
1782333973.2220979,1862
1782333973.223385,1848
1782333973.224679,1829
1782333973.224685,1854
1782333973.225971,1848
1782333973.2272398,1839
1782333973.228503,1827
1782333973.2302349,1823
1782333973.230237,1826
1782333973.2407832,1839
1782333973.240787,1843
1782333973.240788,1855
1782333973.240789,1849
1782333973.240789,1847
1782333973.2407901,1854
1782333973.240791,1877
1782333973.240791,1880
1782333973.240792,1860
1782333973.240793,1862
1782333973.240793,1864
1782333973.242065,1868
1782333973.244363,1878
1782333973.2443662,1859
1782333973.2443671,1858
1782333973.245636,1846
1782333973.245638,1864
1782333973.246922,1866
1782333973.24821,1839
1782333973.249495,1857
1782333973.2507808,1863
1782333973.2507882,1849
1782333973.252068,1834
1782333973.253351,1827
1782333973.254637,1849
1782333973.254644,1842
1782333973.255928,1848
1782333973.257216,1861
1782333973.25849,1860
1782333973.259907,1844
1782333973.2599092,1844
1782333973.270256,1846
1782333973.270258,1836
1782333973.270259,1839
1782333973.2702599,1837
1782333973.270261,1836
1782333973.270261,1835
1782333973.270262,1832
1782333973.270263,1844
1782333973.270263,1851
1782333973.2702641,1839
1782333973.2715242,1842
1782333973.273943,1856
1782333973.273946,1827
1782333973.2739468,1823
1782333973.275231,1835
1782333973.2765062,1845
1782333973.27779,1839
1782333973.2777972,1829
1782333973.279084,1838
1782333973.2803771,1827
1782333973.2816699,1860
1782333973.281677,1835
1782333973.282961,1845
1782333973.284249,1844
1782333973.285532,1836
1782333973.286814,1838
1782333973.2868211,1844
1782333973.2881038,1849
1782333973.2893922,1843
1782333973.2906802,1848
1782333973.290686,1870
1782333973.292622,1868
1782333973.29263,1852
1782333973.303096,1870
1782333973.3030982,1852
1782333973.303099,1845
1782333973.3030999,1830
1782333973.3031008,1860
1782333973.3031008,1844
1782333973.303102,1827
1782333973.303103,1827
1782333973.303103,1835
1782333973.303104,1839
1782333973.304363,1828
1782333973.306659,1824
1782333973.3066611,1835
1782333973.3066611,1835
1782333973.307928,1854
1782333973.309209,1844
1782333973.310478,1862
1782333973.3117619,1850
1782333973.311768,1837
1782333973.313036,1827
1782333973.314316,1830
1782333973.315614,1833
1782333973.3156638,1845
1782333973.3169541,1859
1782333973.318246,1867
1782333973.319533,1852
1782333973.320821,1858
1782333973.320828,1854
1782333973.322237,1852
1782333973.332743,1835
1782333973.332747,1839
1782333973.332748,1848
1782333973.3327491,1832
1782333973.3327491,1829
1782333973.33275,1852
1782333973.332751,1838
1782333973.332752,1834
1782333973.332752,1847
1782333973.332753,1829
1782333973.332754,1832
1782333973.334017,1842
1782333973.3364139,1822
1782333973.336416,1839
1782333973.337684,1855
1782333973.337686,1861
1782333973.3389719,1864
1782333973.340259,1878
1782333973.341546,1876
1782333973.342842,1870
1782333973.342848,1871
1782333973.344129,1875
1782333973.345414,1849
1782333973.3467011,1837
1782333973.3467069,1828
1782333973.347994,1837
1782333973.349282,1812
1782333973.3505569,1826
1782333973.351821,1834
1782333973.351823,1825
1782333973.362088,1836
1782333973.3620899,1830
1782333973.362091,1832
1782333973.362092,1805
1782333973.362092,1812
1782333973.362093,1833
1782333973.3620942,1852
1782333973.3620942,1857
1782333973.362095,1859
1782333973.362096,1860
1782333973.363364,1851
1782333973.365673,1842
1782333973.365676,1821
1782333973.365677,1834
1782333973.366966,1851
1782333973.3682392,1846
1782333973.3695061,1866
1782333973.370791,1862
1782333973.3707972,1880
1782333973.372085,1830
1782333973.373374,1846
1782333973.3733802,1864
1782333973.374665,1861
1782333973.3746712,1852
1782333973.375956,1876
1782333973.3772402,1876
1782333973.378541,1845
1782333973.379828,1878
1782333973.3798342,1836
1782333973.3811169,1836
1782333973.382384,1834
1782333973.39251,1848
1782333973.392513,1833
1782333973.392514,1850
1782333973.3925152,1847
1782333973.3925161,1838
1782333973.3925161,1856
1782333973.392517,1847
1782333973.3925178,1859
1782333973.3925178,1831
1782333973.392519,1836
1782333973.393787,1839
1782333973.3937888,1855
1782333973.39618,1846
1782333973.396182,1829
1782333973.3974478,1830
1782333973.3987331,1837
1782333973.39874,1839
1782333973.4000268,1834
1782333973.401313,1833
1782333973.402611,1843
1782333973.402627,1828
1782333973.403925,1836
1782333973.405212,1834
1782333973.406501,1844
1782333973.407788,1851
1782333973.407794,1839
1782333973.409076,1844
1782333973.4103649,1839
1782333973.411649,1827
1782333973.411655,1847
1782333973.412925,1824
1782333973.423105,1838
1782333973.4231071,1839
1782333973.423108,1826
1782333973.423109,1816
1782333973.4231098,1832
1782333973.4231098,1829
1782333973.423111,1824
1782333973.423112,1834
1782333973.423112,1830
1782333973.4231129,1855
1782333973.424381,1830
1782333973.426713,1842
1782333973.4267159,1843
1782333973.4267159,1844
1782333973.42799,1820
1782333973.4292731,1842
1782333973.4305742,1855
1782333973.431864,1851
1782333973.43187,1846
1782333973.433156,1832
1782333973.434446,1821
1782333973.435732,1816
1782333973.435738,1816
1782333973.4370189,1799
1782333973.4383092,1819
1782333973.439594,1834
1782333973.43961,1834
1782333973.440895,1831
1782333973.4421859,1839
1782333973.44347,1846
1782333973.445198,1858
1782333973.445201,1855
1782333973.454638,1861
1782333973.4546409,1877
1782333973.4546418,1870
1782333973.4546418,1858
1782333973.454643,1858
1782333973.454644,1859
1782333973.454644,1858
1782333973.454645,1854
1782333973.454646,1839
1782333973.454646,1842
1782333973.455918,1835
1782333973.458372,1804
1782333973.4583738,1820
1782333973.4596338,1847
1782333973.459636,1843
1782333973.4609191,1845
1782333973.462208,1864
1782333973.463478,1875
1782333973.46476,1857
1782333973.464766,1867
1782333973.466052,1839
1782333973.46734,1826
1782333973.4686239,1820
1782333973.468631,1849
1782333973.4699142,1876
1782333973.471203,1879
1782333973.472487,1868
1782333973.47399,1855
1782333973.473993,1877
1782333973.484761,1877
1782333973.4847648,1871
1782333973.484766,1876
1782333973.484767,1871
1782333973.484768,1862
1782333973.484768,1856
1782333973.484769,1853
1782333973.48477,1839
1782333973.48477,1838
1782333973.484771,1851
1782333973.4847722,1858
1782333973.486037,1841
1782333973.48865,1849
1782333973.488653,1830
1782333973.4886541,1842
1782333973.489923,1862
1782333973.4912052,1881
1782333973.492491,1864
1782333973.4937751,1835
1782333973.493782,1825
1782333973.495062,1828
1782333973.496348,1816
1782333973.497559,1827
1782333973.498857,1831
1782333973.498867,1823
1782333973.5001569,1827
1782333973.5001652,1832
1782333973.5014532,1824
1782333973.5027452,1836
1782333973.502752,1853
1782333973.504745,1849
1782333973.504833,1839
1782333973.5152361,1835
1782333973.515239,1842
1782333973.51524,1825
1782333973.51524,1832
1782333973.515241,1852
1782333973.515242,1876
1782333973.515242,1839
1782333973.515243,1855
1782333973.515244,1862
1782333973.515245,1821
1782333973.516515,1839
1782333973.518878,1875
1782333973.518881,1884
1782333973.518882,1853
1782333973.520146,1861
1782333973.5214279,1847
1782333973.522701,1854
1782333973.5227032,1855
1782333973.523985,1847
1782333973.525273,1846
1782333973.526557,1852
1782333973.527839,1844
1782333973.5278459,1828
1782333973.529131,1823
1782333973.530418,1830
1782333973.531689,1830
1782333973.531691,1830
1782333973.532972,1832
1782333973.5342588,1838
1782333973.544933,1837
1782333973.544936,1847
1782333973.544937,1846
1782333973.544938,1822
1782333973.544939,1834
1782333973.54494,1828
1782333973.54494,1814
1782333973.544941,1826
1782333973.5449421,1828
1782333973.5449421,1839
1782333973.544943,1839
1782333973.5462039,1829
1782333973.5482712,1839
1782333973.5482728,1846
1782333973.54954,1859
1782333973.550823,1842
1782333973.5508301,1848
1782333973.5521102,1845
1782333973.553395,1851
1782333973.5546792,1871
1782333973.5546849,1871
1782333973.555952,1858
1782333973.5572338,1858
1782333973.558521,1845
1782333973.559809,1844
1782333973.559816,1839
1782333973.5611,1850
1782333973.562388,1858
1782333973.564061,1844
1782333973.564063,1836
1782333973.57429,1832
1782333973.574293,1851
1782333973.574294,1842
1782333973.574294,1842
1782333973.574295,1837
1782333973.574296,1844
1782333973.574296,1855
1782333973.5742972,1842
1782333973.5742981,1856
1782333973.5742981,1867
1782333973.5755599,1857
1782333973.577712,1832
1782333973.577715,1842
1782333973.5777159,1856
1782333973.578985,1887
1782333973.580278,1864
1782333973.581569,1864
1782333973.582861,1861
1782333973.582867,1844
1782333973.584152,1834
1782333973.5854368,1817
1782333973.5867252,1820
1782333973.586745,1833
1782333973.588026,1828
1782333973.5892942,1831
1782333973.590569,1833
1782333973.591855,1868
1782333973.591862,1848
1782333973.593146,1851
1782333973.59443,1839
1782333973.595872,1863
1782333973.595874,1856
1782333973.606494,1854
1782333973.606497,1868
1782333973.606498,1855
1782333973.606499,1823
1782333973.6065001,1843
1782333973.6065001,1847
1782333973.606501,1861
1782333973.6065018,1846
1782333973.6065018,1848
1782333973.606503,1833
1782333973.607766,1828
1782333973.607768,1822
1782333973.610104,1824
1782333973.610107,1816
1782333973.6113741,1835
1782333973.6126568,1868
1782333973.612664,1874
1782333973.613935,1868
1782333973.615218,1882
1782333973.616503,1853
1782333973.617791,1842
1782333973.6177979,1846
1782333973.619078,1839
1782333973.6203609,1829
1782333973.6216471,1853
1782333973.621654,1856
1782333973.622925,1826
1782333973.624207,1846
1782333973.625497,1833
1782333973.626763,1832
1782333973.626765,1823
1782333973.6368582,1825
1782333973.6368608,1837
1782333973.636862,1836
1782333973.636863,1833
1782333973.636863,1852
1782333973.636864,1855
1782333973.6368651,1852
1782333973.636866,1839
1782333973.636866,1822
1782333973.636867,1839
1782333973.636868,1820
1782333973.6381361,1824
1782333973.640531,1825
1782333973.640533,1823
1782333973.641815,1817
1782333973.6418219,1828
1782333973.6430862,1830
1782333973.644364,1839
1782333973.645652,1855
1782333973.645658,1844
1782333973.646959,1838
1782333973.648256,1828
1782333973.649545,1855
1782333973.6508338,1853
1782333973.650841,1870
1782333973.652123,1862
1782333973.6534069,1862
1782333973.654696,1846
1782333973.6547031,1866
1782333973.65597,1862
1782333973.6660612,1867
1782333973.666063,1871
1782333973.666063,1883
1782333973.6660638,1867
1782333973.666065,1848
1782333973.666066,1845
1782333973.666066,1836
1782333973.666067,1844
1782333973.666068,1839
1782333973.666068,1856
1782333973.667328,1853
1782333973.669776,1835
1782333973.66978,1838
1782333973.669781,1835
1782333973.6710489,1853
1782333973.672332,1843
1782333973.6736178,1834
1782333973.673635,1824
1782333973.674919,1838
1782333973.676204,1838
1782333973.6774888,1837
1782333973.678777,1842
1782333973.678783,1859
1782333973.680065,1858
1782333973.6813529,1863
1782333973.6826382,1841
1782333973.682645,1854
1782333973.6839292,1850
1782333973.6852171,1839
1782333973.6864839,1852
1782333973.696755,1842
1782333973.696757,1837
1782333973.696758,1849
1782333973.696759,1863
1782333973.6967602,1855
1782333973.6967602,1846
1782333973.6967611,1859
1782333973.696762,1850
1782333973.696762,1851
1782333973.6967628,1827
1782333973.696764,1853
1782333973.698025,1858
1782333973.700386,1853
1782333973.7003882,1851
1782333973.701653,1851
1782333973.7016551,1861
1782333973.7029388,1828
1782333973.704223,1844
1782333973.70551,1855
1782333973.706798,1858
1782333973.706805,1852
1782333973.708089,1829
1782333973.709377,1825
1782333973.7106612,1845
1782333973.711945,1844
1782333973.711951,1858
1782333973.713233,1843
1782333973.714519,1848
1782333973.716037,1839
1782333973.716039,1818
1782333973.726437,1829
1782333973.72644,1823
1782333973.726441,1825
1782333973.726442,1837
1782333973.726443,1828
1782333973.726443,1836
1782333973.726444,1838
1782333973.726445,1838
1782333973.726445,1839
1782333973.7264462,1846
1782333973.7277188,1839
1782333973.727722,1851
1782333973.7302551,1839
1782333973.7302568,1836
1782333973.731523,1831
1782333973.732809,1852
1782333973.732815,1847
1782333973.734099,1861
1782333973.735383,1858
1782333973.7366898,1864
1782333973.736696,1876
1782333973.7379808,1855
1782333973.739269,1855
1782333973.740566,1829
1782333973.741854,1838
1782333973.7418602,1828
1782333973.743145,1817
1782333973.7444322,1829
1782333973.7457201,1814
1782333973.7457259,1833
1782333973.74701,1834
1782333973.748481,1837
1782333973.759257,1839
1782333973.759259,1851
1782333973.75926,1842
1782333973.759261,1848
1782333973.7592618,1839
1782333973.7592618,1835
1782333973.759263,1858
1782333973.759264,1844
1782333973.759264,1846
1782333973.759265,1846
1782333973.7592661,1836
1782333973.7592661,1839
1782333973.7605278,1847
1782333973.7628858,1834
1782333973.762889,1839
1782333973.76289,1843
1782333973.764159,1834
1782333973.76544,1839
1782333973.76673,1843
1782333973.7667358,1836
1782333973.7680168,1842
1782333973.7693,1839
1782333973.770582,1834
1782333973.77187,1844
1782333973.771877,1850
1782333973.773163,1843
1782333973.77438,1856
1782333973.775672,1865
1782333973.7756789,1862
1782333973.7769668,1860
1782333973.778463,1867
1782333973.7888598,1863
1782333973.788862,1841
1782333973.788863,1858
1782333973.788864,1864
1782333973.788865,1858
1782333973.788865,1863
1782333973.788866,1860
1782333973.788867,1869
1782333973.788867,1861
1782333973.7888682,1868
1782333973.7888691,1865
1782333973.790133,1863
1782333973.792442,1852
1782333973.792444,1834
1782333973.79371,1837
1782333973.7937121,1833
1782333973.794989,1806
1782333973.796277,1832
1782333973.797569,1823
1782333973.798857,1830
1782333973.7988632,1825
1782333973.800147,1836
1782333973.801431,1834
1782333973.802714,1850
1782333973.80272,1850
1782333973.8040042,1848
1782333973.80529,1868
1782333973.806557,1843
1782333973.808083,1846
1782333973.808085,1844
1782333973.818509,1842
1782333973.818512,1851
1782333973.818513,1853
1782333973.8185139,1839
1782333973.8185139,1846
1782333973.818515,1854
1782333973.818516,1848
1782333973.818516,1843
1782333973.818517,1838
1782333973.818518,1863
1782333973.8197818,1863
1782333973.819784,1846
1782333973.822056,1839
1782333973.822058,1846
1782333973.823324,1839
1782333973.824606,1849
1782333973.824621,1827
1782333973.825938,1855
1782333973.8272278,1871
1782333973.828514,1849
1782333973.829804,1842
1782333973.82981,1858
1782333973.8310962,1858
1782333973.832381,1811
1782333973.8336692,1828
1782333973.833676,1855
1782333973.83496,1863
1782333973.836246,1848
1782333973.837518,1861
1782333973.838801,1848
1782333973.838808,1859
1782333973.840783,1851
1782333973.8407848,1839
1782333973.851126,1851
1782333973.851128,1831
1782333973.851128,1833
1782333973.851129,1833
1782333973.85113,1837
1782333973.85113,1846
1782333973.851131,1855
1782333973.851132,1830
1782333973.8511329,1824
1782333973.8511329,1833
1782333973.852402,1833
1782333973.854647,1812
1782333973.85465,1828
1782333973.854651,1805
1782333973.855925,1785
1782333973.8572109,1814
1782333973.8585012,1825
1782333973.859786,1847
1782333973.859793,1843
1782333973.861075,1839
1782333973.86236,1841
1782333973.8636448,1850
1782333973.863652,1828
1782333973.864937,1829
1782333973.866226,1839
1782333973.86751,1844
1782333973.868795,1849
1782333973.868801,1857
1782333973.870466,1859
1782333973.880932,1849
1782333973.880935,1855
1782333973.880936,1860
1782333973.8809369,1851
1782333973.880938,1851
1782333973.880939,1866
1782333973.880939,1864
1782333973.88094,1851
1782333973.8809412,1855
1782333973.8809412,1867
1782333973.880942,1867
1782333973.882208,1848
1782333973.8845282,1839
1782333973.884531,1853
1782333973.885799,1850
1782333973.885802,1847
1782333973.885803,1831
1782333973.887082,1854
1782333973.888372,1855
1782333973.889666,1814
1782333973.889672,1833
1782333973.890958,1848
1782333973.892245,1838
1782333973.8935292,1829
1782333973.894814,1836
1782333973.8948212,1846
1782333973.8961039,1870
1782333973.897393,1850
1782333973.8993962,1852
1782333973.8993979,1843
1782333973.909803,1839
1782333973.909806,1850
1782333973.9098072,1869
1782333973.9098072,1847
1782333973.9098082,1881
1782333973.9098089,1880
1782333973.9098089,1864
1782333973.9098098,1850
1782333973.909811,1838
1782333973.909811,1816
1782333973.909812,1836
1782333973.91108,1822
1782333973.91329,1830
1782333973.913292,1826
1782333973.914557,1846
1782333973.915839,1835
1782333973.9158452,1845
1782333973.917131,1839
1782333973.918415,1842
1782333973.919699,1839
1782333973.9197052,1835
1782333973.9209862,1819
1782333973.922272,1835
1782333973.923559,1850
1782333973.9248471,1847
1782333973.924853,1850
1782333973.926135,1845
1782333973.927419,1838
1782333973.9287071,1852
1782333973.9287128,1845
1782333973.93018,1866
1782333973.940521,1859
1782333973.940524,1845
1782333973.940525,1838
1782333973.940526,1857
1782333973.9405272,1870
1782333973.9405272,1859
1782333973.9405282,1846
1782333973.9405289,1850
1782333973.9405289,1838
1782333973.9405298,1862
1782333973.941798,1863
1782333973.9417999,1862
1782333973.94403,1854
1782333973.944033,1838
1782333973.945299,1864
1782333973.946581,1861
1782333973.9478762,1863
1782333973.947882,1855
1782333973.9491682,1867
1782333973.950453,1857
1782333973.9517372,1864
1782333973.951743,1831
1782333973.953024,1837
1782333973.9543118,1824
1782333973.955596,1825
1782333973.9568892,1816
1782333973.956896,1810
1782333973.9581811,1842
1782333973.959708,1815
1782333973.95971,1815
1782333973.9703958,1838
1782333973.970399,1847
1782333973.9704,1827
1782333973.9704,1839
1782333973.970401,1835
1782333973.970402,1847
1782333973.970402,1852
1782333973.970403,1848
1782333973.9704041,1846
1782333973.9704041,1859
1782333973.971669,1862
1782333973.971671,1867
1782333973.974066,1854
1782333973.9740689,1864
1782333973.975351,1858
1782333973.976623,1841
1782333973.976625,1844
1782333973.977907,1828
1782333973.979191,1822
1782333973.98048,1826
1782333973.981768,1839
1782333973.981775,1836
1782333973.983061,1839
1782333973.9843478,1846
1782333973.985632,1836
1782333973.985638,1835
1782333973.986917,1848
1782333973.988201,1821
1782333973.98949,1852
1782333973.9907782,1834
1782333973.990784,1828
1782333973.992453,1847
1782333974.003123,1839
1782333974.003126,1849
1782333974.003126,1852
1782333974.003127,1839
1782333974.003128,1820
1782333974.003128,1807
1782333974.003129,1844
1782333974.0031302,1854
1782333974.003131,1843
1782333974.003131,1842
1782333974.0031319,1852
1782333974.0043972,1854
1782333974.0066628,1843
1782333974.006665,1818
1782333974.006666,1839
1782333974.0079339,1845
1782333974.009218,1844
1782333974.0105011,1835
1782333974.011786,1873
1782333974.011792,1857
1782333974.013077,1858
1782333974.014365,1843
1782333974.014372,1830
1782333974.015657,1839
1782333974.0156631,1845
1782333974.016949,1859
1782333974.018238,1855
1782333974.019527,1843
1782333974.0208151,1835
1782333974.020821,1817
1782333974.022379,1842
1782333974.0328991,1836
1782333974.032903,1827
1782333974.032904,1836
1782333974.032904,1838
1782333974.0329049,1837
1782333974.032906,1859
1782333974.032906,1867
1782333974.032907,1851
1782333974.032908,1846
1782333974.032908,1875
1782333974.0329092,1865
1782333974.034177,1845
1782333974.036654,1863
1782333974.0366569,1871
1782333974.0366578,1839
1782333974.037929,1833
1782333974.039211,1853
1782333974.0405,1822
1782333974.0417879,1823
1782333974.041795,1829
1782333974.043076,1839
1782333974.044359,1834
1782333974.0456488,1839
1782333974.045661,1839
1782333974.046944,1839
1782333974.0482318,1818
1782333974.04952,1824
1782333974.051614,1822
1782333974.051617,1830
1782333974.05164,1836
1782333974.0620139,1826
1782333974.0620182,1834
1782333974.062019,1842
1782333974.062019,1843
1782333974.06202,1861
1782333974.062021,1873
1782333974.062021,1876
1782333974.062022,1885
1782333974.062023,1876
1782333974.0620239,1870
1782333974.063293,1865
1782333974.065666,1864
1782333974.065669,1861
1782333974.0656698,1847
1782333974.066955,1844
1782333974.068223,1835
1782333974.069503,1839
1782333974.070791,1833
1782333974.070797,1821
1782333974.0720818,1844
1782333974.073368,1862
1782333974.074655,1858
1782333974.074661,1852
1782333974.075946,1860
1782333974.077229,1868
1782333974.078511,1854
1782333974.079797,1861
1782333974.079803,1861
1782333974.081086,1851
1782333974.082399,1847
1782333974.0926661,1851
1782333974.092669,1846
1782333974.09267,1832
1782333974.092671,1847
1782333974.092672,1838
1782333974.092672,1866
1782333974.092673,1848
1782333974.092674,1829
1782333974.092674,1835
1782333974.092675,1830
1782333974.0926762,1825
1782333974.09394,1838
1782333974.09615,1828
1782333974.096152,1837
1782333974.097425,1835
1782333974.09871,1844
1782333974.098716,1844
1782333974.1000042,1823
1782333974.101289,1835
1782333974.102574,1836
1782333974.103913,1839
1782333974.103922,1850
1782333974.105209,1851
1782333974.1065001,1845
1782333974.107789,1854
1782333974.107795,1856
1782333974.109077,1845
1782333974.1103659,1849
1782333974.1120682,1850
1782333974.1120708,1877
1782333974.1224031,1855
1782333974.122406,1853
1782333974.122407,1864
1782333974.122408,1850
1782333974.1224089,1861
1782333974.1224089,1846
1782333974.12241,1839
1782333974.122411,1839
1782333974.122412,1855
1782333974.122412,1850
1782333974.123682,1853
1782333974.1236851,1844
1782333974.12605,1835
1782333974.126053,1839
1782333974.127319,1839
1782333974.128612,1838
1782333974.128629,1828
1782333974.1299598,1804
1782333974.1312551,1817
1782333974.132546,1839
1782333974.133835,1838
1782333974.133842,1834
1782333974.135107,1850
1782333974.136385,1846
1782333974.137671,1832
1782333974.137677,1807
1782333974.138962,1821
1782333974.140249,1854
1782333974.141518,1847
1782333974.1428008,1838
1782333974.142807,1849
1782333974.1428092,1829
1782333974.1444879,1822
1782333974.1551218,1826
1782333974.155125,1866
1782333974.155126,1854
1782333974.155127,1848
1782333974.155127,1853
1782333974.155128,1859
1782333974.1551292,1854
1782333974.1551292,1848
1782333974.1551301,1850
1782333974.1551309,1836
1782333974.1551309,1833
1782333974.156395,1846
1782333974.1586719,1850
1782333974.158674,1855
1782333974.158675,1834
1782333974.1599429,1858
1782333974.161228,1851
1782333974.162515,1854
1782333974.163807,1852
1782333974.1638138,1855
1782333974.165101,1853
1782333974.1663868,1856
1782333974.167677,1839
1782333974.1676831,1874
1782333974.168965,1866
1782333974.170249,1877
1782333974.171534,1857
1782333974.1728241,1852
1782333974.1728299,1851
1782333974.174238,1839
1782333974.1845398,1822
1782333974.184542,1834
1782333974.184543,1818
1782333974.184544,1819
1782333974.184545,1819
1782333974.184546,1831
1782333974.184546,1828
1782333974.1845472,1831
1782333974.184549,1834
1782333974.184549,1835
1782333974.185814,1824
1782333974.185816,1829
1782333974.18815,1844
1782333974.1881511,1861
1782333974.189419,1854
1782333974.190702,1874
1782333974.1907089,1868
1782333974.1919959,1850
1782333974.193281,1850
1782333974.194565,1860
1782333974.19585,1850
1782333974.1958568,1834
1782333974.197164,1824
1782333974.198454,1838
1782333974.199743,1830
1782333974.19975,1843
1782333974.201034,1839
1782333974.202323,1855
1782333974.203936,1869
1782333974.203939,1870
1782333974.214303,1859
1782333974.214306,1837
1782333974.214306,1822
1782333974.214307,1830
1782333974.214308,1832
1782333974.214308,1836
1782333974.2143092,1827
1782333974.21431,1826
1782333974.214311,1823
1782333974.214311,1828
1782333974.215578,1864
1782333974.217872,1871
1782333974.217875,1854
1782333974.217876,1857
1782333974.220423,1861
1782333974.2204301,1855
1782333974.221716,1836
1782333974.221726,1847
1782333974.2230122,1854
1782333974.224302,1849
1782333974.2255738,1855
1782333974.226857,1849
1782333974.226864,1846
1782333974.2281442,1877
1782333974.2294312,1844
1782333974.230719,1826
1782333974.230726,1825
1782333974.23201,1831
1782333974.2332969,1830
1782333974.234564,1817
1782333974.244707,1820
1782333974.24471,1835
1782333974.244711,1839
1782333974.244711,1835
1782333974.2447119,1826
1782333974.244713,1839
1782333974.244713,1849
1782333974.244714,1844
1782333974.244715,1851
1782333974.244715,1860
1782333974.244716,1865
1782333974.245983,1858
1782333974.2481558,1869
1782333974.24816,1884
1782333974.24945,1858
1782333974.25074,1849
1782333974.250747,1876
1782333974.252032,1854
1782333974.2533178,1860
1782333974.2546098,1859
1782333974.254627,1851
1782333974.255933,1854
1782333974.257219,1822
1782333974.2585092,1821
1782333974.2598,1820
1782333974.259806,1828
1782333974.261089,1839
1782333974.262377,1846
1782333974.263789,1851
1782333974.263791,1844
1782333974.274375,1812
1782333974.274378,1824
1782333974.274379,1821
1782333974.274379,1839
1782333974.27438,1846
1782333974.2743812,1839
1782333974.2743812,1839
1782333974.274382,1832
1782333974.274383,1852
1782333974.274383,1839
1782333974.2743838,1817
1782333974.275655,1825
1782333974.275658,1835
1782333974.277911,1829
1782333974.277914,1839
1782333974.279177,1855
1782333974.280461,1856
1782333974.281748,1866
1782333974.281754,1863
1782333974.283041,1860
1782333974.284329,1855
1782333974.2856162,1853
1782333974.2856221,1855
1782333974.2869,1846
1782333974.2881851,1848
1782333974.289474,1845
1782333974.290762,1837
1782333974.290768,1859
1782333974.2920508,1844
1782333974.2933388,1830
1782333974.294624,1839
1782333974.2946298,1864
1782333974.296661,1854
1782333974.2966762,1847
1782333974.307134,1857
1782333974.307137,1838
1782333974.307138,1881
1782333974.3071392,1864
1782333974.3071392,1867
1782333974.30714,1856
1782333974.307141,1850
1782333974.3071418,1858
1782333974.3071418,1847
1782333974.307143,1866
1782333974.3084118,1871
1782333974.310737,1871
1782333974.310739,1854
1782333974.31074,1847
1782333974.312008,1828
1782333974.313288,1839
1782333974.314576,1842
1782333974.315867,1836
1782333974.315873,1849
1782333974.31716,1860
1782333974.3184462,1863
1782333974.319732,1868
1782333974.3197389,1848
1782333974.321023,1861
1782333974.322311,1846
1782333974.323597,1848
1782333974.3248892,1838
1782333974.324895,1839
1782333974.326257,1838
1782333974.337049,1838
1782333974.3370519,1846
1782333974.3370528,1832
1782333974.3370528,1817
1782333974.337054,1844
1782333974.337055,1852
1782333974.337055,1858
1782333974.337056,1836
1782333974.337057,1823
1782333974.337058,1839
1782333974.337058,1839
1782333974.3383281,1819
1782333974.340721,1810
1782333974.340724,1805
1782333974.340725,1826
1782333974.342008,1807
1782333974.3432808,1828
1782333974.344568,1834
1782333974.345854,1857
1782333974.34586,1861
1782333974.3471448,1838
1782333974.3484302,1859
1782333974.349718,1839
1782333974.3497238,1843
1782333974.351008,1846
1782333974.352291,1847
1782333974.353576,1835
1782333974.354895,1855
1782333974.354902,1867
1782333974.366035,1882
1782333974.366038,1865
1782333974.366039,1839
1782333974.36604,1855
1782333974.3660412,1846
1782333974.3660412,1853
1782333974.3660421,1876
1782333974.3660429,1860
1782333974.3660438,1862
1782333974.3660438,1874
1782333974.366045,1849
1782333974.367312,1859
1782333974.36959,1856
1782333974.3695931,1850
1782333974.3695931,1844
1782333974.370856,1826
1782333974.372138,1839
1782333974.373433,1838
1782333974.374723,1850
1782333974.374729,1835
1782333974.376013,1851
1782333974.377297,1823
1782333974.378583,1820
1782333974.3798761,1844
1782333974.379883,1835
1782333974.3811672,1855
1782333974.382453,1854
1782333974.383739,1847
1782333974.383745,1855
1782333974.385031,1830
1782333974.3863208,1810
1782333974.3966541,1798
1782333974.396656,1798
1782333974.396657,1828
1782333974.396657,1831
1782333974.396658,1835
1782333974.396659,1837
1782333974.396659,1834
1782333974.3966599,1854
1782333974.396661,1837
1782333974.396661,1865
1782333974.396662,1856
1782333974.3979242,1836
1782333974.3979259,1828
1782333974.400357,1834
1782333974.4003599,1844
1782333974.4016268,1860
1782333974.401629,1851
1782333974.402913,1856
1782333974.404198,1862
1782333974.405487,1855
1782333974.406775,1866
1782333974.406781,1845
1782333974.408066,1824
1782333974.409354,1839
1782333974.4106371,1835
1782333974.410644,1854
1782333974.411924,1838
1782333974.413208,1853
1782333974.414492,1838
1782333974.415802,1848
1782333974.415804,1848
1782333974.426469,1846
1782333974.426471,1858
1782333974.426472,1851
1782333974.426472,1848
1782333974.426473,1839
1782333974.426474,1845
1782333974.426474,1837
1782333974.426475,1836
1782333974.426476,1839
1782333974.426476,1838
1782333974.427744,1838
1782333974.427747,1842
1782333974.4299688,1855
1782333974.429971,1826
1782333974.4312441,1843
1782333974.432523,1837
1782333974.4338071,1836
1782333974.433814,1824
1782333974.435094,1815
1782333974.436378,1835
1782333974.437664,1844
1782333974.43767,1846
1782333974.438956,1846
1782333974.440244,1847
1782333974.441531,1854
1782333974.442819,1847
1782333974.442826,1839
1782333974.444111,1836
1782333974.445398,1843
1782333974.446686,1850
1782333974.446692,1855
1782333974.4484649,1866
1782333974.4590652,1863
1782333974.4590678,1866
1782333974.4590678,1864
1782333974.459069,1870
1782333974.45907,1862
1782333974.459071,1858
1782333974.459071,1846
1782333974.459072,1854
1782333974.459073,1865
1782333974.459073,1860
1782333974.459074,1835
1782333974.4603362,1816
1782333974.462718,1844
1782333974.46272,1842
1782333974.462721,1839
1782333974.463988,1854
1782333974.465272,1850
1782333974.466568,1825
1782333974.467856,1844
1782333974.467861,1846
1782333974.469142,1842
1782333974.4704251,1852
1782333974.471713,1839
1782333974.471719,1855
1782333974.473005,1856
1782333974.4742908,1839
1782333974.475573,1846
1782333974.476861,1829
1782333974.476867,1839
1782333974.47821,1856
1782333974.489134,1844
1782333974.489137,1856
1782333974.489138,1855
1782333974.4891388,1855
1782333974.48914,1843
1782333974.489141,1825
1782333974.489141,1830
1782333974.489142,1825
1782333974.4891431,1826
1782333974.4891431,1846
1782333974.489144,1829
1782333974.490409,1846
1782333974.492953,1838
1782333974.492955,1819
1782333974.492956,1824
1782333974.494238,1818
1782333974.4955258,1824
1782333974.4968379,1823
1782333974.496851,1845
1782333974.498131,1838
1782333974.499418,1837
1782333974.500708,1849
1782333974.500718,1839
1782333974.5020008,1842
1782333974.5032861,1844
1782333974.504572,1838
1782333974.505854,1851
1782333974.5058591,1843
1782333974.507145,1847
1782333974.5084171,1849
1782333974.5185258,1862
1782333974.518529,1849
1782333974.5185301,1850
1782333974.518531,1858
1782333974.518532,1858
1782333974.5185332,1843
1782333974.5185332,1868
1782333974.518534,1864
1782333974.518535,1857
1782333974.518535,1869
1782333974.5198028,1867
1782333974.519805,1871
1782333974.52209,1868
1782333974.522092,1856
1782333974.523357,1867
1782333974.524641,1865
1782333974.524648,1835
1782333974.524651,1852
1782333974.52594,1855
1782333974.527227,1839
1782333974.5285141,1831
1782333974.529805,1857
1782333974.529811,1852
1782333974.5310788,1845
1782333974.5323641,1835
1782333974.533653,1838
1782333974.533659,1837
1782333974.534945,1843
1782333974.536212,1845
1782333974.537473,1828
1782333974.5387552,1803
1782333974.538761,1832
1782333974.540472,1834
1782333974.550935,1842
1782333974.5509388,1826
1782333974.5509398,1813
1782333974.550941,1813
1782333974.550942,1829
1782333974.550943,1835
1782333974.550943,1823
1782333974.550944,1828
1782333974.550945,1834
1782333974.550945,1839
1782333974.550946,1858
1782333974.552213,1853
1782333974.554467,1855
1782333974.554469,1871
1782333974.555736,1851
1782333974.5557382,1852
1782333974.557023,1856
1782333974.558311,1843
1782333974.559596,1858
1782333974.559614,1864
1782333974.5609338,1860
1782333974.5622258,1862
1782333974.563524,1868
1782333974.5648131,1867
1782333974.56482,1864
1782333974.5661051,1868
1782333974.567392,1848
1782333974.568681,1843
1782333974.5686882,1825
1782333974.569952,1839
1782333974.5799098,1851
1782333974.579912,1845
1782333974.579913,1842
1782333974.579914,1837
1782333974.579914,1853
1782333974.579915,1839
1782333974.579916,1851
1782333974.579916,1832
1782333974.579917,1834
1782333974.5799181,1839
1782333974.5811782,1850
1782333974.583287,1835
1782333974.5832891,1847
1782333974.5845828,1850
1782333974.5858839,1853
1782333974.58589,1852
1782333974.5871758,1857
1782333974.588464,1864
1782333974.589739,1856
1782333974.589741,1857
1782333974.591021,1852
1782333974.592309,1816
1782333974.5935931,1845
1782333974.59361,1859
1782333974.594924,1855
1782333974.596216,1835
1782333974.5975099,1864
1782333974.598797,1878
1782333974.598803,1868
1782333974.6002922,1864
1782333974.6111581,1878
1782333974.611161,1866
1782333974.6111622,1855
1782333974.611163,1851
1782333974.611163,1854
1782333974.6111639,1858
1782333974.611165,1864
1782333974.611165,1839
1782333974.611166,1844
1782333974.611167,1834
1782333974.611167,1845
1782333974.612434,1838
1782333974.614898,1848
1782333974.6148999,1839
1782333974.614901,1827
1782333974.6161668,1835
1782333974.61745,1835
1782333974.618735,1821
1782333974.618742,1826
1782333974.620023,1835
1782333974.621313,1830
1782333974.622572,1811
1782333974.623859,1849
1782333974.623866,1827
1782333974.625155,1820
1782333974.626444,1831
1782333974.627733,1834
1782333974.62774,1848
1782333974.629024,1864
1782333974.6302998,1878
1782333974.640446,1861
1782333974.64045,1859
1782333974.640451,1849
1782333974.6404521,1863
1782333974.640453,1851
1782333974.640453,1832
1782333974.6404538,1849
1782333974.640455,1857
1782333974.640455,1855
1782333974.640456,1859
1782333974.6417239,1836
1782333974.641726,1847
1782333974.644171,1868
1782333974.644174,1862
1782333974.64544,1862
1782333974.6467369,1859
1782333974.6467469,1852
1782333974.648038,1849
1782333974.64933,1838
1782333974.6506162,1838
1782333974.650622,1832
1782333974.650625,1854
1782333974.651907,1828
1782333974.65319,1818
1782333974.654478,1834
1782333974.655767,1807
1782333974.655773,1819
1782333974.657058,1803
1782333974.658346,1812
1782333974.659955,1816
1782333974.659957,1818
1782333974.670233,1796
1782333974.670235,1807
1782333974.6702359,1832
1782333974.6702368,1822
1782333974.6702368,1832
1782333974.670238,1825
1782333974.670239,1848
1782333974.670239,1842
1782333974.67024,1853
1782333974.670241,1864
1782333974.671503,1868
1782333974.6737769,1871
1782333974.673779,1858
1782333974.67378,1863
1782333974.675065,1848
1782333974.676332,1849
1782333974.6775959,1838
1782333974.677598,1839
1782333974.678878,1856
1782333974.680168,1850
1782333974.6814568,1861
1782333974.682744,1839
1782333974.68275,1854
1782333974.684032,1856
1782333974.685317,1849
1782333974.686605,1868
1782333974.686611,1862
1782333974.687894,1842
1782333974.6892319,1858
1782333974.6905239,1860
1782333974.6918101,1850
1782333974.691817,1853
1782333974.693572,1858
1782333974.7030232,1852
1782333974.7030258,1862
1782333974.703028,1850
1782333974.703028,1855
1782333974.703029,1866
1782333974.70303,1876
1782333974.70303,1878
1782333974.703031,1875
1782333974.703032,1863
1782333974.703033,1839
1782333974.704301,1846
1782333974.706534,1860
1782333974.706536,1858
1782333974.707801,1845
1782333974.7078028,1839
1782333974.70908,1861
1782333974.710366,1835
1782333974.7116501,1838
1782333974.711657,1845
1782333974.7129421,1855
1782333974.714231,1844
1782333974.7155142,1847
1782333974.716804,1858
1782333974.716811,1856
1782333974.7180958,1861
1782333974.719382,1856
1782333974.720667,1819
1782333974.720673,1821
1782333974.7224681,1821
1782333974.7327518,1831
1782333974.732754,1817
1782333974.732755,1826
1782333974.732755,1802
1782333974.732756,1794
1782333974.732757,1815
1782333974.732757,1810
1782333974.732758,1844
1782333974.732759,1860
1782333974.73276,1833
1782333974.73276,1860
1782333974.73402,1882
1782333974.7363431,1855
1782333974.736345,1848
1782333974.737613,1854
1782333974.737615,1848
1782333974.7388968,1852
1782333974.740187,1848
1782333974.741473,1852
1782333974.742763,1849
1782333974.74277,1855
1782333974.744053,1867
1782333974.745354,1858
1782333974.7466419,1851
1782333974.746648,1839
1782333974.747933,1837
1782333974.749224,1846
1782333974.750498,1847
1782333974.751762,1855
1782333974.751764,1823
1782333974.761856,1830
1782333974.7618601,1831
1782333974.761861,1821
1782333974.7618618,1838
1782333974.761863,1823
1782333974.761863,1814
1782333974.761864,1862
1782333974.761865,1861
1782333974.761865,1850
1782333974.761866,1847
1782333974.763136,1855
1782333974.765286,1842
1782333974.765289,1823
1782333974.7665558,1839
1782333974.767824,1834
1782333974.7678258,1837
1782333974.7691038,1831
1782333974.770389,1842
1782333974.7716749,1846
1782333974.771681,1864
1782333974.772966,1853
1782333974.7742531,1837
1782333974.775539,1841
1782333974.7768278,1866
1782333974.776834,1861
1782333974.77812,1869
1782333974.779408,1860
1782333974.7794151,1879
1782333974.7807,1860
1782333974.780706,1846
1782333974.782052,1845
1782333974.792544,1851
1782333974.7925482,1832
1782333974.7925491,1847
1782333974.7925491,1828
1782333974.7925498,1844
1782333974.7925508,1850
1782333974.7925508,1851
1782333974.792552,1858
1782333974.792553,1844
1782333974.792553,1871
1782333974.793817,1868
1782333974.793819,1866
1782333974.796151,1854
1782333974.796153,1855
1782333974.797419,1863
1782333974.7987032,1849
1782333974.79871,1858
1782333974.799996,1857
1782333974.80128,1832
1782333974.8025641,1834
1782333974.803848,1829
1782333974.803854,1827
1782333974.80514,1845
1782333974.806429,1845
1782333974.8077178,1842
1782333974.807725,1842
1782333974.809006,1834
1782333974.810296,1830
1782333974.812084,1813
1782333974.812087,1839
1782333974.822412,1846
1782333974.822415,1835
1782333974.8224158,1843
1782333974.8224158,1831
1782333974.8224168,1863
1782333974.822418,1846
1782333974.822418,1844
1782333974.822419,1838
1782333974.82242,1818
1782333974.82242,1819
1782333974.8236868,1820
1782333974.823689,1858
1782333974.8261409,1844
1782333974.826143,1839
1782333974.8274088,1838
1782333974.8286998,1821
1782333974.828706,1819
1782333974.8299909,1833
1782333974.831281,1839
1782333974.8325682,1843
1782333974.833854,1849
1782333974.833861,1857
1782333974.8351412,1871
1782333974.836425,1858
1782333974.837709,1860
1782333974.837715,1849
1782333974.839,1845
1782333974.84029,1858
1782333974.841571,1863
1782333974.842859,1845
1782333974.842865,1839
1782333974.8447738,1843
1782333974.844794,1850
1782333974.855238,1831
1782333974.8552399,1835
1782333974.8552399,1839
1782333974.855241,1845
1782333974.855242,1825
1782333974.855243,1831
1782333974.855243,1813
1782333974.855244,1823
1782333974.855245,1822
1782333974.855245,1839
1782333974.856506,1846
1782333974.858807,1859
1782333974.8588102,1855
1782333974.858811,1866
1782333974.860075,1858
1782333974.86136,1870
1782333974.862648,1870
1782333974.862654,1871
1782333974.86394,1875
1782333974.8652291,1870
1782333974.866519,1857
1782333974.867807,1865
1782333974.867813,1865
1782333974.869092,1857
1782333974.8703759,1846
1782333974.871664,1860
1782333974.871671,1836
1782333974.8729558,1846
1782333974.8743382,1843
1782333974.8849149,1842
1782333974.884917,1845
1782333974.884918,1835
1782333974.884919,1855
1782333974.884919,1853
1782333974.8849201,1862
1782333974.884921,1846
1782333974.884921,1845
1782333974.884922,1853
1782333974.884923,1858
1782333974.884924,1859
1782333974.886188,1834
1782333974.888478,1831
1782333974.88848,1821
1782333974.889747,1828
1782333974.88975,1818
1782333974.891028,1825
1782333974.8923159,1820
1782333974.8936052,1819
1782333974.89362,1811
1782333974.8949351,1828
1782333974.896228,1832
1782333974.8974981,1842
1782333974.898782,1849
1782333974.8987882,1837
1782333974.900055,1832
1782333974.901336,1823
1782333974.902622,1834
1782333974.9026282,1846
1782333974.904307,1825
1782333974.914794,1832
1782333974.914797,1822
1782333974.914798,1835
1782333974.9147992,1839
1782333974.9147992,1854
1782333974.9148002,1838
1782333974.914801,1842
1782333974.914801,1855
1782333974.9148018,1839
1782333974.914803,1849
1782333974.914804,1854
1782333974.914804,1847
1782333974.916075,1839
1782333974.918444,1846
1782333974.918446,1839
1782333974.9197109,1844
1782333974.919713,1836
1782333974.920991,1816
1782333974.9222772,1823
1782333974.9235651,1826
1782333974.924851,1837
1782333974.9248571,1862
1782333974.926142,1836
1782333974.927427,1864
1782333974.92871,1855
1782333974.9287171,1850
1782333974.929999,1836
1782333974.931286,1839
1782333974.9325702,1814
1782333974.9341388,1832
1782333974.934141,1835
1782333974.944415,1828
1782333974.944417,1828
1782333974.944418,1835
1782333974.9444191,1851
1782333974.94442,1838
1782333974.94442,1846
1782333974.944421,1839
1782333974.944422,1837
1782333974.944422,1858
1782333974.944423,1865
1782333974.945684,1846
1782333974.945686,1865
1782333974.947956,1858
1782333974.947958,1873
1782333974.9492228,1873
1782333974.950506,1871
1782333974.95179,1859
1782333974.951797,1864
1782333974.953076,1855
1782333974.9543638,1864
1782333974.955652,1856
1782333974.955658,1836
1782333974.95694,1842
1782333974.9582279,1841
1782333974.9595158,1839
1782333974.960803,1838
1782333974.960809,1852
1782333974.962093,1861
1782333974.9639301,1855
1782333974.9639318,1880
1782333974.9744158,1860
1782333974.97442,1854
1782333974.974421,1847
1782333974.974422,1851
1782333974.974422,1850
1782333974.974423,1850
1782333974.9744241,1852
1782333974.9744241,1861
1782333974.974425,1871
1782333974.974426,1859
1782333974.97569,1854
1782333974.975692,1835
1782333974.9779341,1846
1782333974.9779358,1814
1782333974.979198,1820
1782333974.980481,1832
1782333974.981768,1837
1782333974.981775,1835
1782333974.983059,1828
1782333974.9843469,1827
1782333974.98563,1823
1782333974.985636,1810
1782333974.986916,1828
1782333974.988199,1819
1782333974.989484,1829
1782333974.990772,1822
1782333974.9907782,1835
1782333974.992063,1849
1782333974.993349,1855
1782333974.994633,1829
1782333974.9946399,1851
1782333974.995924,1838
1782333974.997195,1839
1782333975.007522,1842
1782333975.007531,1851
1782333975.0075321,1838
1782333975.007533,1827
1782333975.007534,1845
1782333975.007534,1861
1782333975.0075352,1874
1782333975.0075362,1863
1782333975.007537,1851
1782333975.007537,1839
1782333975.008808,1839
1782333975.008811,1861
1782333975.011498,1854
1782333975.011501,1823
1782333975.012768,1829
1782333975.01277,1828
1782333975.014049,1829
1782333975.015338,1823
1782333975.016639,1839
1782333975.016648,1850
1782333975.017931,1853
1782333975.019228,1849
1782333975.020512,1870
1782333975.0217988,1859
1782333975.021805,1830
1782333975.023086,1851
1782333975.024373,1849
1782333975.025662,1864
1782333975.0256681,1850
1782333975.037375,1848
1782333975.037379,1844
1782333975.03738,1839
1782333975.0373812,1830
1782333975.0373812,1827
1782333975.037382,1823
1782333975.0373828,1830
1782333975.0373828,1825
1782333975.037384,1839
1782333975.037385,1839
1782333975.037385,1828
1782333975.037386,1839
1782333975.038655,1835
1782333975.0386581,1836
1782333975.041352,1817
1782333975.041355,1835
1782333975.0426219,1838
1782333975.042624,1828
1782333975.0438862,1851
1782333975.045166,1835
1782333975.0464482,1839
1782333975.047731,1838
1782333975.0477371,1845
1782333975.049016,1855
1782333975.050299,1861
1782333975.0515919,1859
1782333975.051608,1871
1782333975.052911,1864
1782333975.054197,1864
1782333975.055806,1854
1782333975.055808,1848
1782333975.066397,1848
1782333975.0664,1837
1782333975.066401,1842
1782333975.066402,1830
1782333975.066402,1838
1782333975.0664032,1851
1782333975.066404,1844
1782333975.066405,1845
1782333975.066405,1839
1782333975.0664058,1857
1782333975.0676742,1853
1782333975.0676758,1868
1782333975.0701141,1878
1782333975.070116,1866
1782333975.07138,1857
1782333975.072662,1850
1782333975.0726678,1870
1782333975.073952,1860
1782333975.07524,1867
1782333975.076523,1858
1782333975.077805,1856
1782333975.077811,1855
1782333975.0790951,1855
1782333975.0803819,1858
1782333975.0816698,1854
1782333975.081676,1860
1782333975.08296,1846
1782333975.084247,1848
1782333975.085988,1839
1782333975.085991,1833
1782333975.096593,1824
1782333975.096596,1839
1782333975.096597,1852
1782333975.096597,1857
1782333975.096598,1835
1782333975.096599,1856
1782333975.0966,1851
1782333975.0966,1834
1782333975.096601,1848
1782333975.0966022,1855
1782333975.096603,1849
1782333975.097868,1846
1782333975.100189,1838
1782333975.100192,1832
1782333975.1014578,1832
1782333975.102742,1830
1782333975.102748,1828
1782333975.104034,1842
1782333975.105321,1837
1782333975.106606,1852
1782333975.106622,1851
1782333975.107906,1852
1782333975.109192,1855
1782333975.110476,1858
1782333975.1117609,1853
1782333975.111767,1858
1782333975.113049,1826
1782333975.114337,1850
1782333975.1164129,1861
1782333975.116415,1862
1782333975.126675,1871
1782333975.126677,1854
1782333975.126678,1830
1782333975.126679,1843
1782333975.1266801,1848
1782333975.126681,1869
1782333975.126681,1847
1782333975.126682,1865
1782333975.126683,1882
1782333975.126683,1861
1782333975.126684,1867
1782333975.127955,1853
1782333975.1302102,1846
1782333975.130213,1836
1782333975.131478,1819
1782333975.132761,1837
1782333975.132768,1828
1782333975.1340501,1834
1782333975.1353338,1845
1782333975.13662,1846
1782333975.136627,1839
1782333975.137912,1855
1782333975.1392,1839
1782333975.140485,1827
1782333975.1417742,1819
1782333975.14178,1836
1782333975.143065,1838
1782333975.144353,1830
1782333975.145639,1823
1782333975.145646,1814
1782333975.147265,1835
1782333975.157943,1835
1782333975.157946,1838
1782333975.1579468,1842
1782333975.157948,1843
1782333975.157949,1823
1782333975.157949,1823
1782333975.15795,1820
1782333975.1579509,1815
1782333975.157952,1825
1782333975.157953,1855
1782333975.157953,1862
1782333975.157954,1869
1782333975.159225,1865
1782333975.161485,1852
1782333975.1614878,1839
1782333975.162754,1843
1782333975.1627572,1822
1782333975.164039,1845
1782333975.1653278,1834
1782333975.166615,1850
1782333975.1666298,1845
1782333975.1679108,1835
1782333975.169195,1851
1782333975.170479,1828
1782333975.171767,1829
1782333975.171773,1830
1782333975.173058,1825
1782333975.174347,1848
1782333975.1756318,1839
1782333975.175638,1832
1782333975.1769228,1834
1782333975.1782331,1845
1782333975.188607,1841
1782333975.18861,1852
1782333975.18861,1833
1782333975.188611,1848
1782333975.188612,1853
1782333975.188612,1833
1782333975.1886132,1820
1782333975.188614,1819
1782333975.188614,1849
1782333975.1886148,1848
1782333975.188616,1858
1782333975.1898801,1844
1782333975.192155,1842
1782333975.192158,1864
1782333975.193425,1871
1782333975.1947079,1854
1782333975.1947148,1848
1782333975.1959958,1854
1782333975.197284,1831
1782333975.198575,1826
1782333975.1998699,1844
1782333975.199876,1863
1782333975.20116,1837
1782333975.202445,1830
1782333975.2037299,1845
1782333975.203736,1857
1782333975.20502,1835
1782333975.2063072,1833
1782333975.2077389,1833
1782333975.207741,1839
1782333975.218348,1818
1782333975.2183502,1828
1782333975.2183502,1843
1782333975.2183511,1835
1782333975.218352,1843
1782333975.218352,1854
1782333975.2183528,1844
1782333975.218354,1837
1782333975.218354,1855
1782333975.218355,1862
1782333975.2196229,1871
1782333975.219625,1865
1782333975.2219641,1862
1782333975.221966,1839
1782333975.223231,1830
1782333975.224513,1842
1782333975.2257972,1853
1782333975.225803,1838
1782333975.227084,1839
1782333975.2283678,1865
1782333975.22965,1855
1782333975.229656,1865
1782333975.230936,1859
1782333975.232219,1855
1782333975.2334862,1839
1782333975.234764,1837
1782333975.236048,1854
1782333975.236054,1862
1782333975.237333,1852
1782333975.238616,1836
1782333975.238622,1842
1782333975.240719,1851
1782333975.2407382,1864
1782333975.25069,1880
1782333975.250693,1875
1782333975.2506938,1853
1782333975.250695,1837
1782333975.250696,1866
1782333975.250696,1834
1782333975.250697,1836
1782333975.250698,1835
1782333975.250698,1857
1782333975.250699,1862
1782333975.251963,1868
1782333975.254167,1855
1782333975.2541702,1850
1782333975.255436,1849
1782333975.2567182,1829
1782333975.256725,1829
1782333975.2580092,1821
1782333975.2592928,1837
1782333975.260576,1839
1782333975.260593,1832
1782333975.261881,1812
1782333975.2631638,1817
1782333975.264448,1833
1782333975.265723,1823
1782333975.265727,1826
1782333975.267,1846
1782333975.2682712,1850
1782333975.269542,1829
1782333975.282552,1858
1782333975.282557,1871
1782333975.2825742,1879
1782333975.2825758,1875
1782333975.2825768,1839
1782333975.282578,1834
1782333975.282579,1855
1782333975.282579,1861
1782333975.28258,1842
1782333975.282581,1851
1782333975.282581,1843
1782333975.282582,1827
1782333975.282583,1838
1782333975.2826052,1822
1782333975.283873,1836
1782333975.286326,1821
1782333975.286328,1839
1782333975.286329,1848
1782333975.287589,1815
1782333975.287591,1828
1782333975.288857,1829
1782333975.290127,1836
1782333975.2913978,1838
1782333975.2926662,1823
1782333975.2926688,1827
1782333975.293931,1829
1782333975.295198,1832
1782333975.296463,1846
1782333975.29773,1845
1782333975.297733,1860
1782333975.298999,1844
1782333975.30026,1848
1782333975.310668,1861
1782333975.3106718,1875
1782333975.310673,1847
1782333975.310674,1861
1782333975.310675,1850
1782333975.310675,1869
1782333975.3106759,1837
1782333975.310677,1832
1782333975.310678,1843
1782333975.310678,1847
1782333975.310679,1854
1782333975.311946,1847
1782333975.314471,1854
1782333975.3144739,1858
1782333975.3157408,1861
1782333975.315743,1855
1782333975.317027,1843
1782333975.3182971,1844
1782333975.319575,1838
1782333975.320862,1831
1782333975.320881,1834
1782333975.322165,1843
1782333975.3234508,1856
1782333975.324739,1855
1782333975.324746,1861
1782333975.326018,1860
1782333975.327303,1825
1782333975.328588,1829
1782333975.329878,1831
1782333975.329885,1838
1782333975.331149,1824
1782333975.341291,1823
1782333975.341293,1833
1782333975.341294,1832
1782333975.341295,1845
1782333975.3412962,1834
1782333975.341297,1826
1782333975.341297,1848
1782333975.3412979,1838
1782333975.341299,1826
1782333975.341299,1860
1782333975.34256,1842
1782333975.344862,1818
1782333975.344865,1834
1782333975.344866,1839
1782333975.346132,1837
1782333975.347415,1846
1782333975.348706,1843
1782333975.348713,1843
1782333975.3500009,1847
1782333975.351284,1849
1782333975.3525891,1855
1782333975.352614,1860
1782333975.353896,1864
1782333975.3551848,1833
1782333975.3564758,1830
1782333975.357766,1843
1782333975.357772,1859
1782333975.359054,1854
1782333975.3601139,1846
1782333975.370409,1867
1782333975.370412,1862
1782333975.370413,1877
1782333975.370414,1861
1782333975.370414,1867
1782333975.3704152,1860
1782333975.3704162,1867
1782333975.3704162,1857
1782333975.3704169,1850
1782333975.3704178,1835
1782333975.371687,1842
1782333975.3716888,1824
1782333975.374057,1842
1782333975.374059,1849
1782333975.375338,1824
1782333975.376611,1820
1782333975.3766131,1824
1782333975.377897,1842
1782333975.379183,1842
1782333975.3804731,1845
1782333975.381761,1826
1782333975.3817668,1813
1782333975.383051,1807
1782333975.384341,1811
1782333975.3856268,1839
1782333975.385633,1823
1782333975.386915,1839
1782333975.3881989,1864
1782333975.389468,1871
1782333975.390751,1843
1782333975.390757,1854
1782333975.392628,1856
1782333975.392632,1861
1782333975.403252,1847
1782333975.403255,1859
1782333975.4032562,1866
1782333975.4032571,1853
1782333975.4032571,1854
1782333975.403258,1848
1782333975.4032588,1857
1782333975.40326,1851
1782333975.403261,1839
1782333975.403261,1838
1782333975.404534,1855
1782333975.406843,1847
1782333975.406846,1846
1782333975.406847,1834
1782333975.408114,1839
1782333975.409398,1848
1782333975.4106839,1861
1782333975.41069,1857
1782333975.411972,1848
1782333975.413257,1852
1782333975.4132638,1849
1782333975.4145532,1850
1782333975.415841,1863
1782333975.415848,1860
1782333975.417134,1846
1782333975.41842,1817
1782333975.4197068,1821
1782333975.419713,1844
1782333975.4209971,1829
1782333975.422421,1823
1782333975.432905,1847
1782333975.432908,1851
1782333975.432909,1834
1782333975.43291,1850
1782333975.43291,1854
1782333975.4329112,1850
1782333975.4329119,1836
1782333975.4329119,1839
1782333975.4329128,1822
1782333975.432914,1839
1782333975.432914,1846
1782333975.43418,1839
1782333975.436537,1834
1782333975.43654,1837
1782333975.437807,1844
1782333975.437815,1857
1782333975.4390981,1846
1782333975.440386,1846
1782333975.441675,1828
1782333975.4416819,1836
1782333975.442964,1850
1782333975.444248,1838
1782333975.445531,1828
1782333975.4467998,1843
1782333975.446802,1858
1782333975.448083,1853
1782333975.4493692,1855
1782333975.450644,1874
1782333975.450646,1866
1782333975.451906,1857
1782333975.461774,1852
1782333975.461777,1837
1782333975.461778,1843
1782333975.4617789,1827
1782333975.46178,1850
1782333975.46178,1849
1782333975.461781,1844
1782333975.461782,1860
1782333975.461783,1867
1782333975.461783,1853
1782333975.463052,1834
1782333975.4652412,1850
1782333975.4652438,1857
1782333975.466507,1838
1782333975.467795,1830
1782333975.467802,1832
1782333975.4690828,1850
1782333975.470366,1847
1782333975.47164,1835
1782333975.471642,1830
1782333975.472924,1838
1782333975.474211,1836
1782333975.475496,1842
1782333975.476785,1826
1782333975.4767911,1844
1782333975.478076,1837
1782333975.479365,1839
1782333975.480652,1839
1782333975.480659,1854
1782333975.4823968,1853
1782333975.493078,1848
1782333975.493082,1842
1782333975.4930828,1843
1782333975.493084,1827
1782333975.493085,1822
1782333975.4930859,1837
1782333975.4930859,1845
1782333975.493087,1850
1782333975.493088,1844
1782333975.493089,1839
1782333975.493089,1835
1782333975.494356,1838
1782333975.4969978,1828
1782333975.497001,1832
1782333975.497002,1850
1782333975.49827,1856
1782333975.499561,1853
1782333975.50072,1846
1782333975.500727,1858
1782333975.5020092,1854
1782333975.503293,1839
1782333975.504578,1838
1782333975.505843,1853
1782333975.505854,1843
1782333975.507144,1854
1782333975.50842,1842
1782333975.509702,1850
1782333975.509708,1848
1782333975.510995,1847
1782333975.512276,1862
1782333975.522659,1848
1782333975.5226612,1856
1782333975.522662,1871
1782333975.5226629,1871
1782333975.5226629,1859
1782333975.5226638,1869
1782333975.522665,1862
1782333975.522665,1842
1782333975.522666,1850
1782333975.522667,1856
1782333975.522667,1850
1782333975.523932,1859
1782333975.526237,1854
1782333975.526241,1860
1782333975.5275068,1853
1782333975.5287921,1839
1782333975.528799,1850
1782333975.530085,1843
1782333975.531359,1832
1782333975.53264,1836
1782333975.532647,1839
1782333975.533932,1843
1782333975.5352151,1849
1782333975.5365,1848
1782333975.5377831,1862
1782333975.5377889,1876
1782333975.539074,1850
1782333975.540362,1856
1782333975.541652,1839
1782333975.5416582,1839
1782333975.541661,1855
1782333975.5433862,1836
1782333975.553853,1836
1782333975.553856,1842
1782333975.553857,1844
1782333975.553858,1836
1782333975.553858,1851
1782333975.553859,1842
1782333975.5538602,1844
1782333975.5538602,1834
1782333975.5538611,1833
1782333975.5538619,1850
1782333975.5538619,1826
1782333975.55513,1834
1782333975.557373,1851
1782333975.557376,1843
1782333975.558667,1834
1782333975.5586739,1824
1782333975.559937,1836
1782333975.561219,1839
1782333975.562504,1839
1782333975.563803,1849
1782333975.563812,1856
1782333975.5650969,1839
1782333975.566387,1837
1782333975.567677,1826
1782333975.567683,1816
1782333975.568964,1834
1782333975.570247,1828
1782333975.5715299,1831
1782333975.572802,1839
1782333975.5728042,1838
1782333975.5741172,1834
1782333975.584477,1830
1782333975.584481,1841
1782333975.584482,1843
1782333975.584482,1835
1782333975.5844831,1845
1782333975.584484,1850
1782333975.584484,1852
1782333975.584485,1857
1782333975.5844858,1860
1782333975.584487,1855
1782333975.5857558,1866
1782333975.585758,1857
1782333975.588196,1847
1782333975.588198,1849
1782333975.58946,1847
1782333975.590744,1836
1782333975.590749,1845
1782333975.592034,1853
1782333975.593318,1852
1782333975.594605,1844
1782333975.594611,1838
1782333975.595895,1860
1782333975.597195,1853
1782333975.598489,1826
1782333975.599777,1827
1782333975.599784,1807
1782333975.6010702,1832
1782333975.602357,1856
1782333975.603641,1850
1782333975.603647,1855
1782333975.604917,1853
1782333975.6152442,1838
1782333975.615248,1861
1782333975.615249,1869
1782333975.6152499,1861
1782333975.6152499,1850
1782333975.6152508,1857
1782333975.615252,1863
1782333975.615252,1854
1782333975.615253,1852
1782333975.615254,1871
1782333975.616522,1874
1782333975.6188202,1866
1782333975.6188219,1838
1782333975.6188228,1848
1782333975.620089,1855
1782333975.621374,1855
1782333975.6226492,1846
1782333975.6226509,1851
1782333975.623931,1853
1782333975.625219,1851
1782333975.6265018,1860
1782333975.627786,1833
1782333975.6277928,1823
1782333975.6290739,1820
1782333975.630361,1807
1782333975.631646,1828
1782333975.631652,1834
1782333975.632936,1844
1782333975.634391,1835
1782333975.644734,1831
1782333975.644737,1832
1782333975.644738,1822
1782333975.6447392,1826
1782333975.64474,1851
1782333975.64474,1838
1782333975.644741,1838
1782333975.6447418,1854
1782333975.6447418,1834
1782333975.644743,1827
1782333975.644744,1821
1782333975.6460092,1839
1782333975.648224,1849
1782333975.6482282,1827
1782333975.6494951,1842
1782333975.650778,1835
1782333975.650785,1838
1782333975.6520672,1832
1782333975.6533508,1848
1782333975.654638,1838
1782333975.654645,1835
1782333975.655912,1842
1782333975.657195,1871
1782333975.658468,1860
1782333975.659751,1853
1782333975.659758,1864
1782333975.661043,1859
1782333975.6623309,1842
1782333975.664226,1855
1782333975.6642292,1852
1782333975.6746671,1834
1782333975.67467,1833
1782333975.6746712,1829
1782333975.6746721,1834
1782333975.6746721,1838
1782333975.6746728,1855
1782333975.674674,1869
1782333975.674674,1848
1782333975.674675,1856
1782333975.674676,1847
1782333975.674676,1847
1782333975.674677,1839
1782333975.67594,1847
1782333975.678166,1839
1782333975.678168,1836
1782333975.679432,1829
1782333975.680717,1828
1782333975.680723,1844
1782333975.682009,1830
1782333975.683296,1861
1782333975.684581,1847
1782333975.6858728,1868
1782333975.68588,1851
1782333975.6871629,1846
1782333975.6884532,1853
1782333975.689742,1855
1782333975.689748,1822
1782333975.6910322,1823
1782333975.6923,1837
1782333975.693579,1851
1782333975.694874,1842
1782333975.69488,1836
1782333975.696147,1828
1782333975.7063732,1837
1782333975.7063758,1836
1782333975.7063758,1838
1782333975.706377,1854
1782333975.706378,1856
1782333975.706379,1863
1782333975.706379,1895
1782333975.7063801,1901
1782333975.706381,1885
1782333975.706381,1883
1782333975.7076511,1889
1782333975.707653,1855
1782333975.710123,1876
1782333975.7101262,1842
1782333975.711392,1845
1782333975.7126741,1823
1782333975.7126799,1807
1782333975.713965,1814
1782333975.715256,1810
1782333975.7165399,1829
1782333975.7178292,1828
1782333975.717835,1819
1782333975.719115,1822
1782333975.7203982,1828
1782333975.7216818,1836
1782333975.721688,1824
1782333975.722972,1811
1782333975.7242591,1798
1782333975.725556,1842
1782333975.726824,1821
1782333975.726825,1830
1782333975.736873,1859
1782333975.736875,1838
1782333975.736876,1860
1782333975.736877,1858
1782333975.7368782,1863
1782333975.7368782,1844
1782333975.736879,1861
1782333975.73688,1863
1782333975.73688,1860
1782333975.7368808,1878
1782333975.7381482,1879
1782333975.7405472,1856
1782333975.740549,1848
1782333975.741833,1860
1782333975.74184,1858
1782333975.744384,1827
1782333975.744391,1834
1782333975.745675,1824
1782333975.745682,1825
1782333975.746968,1826
1782333975.7482529,1837
1782333975.749542,1838
1782333975.750839,1836
1782333975.750845,1832
1782333975.752126,1824
1782333975.75341,1839
1782333975.754694,1839
1782333975.7547,1851
1782333975.7559638,1861
1782333975.7662332,1852
1782333975.7662349,1856
1782333975.7662358,1852
1782333975.766237,1833
1782333975.766237,1836
1782333975.766238,1851
1782333975.766239,1835
1782333975.766239,1827
1782333975.76624,1839
1782333975.766241,1835
1782333975.767502,1858
1782333975.769768,1866
1782333975.76977,1877
1782333975.769771,1870
1782333975.771039,1860
1782333975.772318,1854
1782333975.773607,1861
1782333975.773623,1843
1782333975.7749078,1845
1782333975.776191,1850
1782333975.777475,1835
1782333975.778761,1834
1782333975.778767,1829
1782333975.780051,1828
1782333975.78134,1819
1782333975.782627,1829
1782333975.782633,1839
1782333975.7839181,1854
1782333975.785206,1844
1782333975.786496,1839
1782333975.7966201,1845
1782333975.796622,1850
1782333975.796623,1849
1782333975.796624,1853
1782333975.796624,1851
1782333975.796625,1853
1782333975.7966259,1850
1782333975.796627,1855
1782333975.796627,1852
1782333975.796628,1863
1782333975.796629,1851
1782333975.797893,1843
1782333975.800276,1845
1782333975.80028,1844
1782333975.801553,1824
1782333975.8028412,1836
1782333975.802848,1832
1782333975.802851,1852
1782333975.804134,1852
1782333975.8054268,1828
1782333975.8067179,1833
1782333975.806724,1835
1782333975.808008,1829
1782333975.8092968,1826
1782333975.81058,1826
1782333975.811882,1825
1782333975.8118882,1825
1782333975.813169,1839
1782333975.81444,1859
1782333975.816216,1852
1782333975.8162189,1850
1782333975.826719,1855
1782333975.826723,1870
1782333975.826723,1867
1782333975.826724,1847
1782333975.826725,1836
1782333975.826725,1846
1782333975.826726,1839
1782333975.826727,1844
1782333975.8267279,1844
1782333975.8267279,1842
1782333975.826729,1827
1782333975.827997,1819
1782333975.830336,1851
1782333975.830339,1850
1782333975.831607,1829
1782333975.831609,1842
1782333975.832891,1836
1782333975.834173,1830
1782333975.835444,1852
1782333975.836722,1849
1782333975.836728,1852
1782333975.838013,1850
1782333975.839301,1867
1782333975.8405828,1842
1782333975.841881,1846
1782333975.841887,1827
1782333975.843173,1829
1782333975.84446,1842
1782333975.845749,1822
1782333975.8457549,1831
1782333975.847615,1867
1782333975.8476229,1849
1782333975.858072,1847
1782333975.858075,1859
1782333975.8580759,1855
1782333975.8580768,1842
1782333975.858078,1833
1782333975.858078,1855
1782333975.858079,1866
1782333975.85808,1852
1782333975.85808,1864
1782333975.858081,1862
1782333975.8593438,1869
1782333975.861641,1843
1782333975.861643,1839
1782333975.861644,1850
1782333975.862911,1846
1782333975.8641899,1832
1782333975.86548,1839
1782333975.866768,1846
1782333975.866774,1860
1782333975.868054,1861
1782333975.8693361,1839
1782333975.870622,1846
1782333975.870628,1839
1782333975.8719099,1839
1782333975.873199,1832
1782333975.874482,1847
1782333975.875765,1851
1782333975.8757708,1849
1782333975.877055,1852
1782333975.878369,1870
1782333975.8885708,1871
1782333975.888574,1874
1782333975.888575,1855
1782333975.888576,1855
1782333975.888577,1844
1782333975.888578,1852
1782333975.888578,1837
1782333975.8885791,1856
1782333975.88858,1855
1782333975.88858,1844
1782333975.888587,1854
1782333975.889855,1839
1782333975.8921611,1836
1782333975.892164,1831
1782333975.893433,1812
1782333975.894717,1826
1782333975.8947232,1833
1782333975.8960068,1847
1782333975.897297,1831
1782333975.898579,1846
1782333975.8998752,1832
1782333975.899882,1834
1782333975.901168,1830
1782333975.902454,1832
1782333975.903744,1838
1782333975.903751,1835
1782333975.9050229,1828
1782333975.906302,1838
1782333975.908117,1836
1782333975.9081202,1824
1782333975.9184341,1826
1782333975.918437,1807
1782333975.918438,1805
1782333975.918438,1807
1782333975.918439,1818
1782333975.9184399,1824
1782333975.9184399,1845
1782333975.918441,1835
1782333975.918442,1828
1782333975.918442,1828
1782333975.9197068,1835
1782333975.919709,1850
1782333975.9220061,1846
1782333975.922008,1850
1782333975.923275,1867
1782333975.9245598,1845
1782333975.9258308,1852
1782333975.925833,1852
1782333975.927111,1849
1782333975.928397,1839
1782333975.9296892,1845
1782333975.929696,1844
1782333975.9309828,1855
1782333975.93227,1863
1782333975.932276,1853
1782333975.933559,1878
1782333975.934849,1859
1782333975.934856,1848
1782333975.936139,1848
1782333975.93743,1869
1782333975.938977,1862
1782333975.9389791,1880
1782333975.949412,1894
1782333975.949415,1875
1782333975.949416,1854
1782333975.9494169,1862
1782333975.9494169,1853
1782333975.949418,1835
1782333975.949419,1839
1782333975.949419,1835
1782333975.94942,1830
1782333975.9494212,1821
1782333975.9506822,1833
1782333975.950685,1817
1782333975.9530208,1810
1782333975.953024,1818
1782333975.954287,1816
1782333975.9555671,1846
1782333975.956856,1858
1782333975.956863,1868
1782333975.958148,1853
1782333975.9594371,1857
1782333975.960722,1848
1782333975.9607291,1856
1782333975.9620101,1844
1782333975.963298,1845
1782333975.964582,1833
1782333975.965879,1836
1782333975.9658859,1820
1782333975.967173,1813
1782333975.968462,1824
1782333975.9700952,1823
1782333975.9700968,1832
1782333975.9803069,1823
1782333975.98031,1846
1782333975.9803112,1853
1782333975.980312,1874
1782333975.980313,1865
1782333975.980313,1850
1782333975.980314,1847
1782333975.980315,1867
1782333975.980315,1874
1782333975.980316,1854
1782333975.9815779,1855
1782333975.983913,1868
1782333975.983916,1865
1782333975.983917,1834
1782333975.985184,1839
1782333975.986469,1830
1782333975.9877582,1836
1782333975.987765,1831
1782333975.9890518,1850
1782333975.9903412,1870
1782333975.991626,1873
1782333975.991633,1852
1782333975.992915,1859
1782333975.994199,1860
1782333975.995486,1848
1782333975.996775,1847
1782333975.996782,1837
1782333975.998067,1838
1782333975.9993548,1851
1782333976.000635,1837
1782333976.0006368,1842
1782333976.011109,1822
1782333976.011112,1844
1782333976.011113,1839
1782333976.011114,1836
1782333976.011115,1836
1782333976.011116,1859
1782333976.011116,1857
1782333976.011117,1845
1782333976.0111182,1843
1782333976.0111182,1851
1782333976.0123851,1854
1782333976.014621,1861
1782333976.014623,1839
1782333976.014624,1849
1782333976.015892,1848
1782333976.017177,1853
1782333976.018463,1830
1782333976.0197499,1858
1782333976.019756,1879
1782333976.021043,1864
1782333976.022332,1855
1782333976.023617,1853
1782333976.0236318,1849
1782333976.024917,1851
1782333976.0262048,1853
1782333976.027495,1857
1782333976.028784,1857
1782333976.02879,1854
1782333976.0307121,1855
1782333976.030714,1831
1782333976.0410671,1827
1782333976.0410712,1820
1782333976.0410721,1847
1782333976.0410721,1842
1782333976.0410728,1843
1782333976.041074,1836
1782333976.041075,1830
1782333976.041075,1839
1782333976.041076,1852
1782333976.041077,1835
1782333976.042339,1838
1782333976.044738,1842
1782333976.0447412,1839
1782333976.0447419,1826
1782333976.046009,1830
1782333976.047295,1828
1782333976.0485811,1842
1782333976.049877,1839
1782333976.049883,1828
1782333976.05117,1829
1782333976.052454,1836
1782333976.053741,1831
1782333976.053747,1845
1782333976.0550332,1853
1782333976.0563252,1843
1782333976.057614,1858
1782333976.057628,1864
1782333976.058916,1863
1782333976.060183,1874
1782333976.070354,1848
1782333976.070356,1847
1782333976.070357,1853
1782333976.070358,1846
1782333976.070358,1839
1782333976.070359,1842
1782333976.07036,1847
1782333976.07036,1867
1782333976.0703611,1846
1782333976.070362,1824
1782333976.070362,1836
1782333976.071625,1839
1782333976.071627,1832
1782333976.073906,1844
1782333976.0739079,1846
1782333976.075188,1839
1782333976.0764558,1833
1782333976.07774,1818
1782333976.077746,1817
1782333976.07903,1833
1782333976.0803142,1829
1782333976.0815842,1846
1782333976.0828748,1830
1782333976.082881,1821
1782333976.0841658,1825
1782333976.0854511,1830
1782333976.086721,1844
1782333976.086723,1860
1782333976.088004,1851
1782333976.0892951,1844
1782333976.090579,1844
1782333976.092756,1842
1782333976.09276,1822
1782333976.09278,1838
1782333976.10308,1851
1782333976.103083,1851
1782333976.103083,1855
1782333976.103084,1864
1782333976.103085,1869
1782333976.103086,1854
1782333976.103086,1860
1782333976.1030872,1865
1782333976.1030881,1877
1782333976.1030881,1867
1782333976.1043499,1870
1782333976.106598,1854
1782333976.1066,1844
1782333976.106601,1830
1782333976.107868,1836
1782333976.109151,1855
1782333976.1104362,1848
1782333976.1117198,1855
1782333976.111726,1842
1782333976.113011,1842
1782333976.1142988,1855
1782333976.1155672,1839
1782333976.11685,1861
1782333976.116856,1866
1782333976.118141,1861
1782333976.119424,1858
1782333976.120713,1860
1782333976.1207192,1857
1782333976.122348,1854
1782333976.1329129,1843
1782333976.132916,1846
1782333976.132916,1823
1782333976.132917,1829
1782333976.1329181,1850
1782333976.132919,1839
1782333976.132919,1862
1782333976.13292,1843
1782333976.132921,1844
1782333976.132921,1844
1782333976.1329222,1854
1782333976.134191,1867
1782333976.136408,1847
1782333976.13641,1823
1782333976.1376781,1835
1782333976.1376798,1838
1782333976.1389608,1839
1782333976.140248,1839
1782333976.141536,1861
1782333976.142826,1842
1782333976.142832,1860
1782333976.144112,1842
1782333976.1454022,1817
1782333976.1466901,1835
1782333976.146697,1828
1782333976.14798,1828
1782333976.149267,1846
1782333976.150553,1837
1782333976.151819,1830
1782333976.1518211,1844
1782333976.161881,1852
1782333976.161885,1825
1782333976.161886,1834
1782333976.161887,1835
1782333976.161887,1839
1782333976.161888,1864
1782333976.161889,1890
1782333976.16189,1868
1782333976.16189,1846
1782333976.161891,1853
1782333976.1631548,1838
1782333976.165548,1839
1782333976.1655521,1824
1782333976.166841,1837
1782333976.1668491,1843
1782333976.168115,1838
1782333976.1693969,1847
1782333976.170686,1827
1782333976.1706932,1828
1782333976.171978,1846
1782333976.1732621,1847
1782333976.1745532,1834
1782333976.175843,1821
1782333976.175849,1823
1782333976.17713,1834
1782333976.178415,1815
1782333976.179704,1833
1782333976.17971,1838
1782333976.180995,1848
1782333976.182261,1845
1782333976.1923919,1844
1782333976.192394,1827
1782333976.192395,1832
1782333976.192396,1839
1782333976.192397,1851
1782333976.192397,1838
1782333976.192398,1866
1782333976.192399,1863
1782333976.192399,1856
1782333976.1924,1852
1782333976.192401,1847
1782333976.193669,1845
1782333976.193671,1845
1782333976.1959958,1850
1782333976.195999,1860
1782333976.1972659,1875
1782333976.1985579,1881
1782333976.199847,1863
1782333976.1998541,1861
1782333976.201139,1835
1782333976.202422,1859
1782333976.203707,1864
1782333976.203713,1843
1782333976.2049978,1853
1782333976.2062871,1863
1782333976.207553,1861
1782333976.2088351,1834
1782333976.2088408,1847
1782333976.2101278,1832
1782333976.2114172,1810
1782333976.212904,1822
1782333976.212906,1828
1782333976.223182,1814
1782333976.2231848,1839
1782333976.223186,1858
1782333976.223187,1853
1782333976.223187,1869
1782333976.223188,1882
1782333976.2231889,1877
1782333976.2231889,1850
1782333976.22319,1842
1782333976.223191,1847
1782333976.224463,1857
1782333976.226788,1860
1782333976.226791,1853
1782333976.2267919,1824
1782333976.2280588,1845
1782333976.2293398,1837
1782333976.230625,1838
1782333976.2306318,1830
1782333976.231918,1834
1782333976.233206,1854
1782333976.234495,1839
1782333976.235778,1842
1782333976.235784,1839
1782333976.237067,1853
1782333976.238355,1844
1782333976.23964,1853
1782333976.239647,1849
1782333976.240931,1864
1782333976.24222,1861
1782333976.243488,1879
1782333976.2447512,1858
1782333976.244753,1857
1782333976.255048,1839
1782333976.25505,1845
1782333976.255051,1863
1782333976.255052,1858
1782333976.255053,1875
1782333976.255053,1868
1782333976.255054,1858
1782333976.2550552,1851
1782333976.2550552,1851
1782333976.255056,1842
1782333976.256324,1856
1782333976.258634,1837
1782333976.258636,1830
1782333976.258636,1839
1782333976.259901,1848
1782333976.261183,1816
1782333976.262468,1844
1782333976.263755,1867
1782333976.263762,1868
1782333976.2650461,1859
1782333976.266335,1858
1782333976.2676191,1853
1782333976.2676249,1853
1782333976.268905,1843
1782333976.2701921,1845
1782333976.271478,1859
1782333976.2727659,1850
1782333976.2727711,1856
1782333976.274305,1871
1782333976.284941,1837
1782333976.2849438,1831
1782333976.284945,1833
1782333976.284946,1838
1782333976.284947,1836
1782333976.2849479,1814
1782333976.2849479,1814
1782333976.284949,1828
1782333976.28495,1850
1782333976.28495,1873
1782333976.284951,1839
1782333976.2862148,1832
1782333976.288575,1842
1782333976.288578,1859
1782333976.288579,1846
1782333976.289845,1864
1782333976.291126,1845
1782333976.292417,1835
1782333976.2937012,1848
1782333976.293708,1830
1782333976.294989,1834
1782333976.296279,1822
1782333976.297566,1839
1782333976.2988522,1836
1782333976.298858,1818
1782333976.3001442,1826
1782333976.3014321,1800
1782333976.302718,1813
1782333976.302725,1801
1782333976.304374,1819
1782333976.3145962,1836
1782333976.3145988,1864
1782333976.3146,1836
1782333976.314601,1845
1782333976.314601,1849
1782333976.314602,1835
1782333976.314603,1838
1782333976.314603,1852
1782333976.314604,1839
1782333976.314605,1814
1782333976.314605,1839
1782333976.315871,1842
1782333976.318124,1836
1782333976.3181272,1828
1782333976.318128,1844
1782333976.319394,1839
1782333976.320676,1867
1782333976.320682,1869
1782333976.321952,1869
1782333976.323238,1855
1782333976.324524,1855
1782333976.325813,1868
1782333976.32582,1867
1782333976.327101,1850
1782333976.328386,1861
1782333976.329676,1854
1782333976.3296819,1850
1782333976.330967,1864
1782333976.332256,1857
1782333976.334007,1846
1782333976.3340092,1839
1782333976.344584,1832
1782333976.344587,1825
1782333976.344588,1814
1782333976.344589,1834
1782333976.344589,1823
1782333976.3445902,1835
1782333976.3445911,1834
1782333976.3445919,1847
1782333976.3445919,1862
1782333976.3445928,1871
1782333976.344594,1864
1782333976.3458638,1857
1782333976.3480809,1853
1782333976.348083,1849
1782333976.349345,1852
1782333976.3506272,1848
1782333976.350633,1850
1782333976.3519192,1851
1782333976.353205,1852
1782333976.3544939,1854
1782333976.355783,1862
1782333976.355789,1882
1782333976.357074,1865
1782333976.358359,1846
1782333976.3596458,1844
1782333976.359652,1832
1782333976.360936,1839
1782333976.362224,1838
1782333976.3640692,1816
1782333976.3640718,1827
1782333976.3743749,1836
1782333976.374378,1854
1782333976.374379,1846
1782333976.374379,1834
1782333976.37438,1839
1782333976.374381,1852
1782333976.374381,1874
1782333976.374382,1855
1782333976.3743832,1854
1782333976.3743832,1851
1782333976.375648,1843
1782333976.37565,1848
1782333976.37785,1849
1782333976.377852,1814
1782333976.379112,1814
1782333976.380395,1813
1782333976.381682,1855
1782333976.381689,1853
1782333976.382974,1845
1782333976.3842628,1853
1782333976.385547,1838
1782333976.386831,1855
1782333976.386837,1839
1782333976.3881228,1834
1782333976.38941,1845
1782333976.390694,1863
1782333976.3907,1851
1782333976.391985,1848
1782333976.39327,1850
1782333976.3945658,1849
1782333976.395854,1842
1782333976.39586,1839
1782333976.3971279,1839
1782333976.4073431,1832
1782333976.4073448,1844
1782333976.407346,1853
1782333976.407347,1822
1782333976.407348,1822
1782333976.407348,1824
1782333976.407349,1844
1782333976.40735,1852
1782333976.407351,1852
1782333976.407351,1860
1782333976.408612,1844
1782333976.408614,1849
1782333976.410868,1854
1782333976.41087,1875
1782333976.412135,1862
1782333976.413414,1836
1782333976.4147022,1869
1782333976.414708,1851
1782333976.415993,1860
1782333976.417283,1852
1782333976.418565,1871
1782333976.419852,1846
1782333976.419859,1825
1782333976.421142,1844
1782333976.42243,1837
1782333976.423717,1829
1782333976.423724,1825
1782333976.425008,1837
1782333976.4264698,1831
1782333976.437013,1861
1782333976.437016,1853
1782333976.4370172,1842
1782333976.4370172,1861
1782333976.4370182,1852
1782333976.4370189,1839
1782333976.4370198,1833
1782333976.4370198,1827
1782333976.437021,1839
1782333976.437022,1835
1782333976.437022,1848
1782333976.4382951,1843
1782333976.440586,1839
1782333976.440589,1855
1782333976.440589,1858
1782333976.4418712,1828
1782333976.4431438,1836
1782333976.444413,1838
1782333976.445696,1834
1782333976.4457018,1831
1782333976.445705,1820
1782333976.44699,1824
1782333976.44828,1839
1782333976.449565,1836
1782333976.450851,1839
1782333976.450857,1839
1782333976.452137,1853
1782333976.453426,1854
1782333976.4547122,1855
1782333976.4547179,1858
1782333976.4559848,1869
1782333976.466156,1876
1782333976.466159,1867
1782333976.46616,1874
1782333976.46616,1853
1782333976.466161,1839
1782333976.466162,1855
1782333976.466163,1856
1782333976.466163,1839
1782333976.4661639,1839
1782333976.466165,1839
1782333976.467434,1832
1782333976.469833,1839
1782333976.469835,1832
1782333976.469836,1844
1782333976.4710999,1850
1782333976.472385,1846
1782333976.473672,1857
1782333976.473678,1851
1782333976.4749608,1843
1782333976.476245,1850
1782333976.4775271,1848
1782333976.478821,1860
1782333976.478827,1862
1782333976.4801111,1861
1782333976.481395,1863
1782333976.482684,1855
1782333976.48269,1855
1782333976.483974,1850
1782333976.4852622,1849
1782333976.486615,1843
1782333976.486617,1839
1782333976.4977741,1839
1782333976.4977841,1818
1782333976.497785,1813
1782333976.497786,1823
1782333976.497787,1818
1782333976.497787,1815
1782333976.497788,1816
1782333976.497789,1827
1782333976.4977899,1837
1782333976.4977899,1806
1782333976.497791,1798
1782333976.499059,1819
1782333976.501678,1824
1782333976.5016809,1830
1782333976.5016818,1830
1782333976.502947,1854
1782333976.5042272,1852
1782333976.505515,1851
1782333976.5068061,1852
1782333976.5068128,1846
1782333976.5080981,1853
1782333976.5093849,1848
1782333976.510669,1862
1782333976.510675,1868
1782333976.511956,1869
1782333976.513241,1855
1782333976.5145102,1871
1782333976.516184,1876
1782333976.516187,1869
1782333976.526619,1866
1782333976.526623,1856
1782333976.526624,1868
1782333976.526624,1861
1782333976.526625,1853
1782333976.526626,1850
1782333976.526627,1867
1782333976.526627,1846
1782333976.526628,1854
1782333976.5266292,1836
1782333976.5266292,1826
1782333976.5278919,1831
1782333976.5301728,1830
1782333976.530177,1820
1782333976.531445,1812
1782333976.5327291,1820
1782333976.532736,1835
1782333976.534017,1847
1782333976.5353038,1856
1782333976.536601,1837
1782333976.536617,1839
1782333976.537917,1851
1782333976.53921,1850
1782333976.540493,1854
1782333976.541783,1851
1782333976.54179,1848
1782333976.543058,1860
1782333976.544339,1877
1782333976.545624,1866
1782333976.54563,1855
1782333976.54758,1860
1782333976.557894,1849
1782333976.5578969,1845
1782333976.557898,1854
1782333976.557899,1846
1782333976.5579,1830
1782333976.5579011,1846
1782333976.5579011,1843
1782333976.557902,1844
1782333976.557903,1862
1782333976.557903,1856
1782333976.5579038,1852
1782333976.5591722,1836
1782333976.561526,1828
1782333976.561528,1815
1782333976.562794,1831
1782333976.562796,1858
1782333976.564092,1835
1782333976.5653892,1811
1782333976.5666811,1833
1782333976.566688,1825
1782333976.567971,1850
1782333976.569254,1862
1782333976.570543,1861
1782333976.5718431,1866
1782333976.5718532,1845
1782333976.573141,1852
1782333976.574432,1848
1782333976.5757172,1822
1782333976.575723,1819
1782333976.575727,1838
1782333976.577013,1837
1782333976.5785,1850
1782333976.588712,1868
1782333976.588714,1865
1782333976.588715,1871
1782333976.588716,1864
1782333976.588717,1877
1782333976.5887182,1871
1782333976.5887182,1866
1782333976.5887191,1857
1782333976.58872,1860
1782333976.58872,1866
1782333976.5887208,1854
1782333976.589986,1837
1782333976.592343,1832
1782333976.5923462,1834
1782333976.59361,1838
1782333976.5936131,1836
1782333976.5948942,1838
1782333976.596183,1838
1782333976.597472,1837
1782333976.598763,1832
1782333976.59877,1838
1782333976.6000562,1827
1782333976.6013398,1813
1782333976.602623,1824
1782333976.60263,1847
1782333976.6039119,1839
1782333976.605193,1828
1782333976.606475,1831
1782333976.608326,1845
1782333976.6083279,1834
1782333976.618689,1839
1782333976.6186922,1858
1782333976.618693,1865
1782333976.6186938,1849
1782333976.618695,1850
1782333976.618695,1826
1782333976.618696,1845
1782333976.618697,1848
1782333976.618698,1854
1782333976.618698,1835
1782333976.618699,1850
1782333976.6199622,1864
1782333976.622138,1829
1782333976.62214,1822
1782333976.623408,1825
1782333976.624691,1826
1782333976.6246982,1851
1782333976.6259682,1860
1782333976.627247,1852
1782333976.628536,1864
1782333976.6298199,1854
1782333976.629826,1866
1782333976.6310961,1847
1782333976.632376,1871
1782333976.633665,1865
1782333976.6336708,1850
1782333976.634955,1854
1782333976.6362429,1847
1782333976.6375291,1836
1782333976.639006,1857
1782333976.639009,1850
1782333976.649596,1848
1782333976.6496,1832
1782333976.649601,1839
1782333976.649601,1849
1782333976.649602,1836
1782333976.6496031,1832
1782333976.6496031,1827
1782333976.649604,1837
1782333976.649605,1839
1782333976.649605,1839
1782333976.649606,1850
1782333976.6508749,1860
1782333976.653209,1870
1782333976.6532118,1852
1782333976.6544771,1819
1782333976.6557598,1821
1782333976.655767,1824
1782333976.6570518,1828
1782333976.65834,1811
1782333976.6596239,1830
1782333976.65963,1855
1782333976.6609101,1862
1782333976.662199,1871
1782333976.663488,1851
1782333976.664762,1836
1782333976.664764,1851
1782333976.666046,1828
1782333976.667329,1839
1782333976.668614,1830
1782333976.668628,1827
1782333976.669986,1823
1782333976.6803021,1835
1782333976.680305,1844
1782333976.680306,1851
1782333976.680307,1864
1782333976.680307,1868
1782333976.6803079,1869
1782333976.680309,1858
1782333976.680309,1848
1782333976.68031,1852
1782333976.680311,1861
1782333976.6815722,1839
1782333976.6838279,1846
1782333976.683831,1835
1782333976.6838322,1846
1782333976.685106,1836
1782333976.686388,1823
1782333976.6876779,1837
1782333976.687685,1854
1782333976.688971,1859
1782333976.690263,1837
1782333976.691565,1817
1782333976.6928499,1834
1782333976.692856,1846
1782333976.694137,1839
1782333976.695423,1829
1782333976.696713,1833
1782333976.6967192,1838
1782333976.698005,1826
1782333976.6992939,1844
1782333976.701026,1866
1782333976.701029,1855
1782333976.711369,1851
1782333976.7113721,1832
1782333976.711373,1844
1782333976.711374,1853
1782333976.711374,1848
1782333976.711375,1836
1782333976.711376,1847
1782333976.711376,1854
1782333976.711377,1851
1782333976.7113779,1853
1782333976.7113779,1846
1782333976.7126431,1846
1782333976.712645,1832
1782333976.715067,1818
1782333976.7150688,1834
1782333976.71634,1845
1782333976.717621,1839
1782333976.7176268,1851
1782333976.7189062,1825
1782333976.720191,1834
1782333976.721477,1827
1782333976.722764,1834
1782333976.722771,1839
1782333976.724055,1838
1782333976.725342,1836
1782333976.726627,1839
1782333976.726633,1839
1782333976.7279181,1852
1782333976.729204,1860
1782333976.730635,1857
1782333976.730638,1857
1782333976.74124,1863
1782333976.741243,1860
1782333976.7412438,1854
1782333976.7412438,1848
1782333976.741245,1852
1782333976.741246,1866
1782333976.741247,1855
1782333976.741247,1852
1782333976.741248,1842
1782333976.741249,1847
1782333976.7425148,1847
1782333976.744749,1855
1782333976.7447512,1846
1782333976.7447522,1843
1782333976.7460191,1858
1782333976.747303,1846
1782333976.748587,1847
1782333976.749877,1854
1782333976.749884,1855
1782333976.751168,1849
1782333976.7524521,1871
1782333976.7537339,1859
1782333976.75374,1837
1782333976.755022,1818
1782333976.75631,1823
1782333976.7576032,1846
1782333976.757619,1839
1782333976.760205,1852
1782333976.760208,1858
1782333976.77012,1833
1782333976.770123,1843
1782333976.770124,1845
1782333976.770124,1847
1782333976.7701252,1845
1782333976.770126,1846
1782333976.770127,1847
1782333976.770127,1855
1782333976.7701278,1847
1782333976.770129,1844
1782333976.7713962,1855
1782333976.7736058,1858
1782333976.773608,1848
1782333976.773609,1847
1782333976.7748768,1839
1782333976.776159,1844
1782333976.7774432,1844
1782333976.7787259,1839
1782333976.778733,1848
1782333976.7800179,1867
1782333976.781306,1866
1782333976.78259,1866
1782333976.782607,1844
1782333976.78389,1833
1782333976.7851782,1843
1782333976.78645,1851
1782333976.787733,1842
1782333976.7877388,1844
1782333976.789024,1835
1782333976.7903109,1835
1782333976.7916002,1839
1782333976.791616,1845
1782333976.7928882,1837
1782333976.803175,1824
1782333976.8031769,1810
1782333976.803178,1804
1782333976.803179,1832
1782333976.803179,1857
1782333976.80318,1841
1782333976.8031812,1866
1782333976.8031821,1868
1782333976.8031821,1855
1782333976.803183,1839
1782333976.804446,1829
1782333976.8068311,1832
1782333976.806835,1830
1782333976.806836,1827
1782333976.808102,1847
1782333976.809389,1845
1782333976.8106759,1839
1782333976.810682,1833
1782333976.8119638,1831
1782333976.8132522,1860
1782333976.814551,1862
1782333976.8158379,1839
1782333976.815844,1841
1782333976.817129,1853
1782333976.818421,1863
1782333976.819707,1844
1782333976.819713,1831
1782333976.820999,1819
1782333976.8225439,1843
1782333976.8329039,1827
1782333976.832907,1806
1782333976.832908,1816
1782333976.832908,1804
1782333976.832909,1834
1782333976.83291,1839
1782333976.83291,1851
1782333976.832911,1851
1782333976.832912,1852
1782333976.832913,1835
1782333976.832913,1835
1782333976.8329139,1836
1782333976.8341818,1847
1782333976.8365362,1861
1782333976.836544,1856
1782333976.8378282,1817
1782333976.837835,1836
1782333976.8391218,1833
1782333976.840409,1818
1782333976.841679,1835
1782333976.841681,1838
1782333976.842958,1846
1782333976.844241,1839
1782333976.845525,1855
1782333976.8468108,1835
1782333976.846818,1845
1782333976.8481028,1838
1782333976.8493922,1868
1782333976.8506749,1870
1782333976.850681,1861
1782333976.851948,1866
1782333976.861908,1853
1782333976.861911,1853
1782333976.861912,1839
1782333976.861912,1855
1782333976.8619132,1860
1782333976.8619142,1839
1782333976.8619149,1848
1782333976.8619149,1857
1782333976.8619158,1869
1782333976.861917,1876
1782333976.863181,1849
1782333976.865648,1839
1782333976.86565,1842
1782333976.865651,1849
1782333976.866935,1849
1782333976.868206,1846
1782333976.8694882,1844
1782333976.870775,1839
1782333976.870781,1833
1782333976.872064,1834
1782333976.873347,1829
1782333976.874632,1861
1782333976.874638,1849
1782333976.875925,1859
1782333976.877207,1851
1782333976.8784928,1846
1782333976.87978,1842
1782333976.879786,1830
1782333976.8810701,1827
1782333976.882448,1876
1782333976.892888,1874
1782333976.892892,1863
1782333976.8928928,1851
1782333976.8928928,1867
1782333976.892894,1880
1782333976.892895,1852
1782333976.892895,1856
1782333976.892896,1878
1782333976.8928971,1871
1782333976.8928971,1851
1782333976.892898,1850
1782333976.894164,1845
1782333976.8964531,1845
1782333976.896457,1800
1782333976.8977249,1826
1782333976.897727,1870
1782333976.899012,1854
1782333976.9003022,1838
1782333976.9016,1839
1782333976.901616,1839
1782333976.902926,1836
1782333976.904213,1797
1782333976.9055,1830
1782333976.906788,1862
1782333976.906795,1860
1782333976.90808,1871
1782333976.909367,1875
1782333976.91066,1874
1782333976.910666,1845
1782333976.912244,1824
1782333976.9226172,1825
1782333976.9226198,1849
1782333976.922621,1867
1782333976.922622,1850
1782333976.922623,1836
1782333976.922623,1820
1782333976.922624,1807
1782333976.922625,1807
1782333976.922626,1811
1782333976.922626,1814
1782333976.922627,1838
1782333976.9238951,1839
1782333976.9261608,1824
1782333976.926163,1830
1782333976.9274461,1845
1782333976.9287329,1839
1782333976.930022,1828
1782333976.930028,1859
1782333976.931306,1871
1782333976.93259,1864
1782333976.932607,1863
1782333976.933913,1871
1782333976.935195,1854
1782333976.936478,1871
1782333976.9377658,1837
1782333976.937772,1861
1782333976.9390569,1879
1782333976.940347,1865
1782333976.941633,1848
1782333976.941639,1882
1782333976.943158,1870
1782333976.9537659,1877
1782333976.953769,1827
1782333976.95377,1830
1782333976.953771,1861
1782333976.953771,1852
1782333976.953772,1860
1782333976.953773,1850
1782333976.953774,1846
1782333976.953774,1839
1782333976.9537752,1805
1782333976.9537761,1837
1782333976.955038,1865
1782333976.9573572,1883
1782333976.95736,1848
1782333976.9586408,1830
1782333976.958648,1833
1782333976.959917,1834
1782333976.9599192,1807
1782333976.9611971,1821
1782333976.962482,1859
1782333976.9637692,1877
1782333976.963775,1855
1782333976.96506,1858
1782333976.966347,1863
1782333976.9676318,1864
1782333976.967638,1822
1782333976.968906,1821
1782333976.9701881,1851
1782333976.9714718,1871
1782333976.972759,1852
1782333976.972765,1847
1782333976.974188,1847
1782333976.984533,1832
1782333976.9845362,1812
1782333976.9845371,1789
1782333976.984538,1851
1782333976.984543,1866
1782333976.984544,1861
1782333976.984544,1838
1782333976.984545,1880
1782333976.984546,1875
1782333976.984546,1855
1782333976.985813,1839
1782333976.985815,1847
1782333976.988132,1860
1782333976.9881349,1828
1782333976.989418,1853
1782333976.990707,1869
1782333976.9907131,1852
1782333976.991999,1844
1782333976.993269,1820
1782333976.994553,1844
1782333976.995837,1867
1782333976.9958432,1853
1782333976.997131,1865
1782333976.99843,1850
1782333976.999718,1843
1782333976.9997241,1818
1782333977.00101,1790
1782333977.002282,1807
1782333977.004135,1876
1782333977.004138,1850
1782333977.014634,1831
1782333977.014637,1847
1782333977.0146382,1827
1782333977.0146391,1836
1782333977.01464,1790
1782333977.01464,1786
1782333977.0146408,1878
1782333977.014642,1867
1782333977.014642,1862
1782333977.014643,1890
1782333977.014644,1882
1782333977.015918,1861
1782333977.018056,1806
1782333977.018058,1825
1782333977.019325,1889
1782333977.02061,1875
1782333977.0206258,1866
1782333977.02191,1870
1782333977.0232,1864
1782333977.0244842,1850
1782333977.025771,1814
1782333977.0257778,1823
1782333977.027058,1852
1782333977.028341,1838
1782333977.029623,1838
1782333977.029629,1818
1782333977.0309079,1834
1782333977.032196,1853
1782333977.0340638,1833
1782333977.034067,1822
1782333977.04423,1834
1782333977.0442328,1883
1782333977.044234,1871
1782333977.044234,1838
1782333977.044235,1859
1782333977.044236,1850
1782333977.0442371,1823
1782333977.0442371,1791
1782333977.044238,1811
1782333977.044239,1863
1782333977.045501,1852
1782333977.047762,1839
1782333977.047764,1880
1782333977.047765,1871
1782333977.04905,1839
1782333977.050318,1810
1782333977.051579,1841
1782333977.051581,1898
1782333977.052862,1876
1782333977.054147,1850
1782333977.055434,1856
1782333977.0567229,1866
1782333977.056729,1852
1782333977.058014,1798
1782333977.0593028,1834
1782333977.060586,1892
1782333977.0606022,1876
1782333977.0618958,1863
1782333977.0631769,1877
1782333977.064451,1863
1782333977.074429,1839
1782333977.074433,1766
1782333977.074433,1807
1782333977.074434,1858
1782333977.074435,1857
1782333977.074435,1835
1782333977.0744362,1847
1782333977.0744371,1839
1782333977.0744379,1834
1782333977.0744379,1803
1782333977.075707,1790
1782333977.0757089,1852
1782333977.077983,1870
1782333977.077986,1857
1782333977.0792499,1869
1782333977.0805151,1869
1782333977.0817769,1879
1782333977.08178,1819
1782333977.08304,1825
1782333977.0843048,1843
1782333977.085564,1829
1782333977.086825,1828
1782333977.086827,1837
1782333977.0880902,1838
1782333977.0880919,1856
1782333977.089355,1848
1782333977.090615,1844
1782333977.0906181,1849
1782333977.0918798,1870
1782333977.0931258,1854
1782333977.09439,1823
1782333977.095663,1830
1782333977.095667,1838
1782333977.096937,1821
1782333977.106517,1801
1782333977.1065211,1829
1782333977.106522,1836
1782333977.1065228,1847
1782333977.106524,1837
1782333977.106525,1837
1782333977.106526,1836
1782333977.106527,1846
1782333977.106528,1822
1782333977.107797,1825
1782333977.107799,1853
1782333977.110116,1850
1782333977.1101189,1844
1782333977.1113868,1871
1782333977.112672,1860
1782333977.112679,1843
1782333977.113966,1819
1782333977.1152582,1812
1782333977.1165519,1832
1782333977.1178398,1826
1782333977.117846,1823
1782333977.119128,1817
1782333977.120414,1832
1782333977.1217039,1823
1782333977.121711,1816
1782333977.122976,1828
1782333977.124256,1823
1782333977.1264791,1829
1782333977.126483,1827
1782333977.136352,1826
1782333977.1363552,1835
1782333977.1363552,1837
1782333977.136356,1827
1782333977.136357,1822
1782333977.136357,1843
1782333977.1363578,1864
1782333977.136359,1878
1782333977.136359,1858
1782333977.13636,1852
1782333977.137631,1851
1782333977.137633,1839
1782333977.138894,1838
