1782333884.828913,1803
1782333884.830221,1818
1782333884.831528,1839
1782333884.832829,1832
1782333884.834116,1855
1782333884.834123,1877
1782333884.835399,1858
1782333884.836685,1880
1782333884.838086,1894
1782333884.838144,1869
1782333884.839487,1892
1782333884.840823,1874
1782333884.84213,1884
1782333884.84214,1886
1782333884.8434198,1884
1782333884.844707,1860
1782333884.846005,1871
1782333884.846014,1871
1782333884.847849,1865
1782333884.84936,1862
1782333884.8493671,1988
1782333884.850642,1930
1782333884.851914,1814
1782333884.851918,1852
1782333884.853187,1830
1782333884.854466,1831
1782333884.855773,1885
1782333884.857056,1909
1782333884.8570611,1896
1782333884.858343,1876
1782333884.859632,1859
1782333884.860917,1866
1782333884.8609228,1819
1782333884.8622038,1835
1782333884.863486,1861
1782333884.864783,1848
1782333884.866069,1849
1782333884.866076,1846
1782333884.8673549,1835
1782333884.868628,1833
1782333884.869906,1890
1782333884.8699121,1857
1782333884.8712032,1816
1782333884.8724952,1829
1782333884.873781,1807
1782333884.875067,1782
1782333884.875073,1759
1782333884.876343,1747
1782333884.877853,1751
1782333884.8791249,1761
1782333884.8791292,1769
1782333884.8803961,1765
1782333884.881475,1784
1782333884.882751,1806
1782333884.884039,1794
1782333884.8840451,1802
1782333884.885325,1839
1782333884.886605,1871
1782333884.8878982,1871
1782333884.8879108,1871
1782333884.889204,1865
1782333884.890485,1852
1782333884.8917701,1822
1782333884.8930528,1869
1782333884.8930602,1870
1782333884.8943439,1877
1782333884.895627,1828
1782333884.8969111,1854
1782333884.896917,1882
1782333884.898141,1915
1782333884.899424,1894
1782333884.9007108,2056
1782333884.901993,1789
1782333884.901999,1822
1782333884.903278,1820
1782333884.904563,1848
1782333884.905854,1839
1782333884.907134,1836
1782333884.907139,1850
1782333884.908458,1867
1782333884.908463,1910
1782333884.9097338,1905
1782333884.9110029,1886
1782333884.911007,1879
1782333884.912284,1839
1782333884.913569,1858
1782333884.914856,1859
1782333884.9161432,1891
1782333884.916149,1887
1782333884.9174342,1864
1782333884.91871,1825
1782333884.919997,1852
1782333884.9200041,1836
1782333884.9212868,1842
1782333884.922583,1839
1782333884.9238698,1828
1782333884.925164,1838
1782333884.92517,1814
1782333884.926452,1844
1782333884.927736,1874
1782333884.92902,1879
1782333884.9290261,1884
1782333884.9304059,1839
1782333884.931707,1825
1782333884.933002,1845
1782333884.9330099,1828
1782333884.934301,1858
1782333884.935636,1865
1782333884.93697,1860
1782333884.936979,1846
1782333884.938275,1855
1782333884.939693,1879
1782333884.940979,1878
1782333884.9409852,1887
1782333884.9422562,1849
1782333884.943529,1839
1782333884.944831,1846
1782333884.946115,1839
1782333884.94612,1820
1782333884.9473999,1813
1782333884.948677,1843
1782333884.949964,2076
1782333884.949971,1786
1782333884.951257,1830
1782333884.9525409,1844
1782333884.953823,1836
1782333884.955105,1835
1782333884.955111,1845
1782333884.956394,1850
1782333884.95767,1883
1782333884.958945,1891
1782333884.9589498,1879
1782333884.960223,1869
1782333884.961494,1827
1782333884.96278,1826
1782333884.9640682,1790
1782333884.964074,1793
1782333884.9653492,1807
1782333884.966634,1807
1782333884.9679182,1845
1782333884.9679239,1852
1782333884.969578,1832
1782333884.970878,1813
1782333884.972157,1805
1782333884.972162,1795
1782333884.973429,1812
1782333884.974709,1787
1782333884.975996,1775
1782333884.976002,1762
1782333884.97728,1763
1782333884.97856,1769
1782333884.979841,1763
1782333884.9811451,1810
1782333884.981153,1837
1782333884.98243,1818
1782333884.9837172,1828
1782333884.985004,1834
1782333884.9850109,1871
1782333884.9862888,1870
1782333884.987574,1822
1782333884.988856,1839
1782333884.990249,1867
1782333884.99027,1871
1782333884.991602,1829
1782333884.992913,1847
1782333884.992924,1819
1782333884.994244,1817
1782333884.99557,1829
1782333884.996881,1832
1782333884.996924,1846
1782333884.999488,1852
1782333884.999501,1951
1782333885.0011232,1903
1782333885.001129,1780
1782333885.002433,1828
1782333885.003726,1834
1782333885.005008,1826
1782333885.005012,1874
1782333885.006295,1851
1782333885.0075798,1795
1782333885.008864,1821
1782333885.010219,1870
1782333885.010231,1877
1782333885.011552,1868
1782333885.012867,1858
1782333885.012893,1822
1782333885.014187,1835
1782333885.0154681,1838
1782333885.01676,1858
1782333885.0180721,1890
1782333885.0180821,1870
1782333885.019378,1893
1782333885.020706,1908
1782333885.022007,1869
1782333885.022023,1914
1782333885.023148,1867
1782333885.024448,1860
1782333885.025751,1867
1782333885.027054,1825
1782333885.027065,1832
1782333885.028369,1807
1782333885.029671,1807
1782333885.0309498,1849
1782333885.030954,1829
1782333885.032222,1839
1782333885.0334918,1828
1782333885.034762,1816
1782333885.03602,1839
1782333885.036028,1806
1782333885.03603,1814
1782333885.037345,1850
1782333885.038647,1837
1782333885.0399349,1839
1782333885.039941,1871
1782333885.04123,1828
1782333885.042526,1839
1782333885.043825,1845
1782333885.045137,1861
1782333885.04515,1887
1782333885.046457,1891
1782333885.047783,1865
1782333885.0491,1848
1782333885.049109,1981
1782333885.050391,1720
1782333885.051693,1784
1782333885.052802,1858
1782333885.054124,1867
1782333885.0541298,1826
1782333885.055455,1825
1782333885.0567548,1835
1782333885.0580869,1830
1782333885.0580962,1833
1782333885.059405,1816
1782333885.0607722,1818
1782333885.062099,1817
1782333885.062109,1807
1782333885.0633972,1804
1782333885.064655,1784
1782333885.06595,1821
1782333885.065956,1786
1782333885.067271,1780
1782333885.0684092,1775
1782333885.069458,1783
1782333885.070785,1810
1782333885.0720909,1832
1782333885.072099,1839
1782333885.073387,1839
1782333885.074674,1846
1782333885.075988,1826
1782333885.075998,1839
1782333885.077292,1822
1782333885.078607,1818
1782333885.0799072,1837
1782333885.079917,1836
1782333885.081202,1863
1782333885.082483,1868
1782333885.083762,1882
1782333885.0850601,1880
1782333885.085069,1897
1782333885.086386,1902
1782333885.087679,1910
1782333885.088959,1899
1782333885.0889652,1926
1782333885.0902379,1911
1782333885.092212,1902
1782333885.092427,1884
1782333885.0935879,1898
1782333885.09488,1903
1782333885.094902,1889
1782333885.09618,1919
1782333885.097474,1876
1782333885.0987678,1877
1782333885.100093,2051
1782333885.100099,1775
1782333885.1014369,1823
1782333885.102765,1886
1782333885.104085,1855
1782333885.1040971,1864
1782333885.105406,1884
1782333885.106692,1870
1782333885.1079922,1869
1782333885.108002,1823
1782333885.109327,1827
1782333885.1106381,1863
1782333885.1119518,1867
1782333885.111966,1834
1782333885.1133099,1850
1782333885.11462,1815
1782333885.115924,1796
1782333885.115935,1812
1782333885.1172302,1803
1782333885.11853,1824
1782333885.119838,1812
1782333885.121142,1815
1782333885.121153,1848
1782333885.122686,1879
1782333885.124914,1884
1782333885.124931,1891
1782333885.1249359,1891
1782333885.1262238,1907
1782333885.127532,1893
1782333885.128821,1881
1782333885.130101,1864
1782333885.1301062,1845
1782333885.131401,1855
1782333885.132703,1827
1782333885.1340091,1795
1782333885.134018,1817
1782333885.1353118,1847
1782333885.1366122,1828
1782333885.1379268,1813
1782333885.1379368,1811
1782333885.1392498,1828
1782333885.14055,1835
1782333885.141879,1831
1782333885.1419399,1785
1782333885.143062,1798
1782333885.1441522,1810
1782333885.145463,1844
1782333885.146765,1866
1782333885.148066,1848
1782333885.1480808,1825
1782333885.149405,1963
1782333885.150708,1859
1782333885.152777,1758
1782333885.152791,1805
1782333885.155458,1823
1782333885.155469,1826
1782333885.1554718,1852
1782333885.1567628,1857
1782333885.158041,1807
1782333885.1580448,1862
1782333885.1593149,1903
1782333885.160599,1889
1782333885.1619148,1889
1782333885.161948,1886
1782333885.161953,1858
1782333885.163258,1852
1782333885.1645608,1807
1782333885.1658602,1810
1782333885.1671622,1797
1782333885.168462,1816
1782333885.168473,1812
1782333885.169803,1790
1782333885.1711118,1791
1782333885.171124,1787
1782333885.1724339,1795
1782333885.17354,1807
1782333885.174858,1854
1782333885.176225,1871
1782333885.1762402,1856
1782333885.177571,1836
1782333885.178914,1898
1782333885.178926,1925
1782333885.180234,1879
1782333885.181546,1901
1782333885.1831932,1876
1782333885.1832068,1882
1782333885.185812,1885
1782333885.1858292,1826
1782333885.187167,1823
1782333885.1871722,1839
1782333885.1884422,1830
1782333885.189714,1822
1782333885.190986,1820
1782333885.19099,1855
1782333885.19228,1843
1782333885.193585,1848
1782333885.194876,1855
1782333885.194881,1856
1782333885.1961758,1862
1782333885.1974819,1846
1782333885.1987882,1849
1782333885.200094,2031
1782333885.200106,1815
1782333885.20141,1855
1782333885.202732,1878
1782333885.204042,1855
1782333885.204052,1835
1782333885.205361,1814
1782333885.206646,1823
1782333885.207943,1807
1782333885.207953,1807
1782333885.2092428,1818
1782333885.210542,1841
1782333885.211921,1807
1782333885.211972,1815
1782333885.213372,1794
1782333885.2157,1802
1782333885.215709,1824
1782333885.217004,1818
1782333885.2170088,1815
1782333885.218293,1798
1782333885.219575,1847
1782333885.220882,1878
1782333885.220907,1836
1782333885.222214,1825
1782333885.2235122,1826
1782333885.224816,1819
1782333885.2261262,1752
1782333885.226138,1783
1782333885.227404,1799
1782333885.2287302,1817
1782333885.2300239,1828
1782333885.23003,1852
1782333885.231324,1858
1782333885.232624,1847
1782333885.233923,1847
1782333885.233933,1836
1782333885.2352362,1859
1782333885.236555,1838
1782333885.237874,1829
1782333885.237916,1832
1782333885.239216,1823
1782333885.2405171,1844
1782333885.241816,1821
1782333885.243115,1818
1782333885.243127,1821
1782333885.2444968,1828
1782333885.247227,1837
1782333885.2472372,1853
1782333885.2472389,1857
1782333885.248523,1834
1782333885.2498162,2013
1782333885.251102,1773
1782333885.2511091,1833
1782333885.252408,1891
1782333885.253723,1888
1782333885.255029,1897
1782333885.25504,1881
1782333885.2563672,1889
1782333885.257667,1888
1782333885.25897,1869
1782333885.25898,1883
1782333885.26027,1879
1782333885.261589,1890
1782333885.26291,1854
1782333885.262957,1877
1782333885.264255,1834
1782333885.265546,1805
1782333885.26684,1802
1782333885.268129,1820
1782333885.268137,1827
1782333885.26944,1799
1782333885.270736,1769
1782333885.272036,1816
1782333885.272046,1848
1782333885.2733288,1862
1782333885.2747798,1885
1782333885.2766452,1914
1782333885.2766552,1909
1782333885.2779799,1926
1782333885.2779899,1914
1782333885.279281,1913
1782333885.280558,1928
1782333885.28184,1947
1782333885.2831402,1930
1782333885.283148,1893
1782333885.284457,1870
1782333885.28575,1871
1782333885.2870579,1876
1782333885.287065,1829
1782333885.2883708,1837
1782333885.289654,1846
1782333885.2909482,1842
1782333885.2909591,1848
1782333885.2922869,1860
1782333885.292301,1829
1782333885.293582,1824
1782333885.294923,1816
1782333885.294941,1833
1782333885.296274,1826
1782333885.297581,1848
1782333885.298885,2013
1782333885.298944,1822
1782333885.300253,1731
1782333885.301552,1755
1782333885.302855,1782
1782333885.304744,1790
1782333885.304758,1791
1782333885.307491,1787
1782333885.307503,1780
1782333885.307508,1796
1782333885.308824,1800
1782333885.310107,1771
1782333885.310112,1782
1782333885.3113978,1805
1782333885.312714,1827
1782333885.3140101,1845
1782333885.314021,1851
1782333885.3153331,1853
1782333885.31664,1839
1782333885.317943,1852
1782333885.317954,1852
1782333885.3190699,1870
1782333885.320378,1898
1782333885.3216782,1893
1782333885.3229802,1900
1782333885.322989,1889
1782333885.3242822,1879
1782333885.3255832,1866
1782333885.326883,1848
1782333885.326921,1818
1782333885.3282182,1820
1782333885.3295202,1786
1782333885.3308191,1814
1782333885.332119,1855
1782333885.33213,1897
1782333885.333441,1901
1782333885.334899,1886
1782333885.334977,1910
1782333885.337572,1907
1782333885.337582,1882
1782333885.338884,1867
1782333885.338891,1853
1782333885.340186,1839
1782333885.3414762,1862
1782333885.342697,1844
1782333885.344,1865
1782333885.344012,1861
1782333885.345341,1850
1782333885.3466828,1852
1782333885.347968,1813
1782333885.347973,1791
1782333885.3492658,1943
1782333885.3505611,1727
1782333885.351867,1758
1782333885.353173,1741
1782333885.3531818,1775
1782333885.3544772,1790
1782333885.3557749,1796
1782333885.3570611,1802
1782333885.357067,1824
1782333885.358359,1802
1782333885.3596601,1811
1782333885.3609622,1812
1782333885.360974,1825
1782333885.3621771,1833
1782333885.363489,1855
1782333885.3651981,1866
1782333885.365209,1889
1782333885.367764,1892
1782333885.367775,1871
1782333885.369042,1889
1782333885.36905,1896
1782333885.370337,1898
1782333885.371613,1866
1782333885.372899,1866
1782333885.372906,1862
1782333885.3741992,1864
1782333885.375493,1875
1782333885.3768,1895
1782333885.378122,1914
1782333885.3781319,1912
1782333885.379443,1900
1782333885.380725,1864
1782333885.3820071,1836
1782333885.3820128,1825
1782333885.383314,1850
1782333885.384613,1807
1782333885.3857448,1853
1782333885.387077,1854
1782333885.387094,1869
1782333885.388407,1836
1782333885.389708,1813
1782333885.391011,1846
1782333885.391022,1867
1782333885.3923159,1852
1782333885.393615,1908
1782333885.394939,1899
1782333885.3949618,1882
1782333885.397714,1850
1782333885.398133,1842
1782333885.3982131,1828
1782333885.400139,1991
1782333885.400148,1736
1782333885.401324,1801
1782333885.402605,1794
1782333885.403886,1805
1782333885.403892,1802
1782333885.405183,1835
1782333885.4065092,1834
1782333885.407787,1820
1782333885.4090838,1861
1782333885.409097,1854
1782333885.410418,1894
1782333885.411728,1875
1782333885.4130309,1893
1782333885.413048,1883
1782333885.414361,1882
1782333885.41564,1842
1782333885.416936,1797
1782333885.416946,1815
1782333885.416949,1839
1782333885.418067,1880
1782333885.4193752,1835
1782333885.420667,1822
1782333885.4219499,1831
1782333885.421956,1821
1782333885.423195,1794
1782333885.424483,1793
1782333885.426408,1807
1782333885.42662,1771
1782333885.428085,1814
1782333885.428097,1852
1782333885.4294028,1858
1782333885.430677,1866
1782333885.431951,1901
1782333885.431956,1916
1782333885.433225,1917
1782333885.4344919,1899
1782333885.435764,1864
1782333885.4370391,1877
1782333885.437044,1853
1782333885.438336,1826
1782333885.439629,1822
1782333885.4409149,1837
1782333885.440922,1863
1782333885.442206,1831
1782333885.44349,1822
1782333885.444772,1820
1782333885.446053,1826
1782333885.44606,1796
1782333885.4473338,1794
1782333885.448608,1960
1782333885.449889,1803
1782333885.449905,1752
1782333885.4512131,1775
1782333885.4524958,1778
1782333885.453779,1796
1782333885.4550662,1848
1782333885.455072,1839
1782333885.456383,1852
1782333885.45768,1860
1782333885.458962,1851
1782333885.458966,1819
1782333885.460233,1774
1782333885.461515,1782
1782333885.462801,1796
1782333885.464087,1819
1782333885.464092,1817
1782333885.465367,1810
1782333885.4666471,1834
1782333885.467932,1816
1782333885.467938,1826
1782333885.469216,1851
1782333885.470496,1842
1782333885.471779,1878
1782333885.473075,1845
1782333885.473082,1847
1782333885.4743638,1886
1782333885.475758,1871
1782333885.476928,1869
1782333885.476934,1865
1782333885.478254,1860
1782333885.479564,1861
1782333885.480896,1846
1782333885.48092,1854
1782333885.4822028,1897
1782333885.483511,1898
1782333885.4848378,1919
1782333885.4865239,1948
1782333885.4865332,1891
1782333885.4880588,1850
1782333885.488066,1823
1782333885.4893491,1803
1782333885.490635,1805
1782333885.491936,1825
1782333885.491947,1816
1782333885.493227,1816
1782333885.4945102,1833
1782333885.495851,1888
1782333885.495877,1851
1782333885.497204,1848
1782333885.4984782,1828
1782333885.499779,1933
1782333885.501085,1627
1782333885.5010948,1695
1782333885.502351,1742
1782333885.5035589,1786
1782333885.504877,1847
1782333885.5049112,1879
1782333885.507482,1884
1782333885.507493,1845
1782333885.508791,1839
1782333885.5100968,1859
1782333885.510108,1846
1782333885.5114172,1867
1782333885.512723,1870
1782333885.513918,1884
1782333885.513925,1909
1782333885.5152051,1924
1782333885.516476,1912
1782333885.5177999,1893
1782333885.518966,1933
1782333885.518971,1909
1782333885.520204,1900
1782333885.521478,1917
1782333885.52275,1928
1782333885.524053,1933
1782333885.524064,1899
1782333885.525363,1894
1782333885.526666,1846
1782333885.528003,1839
1782333885.528011,1850
1782333885.529334,1877
1782333885.530635,1880
1782333885.5319161,1922
1782333885.53192,1914
1782333885.5332139,1916
1782333885.5345201,1908
1782333885.535826,1903
1782333885.5371342,1855
1782333885.537148,1794
1782333885.538443,1783
1782333885.5397508,1795
1782333885.539762,1750
1782333885.5410829,1794
1782333885.5410922,1820
1782333885.542387,1803
1782333885.5436952,1807
1782333885.545042,1735
1782333885.545048,1752
1782333885.546348,1805
1782333885.547957,1782
1782333885.5479622,1978
1782333885.549622,1711
1782333885.550893,1774
1782333885.550897,1794
1782333885.5521102,1781
1782333885.553395,1798
1782333885.5546958,1818
1782333885.556001,1797
1782333885.556012,1812
1782333885.557308,1842
1782333885.558609,1823
1782333885.559934,1822
1782333885.559944,1817
1782333885.56125,1835
1782333885.5625658,1884
1782333885.563873,1864
1782333885.563901,1826
1782333885.5651798,1800
1782333885.5664861,1801
1782333885.5677671,1806
1782333885.5690722,1801
1782333885.569078,1807
1782333885.570244,1823
1782333885.571548,1832
1782333885.572871,1813
1782333885.5741591,1799
1782333885.574164,1811
1782333885.575468,1812
1782333885.576769,1823
1782333885.579898,1826
1782333885.579906,1843
1782333885.579909,1880
1782333885.579911,1895
1782333885.581197,1893
1782333885.5824761,1866
1782333885.583678,1842
1782333885.58498,1819
1782333885.584991,1819
1782333885.586276,1828
1782333885.5875552,1868
1782333885.588863,1882
1782333885.590153,1887
1782333885.590158,1909
1782333885.591435,1909
1782333885.5927339,1890
1782333885.594037,1885
1782333885.5940511,1896
1782333885.595374,1966
1782333885.596676,1919
1782333885.597971,1913
1782333885.59798,2021
1782333885.599288,1876
1782333885.600597,1810
1782333885.6019032,1839
1782333885.601943,1823
1782333885.603302,1829
1782333885.604631,1850
1782333885.6059399,1853
1782333885.605952,1833
1782333885.607293,1844
1782333885.6088982,1831
1782333885.60928,1818
1782333885.611754,1883
1782333885.611763,1926
1782333885.6130571,1912
1782333885.613064,1880
1782333885.6143382,1855
1782333885.6156118,1865
1782333885.616917,1869
1782333885.616929,1839
1782333885.618016,1854
1782333885.6193411,1839
1782333885.6206532,1855
1782333885.621954,1839
1782333885.621967,1839
1782333885.6235058,1818
1782333885.624809,1796
1782333885.626104,1791
1782333885.626113,1781
1782333885.62741,1851
1782333885.628742,1814
1782333885.630039,1800
1782333885.630047,1800
1782333885.631336,1830
1782333885.6326232,1796
1782333885.633908,1775
1782333885.633915,1768
1782333885.635211,1824
1782333885.63654,1864
1782333885.637859,1879
1782333885.6391711,1850
1782333885.639182,1837
1782333885.641151,1822
1782333885.6411679,1839
1782333885.644002,1838
1782333885.6440141,1837
1782333885.644018,1861
1782333885.645319,1851
1782333885.646614,1853
1782333885.647912,1903
1782333885.6479208,1919
1782333885.6492212,2045
1782333885.650513,1752
1782333885.6518111,1807
1782333885.6531389,1896
1782333885.6531498,1913
1782333885.654469,1844
1782333885.655786,1820
1782333885.657094,1826
1782333885.657109,1830
1782333885.658422,1767
1782333885.6597261,1807
1782333885.6610591,1835
1782333885.6610692,1822
1782333885.662391,1825
1782333885.6636941,1826
1782333885.664976,1854
1782333885.664983,1839
1782333885.6649861,1824
1782333885.666283,1831
1782333885.667584,1860
1782333885.668913,1815
1782333885.6689842,1802
1782333885.6718998,1784
1782333885.671914,1781
1782333885.671978,1786
1782333885.674811,1771
1782333885.674827,1807
1782333885.676121,1839
1782333885.67613,1856
1782333885.6772459,1832
1782333885.6785321,1839
1782333885.67981,1869
1782333885.681107,1876
1782333885.681118,1896
1782333885.682395,1875
1782333885.6836889,1902
1782333885.6850162,1887
1782333885.685023,1848
1782333885.686333,1838
1782333885.687639,1845
1782333885.6889658,1835
1782333885.6889741,1818
1782333885.690263,1786
1782333885.6915588,1815
1782333885.692859,1828
1782333885.69418,1804
1782333885.694189,1786
1782333885.6955168,1831
1782333885.6968331,1801
1782333885.698136,1822
1782333885.698147,1992
1782333885.700466,1730
1782333885.700479,1807
1782333885.703358,1825
1782333885.7033741,1871
1782333885.7033758,1885
1782333885.7046552,1907
1782333885.705941,1934
1782333885.7059488,1871
1782333885.707228,1870
1782333885.7085052,1880
1782333885.709724,1865
1782333885.7110531,1858
1782333885.711061,1863
1782333885.712384,1882
1782333885.713674,1864
1782333885.71487,1838
1782333885.7149,1865
1782333885.7161758,1903
1782333885.71745,1916
1782333885.718563,1862
1782333885.719903,1857
1782333885.719944,1860
1782333885.721248,1857
1782333885.722562,1842
1782333885.723847,1845
1782333885.7251809,1857
1782333885.725194,1831
1782333885.7263832,1791
1782333885.7276978,1796
1782333885.7304819,1829
1782333885.730495,1855
1782333885.730499,1839
1782333885.7335942,1838
1782333885.733602,1838
1782333885.7336051,1815
1782333885.734887,1801
1782333885.734893,1775
1782333885.736178,1781
1782333885.7374568,1771
1782333885.73873,1805
1782333885.7400079,1813
1782333885.7400131,1871
1782333885.7413151,1895
1782333885.7426171,1874
1782333885.743743,1885
1782333885.745055,1871
1782333885.745066,1871
1782333885.7463691,1868
1782333885.747694,1880
1782333885.748977,2029
1782333885.7489831,1868
1782333885.750279,1789
1782333885.751387,1852
1782333885.752689,1880
1782333885.753997,1882
1782333885.754008,1871
1782333885.7553248,1865
1782333885.756489,1900
1782333885.757804,1909
1782333885.759107,1884
1782333885.7591171,1866
1782333885.761245,1855
1782333885.761261,1826
1782333885.76376,1861
1782333885.7637691,1847
1782333885.765047,1816
1782333885.7650518,1809
1782333885.766326,1810
1782333885.7675111,1829
1782333885.768787,1812
1782333885.7700999,1835
1782333885.770106,1807
1782333885.771401,1791
1782333885.772716,1774
1782333885.774008,1786
1782333885.774015,1798
1782333885.775329,1807
1782333885.7766342,1814
1782333885.777954,1849
1782333885.777962,1852
1782333885.77927,1836
1782333885.780559,1839
1782333885.781845,1884
1782333885.783149,1877
1782333885.783157,1882
1782333885.784439,1866
1782333885.785731,1854
1782333885.787061,1837
1782333885.7871082,1820
1782333885.788438,1814
1782333885.789768,1787
1782333885.791082,1821
1782333885.791094,1798
1782333885.7910988,1771
1782333885.7932858,1820
1782333885.7933,1816
1782333885.796274,1807
1782333885.7962828,1778
1782333885.796285,1766
1782333885.797559,1793
1782333885.7988632,1938
1782333885.798891,1711
1782333885.800172,1786
1782333885.80147,1794
1782333885.8028128,1813
1782333885.8041248,1854
1782333885.804132,1862
1782333885.805435,1882
1782333885.8067179,1848
1782333885.8079932,1867
1782333885.807997,1856
1782333885.8092911,1885
1782333885.8105721,1867
1782333885.811893,1844
1782333885.811931,1871
1782333885.813241,1871
1782333885.8145401,1853
1782333885.8158212,1853
1782333885.817131,1826
1782333885.8171442,1823
1782333885.8184462,1825
1782333885.8197608,1810
1782333885.821068,1799
1782333885.821078,1849
1782333885.822657,1836
1782333885.825238,1826
1782333885.825248,1832
1782333885.825255,1862
1782333885.826539,1846
1782333885.827888,1823
1782333885.827942,1858
1782333885.829233,1883
1782333885.8305101,1871
1782333885.8317819,1860
1782333885.833079,1863
1782333885.833091,1846
1782333885.834378,1876
1782333885.835676,1845
1782333885.836742,1826
1782333885.838049,1866
1782333885.8380601,1852
1782333885.839375,1880
1782333885.840658,1849
1782333885.8419578,1866
1782333885.841968,1844
1782333885.843266,1800
1782333885.84588,1800
1782333885.8458939,1852
1782333885.845951,1839
1782333885.847261,1842
1782333885.848576,2052
1782333885.849885,1807
1782333885.84994,1846
1782333885.851243,1869
1782333885.8536189,1890
1782333885.853633,1895
1782333885.857215,1913
1782333885.857225,1871
1782333885.857264,1908
1782333885.85727,1900
1782333885.85856,1869
1782333885.8598511,1881
1782333885.859872,1877
1782333885.861163,1906
1782333885.8624482,1893
1782333885.8637471,1912
1782333885.865032,1902
1782333885.865037,1894
1782333885.866111,1911
1782333885.86738,1911
1782333885.868536,1914
1782333885.869878,1890
1782333885.869899,1867
1782333885.8711848,1849
1782333885.872464,1843
1782333885.873739,1815
1782333885.8750138,1814
1782333885.875019,1825
1782333885.876299,1793
1782333885.87762,1784
1782333885.878922,1804
1782333885.878935,1782
1782333885.880239,1780
1782333885.881527,1795
1782333885.884227,1807
1782333885.884233,1807
1782333885.884234,1800
1782333885.885514,1800
1782333885.886569,1820
1782333885.887852,1815
1782333885.8878798,1805
1782333885.889163,1799
1782333885.8904388,1791
1782333885.891714,1806
1782333885.8930361,1823
1782333885.893043,1799
1782333885.8943539,1804
1782333885.895436,1810
1782333885.8967412,1817
1782333885.898047,1799
1782333885.898059,1956
1782333885.899352,1801
1782333885.900646,1735
1782333885.9019678,1791
1782333885.901977,1800
1782333885.903303,1848
1782333885.904608,1822
1782333885.9059231,1820
1782333885.9059331,1830
1782333885.9072099,1855
1782333885.908502,1844
1782333885.909804,1871
1782333885.9115672,1903
1782333885.9115741,1912
1782333885.913716,1887
1782333885.913723,1858
1782333885.915002,1917
1782333885.915008,1879
1782333885.916183,1882
1782333885.917472,1897
1782333885.918761,1893
1782333885.9187672,1912
1782333885.9200761,1887
1782333885.920084,1865
1782333885.921377,1811
1782333885.922678,1828
1782333885.923944,1807
1782333885.9239511,1790
1782333885.925279,1806
1782333885.9264,1823
1782333885.927722,1852
1782333885.929045,1864
1782333885.929051,1864
1782333885.9303749,1850
1782333885.931657,1871
1782333885.932935,1896
1782333885.93294,1926
1782333885.93421,1930
1782333885.935478,1921
1782333885.9367921,1931
1782333885.938091,1918
1782333885.938105,1900
1782333885.939426,1914
1782333885.940707,1876
1782333885.942004,1886
1782333885.942016,1887
1782333885.943315,1829
1782333885.944629,1801
1782333885.9467452,1826
1782333885.9467509,1828
1782333885.948025,1845
1782333885.948029,1945
1782333885.949245,1714
1782333885.9505239,1796
1782333885.9518342,1839
1782333885.953119,1801
1782333885.953124,1824
1782333885.954423,1818
1782333885.955754,1793
1782333885.957031,1775
1782333885.957035,1783
1782333885.9583302,1832
1782333885.9596338,1855
1782333885.9607239,1876
1782333885.962027,1885
1782333885.962044,1882
1782333885.963346,1919
1782333885.9646358,1915
1782333885.965935,1874
1782333885.965947,1864
1782333885.967245,1883
1782333885.9685571,1871
1782333885.9696808,1874
1782333885.970986,1871
1782333885.970997,1862
1782333885.9723022,1794
1782333885.974855,1794
1782333885.9748712,1802
1782333885.9749389,1782
1782333885.977985,1796
1782333885.977994,1786
1782333885.977996,1815
1782333885.97927,1845
1782333885.980543,1871
1782333885.981799,1821
1782333885.983082,1827
1782333885.983087,1844
1782333885.984385,1855
1782333885.985708,1849
1782333885.987019,1839
1782333885.9870331,1837
1782333885.988339,1818
1782333885.989643,1815
1782333885.9909272,1868
1782333885.990932,1864
1782333885.992224,1850
1782333885.9935281,1829
1782333885.994833,1828
1782333885.996144,1838
1782333885.996153,1835
1782333885.997447,1835
1782333885.998753,2025
1782333886.000062,1773
1782333886.000074,1793
1782333886.0013812,1826
1782333886.0026891,1842
1782333886.003857,1855
1782333886.008874,1877
1782333886.0088818,1854
1782333886.008884,1839
1782333886.008887,1901
1782333886.0088892,1888
1782333886.0089211,1880
1782333886.0102,1886
1782333886.011489,1888
1782333886.01277,1896
1782333886.0140438,1880
1782333886.015318,1854
1782333886.015323,1871
1782333886.0166159,1831
1782333886.0179179,1805
1782333886.017929,1837
1782333886.019234,1844
1782333886.020545,1825
1782333886.0218592,1809
1782333886.023157,1791
1782333886.0231628,1823
1782333886.024438,1815
1782333886.025731,1807
1782333886.027036,1788
1782333886.027044,1791
1782333886.028356,1800
1782333886.029665,1802
1782333886.0309918,1814
1782333886.031009,1835
1782333886.032332,1868
1782333886.033476,1871
1782333886.0349581,1871
1782333886.034972,1878
1782333886.03875,1881
1782333886.03876,1859
1782333886.038763,1828
1782333886.039795,1826
1782333886.041085,1850
1782333886.041093,1819
1782333886.042367,1826
1782333886.043639,1865
1782333886.0449831,1882
1782333886.044991,1837
1782333886.044993,1811
1782333886.046298,1807
1782333886.047606,1971
1782333886.048895,1779
1782333886.0488992,1809
1782333886.050198,1852
1782333886.0515132,1845
1782333886.052863,1832
1782333886.052916,1839
1782333886.054233,1883
1782333886.0555708,1890
1782333886.0568802,1864
1782333886.056906,1871
1782333886.0582159,1824
1782333886.0595179,1821
1782333886.060717,1819
1782333886.06203,1829
1782333886.062043,1839
1782333886.06335,1847
1782333886.065331,1838
1782333886.065345,1833
1782333886.068694,1815
1782333886.068705,1857
1782333886.068707,1847
1782333886.070001,1816
1782333886.0700119,1822
1782333886.071296,1829
1782333886.072588,1818
1782333886.0738811,1806
1782333886.073889,1810
1782333886.07517,1828
1782333886.07645,1815
1782333886.07773,1791
1782333886.079028,1791
1782333886.079037,1811
1782333886.080093,1817
1782333886.081381,1868
1782333886.082666,1871
1782333886.083943,1844
1782333886.0839481,1839
1782333886.0852191,1854
1782333886.0865128,1834
1782333886.087811,1806
1782333886.089109,1861
1782333886.0891168,1874
1782333886.090404,1867
1782333886.09169,1848
1782333886.0929742,1848
1782333886.092981,1854
1782333886.094286,1847
1782333886.096128,1846
1782333886.096137,1862
1782333886.098412,1862
1782333886.098422,1999
1782333886.099722,1775
1782333886.1010299,1791
1782333886.1010401,1760
1782333886.10234,1810
1782333886.103553,1807
1782333886.1048682,1846
1782333886.104897,1866
1782333886.1061308,1850
1782333886.107418,1847
1782333886.108716,1818
1782333886.110018,1795
1782333886.110026,1784
1782333886.11133,1791
1782333886.112658,1804
1782333886.113961,1803
1782333886.1139672,1806
1782333886.115259,1868
1782333886.116561,1888
1782333886.117836,1885
1782333886.119112,1871
1782333886.119118,1871
1782333886.120403,1866
1782333886.121678,1839
1782333886.1229491,1817
1782333886.122953,1812
1782333886.124228,1829
1782333886.125501,1828
1782333886.1270962,1814
1782333886.127104,1834
1782333886.129816,1866
1782333886.129826,1874
1782333886.130881,1911
1782333886.1308868,1886
1782333886.132166,1871
1782333886.133439,1874
1782333886.134751,1829
1782333886.136037,1881
1782333886.136044,1877
1782333886.1371882,1877
1782333886.1384928,1871
1782333886.139822,1824
1782333886.1411068,1803
1782333886.141113,1867
1782333886.142387,1837
1782333886.14353,1807
1782333886.144711,1824
1782333886.146037,1839
1782333886.146044,1844
1782333886.14732,1844
1782333886.1485991,2004
1782333886.14991,1723
1782333886.149947,1813
1782333886.151247,1854
1782333886.152514,1876
1782333886.1538649,1880
1782333886.153899,1880
1782333886.15522,1855
1782333886.15663,1812
1782333886.158965,1821
1782333886.1589708,1814
1782333886.158973,1830
1782333886.1602461,1855
1782333886.161528,1882
1782333886.162813,1897
1782333886.1638641,1896
1782333886.163881,1860
1782333886.165152,1883
1782333886.166444,1846
1782333886.167745,1849
1782333886.16906,1843
1782333886.16907,1846
1782333886.170369,1827
1782333886.171676,1795
1782333886.172981,1782
1782333886.172992,1784
1782333886.172996,1796
1782333886.174295,1754
1782333886.175596,1775
1782333886.176735,1790
1782333886.178048,1789
1782333886.1780548,1766
1782333886.179358,1781
1782333886.1806562,1804
1782333886.181957,1816
1782333886.181967,1804
1782333886.18457,1825
1782333886.184583,1839
1782333886.1868951,1854
1782333886.1869109,1844
1782333886.1869838,1860
1782333886.190393,1875
1782333886.190399,1886
1782333886.190402,1875
1782333886.191674,1900
1782333886.192951,1946
1782333886.192956,1983
1782333886.194231,1967
1782333886.1955378,1943
1782333886.196851,1954
1782333886.1981661,2127
1782333886.198171,1861
1782333886.199462,1880
1782333886.200765,1903
1782333886.202067,1897
1782333886.202079,1896
1782333886.203394,1862
1782333886.204723,1866
1782333886.206049,1812
1782333886.206059,1802
1782333886.207382,1762
1782333886.208684,1791
1782333886.209988,1803
1782333886.2099981,1805
1782333886.211301,1784
1782333886.212605,1796
1782333886.21388,1839
1782333886.2139468,1820
1782333886.2152572,1794
1782333886.217521,1743
1782333886.217535,1784
1782333886.221378,1775
1782333886.221388,1832
1782333886.2213912,1791
1782333886.2213929,1825
1782333886.222668,1863
1782333886.223941,1851
1782333886.223947,1851
1782333886.225225,1903
1782333886.226528,1896
1782333886.2278311,1906
1782333886.229156,1934
1782333886.229176,1927
1782333886.230494,1918
1782333886.231773,1903
1782333886.2330701,1890
1782333886.233082,1883
1782333886.234378,1854
1782333886.2356842,1850
1782333886.236989,1817
1782333886.2369971,1838
1782333886.238292,1852
1782333886.2396128,1852
1782333886.2409449,1910
1782333886.2409651,1931
1782333886.242293,1942
1782333886.243619,1924
1782333886.2449348,1880
1782333886.244949,1869
1782333886.246259,1876
1782333886.2488441,1913
1782333886.248857,1991
1782333886.2530508,1786
1782333886.253063,1828
1782333886.2530649,1825
1782333886.253067,1794
1782333886.25307,1807
1782333886.2543721,1835
1782333886.255658,1836
1782333886.256961,1811
1782333886.2569711,1803
1782333886.25828,1839
1782333886.259611,1858
1782333886.260948,1850
1782333886.26096,1851
1782333886.2622879,1820
1782333886.263606,1858
1782333886.264926,1839
1782333886.264935,1860
1782333886.266251,1850
1782333886.267565,1820
1782333886.268873,1820
1782333886.268904,1800
1782333886.2702,1763
1782333886.271486,1746
1782333886.2727702,1720
1782333886.274056,1717
1782333886.274063,1797
1782333886.275368,1851
1782333886.276664,1849
1782333886.2785,1880
1782333886.2785091,1898
1782333886.281387,1864
1782333886.281398,1833
1782333886.2814012,1867
1782333886.2826922,1876
1782333886.28402,1839
1782333886.284032,1860
1782333886.285341,1838
1782333886.286658,1851
1782333886.287957,1858
1782333886.2879639,1851
1782333886.289249,1850
1782333886.2905412,1869
1782333886.29184,1894
1782333886.293142,1866
1782333886.293151,1864
1782333886.294466,1838
1782333886.295806,1839
1782333886.297169,1839
1782333886.297183,1796
1782333886.298505,1975
1782333886.299814,1711
1782333886.301121,1764
1782333886.301131,1793
1782333886.301134,1813
1782333886.3023832,1791
1782333886.303709,1814
1782333886.3050041,1829
1782333886.305012,1834
1782333886.3062909,1844
1782333886.308384,1828
1782333886.3083909,1795
1782333886.310955,1797
1782333886.310966,1812
1782333886.310969,1788
1782333886.312263,1722
1782333886.313571,1719
1782333886.314888,1729
1782333886.31491,1741
1782333886.3161988,1782
1782333886.317508,1796
1782333886.3188128,1831
1782333886.320131,1838
1782333886.3201401,1832
1782333886.321488,1863
1782333886.3228002,1911
1782333886.324097,1914
1782333886.324105,1924
1782333886.325404,1907
1782333886.3267012,1860
1782333886.328021,1868
1782333886.328037,1878
1782333886.3294022,1903
1782333886.330747,1944
1782333886.3320699,1934
1782333886.332082,1931
1782333886.333385,1907
1782333886.3346848,1902
1782333886.335851,1903
1782333886.337229,1896
1782333886.337245,1899
1782333886.338367,1931
1782333886.3406389,1884
1782333886.340656,1896
1782333886.344183,1890
1782333886.3441951,1879
1782333886.344198,1839
1782333886.3442,1837
1782333886.3454988,1842
1782333886.346806,1887
1782333886.348098,2049
1782333886.348106,1773
1782333886.349389,1783
1782333886.350681,1823
1782333886.351984,1844
1782333886.353313,1835
1782333886.353322,1849
1782333886.354708,1882
1782333886.356041,1871
1782333886.35605,1850
1782333886.357345,1869
1782333886.358624,1867
1782333886.35993,1876
1782333886.359937,1839
1782333886.361227,1842
1782333886.362516,1847
1782333886.3638122,1897
1782333886.3651462,1924
1782333886.365165,1871
1782333886.366507,1847
1782333886.367809,1813
1782333886.369067,1769
1782333886.3690822,1771
1782333886.370848,1788
1782333886.3747818,1811
1782333886.3747892,1806
1782333886.374791,1782
1782333886.374793,1787
1782333886.376071,1818
1782333886.376076,1817
1782333886.377355,1788
1782333886.37846,1813
1782333886.379764,1830
1782333886.381071,1823
1782333886.381082,1801
1782333886.382375,1850
1782333886.3836648,1823
1782333886.3849669,1861
1782333886.384976,1818
1782333886.386116,1829
1782333886.3874419,1890
1782333886.388752,1866
1782333886.390065,1847
1782333886.3900712,1864
1782333886.391365,1818
1782333886.392663,1806
1782333886.393965,1833
1782333886.3939729,1834
1782333886.395278,1828
1782333886.396615,1814
1782333886.397938,1871
1782333886.397951,1923
1782333886.399177,1739
1782333886.40062,1778
1782333886.40196,1804
1782333886.401976,1817
1782333886.4053252,1861
1782333886.4053361,1848
1782333886.405338,1838
1782333886.40666,1819
1782333886.4079628,1814
1782333886.407975,1816
1782333886.409298,1814
1782333886.410615,1834
1782333886.411934,1821
1782333886.411946,1839
1782333886.413248,1871
1782333886.41455,1852
1782333886.415841,1830
1782333886.4171531,1859
1782333886.41716,1876
1782333886.418453,1862
1782333886.419761,1890
1782333886.4210508,1911
1782333886.4210591,1886
1782333886.4223318,1870
1782333886.423603,1851
1782333886.424875,1848
1782333886.424885,1851
1782333886.426172,1839
1782333886.427444,1850
1782333886.428714,1850
1782333886.430043,1862
1782333886.4300458,1886
1782333886.430048,1888
1782333886.43235,1875
1782333886.432353,1844
1782333886.433619,1835
1782333886.434836,1862
1782333886.436112,1888
1782333886.436117,1884
1782333886.437382,1848
1782333886.4386492,1834
1782333886.439915,1810
1782333886.439918,1787
1782333886.441183,1796
1782333886.4424472,1796
1782333886.443711,1817
1782333886.4449751,1806
1782333886.444978,1801
1782333886.44624,1830
1782333886.447503,2009
1782333886.44877,1741
1782333886.450033,1766
1782333886.4500349,1801
1782333886.4513001,1832
1782333886.452578,1839
1782333886.4538612,1877
1782333886.45518,1877
1782333886.455186,1862
1782333886.456467,1860
1782333886.457751,1845
1782333886.4590359,1858
1782333886.459042,1855
1782333886.460308,1830
1782333886.461906,1826
1782333886.46191,1862
1782333886.4631739,1870
1782333886.464441,1880
1782333886.465708,1846
1782333886.466988,1839
1782333886.4669938,1836
1782333886.4682748,1828
1782333886.469558,1829
1782333886.4708421,1822
1782333886.4721248,1807
1782333886.472131,1819
1782333886.473411,1827
1782333886.4746811,1818
1782333886.475959,1833
1782333886.475965,1839
1782333886.477246,1838
1782333886.478529,1834
1782333886.4798121,1839
1782333886.4810948,1843
1782333886.481101,1842
1782333886.482375,1836
1782333886.4836538,1807
1782333886.4849348,1846
1782333886.484941,1865
1782333886.486221,1857
1782333886.487503,1854
1782333886.4887848,1857
1782333886.490068,1835
1782333886.4900742,1846
1782333886.49169,1862
1782333886.4935539,1900
1782333886.493558,1885
1782333886.494821,1903
1782333886.4961011,1892
1782333886.496108,1890
1782333886.497376,2056
1782333886.498641,1770
1782333886.4999092,1791
1782333886.499912,1786
1782333886.501188,1819
1782333886.5024698,1817
1782333886.503754,1853
1782333886.505037,1867
1782333886.505043,1866
1782333886.506322,1852
1782333886.507605,1844
1782333886.5088902,1855
1782333886.508895,1838
1782333886.510164,1851
1782333886.511442,1825
1782333886.512723,1832
1782333886.514005,1863
1782333886.514011,1833
1782333886.5152798,1860
1782333886.516557,1853
1782333886.5178392,1849
1782333886.519121,1844
1782333886.5191271,1859
1782333886.520405,1842
1782333886.521687,1818
1782333886.5240169,1818
1782333886.524022,1803
1782333886.524023,1814
1782333886.525289,1835
1782333886.52657,1816
1782333886.527856,1802
1782333886.529186,1764
1782333886.5291982,1785
1782333886.530483,1814
1782333886.531769,1807
1782333886.533041,1813
1782333886.5330439,1826
1782333886.534323,1800
1782333886.535607,1785
1782333886.5368938,1807
1782333886.536911,1819
1782333886.538196,1836
1782333886.539479,1875
1782333886.5407622,1839
1782333886.542044,1861
1782333886.5420501,1868
1782333886.54333,1857
1782333886.5446138,1869
1782333886.5459,1856
1782333886.5459058,1849
1782333886.547185,1924
1782333886.548466,1867
1782333886.549741,1762
1782333886.551019,1791
1782333886.551025,1819
1782333886.552327,1837
1782333886.554276,1848
1782333886.554281,1869
1782333886.555559,1844
1782333886.556839,1856
1782333886.558111,1856
1782333886.558115,1824
1782333886.5581162,1827
1782333886.559393,1838
1782333886.560674,1853
1782333886.561955,1871
1782333886.561962,1868
1782333886.563241,1858
1782333886.5645251,1846
1782333886.5657961,1877
1782333886.567073,1902
1782333886.56708,1896
1782333886.568348,1867
1782333886.5696251,1878
1782333886.5709062,1888
1782333886.570913,1896
1782333886.572191,1901
1782333886.573472,1882
1782333886.574752,1871
1782333886.576032,1903
1782333886.576038,1903
1782333886.577316,1854
1782333886.578596,1823
1782333886.5798779,1848
1782333886.5798929,1873
1782333886.581175,1858
1782333886.583283,1860
1782333886.5832891,1867
1782333886.584557,1831
1782333886.58569,1815
1782333886.586972,1797
1782333886.5869792,1758
1782333886.5881789,1773
1782333886.589461,1794
1782333886.5907469,1818
1782333886.592031,1816
1782333886.5920372,1833
1782333886.5933151,1834
1782333886.594597,1850
1782333886.595886,1845
1782333886.595901,1861
1782333886.5972,2022
1782333886.598485,1780
1782333886.5997598,1839
1782333886.601038,1837
1782333886.601045,1847
1782333886.602324,1831
1782333886.603607,1801
1782333886.6048908,1839
1782333886.604897,1886
1782333886.606175,1884
1782333886.60746,1894
1782333886.608737,1890
1782333886.6100118,1879
1782333886.610017,1885
1782333886.611299,1849
1782333886.6140459,1828
1782333886.614052,1829
1782333886.614054,1831
1782333886.615322,1831
1782333886.616357,1854
1782333886.6176388,1871
1782333886.618923,1883
1782333886.618929,1846
1782333886.620207,1815
1782333886.62149,1832
1782333886.6227698,1838
1782333886.624053,1848
1782333886.6240609,1879
1782333886.625338,1913
1782333886.6266189,1884
1782333886.6279008,1885
1782333886.627907,1903
1782333886.629184,1893
1782333886.6304572,1861
1782333886.631735,1839
1782333886.633022,1827
1782333886.6330292,1810
1782333886.634306,1807
1782333886.635587,1787
1782333886.636897,1785
1782333886.636907,1827
1782333886.638185,1832
1782333886.639467,1854
1782333886.6407528,1837
1782333886.6420338,1834
1782333886.64204,1818
1782333886.64332,1807
1782333886.646434,1806
1782333886.646438,1807
1782333886.64644,1827
1782333886.647707,1999
1782333886.648899,1739
1782333886.648905,1779
1782333886.650175,1787
1782333886.651456,1783
1782333886.65274,1800
1782333886.654023,1821
1782333886.6540291,1858
1782333886.655311,1863
1782333886.656592,1855
1782333886.657876,1854
1782333886.6578848,1863
1782333886.659179,1871
1782333886.66046,1864
1782333886.661739,1859
1782333886.663021,1869
1782333886.663027,1849
1782333886.664304,1807
1782333886.6655831,1823
1782333886.6668632,1796
1782333886.666881,1790
1782333886.668161,1786
1782333886.669442,1801
1782333886.670721,1787
1782333886.672003,1817
1782333886.672009,1800
1782333886.673286,1787
1782333886.674834,1771
1782333886.67732,1788
1782333886.677326,1823
1782333886.6773279,1833
1782333886.678598,1859
1782333886.679869,1850
1782333886.679873,1860
1782333886.681141,1868
1782333886.68242,1876
1782333886.683701,1869
1782333886.684983,1852
1782333886.684989,1908
1782333886.686269,1967
1782333886.686275,1967
1782333886.6875541,1931
1782333886.688839,1919
1782333886.6901388,1901
1782333886.6901472,1893
1782333886.692693,1876
1782333886.692698,1860
1782333886.6939678,1869
1782333886.6939719,1901
1782333886.69525,1910
1782333886.696535,2045
1782333886.697817,1890
1782333886.6990988,1797
1782333886.699105,1793
1782333886.700376,1780
1782333886.701654,1817
1782333886.702935,1865
1782333886.702941,1861
1782333886.7044291,1875
1782333886.706748,1848
1782333886.706752,1844
1782333886.70802,1850
1782333886.708024,1823
1782333886.7093,1807
1782333886.710573,1807
1782333886.71185,1781
1782333886.713135,1771
1782333886.713141,1799
1782333886.714419,1796
1782333886.715702,1807
1782333886.716974,1834
1782333886.7169778,1863
1782333886.718245,1869
1782333886.7195132,1861
1782333886.720781,1838
1782333886.72205,1823
1782333886.722055,1801
1782333886.7233212,1802
1782333886.724588,1796
1782333886.725857,1807
1782333886.727129,1806
1782333886.727133,1801
1782333886.728399,1782
1782333886.729665,1807
1782333886.7309299,1839
1782333886.730934,1839
1782333886.732197,1833
1782333886.7335732,1859
1782333886.735882,1886
1782333886.735887,1862
1782333886.7358878,1874
1782333886.737155,1876
1782333886.738435,1859
1782333886.7397199,1853
1782333886.741005,1851
1782333886.741011,1859
1782333886.74229,1863
1782333886.743573,1860
1782333886.744856,1866
1782333886.7461388,1854
1782333886.746145,1871
1782333886.747424,2012
1782333886.748697,1779
1782333886.749975,1824
1782333886.749981,1847
1782333886.7512589,1870
1782333886.7525399,1851
1782333886.7538218,1855
1782333886.7551029,1839
1782333886.755109,1851
1782333886.756386,1864
1782333886.757667,1846
1782333886.758948,1832
1782333886.758954,1855
1782333886.760232,1822
1782333886.761513,1826
1782333886.762793,1866
1782333886.764738,1877
1782333886.764752,1871
1782333886.767615,1871
1782333886.767623,1868
1782333886.7676249,1861
1782333886.768895,1853
1782333886.768899,1847
1782333886.770168,1839
1782333886.771445,1831
1782333886.772727,1865
1782333886.774009,1831
1782333886.774015,1862
1782333886.7752929,1898
1782333886.776577,1853
1782333886.777859,1849
1782333886.7791622,1859
1782333886.779168,1889
1782333886.780446,1852
1782333886.781727,1864
1782333886.7830012,1865
1782333886.783005,1852
1782333886.784281,1828
1782333886.785562,1821
1782333886.786845,1802
1782333886.788126,1804
1782333886.7881322,1823
1782333886.789546,1828
1782333886.790912,1839
1782333886.7909398,1855
1782333886.792264,1856
1782333886.793576,1853
1782333886.794943,1844
1782333886.794972,1854
1782333886.796427,1844
1782333886.798927,1981
1782333886.798935,1691
1782333886.798937,1788
1782333886.800229,1800
1782333886.801506,1810
1782333886.802785,1815
1782333886.804065,1787
1782333886.804071,1782
1782333886.8053498,1796
1782333886.80663,1796
1782333886.807914,1825
1782333886.8079202,1828
1782333886.809197,1841
1782333886.810477,1866
1782333886.811758,1896
1782333886.813038,1901
1782333886.813044,1886
1782333886.814323,1930
1782333886.8143291,1929
1782333886.815686,1935
1782333886.817027,1926
1782333886.817038,1910
1782333886.818357,1916
1782333886.819666,1922
1782333886.8209522,1893
1782333886.820959,1870
1782333886.82224,1848
1782333886.823523,1833
1782333886.8257039,1835
1782333886.825716,1811
1782333886.8286889,1813
1782333886.828696,1749
1782333886.8286982,1752
1782333886.829966,1766
1782333886.82997,1784
1782333886.831244,1782
1782333886.832526,1786
1782333886.833808,1785
1782333886.83509,1785
1782333886.8350961,1798
1782333886.836374,1807
1782333886.837656,1806
1782333886.838939,1804
1782333886.838945,1844
1782333886.840214,1864
1782333886.841482,1831
1782333886.842759,1835
1782333886.84404,1828
1782333886.844046,1844
1782333886.845323,1828
1782333886.846603,1999
1782333886.847886,1861
1782333886.847892,1810
1782333886.84917,1832
1782333886.85045,1804
1782333886.8517299,1801
1782333886.853012,1838
1782333886.853019,1833
1782333886.8543942,1807
1782333886.856268,1818
1782333886.856299,1816
1782333886.859394,1854
1782333886.859403,1887
1782333886.859405,1885
1782333886.8619468,1866
1782333886.8619509,1848
1782333886.861953,1867
1782333886.8630762,1839
1782333886.864358,1875
1782333886.865642,1866
1782333886.8669262,1871
1782333886.866933,1869
1782333886.8682141,1832
1782333886.869498,1850
1782333886.8707788,1871
1782333886.872062,1900
1782333886.8720682,1903
1782333886.873339,1896
1782333886.874611,1869
1782333886.875891,1871
1782333886.8758972,1897
1782333886.877176,1868
1782333886.878459,1826
1782333886.87974,1818
1782333886.881022,1804
1782333886.8810282,1814
1782333886.882306,1827
1782333886.883589,1831
1782333886.8849769,1869
1782333886.8849978,1863
1782333886.8863559,1898
1782333886.8895302,1857
1782333886.889538,1845
1782333886.8895402,1811
1782333886.89081,1796
1782333886.892082,1791
1782333886.892086,1830
1782333886.8933618,1843
1782333886.894644,1837
1782333886.895929,1864
1782333886.895935,1853
1782333886.8971882,1988
1782333886.89846,1756
1782333886.8997009,1815
1782333886.900981,1822
1782333886.900987,1817
1782333886.902265,1830
1782333886.903549,1855
1782333886.904833,1852
1782333886.9061298,1879
1782333886.906137,1865
1782333886.90741,1891
1782333886.908691,1870
1782333886.909973,1868
1782333886.9099789,1864
1782333886.9113631,1845
1782333886.9127302,1856
1782333886.914042,1864
1782333886.9140549,1846
1782333886.915348,1822
1782333886.917156,1832
1782333886.917164,1820
1782333886.920338,1784
1782333886.920346,1778
1782333886.920348,1794
1782333886.9216158,1791
1782333886.922888,1815
1782333886.922891,1794
1782333886.924171,1757
1782333886.925455,1803
1782333886.9267368,1807
1782333886.928019,1846
1782333886.928025,1849
1782333886.929303,1835
1782333886.93052,1859
1782333886.931795,1832
1782333886.9330182,1866
1782333886.9330251,1856
1782333886.9343019,1823
1782333886.935582,1858
1782333886.936863,1851
1782333886.9381602,1880
1782333886.938166,1884
1782333886.939543,1887
1782333886.9408672,1885
1782333886.940892,1909
1782333886.942185,1931
1782333886.942198,1903
1782333886.9435022,1896
1782333886.9448268,1898
1782333886.9461381,1926
1782333886.9461498,1895
1782333886.9483252,1849
1782333886.948332,1835
1782333886.950926,1805
1782333886.9509351,1761
1782333886.950937,1791
1782333886.95222,1796
1782333886.9535518,1824
1782333886.954834,1807
1782333886.956117,1815
1782333886.9561238,1844
1782333886.957406,1865
1782333886.958752,1869
1782333886.960068,1868
1782333886.960083,1822
1782333886.96141,1831
1782333886.9627352,1821
1782333886.9640372,1855
1782333886.9640489,1870
1782333886.9653308,1844
1782333886.9666,1899
1782333886.967913,1946
1782333886.967922,1910
1782333886.96925,1899
1782333886.970552,1890
1782333886.971853,1861
1782333886.973136,1870
1782333886.97314,1870
1782333886.974432,1867
1782333886.975734,1854
1782333886.9770398,1834
1782333886.9770508,1822
1782333886.978493,1791
1782333886.981017,1811
1782333886.981022,1850
1782333886.981024,1830
1782333886.9823081,1834
1782333886.9835782,1821
1782333886.984858,1882
1782333886.984865,1887
1782333886.9861388,1887
1782333886.987438,1903
1782333886.988745,1894
1782333886.9900281,1871
1782333886.990032,1855
1782333886.9913359,1843
1782333886.992637,1815
1782333886.993939,1796
1782333886.993951,1770
1782333886.9952571,1762
1782333886.996541,1785
1782333886.997855,1758
1782333886.9991639,1778
1782333886.999176,1791
1782333887.000449,1795
1782333887.0017412,1824
1782333887.0030668,1839
1782333887.0030751,1901
1782333887.004378,1892
1782333887.0055418,1881
1782333887.006829,1875
1782333887.008118,1888
1782333887.0081222,1882
1782333887.010916,1880
1782333887.010923,1896
1782333887.010925,1891
1782333887.012201,1864
1782333887.013472,1860
1782333887.014744,1859
1782333887.016046,1839
1782333887.016057,1867
1782333887.017379,1839
1782333887.0186791,1846
1782333887.01999,1829
1782333887.020001,1853
1782333887.021277,1811
1782333887.022559,1860
1782333887.0238311,1818
1782333887.0251079,1828
1782333887.0251122,1810
1782333887.0264032,1822
1782333887.0277288,1824
1782333887.0290308,1816
1782333887.029042,1805
1782333887.031477,1795
1782333887.031483,1799
1782333887.032758,1800
1782333887.034053,1823
1782333887.0340638,1807
1782333887.0353742,1781
1782333887.036669,1796
1782333887.037813,1797
1782333887.039119,1847
1782333887.039131,1855
1782333887.040649,1854
1782333887.043411,1835
1782333887.043416,1815
1782333887.0434182,1817
1782333887.044554,1839
1782333887.045825,1861
1782333887.0470982,1874
1782333887.047103,1865
1782333887.048374,1857
1782333887.049645,1869
1782333887.0509372,1888
1782333887.050949,1848
1782333887.052267,1839
1782333887.053577,1824
1782333887.0548859,1789
1782333887.0549178,1802
1782333887.0562181,1816
1782333887.057524,1800
1782333887.058811,1836
1782333887.0601149,1866
1782333887.060127,1846
1782333887.0614579,1834
1782333887.062767,1846
1782333887.064075,1877
1782333887.0640872,1871
1782333887.065386,1868
1782333887.0666702,1882
1782333887.067965,1862
1782333887.067977,1858
1782333887.070112,1862
1782333887.0701199,1855
1782333887.073323,1862
1782333887.0733309,1879
1782333887.073333,1879
1782333887.073335,1860
1782333887.0746071,1851
1782333887.075885,1833
1782333887.0758898,1824
1782333887.077162,1817
1782333887.078463,1803
1782333887.079638,1783
1782333887.080939,1789
1782333887.08095,1775
1782333887.082258,1789
1782333887.083541,1800
1782333887.0848472,1800
1782333887.086171,1852
1782333887.0861819,1866
1782333887.087484,1869
1782333887.088794,1879
1782333887.0900931,1903
1782333887.090104,1892
1782333887.0913842,1893
1782333887.0926762,1890
1782333887.093801,1875
1782333887.095104,1850
1782333887.095113,1867
1782333887.096416,1892
1782333887.097698,1927
1782333887.098992,1912
1782333887.0990021,1889
1782333887.1012092,1885
1782333887.101224,1900
1782333887.105568,1884
1782333887.105576,1895
1782333887.105578,1911
1782333887.10558,1894
1782333887.106861,1907
1782333887.106866,1900
1782333887.108147,1907
1782333887.109427,1898
1782333887.1107059,1871
1782333887.112013,1859
1782333887.112024,1903
1782333887.11333,1893
1782333887.1146328,1861
1782333887.115938,1800
1782333887.115951,1781
1782333887.117232,1753
1782333887.1185322,1738
1782333887.119848,1740
1782333887.121185,1755
1782333887.121192,1768
1782333887.122289,1791
1782333887.123588,1844
1782333887.1248891,1835
1782333887.124935,1824
1782333887.1262321,1803
1782333887.127567,1774
1782333887.128879,1778
1782333887.128939,1786
1782333887.1317859,1791
1782333887.1317928,1780
1782333887.1356611,1796
1782333887.135668,1828
1782333887.13567,1858
1782333887.135673,1860
1782333887.1369522,1884
1782333887.136958,1866
1782333887.138229,1864
1782333887.139498,1880
1782333887.140768,1863
1782333887.142061,1859
1782333887.142072,1863
1782333887.14339,1857
1782333887.1446998,1861
1782333887.1460092,1835
1782333887.146026,1845
1782333887.1472158,1838
1782333887.148489,1854
1782333887.149782,1844
1782333887.1510851,1883
1782333887.151097,1892
1782333887.1524181,1845
1782333887.1537259,1832
1782333887.155029,1798
1782333887.155041,1807
1782333887.156342,1812
1782333887.157642,1825
1782333887.158942,1828
1782333887.158954,1799
1782333887.160977,1807
1782333887.160985,1854
1782333887.1651258,1867
1782333887.165133,1877
1782333887.1651368,1880
1782333887.165139,1891
1782333887.166411,1870
1782333887.167682,1849
1782333887.1689541,1848
1782333887.168959,1822
1782333887.170256,1829
1782333887.171561,1839
1782333887.172887,1869
1782333887.1729128,1847
1782333887.174209,1876
1782333887.175513,1845
1782333887.176833,1868
1782333887.1781461,1871
1782333887.178155,1890
1782333887.1794791,1896
1782333887.180776,1906
1782333887.182084,1886
1782333887.182094,1879
1782333887.1833868,1871
1782333887.184692,1839
1782333887.185998,1903
1782333887.186006,1862
1782333887.187318,1856
1782333887.1886148,1842
1782333887.189915,1859
1782333887.189926,1863
1782333887.191242,1827
1782333887.193162,1865
1782333887.193175,1910
1782333887.194533,1965
1782333887.1987782,1940
1782333887.198785,1918
1782333887.198787,1886
1782333887.1987882,1879
1782333887.2000608,1855
1782333887.200066,1878
1782333887.2013462,1879
1782333887.201352,1830
1782333887.2026381,1806
1782333887.203917,1819
1782333887.203922,1806
1782333887.205214,1814
1782333887.206516,1801
1782333887.207816,1749
1782333887.209121,1739
1782333887.209131,1719
1782333887.2104268,1723
1782333887.211732,1696
1782333887.213024,1678
1782333887.2130308,1694
1782333887.2143092,1723
1782333887.215586,1747
1782333887.2168782,1802
1782333887.216915,1829
1782333887.218229,1822
1782333887.219533,1801
1782333887.220841,1772
1782333887.223934,1780
1782333887.223946,1774
1782333887.2239501,1784
1782333887.223955,1818
1782333887.228479,1832
1782333887.2284858,1868
1782333887.228488,1852
1782333887.2284899,1832
1782333887.229762,1831
1782333887.231033,1836
1782333887.2310379,1859
1782333887.232317,1876
1782333887.233622,1911
1782333887.234709,1908
1782333887.2359948,1888
1782333887.236002,1880
1782333887.2372851,1916
1782333887.238584,1939
1782333887.239904,1935
1782333887.239936,1927
1782333887.241238,1926
1782333887.2425401,1919
1782333887.2438579,1935
1782333887.245174,1918
1782333887.245183,1887
1782333887.246478,1886
1782333887.247763,1897
1782333887.249061,1879
1782333887.2490702,1909
1782333887.2503638,1878
1782333887.2533498,1903
1782333887.253363,1884
1782333887.253813,1853
1782333887.25735,1822
1782333887.257356,1769
1782333887.257358,1802
1782333887.25736,1848
1782333887.258632,1886
1782333887.259674,1888
1782333887.260973,1903
1782333887.260982,1866
1782333887.262261,1897
1782333887.2635798,1901
1782333887.264897,1877
1782333887.264925,1862
1782333887.2662132,1833
1782333887.2675169,1819
1782333887.268832,1780
1782333887.270153,1732
1782333887.270161,1742
1782333887.271431,1742
1782333887.272745,1743
1782333887.274049,1785
1782333887.27406,1788
1782333887.275359,1800
1782333887.276664,1775
1782333887.277946,1794
1782333887.277952,1802
1782333887.279236,1807
1782333887.280546,1816
1782333887.281824,1834
1782333887.285324,1853
1782333887.2853298,1852
1782333887.285332,1849
1782333887.285334,1899
1782333887.28661,1898
1782333887.287883,1886
1782333887.287887,1893
1782333887.2890902,1908
1782333887.2903879,1924
1782333887.291691,1880
1782333887.2929971,1861
1782333887.293012,1855
1782333887.294335,1874
1782333887.2956412,1853
1782333887.296947,1870
1782333887.2969642,1928
1782333887.298282,1919
1782333887.299555,1898
1782333887.300849,1871
1782333887.300881,1830
1782333887.302183,1821
1782333887.303495,1850
1782333887.304779,1850
1782333887.306079,1865
1782333887.3060899,1865
1782333887.307383,1871
1782333887.308668,1851
1782333887.3099678,1855
1782333887.309979,1833
1782333887.312719,1859
1782333887.3127282,1860
1782333887.316828,1855
1782333887.316834,1875
1782333887.316836,1861
1782333887.316839,1847
1782333887.318012,1854
1782333887.318017,1829
1782333887.319298,1839
1782333887.320586,1815
1782333887.3219059,1835
1782333887.32193,1846
1782333887.32323,1834
1782333887.324543,1848
1782333887.325852,1848
1782333887.327169,1834
1782333887.327181,1836
1782333887.328317,1871
1782333887.32962,1890
1782333887.329633,1875
1782333887.3309271,1855
1782333887.330938,1868
1782333887.332219,1887
1782333887.3335118,1848
1782333887.3348138,1810
1782333887.336116,1852
1782333887.336127,1846
1782333887.337423,1834
1782333887.33872,1834
1782333887.34002,1820
1782333887.340029,1810
1782333887.3413289,1814
1782333887.3426208,1827
1782333887.344177,1791
1782333887.3441842,1801
1782333887.347683,1806
1782333887.3476899,1817
1782333887.347692,1806
1782333887.348962,1764
1782333887.348966,1803
1782333887.3502321,1795
1782333887.3513432,1762
1782333887.352628,1764
1782333887.3539321,1810
1782333887.353944,1839
1782333887.355246,1812
1782333887.3563032,1823
1782333887.3575969,1815
1782333887.358902,1822
1782333887.358913,1820
1782333887.3602219,1844
1782333887.3615282,1828
1782333887.362858,1845
1782333887.362903,1855
1782333887.364207,1879
1782333887.365509,1889
1782333887.366815,1893
1782333887.368118,1885
1782333887.369416,1886
1782333887.369426,1871
1782333887.370738,1883
1782333887.372051,1860
1782333887.372062,1839
1782333887.3733811,1853
1782333887.3746939,1848
1782333887.379342,1854
1782333887.37935,1878
1782333887.379352,1862
1782333887.379354,1890
1782333887.379356,1862
1782333887.3805099,1839
1782333887.381784,1826
1782333887.383056,1814
1782333887.383061,1819
1782333887.384358,1795
1782333887.385654,1819
1782333887.386977,1821
1782333887.3869839,1789
1782333887.388278,1775
1782333887.389557,1806
1782333887.390847,1826
1782333887.392162,1865
1782333887.392174,1867
1782333887.393465,1858
1782333887.3947709,1789
1782333887.3960729,1775
1782333887.396082,1775
1782333887.397376,1774
1782333887.3986719,1772
1782333887.399969,1822
1782333887.399979,1837
1782333887.4013069,1846
1782333887.402383,1844
1782333887.403689,1895
1782333887.405382,1896
1782333887.405395,1875
1782333887.409974,1858
1782333887.4099789,1864
1782333887.409981,1866
1782333887.409983,1852
1782333887.409985,1830
1782333887.411266,1796
1782333887.412544,1813
1782333887.413823,1804
1782333887.415096,1870
1782333887.4151008,1879
1782333887.4163918,1866
1782333887.417612,1876
1782333887.418911,1898
1782333887.418923,1921
1782333887.42023,1911
1782333887.421555,1911
1782333887.4228532,1910
1782333887.424188,1882
1782333887.4241989,1842
1782333887.42549,1851
1782333887.426795,1796
1782333887.428106,1779
1782333887.428119,1786
1782333887.429417,1743
1782333887.430537,1727
1782333887.431844,1733
1782333887.433148,1732
1782333887.4331589,1775
1782333887.434561,1819
1782333887.435712,1842
1782333887.438781,1857
1782333887.4387882,1871
1782333887.4387898,1871
1782333887.440064,1886
1782333887.4400692,1894
1782333887.441345,1929
1782333887.442616,1907
1782333887.443886,1972
1782333887.4438899,1929
1782333887.445185,1932
1782333887.446489,1903
1782333887.447795,1902
1782333887.449097,1896
1782333887.449108,1770
1782333887.450434,1816
1782333887.451734,1836
1782333887.453056,1847
1782333887.453064,1891
1782333887.454375,1960
1782333887.4555352,1868
1782333887.456843,1834
1782333887.45814,1845
1782333887.4581492,1823
1782333887.4581518,1819
1782333887.459451,1694
1782333887.460765,1735
1782333887.462071,1880
1782333887.462085,1834
1782333887.463414,1822
1782333887.4654322,1862
1782333887.465446,1915
1782333887.470732,1913
1782333887.470741,1775
1782333887.470743,1765
1782333887.470745,1871
1782333887.470748,1844
1782333887.472022,1815
1782333887.4720268,1797
1782333887.473294,1800
1782333887.474565,1824
1782333887.475887,1703
1782333887.475914,1758
1782333887.4771972,1856
1782333887.478496,1858
1782333887.479792,1846
1782333887.4810948,1829
1782333887.4811049,1854
1782333887.482411,1864
1782333887.483712,1766
1782333887.485004,1737
1782333887.485012,1845
1782333887.486298,1917
1782333887.4875982,1926
1782333887.488888,1891
1782333887.4889128,1952
1782333887.4902248,1927
1782333887.491532,1876
1782333887.49283,1818
1782333887.49402,1933
1782333887.494025,2016
1782333887.496107,1990
1782333887.496114,1882
1782333887.499276,1935
1782333887.499282,1901
1782333887.499284,1828
1782333887.500437,1727
1782333887.5017111,1775
1782333887.502987,1894
1782333887.502992,1860
1782333887.504265,1842
1782333887.505558,1854
1782333887.5068622,1855
1782333887.506898,1842
1782333887.508215,1684
1782333887.50949,1751
1782333887.510686,1900
1782333887.5119889,1839
1782333887.512,1831
1782333887.5132952,1878
1782333887.514601,1863
1782333887.5159051,1860
1782333887.515916,1723
1782333887.517216,1825
1782333887.5185359,2010
1782333887.519857,1962
1782333887.519886,1928
1782333887.521187,1938
1782333887.522495,1903
1782333887.523802,1884
1782333887.52512,1725
1782333887.525134,1796
1782333887.5266612,1957
1782333887.530098,1908
1782333887.5301042,1881
1782333887.530106,1922
1782333887.5301068,1892
1782333887.5313768,1854
1782333887.532646,1698
1782333887.53392,1734
1782333887.533925,1892
1782333887.5352151,1900
1782333887.53652,1866
1782333887.537845,1862
1782333887.5391512,1891
1782333887.5391629,1868
1782333887.540461,1773
1782333887.5417469,1766
1782333887.543044,1854
1782333887.5430558,1940
1782333887.5443351,1900
1782333887.545609,1828
1782333887.5469031,1891
1782333887.546914,1902
1782333887.54821,1847
1782333887.549516,1753
1782333887.5507982,1786
1782333887.55207,1893
1782333887.552075,1870
1782333887.553372,1804
1782333887.554676,1834
1782333887.5566878,1839
1782333887.556695,1803
1782333887.5599518,1791
1782333887.559957,1824
1782333887.559959,1854
1782333887.559961,1843
1782333887.5612328,1783
1782333887.562504,1812
1782333887.563775,1838
1782333887.565086,1837
1782333887.5651011,1806
1782333887.566428,1885
1782333887.567735,1924
1782333887.5690649,1920
1782333887.5690722,1909
1782333887.570397,1914
1782333887.571708,1881
1782333887.57299,1892
1782333887.572994,1791
1782333887.574285,1866
1782333887.575588,1913
1782333887.5768929,1885
1782333887.576905,1848
1782333887.57821,1830
1782333887.5795121,1814
1782333887.5808158,1815
1782333887.582119,1742
1782333887.582129,1784
1782333887.583424,1862
1782333887.5847208,1842
1782333887.586,1815
1782333887.586007,1844
1782333887.589418,1864
1782333887.5894258,1846
1782333887.589429,1798
1782333887.589431,1818
1782333887.5907042,1864
1782333887.591975,1830
1782333887.591979,1821
1782333887.593011,1839
1782333887.594286,1846
1782333887.595584,1839
1782333887.5969112,1815
1782333887.596936,1835
1782333887.598233,1846
1782333887.599541,1851
1782333887.6008298,1855
1782333887.602127,1822
1782333887.60214,1839
1782333887.6034439,1829
1782333887.6047628,1812
1782333887.606059,1804
1782333887.60607,1829
1782333887.607368,1853
1782333887.608653,1834
1782333887.6097522,1772
1782333887.611069,1806
1782333887.611076,1805
1782333887.6123798,1805
1782333887.6136801,1806
1782333887.61499,1850
1782333887.614998,1893
1782333887.6162822,1884
1782333887.620885,1864
1782333887.620893,1839
1782333887.620895,1814
1782333887.620897,1837
1782333887.620899,1817
1782333887.622176,1839
1782333887.62345,1890
1782333887.624723,1847
1782333887.6260211,1837
1782333887.6260328,1837
1782333887.6273239,1807
1782333887.628397,1780
1782333887.629735,1760
1782333887.631038,1805
1782333887.6310499,1858
1782333887.632355,1851
1782333887.6336582,1873
1782333887.634964,1871
1782333887.634976,1858
1782333887.636291,1851
1782333887.6375942,1795
1782333887.638913,1844
1782333887.6389198,1908
1782333887.6402209,1896
1782333887.641519,1866
1782333887.642817,1868
1782333887.644046,1898
1782333887.64406,1886
1782333887.645383,1839
1782333887.646688,1859
1782333887.649258,1930
1782333887.649271,1920
1782333887.6493351,1877
1782333887.654151,1846
1782333887.6541598,1828
1782333887.654162,1807
1782333887.654165,1781
1782333887.654167,1792
1782333887.6554399,1846
1782333887.65671,1858
1782333887.657981,1856
1782333887.657985,1836
1782333887.659276,1881
1782333887.660596,1875
1782333887.661912,1864
1782333887.6619189,1863
1782333887.66322,1876
1782333887.6645,1868
1782333887.665775,1871
1782333887.6670961,1849
1782333887.6671019,1887
1782333887.668427,1906
1782333887.6697412,1893
1782333887.671065,1892
1782333887.671078,1871
1782333887.672412,1871
1782333887.673724,1855
1782333887.675034,1868
1782333887.675046,1871
1782333887.676359,1847
1782333887.678397,1818
1782333887.678408,1831
1782333887.683944,1857
1782333887.683954,1882
1782333887.683958,1900
1782333887.6839612,1852
1782333887.6839628,1825
1782333887.683965,1832
1782333887.685246,1844
1782333887.6865401,1818
1782333887.687832,1837
1782333887.6891148,1875
1782333887.689121,1850
1782333887.690441,1858
1782333887.691741,1881
1782333887.6930401,1839
1782333887.6930501,1867
1782333887.694286,1785
1782333887.695619,1783
1782333887.6969259,1817
1782333887.696938,1824
1782333887.6982322,1833
1782333887.6995358,1856
1782333887.700845,1837
1782333887.702189,1815
1782333887.702197,1754
1782333887.7035131,1785
1782333887.704834,1833
1782333887.7061381,1812
1782333887.706145,1816
1782333887.7074308,1813
1782333887.708857,1819
1782333887.709145,1807
1782333887.713436,1807
1782333887.713443,1787
1782333887.7134452,1787
1782333887.7134469,1824
1782333887.714719,1817
1782333887.715991,1775
1782333887.7159958,1834
1782333887.715997,1867
1782333887.717282,1874
1782333887.718561,1860
1782333887.719885,1871
1782333887.719906,1876
1782333887.721201,1852
1782333887.722507,1809
1782333887.723808,1823
1782333887.725117,1800
1782333887.725128,1772
1782333887.72643,1765
1782333887.7277691,1791
1782333887.72909,1839
1782333887.729097,1839
1782333887.7303948,1851
1782333887.731704,1832
1782333887.733004,1811
1782333887.733015,1826
1782333887.73431,1797
1782333887.735615,1802
1782333887.73692,1865
1782333887.7369332,1848
1782333887.73824,1853
1782333887.739543,1869
1782333887.742118,1854
1782333887.742131,1870
1782333887.7425249,1876
1782333887.746784,1910
1782333887.7467918,1954
1782333887.746794,1953
1782333887.7467961,1915
1782333887.748068,1895
1782333887.7480729,1878
1782333887.7493389,1883
1782333887.7506108,1884
1782333887.751891,1903
1782333887.751919,1926
1782333887.753242,1914
1782333887.754544,1924
1782333887.755828,1870
1782333887.757123,1822
1782333887.7571342,1786
1782333887.758446,1766
1782333887.759744,1766
1782333887.7610822,1809
1782333887.76109,1788
1782333887.762411,1791
1782333887.763714,1807
1782333887.765013,1815
1782333887.765023,1854
1782333887.7663171,1857
1782333887.767615,1862
1782333887.7689211,1859
1782333887.768932,1831
1782333887.771552,1848
1782333887.771565,1802
1782333887.773251,1785
1782333887.7733,1773
1782333887.776917,1735
1782333887.7769222,1781
1782333887.7769248,1820
1782333887.776927,1854
1782333887.778208,1844
1782333887.7794821,1861
1782333887.780752,1879
1782333887.7820458,1889
1782333887.782057,1894
1782333887.783353,1874
1782333887.784634,1856
1782333887.7859251,1832
1782333887.7859352,1844
1782333887.7872488,1870
1782333887.788568,1882
1782333887.789877,1864
1782333887.789901,1878
1782333887.791192,1846
1782333887.7924821,1834
1782333887.793565,1881
1782333887.794862,1853
1782333887.794903,1835
1782333887.796005,1867
1782333887.797308,1883
1782333887.798404,1862
1782333887.800436,1828
1782333887.800444,1852
1782333887.8052218,1871
1782333887.805228,1860
1782333887.8052301,1823
1782333887.805232,1839
1782333887.805234,1854
1782333887.806296,1849
1782333887.8075662,1831
1782333887.8088372,1839
1782333887.810176,1871
1782333887.8101828,1858
1782333887.811476,1843
1782333887.812771,1842
1782333887.81409,1861
1782333887.8141,1839
1782333887.815391,1810
1782333887.8166919,1820
1782333887.818008,1839
1782333887.8180149,1828
1782333887.819319,1829
1782333887.820622,1807
1782333887.821919,1812
1782333887.821929,1797
1782333887.8232262,1754
1782333887.8245142,1743
1782333887.825815,1769
1782333887.8269792,1802
1782333887.826988,1794
1782333887.828324,1784
1782333887.82945,1791
1782333887.8309262,1822
1782333887.830935,1793
1782333887.835252,1816
1782333887.83526,1849
1782333887.835263,1852
1782333887.835265,1865
1782333887.836541,1827
1782333887.837812,1825
1782333887.839092,1826
1782333887.839097,1847
1782333887.840395,1839
1782333887.841682,1842
1782333887.842992,1868
1782333887.843004,1865
1782333887.843006,1817
1782333887.844287,1842
1782333887.845601,1821
1782333887.846914,1834
1782333887.846922,1814
1782333887.848215,1852
1782333887.849317,1838
1782333887.850629,1855
1782333887.8519309,1851
1782333887.8519418,1861
1782333887.8532548,1862
1782333887.85456,1846
1782333887.855864,1818
1782333887.8558981,1842
1782333887.8571908,1874
1782333887.858492,1870
1782333887.859916,1887
1782333887.859921,1906
1782333887.8613398,1892
1782333887.86505,1903
1782333887.8650591,1877
1782333887.865061,1888
1782333887.865063,1939
1782333887.866343,1917
1782333887.867635,1919
1782333887.868937,1906
1782333887.868948,1899
1782333887.8702452,1903
1782333887.871538,1841
1782333887.872791,1852
1782333887.8740952,1882
1782333887.874103,1835
1782333887.875396,1770
1782333887.8779771,1770
1782333887.877991,1787
1782333887.877994,1782
1782333887.8792698,1704
1782333887.8805819,1755
1782333887.881891,1864
1782333887.8819158,1930
1782333887.883209,1917
1782333887.8845088,1883
1782333887.885814,1912
1782333887.887129,1909
1782333887.887142,1823
1782333887.888437,1788
1782333887.889722,1820
1782333887.89102,1891
1782333887.891031,1855
1782333887.892339,1798
1782333887.895956,1850
1782333887.895963,1838
1782333887.8959649,1802
1782333887.895966,1746
1782333887.897237,1802
1782333887.898506,1890
1782333887.8997881,1863
1782333887.901091,1839
1782333887.901103,1856
1782333887.902408,1820
1782333887.903734,1807
1782333887.9049249,1738
1782333887.904931,1826
1782333887.9062212,1983
1782333887.907521,1903
1782333887.9088051,1865
1782333887.910101,1899
1782333887.910112,1888
1782333887.911416,1871
1782333887.912704,1761
1782333887.913833,1850
1782333887.9151309,2031
1782333887.915137,1943
1782333887.916429,1914
1782333887.917711,1912
1782333887.91903,1896
1782333887.919038,1843
1782333887.920362,1682
1782333887.9215062,1732
1782333887.922752,1888
1782333887.9268649,1848
1782333887.926878,1845
1782333887.92688,1860
1782333887.926881,1876
1782333887.926899,1859
1782333887.928192,1721
1782333887.929475,1807
1782333887.93078,1975
1782333887.9320629,1926
1782333887.932069,1883
1782333887.933352,1906
1782333887.934641,1911
1782333887.935926,1832
1782333887.935932,1717
1782333887.937237,1737
1782333887.93852,1878
1782333887.9398,1928
1782333887.941089,1896
1782333887.941097,1805
1782333887.94238,1838
1782333887.9436579,1823
1782333887.9449532,1762
1782333887.94496,1691
1782333887.946236,1740
1782333887.947509,1865
1782333887.948778,1845
1782333887.950047,1754
1782333887.95005,1865
1782333887.9519842,1837
1782333887.951989,1771
1782333887.955675,1727
1782333887.9556842,1800
1782333887.9556859,1953
1782333887.956987,1919
1782333887.956994,1838
1782333887.958279,1854
1782333887.9595609,1836
1782333887.9609149,1813
1782333887.960923,1667
1782333887.9622679,1774
1782333887.964148,1928
1782333887.964158,1887
1782333887.966227,1860
1782333887.966235,1880
1782333887.967582,1851
1782333887.968898,1855
1782333887.968925,1768
1782333887.9702358,1831
1782333887.971607,1912
1782333887.972992,1881
1782333887.973001,1875
1782333887.974293,1900
1782333887.9743009,1910
1782333887.975591,1895
1782333887.976896,1799
1782333887.976906,1816
1782333887.978673,1898
1782333887.9799712,1900
1782333887.979979,1875
1782333887.981288,1847
1782333887.985327,1822
1782333887.9853408,1830
1782333887.985343,1775
1782333887.9853451,1812
1782333887.986645,1852
1782333887.98795,1839
1782333887.98796,1836
1782333887.98926,1847
1782333887.99056,1839
1782333887.991866,1821
1782333887.9919019,1788
1782333887.9930089,1764
1782333887.994302,1806
1782333887.995593,1806
1782333887.9968882,1783
1782333887.996896,1762
1782333887.998184,1805
1782333887.9994829,1838
1782333888.000756,1817
1782333888.002027,1832
1782333888.002031,1867
1782333888.003089,1892
1782333888.004365,1815
1782333888.005656,1823
1782333888.006948,1851
1782333888.006957,1859
1782333888.008275,1863
1782333888.009578,1807
1782333888.010658,1865
1782333888.0127769,1946
1782333888.0127842,1939
1782333888.016902,1895
1782333888.016916,1884
1782333888.016918,1879
1782333888.01692,1847
1782333888.016953,1813
1782333888.018264,1839
1782333888.019559,1846
1782333888.020834,1827
1782333888.022111,1842
1782333888.0221179,1850
1782333888.023387,1891
1782333888.024666,1886
1782333888.0259452,1870
1782333888.025951,1885
1782333888.0272279,1963
1782333888.028507,1926
1782333888.029891,1903
1782333888.0299442,1933
1782333888.0312672,1919
1782333888.032576,1914
1782333888.033877,1890
1782333888.033887,1911
1782333888.035203,1935
1782333888.036507,1887
1782333888.0378308,1894
1782333888.039146,1891
1782333888.0391612,1855
1782333888.040468,1848
1782333888.041779,1818
1782333888.043075,1816
1782333888.043082,1825
1782333888.044662,1764
1782333888.04855,1759
1782333888.048556,1769
1782333888.048558,1780
1782333888.0485601,1803
1782333888.049835,1788
1782333888.051105,1820
1782333888.051109,1862
1782333888.0523782,1860
1782333888.0536551,1876
1782333888.054935,1857
1782333888.054941,1812
1782333888.0562189,1824
1782333888.0574982,1829
1782333888.058778,1828
1782333888.060058,1844
1782333888.060064,1870
1782333888.0613408,1871
1782333888.062622,1822
1782333888.063901,1856
1782333888.063906,1844
1782333888.065183,1820
1782333888.066462,1774
1782333888.0677419,1827
1782333888.0690272,1858
1782333888.069033,1862
1782333888.070302,1871
1782333888.071574,1900
1782333888.072843,1919
1782333888.0742888,1890
1782333888.074293,1846
1782333888.078154,1831
1782333888.0781598,1870
1782333888.078161,1878
1782333888.078163,1822
1782333888.079438,1807
1782333888.08071,1781
1782333888.0819771,1804
1782333888.08198,1769
1782333888.0832498,1801
1782333888.084521,1829
1782333888.085788,1805
1782333888.087054,1802
1782333888.0870569,1787
1782333888.088336,1800
1782333888.089618,1842
1782333888.090901,1779
1782333888.0909069,1778
1782333888.092188,1837
1782333888.093468,1818
1782333888.094751,1797
1782333888.0960279,1803
1782333888.096033,1845
1782333888.097312,1836
1782333888.098597,1804
1782333888.099879,1820
1782333888.099885,1864
1782333888.1011689,1834
1782333888.10245,1839
1782333888.1042078,1844
1782333888.104212,1826
1782333888.104214,1797
1782333888.107933,1786
1782333888.1079402,1818
1782333888.1079412,1854
1782333888.1079428,1849
1782333888.109216,1833
1782333888.110502,1819
1782333888.111794,1848
1782333888.1130838,1864
1782333888.113091,1855
1782333888.1143758,1839
1782333888.1156638,1837
1782333888.1169522,1863
1782333888.116958,1880
1782333888.11824,1844
1782333888.119522,1866
1782333888.120803,1870
1782333888.1220999,1921
1782333888.1221068,1891
1782333888.1233752,1883
1782333888.124661,1892
1782333888.125948,1871
1782333888.1259542,1855
1782333888.127233,1828
1782333888.12852,1848
1782333888.129805,1846
1782333888.13109,1845
1782333888.1310961,1870
1782333888.1323788,1899
1782333888.133665,1867
1782333888.13502,1835
1782333888.135024,1842
1782333888.1391292,1823
1782333888.139133,1839
1782333888.139135,1842
1782333888.139136,1851
1782333888.140405,1852
1782333888.1416771,1844
1782333888.142956,1839
1782333888.142962,1828
1782333888.1442409,1789
1782333888.145524,1826
1782333888.146807,1812
1782333888.1480918,1801
1782333888.1480992,1833
1782333888.1493802,1842
1782333888.1506639,1874
1782333888.151947,1886
1782333888.151953,1883
1782333888.1532311,1834
1782333888.154517,1812
1782333888.155798,1826
1782333888.1570828,1871
1782333888.157089,1837
1782333888.1583722,1860
1782333888.1596532,1855
1782333888.1609259,1878
1782333888.1609302,1876
1782333888.1622112,1884
1782333888.163496,1895
1782333888.164854,1921
1782333888.1691918,1903
1782333888.169198,1884
1782333888.169199,1869
1782333888.169201,1869
1782333888.1692019,1862
1782333888.1704729,1828
1782333888.171743,1819
1782333888.173027,1791
1782333888.173033,1857
1782333888.1743171,1850
1782333888.175602,1818
1782333888.176886,1847
1782333888.1768918,1861
1782333888.178169,1865
1782333888.179451,1838
1782333888.18073,1871
1782333888.182011,1910
1782333888.182017,1899
1782333888.1833,1885
1782333888.184586,1866
1782333888.185882,1845
1782333888.1858938,1848
1782333888.187171,1832
1782333888.1884558,1858
1782333888.189734,1888
1782333888.191017,1881
1782333888.191023,1838
1782333888.1923058,1845
1782333888.1935859,1836
1782333888.1950111,1796
1782333888.195035,1765
1782333888.196749,1785
1782333888.201303,1836
1782333888.2013109,1807
1782333888.201313,1834
1782333888.201314,1871
1782333888.201316,1871
1782333888.2025979,1880
1782333888.2036438,1861
1782333888.2049332,1911
1782333888.20494,1966
1782333888.206224,1935
1782333888.2075021,1930
1782333888.2087831,1913
1782333888.210072,1909
1782333888.210079,1907
1782333888.211359,1854
1782333888.212641,1832
1782333888.2139251,1874
1782333888.213931,1845
1782333888.215212,1811
1782333888.216495,1827
1782333888.217768,1786
1782333888.2190468,1757
1782333888.219054,1734
1782333888.220327,1732
1782333888.221601,1749
1782333888.222882,1765
1782333888.222888,1794
1782333888.224172,1795
1782333888.225457,1779
1782333888.226879,1789
1782333888.226891,1805
1782333888.230907,1816
1782333888.230912,1800
1782333888.230913,1824
1782333888.230915,1855
1782333888.232188,1871
1782333888.233263,1895
1782333888.233275,1864
1782333888.234567,1817
1782333888.235855,1783
1782333888.237143,1796
1782333888.23715,1852
1782333888.238434,1831
1782333888.239715,1825
1782333888.241,1851
1782333888.2410061,1854
1782333888.2422888,1832
1782333888.243569,1846
1782333888.244852,1822
1782333888.246145,1897
1782333888.246151,1869
1782333888.247435,1820
1782333888.248713,1831
1782333888.249996,1806
1782333888.250002,1789
1782333888.251282,1784
1782333888.252554,1801
1782333888.253837,1839
1782333888.255122,1812
1782333888.2551281,1816
1782333888.256535,1835
1782333888.26059,1859
1782333888.260596,1866
1782333888.260597,1741
1782333888.2605991,1800
1782333888.261878,1945
1782333888.261888,1922
1782333888.26317,1921
1782333888.264454,1909
1782333888.265735,1907
1782333888.2670138,1902
1782333888.26702,1757
1782333888.268297,1832
1782333888.269578,1975
1782333888.270859,1914
1782333888.2721448,1864
1782333888.272151,1871
1782333888.273429,1885
1782333888.274709,1880
1782333888.275989,1763
1782333888.2759948,1784
1782333888.277271,1934
1782333888.278552,1947
1782333888.279831,1905
1782333888.2811148,1842
1782333888.281121,1878
1782333888.282397,1867
1782333888.2836711,1770
1782333888.284943,1743
1782333888.2849479,1789
1782333888.286369,1881
1782333888.2903218,1860
1782333888.290328,1801
1782333888.290329,1848
1782333888.2903302,1835
1782333888.291598,1827
1782333888.292882,1756
1782333888.292892,1807
1782333888.2941818,1934
1782333888.29546,1906
1782333888.296745,1819
1782333888.298032,1822
1782333888.298038,1871
1782333888.299319,1815
1782333888.3006,1755
1782333888.301892,1818
1782333888.3019059,1943
1782333888.303185,1887
1782333888.3044631,1829
1782333888.305745,1864
1782333888.307032,1880
1782333888.307038,1867
1782333888.308321,1701
1782333888.309598,1785
1782333888.310878,1982
1782333888.310884,1917
1782333888.312163,1827
1782333888.313449,1854
1782333888.314733,1844
1782333888.319627,1819
1782333888.3196318,1693
1782333888.319633,1775
1782333888.319635,1961
1782333888.3196359,1895
1782333888.320927,1874
1782333888.320933,1898
1782333888.3222048,1876
1782333888.323488,1853
1782333888.324769,1668
1782333888.326056,1742
1782333888.326062,1946
1782333888.327332,1920
1782333888.3286111,1899
1782333888.3298838,1892
1782333888.329888,1902
1782333888.331168,1884
1782333888.332454,1730
1782333888.333736,1740
1782333888.335022,1916
1782333888.335028,1942
1782333888.336312,1893
1782333888.337599,1868
1782333888.338884,1903
1782333888.33889,1908
1782333888.340172,1789
1782333888.341444,1775
1782333888.342714,1854
1782333888.3439841,1938
1782333888.343988,1902
1782333888.345254,1823
1782333888.346522,1907
1782333888.3477912,1832
1782333888.3518069,1759
1782333888.3518121,1704
1782333888.351813,1758
1782333888.351815,1914
1782333888.353081,1839
1782333888.3530838,1812
1782333888.35435,1941
1782333888.355618,1920
1782333888.356885,1814
1782333888.356889,1730
1782333888.3581529,1842
1782333888.3594198,2031
1782333888.360684,1979
1782333888.36195,1972
1782333888.361953,1967
1782333888.361954,1944
1782333888.3632178,1875
1782333888.364483,1670
1782333888.3657448,1757
1782333888.367009,1942
1782333888.367011,1851
1782333888.3682718,1822
1782333888.369538,1853
1782333888.370806,1825
1782333888.372074,1804
1782333888.372076,1644
1782333888.373337,1730
1782333888.374605,1903
1782333888.37587,1845
1782333888.3758762,1864
1782333888.3773298,1864
1782333888.380276,1845
1782333888.380279,1828
1782333888.38028,1711
1782333888.381541,1786
1782333888.382833,1918
1782333888.384119,1856
1782333888.385389,1801
1782333888.385391,1777
1782333888.386672,1774
1782333888.387958,1799
1782333888.387964,1725
1782333888.389245,1756
1782333888.39053,1812
1782333888.391814,1791
1782333888.393111,1789
1782333888.393117,1778
1782333888.3944151,1807
1782333888.3956962,1829
1782333888.39698,1795
1782333888.396986,1790
1782333888.39827,1838
1782333888.3995562,1871
1782333888.400825,1839
1782333888.402103,1820
1782333888.4021099,1887
1782333888.403392,1887
1782333888.4046788,1891
1782333888.4059641,1897
1782333888.4059699,1903
1782333888.407388,1940
1782333888.4101162,1923
1782333888.4101179,1933
1782333888.4101188,1909
1782333888.411384,1884
1782333888.4126542,1850
1782333888.4139352,1820
1782333888.413941,1839
1782333888.415224,1880
1782333888.416511,1853
1782333888.4177978,1863
1782333888.419082,1870
1782333888.4190872,1866
1782333888.420368,1867
1782333888.421649,1813
1782333888.4229372,1820
1782333888.4229429,1828
1782333888.424225,1789
1782333888.42551,1811
1782333888.426781,1804
1782333888.428061,1790
1782333888.4280682,1806
1782333888.429352,1805
1782333888.430639,1815
1782333888.431925,1884
1782333888.431932,1884
1782333888.433215,1887
1782333888.434502,1889
1782333888.435785,1858
1782333888.437071,1834
1782333888.437077,1817
1782333888.43836,1851
1782333888.4397628,1919
1782333888.4425,1885
1782333888.442503,1854
1782333888.442504,1847
1782333888.443768,1839
1782333888.445057,1862
1782333888.4450629,1831
1782333888.4463491,1876
1782333888.447639,1891
1782333888.448928,1861
1782333888.4489338,1839
1782333888.450221,1834
1782333888.451506,1844
1782333888.452791,1818
1782333888.454088,1818
1782333888.4540942,1799
1782333888.45538,1863
1782333888.4566689,1843
1782333888.457959,1810
1782333888.457963,1821
1782333888.4592462,1861
1782333888.460533,1855
1782333888.46183,1791
1782333888.463121,1774
1782333888.4631271,1787
1782333888.464412,1797
1782333888.465705,1804
1782333888.46699,1817
1782333888.466996,1870
1782333888.468276,1890
1782333888.4721978,1843
1782333888.472202,1851
1782333888.472203,1863
1782333888.472204,1912
1782333888.473482,1914
1782333888.4747698,1894
1782333888.4760451,1878
1782333888.4760478,1830
1782333888.477327,1815
1782333888.478612,1800
1782333888.4798982,1823
1782333888.479914,1870
1782333888.481204,1819
1782333888.482487,1826
1782333888.483777,1850
1782333888.485066,1870
1782333888.485072,1888
1782333888.486353,1867
1782333888.487634,1881
1782333888.48892,1913
1782333888.488926,1884
1782333888.490195,1897
1782333888.491474,1910
1782333888.4927602,1922
1782333888.492766,1903
1782333888.494046,1839
1782333888.4940522,1859
1782333888.495337,1886
1782333888.496626,1870
1782333888.497914,1908
1782333888.49792,1902
1782333888.499202,1870
1782333888.5008,1834
1782333888.5041778,1796
1782333888.504182,1814
1782333888.504183,1857
1782333888.504184,1832
1782333888.505449,1832
1782333888.5067148,1824
1782333888.508,1851
1782333888.5080068,1848
1782333888.50929,1834
1782333888.5105731,1843
1782333888.511858,1875
1782333888.513142,1824
1782333888.5131478,1831
1782333888.514434,1793
1782333888.5157208,1796
1782333888.5170062,1782
1782333888.517012,1766
1782333888.518294,1788
1782333888.519579,1817
1782333888.52086,1850
1782333888.522144,1882
1782333888.5221498,1878
1782333888.523432,1912
1782333888.524718,1915
1782333888.526003,1887
1782333888.526009,1874
1782333888.527286,1893
1782333888.528571,1954
1782333888.5300748,1926
1782333888.530079,1891
1782333888.533513,1874
1782333888.5335171,1857
1782333888.533518,1819
1782333888.534782,1789
1782333888.5360599,1823
1782333888.536066,1866
1782333888.537347,1801
1782333888.5386329,1788
1782333888.539914,1806
1782333888.5399199,1793
1782333888.541197,1826
1782333888.5424771,1811
1782333888.543757,1853
1782333888.545038,1851
1782333888.545044,1858
1782333888.5463219,1863
1782333888.547603,1865
1782333888.548886,1839
1782333888.548892,1819
1782333888.550169,1762
1782333888.551449,1801
1782333888.55273,1856
1782333888.5540109,1860
1782333888.555291,1834
1782333888.5552971,1838
1782333888.5565739,1843
1782333888.5578618,1814
1782333888.557877,1801
1782333888.559175,1826
1782333888.560452,1883
1782333888.563993,1866
1782333888.563997,1847
1782333888.563998,1839
1782333888.564,1818
1782333888.565265,1807
1782333888.5665421,1758
1782333888.5678232,1798
1782333888.569103,1867
1782333888.569109,1843
1782333888.570387,1842
1782333888.571668,1855
1782333888.572949,1871
1782333888.572955,1883
1782333888.574232,1875
1782333888.5755122,1867
1782333888.576791,1885
1782333888.578071,1925
1782333888.5780768,1879
1782333888.5793478,1799
1782333888.580619,1817
1782333888.581889,1795
1782333888.5818932,1765
1782333888.5831628,1730
1782333888.5844321,1775
1782333888.585699,1858
1782333888.58697,1839
1782333888.586973,1834
1782333888.5882418,1871
1782333888.589513,1899
1782333888.590785,1880
1782333888.592182,1819
1782333888.592188,1839
1782333888.5958169,1923
1782333888.5958211,1885
1782333888.595822,1854
1782333888.59709,1862
1782333888.597093,1837
1782333888.598361,1822
1782333888.599648,1763
1782333888.6009228,1806
1782333888.6009269,1864
1782333888.602192,1826
1782333888.603461,1773
1782333888.604745,1789
1782333888.6060338,1794
1782333888.6060412,1802
1782333888.6073248,1702
1782333888.608614,1757
1782333888.609899,1874
1782333888.609905,1826
1782333888.6111841,1787
1782333888.612472,1812
1782333888.6137578,1815
1782333888.615045,1789
1782333888.615051,1718
1782333888.6163359,1839
1782333888.617619,1934
1782333888.618901,1967
1782333888.618907,1956
1782333888.62019,1932
1782333888.6214762,1939
1782333888.622833,1925
1782333888.6267278,1813
1782333888.626733,1839
1782333888.626734,1917
1782333888.6267362,1935
1782333888.6267369,1923
1782333888.628022,1858
1782333888.628025,1863
1782333888.6292942,1850
1782333888.6305768,1828
1782333888.631862,1823
1782333888.633152,1836
1782333888.633159,1931
1782333888.634441,1891
1782333888.635723,1850
1782333888.637005,1914
1782333888.637011,1871
1782333888.638289,1885
1782333888.639572,1838
1782333888.640853,1856
1782333888.642153,1966
1782333888.6421602,1906
1782333888.6434429,1842
1782333888.644726,1839
1782333888.646013,1834
1782333888.646019,1790
1782333888.647297,1688
1782333888.648569,1760
1782333888.649848,1899
1782333888.651775,1855
1782333888.6517792,1836
1782333888.655504,1842
1782333888.65551,1844
1782333888.655512,1817
1782333888.655513,1686
1782333888.656783,1763
1782333888.658056,1902
1782333888.6580591,1824
1782333888.659339,1862
1782333888.66062,1883
1782333888.6619022,1852
1782333888.661908,1835
1782333888.6631858,1695
1782333888.664468,1783
1782333888.6657548,1912
1782333888.667039,1860
1782333888.667045,1853
1782333888.668322,1899
1782333888.669603,1875
1782333888.6708841,1856
1782333888.67089,1732
1782333888.672163,1790
1782333888.673443,1932
1782333888.674722,1909
1782333888.6760068,1880
1782333888.676013,1857
1782333888.67729,1842
1782333888.67857,1828
1782333888.679849,1740
1782333888.681647,1826
1782333888.681653,1913
1782333888.685558,1932
1782333888.6855638,1870
1782333888.685565,1839
1782333888.685567,1870
1782333888.6868339,1837
1782333888.688113,1743
1782333888.6881201,1738
1782333888.689392,1778
1782333888.690675,1908
1782333888.691961,1849
1782333888.691967,1759
1782333888.693246,1831
1782333888.694525,1767
1782333888.695807,1741
1782333888.6970901,1688
1782333888.697094,1788
1782333888.6983721,1967
1782333888.699659,1900
1782333888.700945,1851
1782333888.700951,1830
1782333888.702493,1793
1782333888.703788,1775
1782333888.70506,1665
1782333888.7050629,1757
1782333888.706343,1932
1782333888.707628,1866
1782333888.7089121,1851
1782333888.708918,1898
1782333888.7101939,1879
1782333888.711464,1874
1782333888.7127318,1720
1782333888.714085,1832
1782333888.714091,2031
1782333888.717924,1985
1782333888.717928,1973
1782333888.717929,1996
1782333888.71793,1959
1782333888.719195,1933
1782333888.720462,1790
1782333888.721733,1839
1782333888.7230139,1978
1782333888.72302,1938
1782333888.724302,1900
1782333888.725587,1912
1782333888.726879,1906
1782333888.7268841,1874
1782333888.7281668,1763
1782333888.7294562,1835
1782333888.730727,1922
1782333888.732007,1910
1782333888.732013,1851
1782333888.7332962,1858
1782333888.734584,1830
1782333888.735879,1806
1782333888.735896,1727
1782333888.737173,1758
1782333888.7384589,1823
1782333888.7397451,1833
1782333888.74103,1803
1782333888.741036,1783
1782333888.7423072,1812
1782333888.743742,1794
1782333888.747641,1788
1782333888.747645,1771
1782333888.7476459,1834
1782333888.747647,1884
1782333888.748987,1835
1782333888.748992,1775
1782333888.750271,1812
1782333888.751555,1825
1782333888.7515619,1798
1782333888.752845,1799
1782333888.754158,1826
1782333888.754164,1869
1782333888.755445,1850
1782333888.7567308,1850
1782333888.758017,1807
1782333888.758023,1868
1782333888.759305,1875
1782333888.760585,1834
1782333888.7618718,1836
1782333888.761887,1878
1782333888.7631779,1865
1782333888.764461,1854
1782333888.765745,1856
1782333888.76703,1846
1782333888.767036,1844
1782333888.768317,1796
1782333888.769599,1828
1782333888.770884,1861
1782333888.7709,1815
1782333888.772195,1850
1782333888.773974,1876
1782333888.773979,1888
1782333888.777605,1884
1782333888.777608,1828
1782333888.77761,1807
1782333888.7788742,1825
1782333888.778877,1795
1782333888.780153,1796
1782333888.7814379,1816
1782333888.7827132,1817
1782333888.7839942,1826
1782333888.784,1788
1782333888.785277,1791
1782333888.786556,1832
1782333888.787838,1848
1782333888.789143,1850
1782333888.789149,1845
1782333888.79043,1856
1782333888.791716,1855
1782333888.792999,1836
1782333888.793005,1835
1782333888.7942872,1887
1782333888.795583,1876
1782333888.796874,1865
1782333888.796889,1869
1782333888.79835,1917
1782333888.799634,1935
1782333888.800919,1903
1782333888.800925,1877
1782333888.8022022,1914
1782333888.8034859,1903
1782333888.8047612,1896
1782333888.808486,1862
1782333888.80849,1882
1782333888.808492,1887
1782333888.8084931,1867
1782333888.809762,1835
1782333888.811038,1892
1782333888.811043,1935
1782333888.812324,1915
1782333888.81361,1885
1782333888.814893,1855
1782333888.8149,1836
1782333888.816182,1839
1782333888.817466,1798
1782333888.818748,1781
1782333888.820029,1822
1782333888.820035,1820
1782333888.8213131,1826
1782333888.822596,1811
1782333888.823881,1825
1782333888.8238888,1826
1782333888.825173,1795
1782333888.826459,1823
1782333888.8277,1875
1782333888.828987,1860
1782333888.828993,1866
1782333888.830275,1886
1782333888.83156,1882
1782333888.832841,1848
1782333888.834346,1826
1782333888.83435,1813
1782333888.838419,1831
1782333888.838423,1790
1782333888.838424,1829
1782333888.8384252,1824
1782333888.839692,1839
1782333888.840974,1828
1782333888.84098,1793
1782333888.842259,1807
1782333888.843531,1854
1782333888.844807,1834
1782333888.846089,1793
1782333888.846095,1791
1782333888.8473759,1814
1782333888.848665,1819
1782333888.8499498,1786
1782333888.849956,1792
1782333888.8512378,1833
1782333888.8525188,1826
1782333888.853802,1795
1782333888.855087,1791
1782333888.855094,1805
1782333888.8563762,1846
1782333888.857661,1849
1782333888.858947,1829
1782333888.858954,1799
1782333888.8602319,1839
1782333888.861515,1875
1782333888.8628008,1864
1782333888.8640761,1909
1782333888.864079,1910
1782333888.8679209,1902
1782333888.867924,1899
1782333888.867925,1892
1782333888.8679261,1954
1782333888.869191,1901
1782333888.870465,1860
1782333888.871666,1880
1782333888.872951,1834
1782333888.872959,1816
1782333888.874238,1774
1782333888.8754208,1784
1782333888.876705,1800
1782333888.8779898,1833
1782333888.8779972,1829
1782333888.879274,1832
1782333888.87928,1845
1782333888.880567,1855
1782333888.8818402,1812
1782333888.8831098,1822
1782333888.883114,1843
1782333888.8843899,1842
1782333888.8856719,1821
1782333888.8869529,1823
1782333888.886959,1792
1782333888.8882391,1807
1782333888.8895109,1792
1782333888.89078,1816
1782333888.892061,1846
1782333888.893346,1825
1782333888.893352,1800
1782333888.8946319,1830
1782333888.8964312,1807
1782333888.896435,1815
1782333888.900485,1814
1782333888.9004889,1832
1782333888.90049,1871
1782333888.900491,1901
1782333888.901757,1881
1782333888.902853,1896
1782333888.902865,1891
1782333888.90415,1912
1782333888.90544,1878
1782333888.906712,1879
1782333888.907996,1912
1782333888.908003,1919
1782333888.909287,1871
1782333888.910568,1882
1782333888.91185,1898
1782333888.913142,1908
1782333888.9131489,1916
1782333888.914432,1897
1782333888.9157062,1839
1782333888.916987,1797
1782333888.916994,1763
1782333888.91828,1762
1782333888.919563,1747
1782333888.920846,1761
1782333888.922144,1785
1782333888.922148,1805
1782333888.9234161,1795
1782333888.924701,1849
1782333888.926118,1855
1782333888.926121,1850
1782333888.930181,1882
1782333888.930184,1860
1782333888.9301848,1902
1782333888.930186,1866
1782333888.931457,1848
1782333888.932731,1871
1782333888.934016,1842
1782333888.934023,1844
1782333888.9352891,1839
1782333888.936566,1838
1782333888.937865,1862
1782333888.937879,1845
1782333888.9391801,1839
1782333888.940473,1892
1782333888.9417448,1900
1782333888.9430249,1890
1782333888.943031,1883
1782333888.944312,1895
1782333888.945583,1913
1782333888.94686,1878
1782333888.946877,1894
1782333888.948145,1912
1782333888.949435,1909
1782333888.9507241,1901
1782333888.952009,1897
1782333888.9520159,1915
1782333888.953297,1923
1782333888.9545841,1879
1782333888.9561422,1887
1782333888.956146,1917
1782333888.95978,1903
1782333888.959784,1884
1782333888.959785,1890
1782333888.961049,1834
1782333888.961052,1839
1782333888.962348,1807
1782333888.963634,1807
1782333888.964909,1818
1782333888.9649122,1805
1782333888.966191,1813
1782333888.967477,1821
1782333888.968758,1833
1782333888.970038,1851
1782333888.970044,1802
1782333888.971324,1842
1782333888.972608,1852
1782333888.973891,1860
1782333888.973897,1848
1782333888.975179,1839
1782333888.976463,1878
1782333888.9777431,1881
1782333888.979029,1873
1782333888.979035,1836
1782333888.980318,1878
1782333888.9815931,1883
1782333888.982877,1861
1782333888.9828942,1850
1782333888.984174,1865
1782333888.985764,1833
1782333888.9899259,1829
1782333888.98993,1769
1782333888.989931,1775
1782333888.989932,1852
1782333888.989934,1829
1782333888.99121,1838
1782333888.992488,1864
1782333888.99377,1849
1782333888.99505,1843
1782333888.9950562,1751
1782333888.9963388,1834
1782333888.997637,1953
1782333888.998924,1935
1782333888.99893,1899
1782333889.000211,1871
1782333889.001493,1858
1782333889.002774,1852
1782333889.004061,1733
1782333889.0040681,1739
1782333889.0053492,1830
1782333889.006621,1795
1782333889.007901,1783
1782333889.007908,1798
1782333889.0091891,1839
1782333889.0104692,1836
1782333889.011748,1742
1782333889.011755,1796
1782333889.013036,1902
1782333889.013042,1873
1782333889.014323,1819
1782333889.0156102,1787
1782333889.020324,1814
1782333889.020328,1818
1782333889.020329,1734
1782333889.02033,1779
1782333889.020331,1895
1782333889.021603,1839
1782333889.0228999,1810
1782333889.0229099,1794
1782333889.024194,1844
1782333889.02548,1871
1782333889.026753,1828
1782333889.028033,1806
1782333889.02804,1855
1782333889.0293188,1941
1782333889.03059,1878
1782333889.031859,1821
1782333889.033144,1899
1782333889.03315,1877
1782333889.0344331,1834
1782333889.035713,1775
1782333889.0369852,1782
1782333889.036989,1836
1782333889.038269,1812
1782333889.039555,1782
1782333889.0408351,1876
1782333889.04212,1868
1782333889.0421262,1820
1782333889.0434072,1738
1782333889.044704,1795
1782333889.04599,1876
1782333889.045996,1842
1782333889.047265,1845
1782333889.051071,1866
1782333889.051075,1868
1782333889.0510762,1887
1782333889.0510771,1746
1782333889.052342,1770
1782333889.053612,1915
1782333889.054894,1909
1782333889.054901,1899
1782333889.056185,1910
1782333889.057467,1854
1782333889.0587509,1838
1782333889.060033,1709
1782333889.06004,1749
1782333889.0613198,1857
1782333889.0638762,1815
1782333889.063885,1803
1782333889.0638878,1819
1782333889.0651698,1839
1782333889.066453,1848
1782333889.067734,1703
1782333889.069005,1757
1782333889.0690079,1901
1782333889.070283,1869
1782333889.071553,1880
1782333889.072829,1856
1782333889.0741131,1854
1782333889.074121,1858
1782333889.0753999,1749
1782333889.0766678,1785
1782333889.081234,1919
1782333889.081238,1943
1782333889.0812402,1903
1782333889.0812411,1874
1782333889.081242,1913
1782333889.082505,1916
1782333889.083782,1823
1782333889.08505,1865
1782333889.085052,1950
1782333889.086327,1988
1782333889.0876071,1941
1782333889.088887,1871
1782333889.088893,1950
1782333889.0901701,1934
1782333889.091448,1866
1782333889.0927172,1815
1782333889.093983,1845
1782333889.093986,1952
1782333889.09526,1883
1782333889.09654,1820
1782333889.0978198,1876
1782333889.0990999,1831
1782333889.0991051,1813
1782333889.1003819,1762
1782333889.101656,1778
1782333889.1029298,1881
1782333889.1029341,1855
1782333889.104203,1811
1782333889.105473,1763
1782333889.1067462,1763
1782333889.108254,1747
1782333889.108257,1722
1782333889.112066,1761
1782333889.1120691,1858
1782333889.1120708,1814
1782333889.112072,1820
1782333889.113337,1836
1782333889.1146162,1855
1782333889.1158988,1842
1782333889.115905,1802
1782333889.1171892,1832
1782333889.1184692,1889
1782333889.119748,1843
1782333889.1210299,1804
1782333889.121035,1775
1782333889.1223161,1775
1782333889.123601,1795
1782333889.124885,1755
1782333889.124892,1773
1782333889.126174,1807
1782333889.127456,1833
1782333889.128741,1829
1782333889.130024,1778
1782333889.1300302,1787
1782333889.131308,1773
1782333889.132589,1757
1782333889.1338592,1807
1782333889.1338618,1853
1782333889.135136,1857
1782333889.136418,1852
1782333889.137703,1814
1782333889.138989,1822
1782333889.138994,1845
1782333889.138998,1859
1782333889.140525,1871
1782333889.1445918,1888
1782333889.1445959,1918
1782333889.144598,1929
1782333889.144599,1886
1782333889.145909,1919
1782333889.1459389,1914
1782333889.147228,1899
1782333889.1485188,1858
1782333889.1498072,1850
1782333889.151123,1851
1782333889.1511302,1866
1782333889.152412,1812
1782333889.153683,1851
1782333889.15496,1867
1782333889.154967,1862
1782333889.156249,1858
1782333889.15753,1874
1782333889.1588118,1903
1782333889.160107,1929
1782333889.1601129,1894
1782333889.161391,1877
1782333889.162678,1884
1782333889.1639628,1896
1782333889.163969,1862
1782333889.165251,1896
1782333889.1665359,1909
1782333889.167828,1932
1782333889.169109,1910
1782333889.1691148,1884
1782333889.1704352,1833
1782333889.1745532,1828
1782333889.174556,1770
1782333889.174557,1791
1782333889.1745589,1831
1782333889.175833,1788
1782333889.1771011,1765
1782333889.1771038,1805
1782333889.1783838,1848
1782333889.179671,1866
1782333889.180951,1837
1782333889.1809568,1861
1782333889.18224,1900
1782333889.183525,1884
1782333889.1848068,1850
1782333889.186089,1807
1782333889.1860962,1800
1782333889.187364,1807
1782333889.1886442,1772
1782333889.189931,1778
1782333889.1899369,1857
1782333889.191218,1871
1782333889.192503,1849
1782333889.193783,1845
1782333889.1950662,1843
1782333889.195072,1827
1782333889.196348,1818
1782333889.197633,1814
1782333889.198914,1855
1782333889.198921,1860
1782333889.2002199,1868
1782333889.204572,1828
1782333889.204575,1833
1782333889.204577,1827
1782333889.2045782,1867
1782333889.205842,1865
1782333889.207108,1867
1782333889.207111,1905
1782333889.20839,1898
1782333889.209672,1887
1782333889.210952,1921
1782333889.210958,1927
1782333889.212236,1877
1782333889.2135181,1805
1782333889.214803,1802
1782333889.216088,1839
1782333889.216094,1807
1782333889.2173738,1828
1782333889.218654,1842
1782333889.219934,1842
1782333889.2199402,1818
1782333889.2212212,1819
1782333889.222506,1834
1782333889.223777,1878
1782333889.2250571,1857
1782333889.2250628,1886
1782333889.226333,1868
1782333889.227605,1847
1782333889.2288861,1812
1782333889.228893,1783
1782333889.230174,1828
1782333889.235203,1903
1782333889.2352068,1867
1782333889.235208,1849
1782333889.235209,1844
1782333889.235211,1877
1782333889.236489,1882
1782333889.2377632,1853
1782333889.2390451,1836
1782333889.239051,1876
1782333889.240333,1858
1782333889.2416131,1856
1782333889.2428951,1848
1782333889.242901,1877
1782333889.244179,1871
1782333889.24546,1843
1782333889.2467442,1813
1782333889.248031,1874
1782333889.248037,1871
1782333889.2493188,1860
1782333889.250604,1826
1782333889.2518861,1815
1782333889.2518919,1807
1782333889.2531688,1799
1782333889.254455,1823
1782333889.255741,1866
1782333889.257026,1881
1782333889.257032,1874
1782333889.258315,1780
1782333889.2596,1829
1782333889.2649522,1801
1782333889.2649548,1764
1782333889.264956,1761
1782333889.264958,1780
1782333889.2649589,1793
1782333889.26496,1785
1782333889.266241,1775
1782333889.267529,1823
1782333889.268806,1844
1782333889.268811,1839
1782333889.270092,1826
1782333889.270099,1874
1782333889.2713778,1897
1782333889.2726579,1850
1782333889.273938,1837
1782333889.2739441,1844
1782333889.275222,1859
1782333889.276503,1846
1782333889.277781,1856
1782333889.27906,1864
1782333889.2790651,1897
1782333889.2803452,1894
1782333889.281625,1919
1782333889.282898,1933
1782333889.282902,1892
1782333889.2841759,1856
1782333889.285457,1844
1782333889.2867389,1871
1782333889.288019,1933
1782333889.288026,1898
1782333889.289303,1880
1782333889.291381,1866
1782333889.2913878,1822
1782333889.295935,1813
1782333889.2959402,1775
1782333889.295941,1781
1782333889.295943,1781
1782333889.295944,1786
1782333889.297239,1817
1782333889.298517,1841
1782333889.299801,1854
1782333889.3010921,1842
1782333889.3011,1806
1782333889.302369,1820
1782333889.303647,1882
1782333889.304929,1883
1782333889.304936,1835
1782333889.30622,1817
1782333889.3075058,1856
1782333889.308779,1891
1782333889.3100622,1854
1782333889.310068,1820
1782333889.311348,1811
1782333889.3126369,1810
1782333889.3139231,1811
1782333889.3139288,1799
1782333889.315211,1805
1782333889.316492,1791
1782333889.317775,1758
1782333889.319057,1792
1782333889.319063,1820
1782333889.320346,1833
1782333889.322342,1837
1782333889.322349,1810
1782333889.327034,1807
1782333889.327038,1839
1782333889.327039,1855
1782333889.32704,1839
1782333889.327042,1870
1782333889.328311,1960
1782333889.3295848,1921
1782333889.330875,1908
1782333889.330892,1935
1782333889.33217,1943
1782333889.333455,1931
1782333889.334734,1884
1782333889.336014,1915
1782333889.336021,1960
1782333889.337298,1935
1782333889.338583,1903
1782333889.339872,1898
1782333889.339888,1892
1782333889.341184,1882
1782333889.342467,1784
1782333889.343738,1807
1782333889.345014,1927
1782333889.345021,1890
1782333889.346302,1902
1782333889.347573,1909
1782333889.348851,1911
1782333889.3501482,1961
1782333889.350154,1831
1782333889.351577,1826
1782333889.356176,1932
1782333889.356179,1814
1782333889.356181,1799
1782333889.356182,1814
1782333889.356183,1803
1782333889.357454,1806
1782333889.358738,1696
1782333889.360023,1749
1782333889.36003,1859
1782333889.3613062,1861
1782333889.362585,1852
1782333889.363874,1824
1782333889.363891,1865
1782333889.36518,1862
1782333889.366465,1780
1782333889.3677351,1759
1782333889.369003,1824
1782333889.369007,1875
1782333889.3702872,1855
1782333889.371572,1815
1782333889.372852,1844
1782333889.3741481,1845
1782333889.374154,1796
1782333889.375454,1820
1782333889.376748,1869
1782333889.378038,1954
1782333889.378046,1896
1782333889.3793302,1820
1782333889.3806138,1861
1782333889.3821492,1839
1782333889.382154,1807
1782333889.386954,1791
1782333889.386959,1804
1782333889.386961,1921
1782333889.386962,1887
1782333889.386963,1850
1782333889.38825,1844
1782333889.38952,1814
1782333889.390804,1795
1782333889.3920891,1721
1782333889.392093,1775
1782333889.393374,1903
1782333889.394658,1874
1782333889.395945,1845
1782333889.3959522,1875
1782333889.397231,1880
1782333889.398518,1849
1782333889.399819,1742
1782333889.399824,1787
1782333889.401109,1894
1782333889.401116,1839
1782333889.402387,1844
1782333889.4036689,1854
1782333889.4049559,1870
1782333889.404962,1844
1782333889.406244,1689
1782333889.407525,1738
1782333889.408797,1886
1782333889.410079,1830
1782333889.410086,1813
1782333889.415348,1816
1782333889.415352,1823
1782333889.415354,1822
1782333889.415355,1739
1782333889.415356,1784
1782333889.416627,1909
1782333889.4179049,1882
1782333889.417911,1875
1782333889.419178,1874
1782333889.42046,1922
1782333889.4217448,1880
1782333889.423033,1782
1782333889.42304,1807
1782333889.4243178,1891
1782333889.425602,1886
1782333889.426882,1839
1782333889.4268868,1794
1782333889.4281652,1866
1782333889.4294488,1838
1782333889.430746,1768
1782333889.4320178,1727
1782333889.432022,1805
1782333889.433302,1932
1782333889.434588,1890
1782333889.435871,1795
1782333889.435877,1855
1782333889.4371588,1839
1782333889.438443,1782
1782333889.439722,1703
1782333889.4410071,1757
1782333889.441013,1894
1782333889.4422941,1870
1782333889.443818,1839
1782333889.4485319,1859
1782333889.4485362,1866
1782333889.448538,1839
1782333889.4485388,1732
1782333889.44854,1750
1782333889.449808,1913
1782333889.4510982,1867
1782333889.451104,1817
1782333889.45238,1847
1782333889.453652,1813
1782333889.4549298,1846
1782333889.454937,1700
1782333889.4562051,1780
1782333889.457484,1927
1782333889.4587688,1879
1782333889.460055,1863
1782333889.4600608,1888
1782333889.461341,1829
1782333889.462625,1805
1782333889.463906,1661
1782333889.463912,1751
1782333889.46519,1895
1782333889.466471,1860
1782333889.4677582,1847
1782333889.469036,1895
1782333889.4690392,1886
1782333889.470319,1878
1782333889.4716039,1759
1782333889.472875,1839
1782333889.472878,1980
1782333889.4780521,1961
1782333889.478057,1950
1782333889.478058,1959
1782333889.478059,1940
1782333889.47806,1933
1782333889.4793432,1777
1782333889.4806159,1780
1782333889.481899,1871
1782333889.481906,1893
1782333889.4831848,1839
1782333889.484467,1798
1782333889.485739,1847
1782333889.48702,1862
1782333889.487026,1814
1782333889.488307,1756
1782333889.489592,1804
1782333889.490879,1911
1782333889.490885,1895
1782333889.492152,1828
1782333889.493419,1894
1782333889.494702,1862
1782333889.495988,1826
1782333889.495994,1765
1782333889.497272,1833
1782333889.498559,1951
1782333889.499841,1892
1782333889.501127,1846
1782333889.5011342,1897
1782333889.5024042,1900
1782333889.503726,1871
1782333889.508299,1735
1782333889.508302,1759
1782333889.5083039,1935
1782333889.5083048,1871
1782333889.508306,1856
1782333889.50959,1914
1782333889.510859,1933
1782333889.510863,1910
1782333889.5121422,1764
1782333889.513424,1861
1782333889.51471,1999
1782333889.515996,1917
1782333889.516002,1867
1782333889.517285,1879
1782333889.5185559,1844
1782333889.519835,1843
1782333889.5211039,1704
1782333889.521108,1788
1782333889.5223958,1935
1782333889.523669,1876
1782333889.524951,1855
1782333889.524957,1871
1782333889.52624,1867
1782333889.527522,1884
1782333889.5288022,1711
1782333889.530088,1769
1782333889.5300941,1900
1782333889.5313761,1883
1782333889.531382,1906
1782333889.532664,1884
1782333889.53459,1887
1782333889.534595,1886
1782333889.5387971,1729
1782333889.538801,1734
1782333889.538802,1883
1782333889.5388029,1892
1782333889.540071,1853
1782333889.5400739,1846
1782333889.5413508,1884
1782333889.542638,1854
1782333889.54392,1807
1782333889.543926,1787
1782333889.545204,1850
1782333889.546486,1949
1782333889.547773,1895
1782333889.5490592,1812
1782333889.5490649,1915
1782333889.550347,1895
1782333889.55163,1829
1782333889.552911,1753
1782333889.552918,1799
1782333889.554189,1919
1782333889.555465,1906
1782333889.55675,1900
1782333889.558037,1903
1782333889.5580428,1859
1782333889.5593238,1835
1782333889.5606048,1711
1782333889.561878,1763
1782333889.561881,1897
1782333889.563902,1803
1782333889.5639071,1774
1782333889.568129,1801
1782333889.5681322,1813
1782333889.568133,1815
1782333889.568135,1674
1782333889.569398,1751
1782333889.571947,1935
1782333889.571952,1855
1782333889.571954,1843
1782333889.57323,1856
1782333889.5745049,1834
1782333889.5757859,1811
1782333889.577058,1663
1782333889.5770612,1766
1782333889.578339,1932
1782333889.579614,1910
1782333889.580891,1913
1782333889.580897,1938
1782333889.582178,1924
1782333889.583461,1885
1782333889.584745,1760
1782333889.586027,1810
1782333889.5860329,1973
1782333889.5873039,1903
1782333889.588584,1881
1782333889.589876,1890
1782333889.589893,1871
1782333889.591192,1824
1782333889.5924852,1702
1782333889.593764,1738
1782333889.5953338,1863
1782333889.5953379,1886
1782333889.5995479,1839
1782333889.599553,1798
1782333889.599554,1846
1782333889.599555,1794
1782333889.6008189,1742
1782333889.602085,1711
1782333889.602088,1795
1782333889.6033669,1880
1782333889.604655,1835
1782333889.605942,1734
1782333889.6059468,1814
1782333889.60723,1797
1782333889.608516,1757
1782333889.609788,1652
1782333889.611068,1748
1782333889.611074,1880
1782333889.612355,1868
1782333889.613641,1857
1782333889.6149251,1913
1782333889.6149309,1889
1782333889.616213,1845
1782333889.617493,1706
1782333889.618762,1798
1782333889.620044,1951
1782333889.62005,1862
1782333889.62133,1875
1782333889.622616,1916
1782333889.623899,1891
1782333889.623905,1876
1782333889.6251872,1721
1782333889.630443,1829
1782333889.6304471,1975
1782333889.630448,1930
1782333889.6304488,1964
1782333889.630451,1997
1782333889.631715,1970
1782333889.633,1933
1782333889.633007,1758
1782333889.634279,1844
1782333889.6355462,2020
1782333889.636827,1927
1782333889.638109,1878
1782333889.6381152,1892
1782333889.6393988,1869
1782333889.640689,1859
1782333889.6419709,1716
1782333889.641977,1772
1782333889.643258,1958
1782333889.644544,1912
1782333889.64583,1877
1782333889.6471128,1893
1782333889.647119,1894
1782333889.648402,1918
1782333889.649684,1766
1782333889.6509702,1800
1782333889.650976,1903
1782333889.65225,1903
1782333889.653533,1855
1782333889.6548228,1839
1782333889.6560938,1863
1782333889.656097,1859
1782333889.6600902,1782
1782333889.6600928,1780
1782333889.660095,1838
1782333889.660096,1884
1782333889.661369,1846
1782333889.662654,1781
1782333889.662661,1811
1782333889.6639428,1836
1782333889.66395,1782
1782333889.665233,1723
1782333889.666506,1774
1782333889.6677902,1885
1782333889.6690629,1870
1782333889.669067,1833
1782333889.670345,1897
1782333889.671631,1866
1782333889.672915,1800
1782333889.6729212,1741
1782333889.674201,1820
1782333889.675484,1906
1782333889.676768,1851
1782333889.6780531,1819
1782333889.678059,1837
1782333889.679328,1819
1782333889.680608,1791
1782333889.681891,1662
1782333889.681897,1742
1782333889.683166,1910
1782333889.684445,1824
1782333889.685952,1806
1782333889.6860569,1825
1782333889.6900532,1806
1782333889.6900558,1796
1782333889.690058,1654
1782333889.690059,1691
1782333889.691324,1903
1782333889.6926029,1908
1782333889.69388,1900
1782333889.693883,1923
1782333889.695159,1879
1782333889.69643,1869
1782333889.697715,1727
1782333889.698991,1825
1782333889.699002,1999
1782333889.700282,1945
1782333889.701567,1958
1782333889.702851,1935
1782333889.7041411,1917
1782333889.7041469,1869
1782333889.705426,1723
1782333889.7067049,1775
1782333889.707993,1931
1782333889.707999,1916
1782333889.7092822,1892
1782333889.710559,1876
1782333889.711839,1885
1782333889.7131221,1879
1782333889.713129,1781
1782333889.7144058,1764
1782333889.719455,1823
1782333889.719458,1894
1782333889.719459,1845
1782333889.7194612,1758
1782333889.719462,1857
1782333889.720725,1838
1782333889.722003,1838
1782333889.7220092,1789
1782333889.723281,1844
1782333889.7245529,1954
1782333889.725835,1888
1782333889.727113,1847
1782333889.727117,1887
1782333889.728394,1860
1782333889.729682,1812
1782333889.7309692,1732
1782333889.730976,1803
1782333889.7322571,1911
1782333889.733542,1866
1782333889.734826,1883
1782333889.736112,1909
1782333889.736118,1864
1782333889.737399,1845
1782333889.738679,1750
1782333889.739964,1781
1782333889.741248,1948
1782333889.7412539,1903
1782333889.7425349,1886
1782333889.74382,1914
1782333889.745089,1919
1782333889.745093,1890
1782333889.7463732,1756
1782333889.747757,1812
1782333889.752417,1977
1782333889.7524202,1913
1782333889.7524219,1852
1782333889.7524228,1838
1782333889.752424,1817
1782333889.7537038,1812
1782333889.755011,1695
1782333889.755018,1729
1782333889.756303,1888
1782333889.757589,1843
1782333889.758872,1802
1782333889.758878,1791
1782333889.760155,1788
1782333889.761436,1783
1782333889.762718,1686
1782333889.763993,1718
1782333889.763996,1877
1782333889.7652748,1863
1782333889.766561,1842
1782333889.7678442,1804
1782333889.76912,1824
1782333889.769123,1830
1782333889.770402,1723
1782333889.7716758,1754
1782333889.772952,1851
1782333889.7729568,1935
1782333889.7742379,1893
1782333889.7755232,1855
1782333889.7768052,1923
1782333889.7819788,1922
1782333889.781982,1880
1782333889.781984,1849
1782333889.781985,1839
1782333889.781986,1954
1782333889.7819872,1906
1782333889.78327,1832
1782333889.784548,1871
1782333889.785833,1867
1782333889.78585,1817
1782333889.7871292,1727
1782333889.788415,1774
1782333889.7896829,1912
1782333889.790965,1916
1782333889.7909708,1878
1782333889.792254,1908
1782333889.7935412,1883
1782333889.793547,1891
1782333889.794827,1762
1782333889.7961001,1823
1782333889.796104,1924
1782333889.7973828,1916
1782333889.79867,1852
1782333889.799951,1866
1782333889.799958,1844
1782333889.801236,1818
1782333889.802517,1692
1782333889.8037918,1786
1782333889.805074,1897
1782333889.8050802,1865
1782333889.806358,1813
1782333889.808268,1807
1782333889.808272,1815
1782333889.812596,1822
1782333889.812601,1695
1782333889.812602,1737
1782333889.812603,1878
1782333889.8138728,1815
1782333889.813876,1747
1782333889.815146,1727
1782333889.816428,1757
1782333889.817715,1766
1782333889.818996,1666
1782333889.8190022,1723
1782333889.82028,1876
1782333889.821549,1854
1782333889.8228312,1850
1782333889.8241222,1857
1782333889.824128,1899
1782333889.825411,1848
1782333889.826695,1799
1782333889.8279822,1839
1782333889.827988,1935
1782333889.829268,1930
1782333889.8305569,1903
1782333889.83183,1855
1782333889.8330991,1930
1782333889.8331032,1916
1782333889.834383,1847
1782333889.835667,1827
1782333889.836954,1843
1782333889.83696,1939
1782333889.8382442,1909
1782333889.840163,1836
1782333889.8401668,1910
1782333889.841439,1898
1782333889.858301,1880
1782333889.8583071,1790
1782333889.858331,1806
1782333889.858334,1886
1782333889.858335,1866
1782333889.858336,1830
1782333889.858337,1842
1782333889.858338,1832
1782333889.858339,1881
1782333889.858339,1798
1782333889.85834,1853
1782333889.8583412,1943
1782333889.858342,1882
1782333889.858343,1864
1782333889.8583438,1871
1782333889.858345,1895
1782333889.858346,1893
1782333889.8596292,1852
1782333889.863189,1889
1782333889.863192,1954
1782333889.863193,1886
1782333889.8631942,1858
1782333889.864457,1860
1782333889.865741,1818
1782333889.867032,1802
1782333889.867039,1767
1782333889.868321,1832
1782333889.869591,1949
1782333889.882102,1926
1782333889.882108,1887
1782333889.882109,1868
1782333889.8821099,1855
1782333889.8821099,1826
1782333889.882111,1775
1782333889.882112,1835
1782333889.882113,1854
1782333889.882114,1843
1782333889.8821151,1834
1782333889.882116,1822
1782333889.882116,1828
1782333889.882117,1828
1782333889.8833852,1857
1782333889.884649,1875
1782333889.887809,1899
1782333889.887818,1901
1782333889.887819,1868
1782333889.889087,1828
1782333889.88909,1816
1782333889.890352,1790
1782333889.891617,1768
1782333889.892898,1752
1782333889.892905,1787
1782333889.894175,1773
1782333889.895453,1781
1782333889.8967412,1773
1782333889.898025,1807
1782333889.898031,1823
1782333889.899311,1802
1782333889.9005802,1790
1782333889.911763,1807
1782333889.911766,1855
1782333889.911767,1835
1782333889.911768,1814
1782333889.9117692,1847
1782333889.9117692,1876
1782333889.91177,1866
1782333889.9117708,1833
1782333889.911772,1838
1782333889.911772,1896
1782333889.911773,1860
1782333889.913045,1863
1782333889.913048,1903
1782333889.916706,1922
1782333889.9167092,1924
1782333889.91671,1852
1782333889.9179919,1855
1782333889.917999,1911
1782333889.919272,1864
1782333889.920555,1807
1782333889.921839,1826
1782333889.923126,1805
1782333889.923133,1822
1782333889.9244149,1802
1782333889.9257028,1850
1782333889.926996,1888
1782333889.927003,1837
1782333889.927006,1854
1782333889.928289,1869
1782333889.929595,1836
1782333889.9309492,1858
1782333889.9309509,1825
1782333889.9418628,1848
1782333889.941866,1902
1782333889.941866,1886
1782333889.941867,1866
1782333889.941868,1862
1782333889.941868,1857
1782333889.941869,1849
1782333889.94187,1819
1782333889.94187,1832
1782333889.9418712,1850
1782333889.9418721,1835
1782333889.943137,1855
1782333889.946733,1875
1782333889.946736,1866
1782333889.9467368,1829
1782333889.948006,1811
1782333889.9480078,1798
1782333889.949292,1791
1782333889.950575,1819
1782333889.951859,1819
1782333889.951875,1822
1782333889.9531891,1874
1782333889.954475,1885
1782333889.955744,1851
1782333889.957027,1830
1782333889.9570339,1894
1782333889.9583192,1913
1782333889.9596019,1895
1782333889.971214,1860
1782333889.9712179,1855
1782333889.971228,1818
1782333889.9712288,1821
1782333889.9712288,1786
1782333889.97123,1772
1782333889.971231,1800
1782333889.971232,1794
1782333889.971232,1779
1782333889.9712331,1782
1782333889.971234,1826
1782333889.971234,1879
1782333889.972453,1855
1782333889.975939,1910
1782333889.9759412,1922
1782333889.975942,1871
1782333889.9759429,1869
1782333889.977207,1839
1782333889.97849,1805
1782333889.979774,1806
1782333889.981051,1758
1782333889.981055,1824
1782333889.9823391,1887
1782333889.9836302,1854
1782333889.984921,1849
1782333889.984927,1862
1782333889.986209,1866
1782333889.987492,1812
1782333889.988775,1781
1782333889.99006,1817
1782333889.9900658,1845
1782333889.99135,1831
1782333889.9928021,1839
1782333890.003383,1847
1782333890.003385,1848
1782333890.003386,1814
1782333890.003387,1844
1782333890.003387,1825
1782333890.003388,1874
1782333890.003389,1880
1782333890.0033898,1864
1782333890.0033898,1874
1782333890.003391,1887
1782333890.003392,1898
1782333890.004658,1881
1782333890.007881,1839
1782333890.007883,1802
1782333890.007884,1818
1782333890.007885,1810
1782333890.009168,1800
1782333890.0104342,1850
1782333890.0117,1856
1782333890.012983,1836
1782333890.012989,1854
1782333890.014273,1863
1782333890.015557,1832
1782333890.016842,1826
1782333890.0181289,1843
1782333890.018135,1883
1782333890.0194151,1932
1782333890.020635,1919
1782333890.032154,1906
1782333890.032157,1948
1782333890.03218,1976
1782333890.032182,1930
1782333890.032183,1868
1782333890.0321841,1852
1782333890.0321841,1898
1782333890.032185,1874
1782333890.032186,1838
1782333890.032186,1862
1782333890.032187,1867
1782333890.032188,1875
1782333890.033453,1901
1782333890.0366569,1927
1782333890.03666,1887
1782333890.036661,1844
1782333890.037929,1806
1782333890.037931,1821
1782333890.039213,1836
1782333890.0405,1816
1782333890.0417888,1805
1782333890.043076,1796
1782333890.043082,1803
1782333890.044364,1802
1782333890.0456471,1807
1782333890.046936,1835
1782333890.046942,1858
1782333890.04821,1892
1782333890.049492,1866
1782333890.050781,1817
1782333890.0520508,1813
1782333890.052053,1822
1782333890.062389,1802
1782333890.062392,1778
1782333890.0623932,1807
1782333890.0623941,1816
1782333890.0623941,1820
1782333890.0623949,1814
1782333890.0623958,1813
1782333890.0623958,1845
1782333890.062397,1838
1782333890.062398,1848
1782333890.062399,1882
1782333890.0636642,1871
1782333890.066955,1836
1782333890.0669582,1786
1782333890.0669591,1832
1782333890.0669599,1839
1782333890.0682461,1812
1782333890.069535,1805
1782333890.0708349,1837
1782333890.0721211,1857
1782333890.0721269,1866
1782333890.073395,1871
1782333890.074673,1871
1782333890.0759418,1860
1782333890.075944,1846
1782333890.077219,1814
1782333890.079776,1830
1782333890.079783,1860
1782333890.081192,1839
1782333890.081194,1817
1782333890.091975,1818
1782333890.091977,1815
1782333890.091978,1878
1782333890.091979,1898
1782333890.091979,1906
1782333890.09198,1903
1782333890.0919812,1887
1782333890.0919821,1874
1782333890.0919821,1823
1782333890.091983,1802
1782333890.0919838,1767
1782333890.0932438,1752
1782333890.09648,1804
1782333890.096482,1886
1782333890.096483,1881
1782333890.097753,1855
1782333890.099036,1871
1782333890.099042,1859
1782333890.1003242,1850
1782333890.101611,1814
1782333890.102893,1794
1782333890.1028988,1831
1782333890.104178,1813
1782333890.105461,1806
1782333890.1067479,1833
1782333890.1080341,1854
1782333890.108041,1850
1782333890.109323,1804
1782333890.1106062,1801
1782333890.111938,1831
1782333890.1119401,1845
1782333890.122549,1863
1782333890.1225522,1844
1782333890.122553,1850
1782333890.122553,1859
1782333890.122554,1846
1782333890.1225548,1823
1782333890.1225548,1834
1782333890.122556,1891
1782333890.122557,1859
1782333890.122557,1869
1782333890.1238232,1868
1782333890.127043,1830
1782333890.1270452,1818
1782333890.1270452,1804
1782333890.1270459,1847
1782333890.12831,1862
1782333890.129591,1881
1782333890.1308742,1866
1782333890.13088,1885
1782333890.132163,1864
1782333890.13345,1851
1782333890.134738,1855
1782333890.136022,1855
1782333890.1360278,1862
1782333890.137307,1829
1782333890.138595,1822
1782333890.139879,1859
1782333890.139885,1836
1782333890.1411688,1801
1782333890.142455,1779
1782333890.143722,1839
1782333890.15424,1870
1782333890.1542442,1864
1782333890.1542451,1847
1782333890.1542451,1867
1782333890.1542459,1830
1782333890.1542468,1809
1782333890.1542468,1779
1782333890.154248,1820
1782333890.154249,1876
1782333890.154249,1837
1782333890.15425,1860
1782333890.155514,1869
1782333890.158603,1886
1782333890.158605,1870
1782333890.158606,1844
1782333890.159889,1863
1782333890.1598961,1882
1782333890.161186,1869
1782333890.162459,1884
1782333890.163744,1894
1782333890.165032,1884
1782333890.165039,1839
1782333890.166323,1775
1782333890.1676118,1773
1782333890.168898,1812
1782333890.1689038,1834
1782333890.170186,1816
1782333890.1714702,1824
1782333890.17276,1848
1782333890.1741571,1828
1782333890.174159,1806
1782333890.184711,1786
1782333890.184715,1807
1782333890.184715,1864
1782333890.184716,1855
1782333890.184717,1788
1782333890.184717,1792
1782333890.1847181,1806
1782333890.184719,1828
1782333890.1847198,1799
1782333890.184721,1837
1782333890.184721,1886
1782333890.185987,1875
1782333890.1859891,1882
1782333890.1891189,1883
1782333890.189122,1855
1782333890.1891232,1867
1782333890.19039,1800
1782333890.191674,1830
1782333890.192959,1862
1782333890.192965,1887
1782333890.1942458,1912
1782333890.195528,1939
1782333890.196815,1913
1782333890.1981041,1861
1782333890.1981099,1866
1782333890.199394,1874
1782333890.200681,1875
1782333890.201965,1839
1782333890.201971,1812
1782333890.2032561,1832
1782333890.204606,1803
1782333890.2152162,1812
1782333890.21522,1791
1782333890.215221,1832
1782333890.215221,1859
1782333890.2152221,1816
1782333890.215223,1829
1782333890.215224,1826
1782333890.215224,1868
1782333890.215225,1860
1782333890.2152262,1830
1782333890.2152262,1849
1782333890.21649,1906
1782333890.2195258,1877
1782333890.219528,1849
1782333890.219529,1849
1782333890.220795,1837
1782333890.22208,1866
1782333890.222086,1858
1782333890.2233732,1845
1782333890.224662,1853
1782333890.2259488,1863
1782333890.225955,1883
1782333890.2272372,1847
1782333890.228526,1900
1782333890.2308521,1894
1782333890.2308638,1882
1782333890.230881,1857
1782333890.232238,1888
1782333890.2334578,1897
1782333890.240396,1861
1782333890.2404091,1834
1782333890.24041,1851
1782333890.240412,1841
1782333890.240413,1807
1782333890.2404149,1788
1782333890.240416,1761
1782333890.2417622,1790
1782333890.245624,1764
1782333890.245635,1742
1782333890.2456372,1735
1782333890.2456388,1734
1782333890.246927,1753
1782333890.246933,1755
1782333890.249527,1811
1782333890.24954,1860
1782333890.250828,1891
1782333890.252115,1897
1782333890.2521222,1866
1782333890.253404,1890
1782333890.254688,1876
1782333890.2559738,1846
1782333890.255981,1848
1782333890.257268,1880
1782333890.258556,1844
1782333890.2598422,1816
1782333890.26113,1823
1782333890.261137,1864
1782333890.262423,1878
1782333890.263711,1861
1782333890.26548,1870
1782333890.265483,1887
1782333890.27517,1859
1782333890.2751732,1844
1782333890.275174,1824
1782333890.2751749,1845
1782333890.2751749,1841
1782333890.275176,1832
1782333890.275177,1862
1782333890.275177,1917
1782333890.275178,1885
1782333890.275179,1862
1782333890.276445,1866
1782333890.279791,1874
1782333890.279794,1853
1782333890.279794,1829
1782333890.281076,1855
1782333890.2810822,1879
1782333890.2823622,1853
1782333890.2836459,1846
1782333890.2849321,1860
1782333890.284938,1874
1782333890.2862191,1848
1782333890.287503,1839
1782333890.288787,1843
1782333890.290072,1856
1782333890.290078,1933
1782333890.2913642,1891
1782333890.292632,1835
1782333890.293897,1858
1782333890.293899,1828
1782333890.295182,1806
1782333890.296452,1799
1782333890.30673,1830
1782333890.3067331,1839
1782333890.306734,1855
1782333890.306735,1853
1782333890.3067362,1847
1782333890.306737,1830
1782333890.306738,1838
1782333890.306738,1858
1782333890.3067389,1865
1782333890.30674,1902
1782333890.308007,1862
1782333890.308009,1843
1782333890.30801,1823
1782333890.311233,1839
1782333890.3112361,1855
1782333890.311237,1827
1782333890.312501,1853
1782333890.313781,1853
1782333890.3150709,1910
1782333890.315077,1914
1782333890.316362,1901
1782333890.317646,1869
1782333890.31893,1856
1782333890.318936,1773
1782333890.3202162,1793
1782333890.3214998,1823
1782333890.32279,1831
1782333890.3240771,1824
1782333890.324084,1864
1782333890.3253682,1871
1782333890.326704,1902
1782333890.337227,1865
1782333890.33723,1880
1782333890.3372312,1926
1782333890.3372312,1913
1782333890.3372319,1898
1782333890.3372319,1845
1782333890.3372328,1821
1782333890.337234,1816
1782333890.337234,1752
1782333890.337235,1795
1782333890.337236,1834
1782333890.3385038,1863
1782333890.3415198,1862
1782333890.341523,1855
1782333890.341524,1855
1782333890.342813,1842
1782333890.344089,1839
1782333890.344091,1817
1782333890.345366,1851
1782333890.3466518,1860
1782333890.3479419,1782
1782333890.347948,1771
1782333890.3492138,1782
1782333890.350498,1758
1782333890.351784,1731
1782333890.353068,1716
1782333890.3530738,1766
1782333890.354356,1858
1782333890.3559701,1839
1782333890.355972,1850
1782333890.366743,1886
1782333890.3667462,1864
1782333890.366747,1852
1782333890.3667479,1811
1782333890.3667488,1847
1782333890.3667488,1928
1782333890.36675,1896
1782333890.366751,1886
1782333890.366752,1893
1782333890.366753,1861
1782333890.3680189,1859
1782333890.368021,1779
1782333890.371331,1823
1782333890.3713338,1903
1782333890.371335,1879
1782333890.372604,1839
1782333890.3738859,1868
1782333890.373892,1807
1782333890.3751628,1799
1782333890.376446,1708
1782333890.377729,1775
1782333890.379012,1858
1782333890.379018,1855
1782333890.3803,1851
1782333890.381587,1837
1782333890.382873,1846
1782333890.382879,1877
1782333890.384164,1768
1782333890.385451,1853
1782333890.3867168,1967
1782333890.3971572,1935
1782333890.397161,1890
1782333890.397162,1903
1782333890.397163,1846
1782333890.397163,1838
1782333890.397164,1771
1782333890.397165,1785
1782333890.397166,1833
1782333890.3971672,1860
1782333890.3971672,1832
1782333890.3971682,1831
1782333890.398431,1866
1782333890.40162,1871
1782333890.401623,1826
1782333890.401624,1799
1782333890.4028869,1784
1782333890.402889,1880
1782333890.404172,1855
1782333890.405455,1828
1782333890.4067452,1914
1782333890.4080331,1891
1782333890.40804,1838
1782333890.409321,1750
1782333890.4106061,1775
1782333890.41189,1830
1782333890.411896,1807
1782333890.4131799,1812
1782333890.4144619,1831
1782333890.416172,1821
1782333890.4161751,1815
1782333890.42693,1748
1782333890.426933,1795
1782333890.426934,1888
1782333890.426935,1868
1782333890.4269361,1851
1782333890.426937,1870
1782333890.426938,1866
1782333890.4269388,1860
1782333890.4269388,1762
1782333890.42694,1817
1782333890.426941,1932
1782333890.428206,1917
1782333890.431315,1903
1782333890.431318,1949
1782333890.431319,1923
1782333890.43132,1918
1782333890.432592,1791
1782333890.433878,1795
1782333890.433884,1881
1782333890.43517,1839
1782333890.436456,1807
1782333890.437742,1821
1782333890.4390311,1785
1782333890.439038,1782
1782333890.440306,1693
1782333890.441584,1763
1782333890.44287,1922
1782333890.4428859,1906
1782333890.4442072,1864
1782333890.445499,1827
1782333890.446789,1843
1782333890.448063,1835
1782333890.448065,1771
1782333890.458484,1810
1782333890.458487,1924
1782333890.458488,1979
1782333890.4584892,1976
1782333890.4584892,1955
1782333890.4584901,1999
1782333890.4584908,1963
1782333890.4584908,1911
1782333890.4584918,1828
1782333890.458493,1847
1782333890.459753,1950
1782333890.462854,1909
1782333890.462856,1868
1782333890.462857,1915
1782333890.462857,1916
1782333890.464119,1865
1782333890.4654021,1804
1782333890.46669,1817
1782333890.467975,1934
1782333890.467981,1899
1782333890.4692612,1876
1782333890.470547,1887
1782333890.4718342,1885
1782333890.473124,1871
1782333890.47313,1770
1782333890.474416,1830
1782333890.475701,1908
1782333890.476983,1879
1782333890.476989,1862
1782333890.478357,1871
1782333890.488585,1864
1782333890.488587,1882
1782333890.488588,1758
1782333890.488589,1789
1782333890.48859,1887
1782333890.48859,1846
1782333890.4885912,1820
1782333890.488592,1788
1782333890.488592,1768
1782333890.4885929,1794
1782333890.489853,1684
1782333890.493105,1782
1782333890.493108,1912
1782333890.493109,1867
1782333890.493109,1874
1782333890.494379,1902
1782333890.4956641,1858
1782333890.4969542,1803
1782333890.496962,1717
1782333890.498247,1781
1782333890.499518,1869
1782333890.500801,1847
1782333890.502096,1851
1782333890.502103,1817
1782333890.503367,1844
1782333890.5046458,1850
1782333890.505931,1742
1782333890.5059369,1759
1782333890.507222,1842
1782333890.508922,1860
1782333890.5089269,1817
1782333890.519441,1833
1782333890.519445,1874
1782333890.5194461,1874
1782333890.519447,1863
1782333890.519447,1784
1782333890.519448,1811
1782333890.519449,1895
1782333890.519449,1864
1782333890.5194502,1826
1782333890.519451,1892
1782333890.5207229,1868
1782333890.52368,1824
1782333890.523683,1748
1782333890.523684,1807
1782333890.524947,1908
1782333890.524949,1878
1782333890.52623,1861
1782333890.527515,1836
1782333890.528801,1835
1782333890.530095,1799
1782333890.530101,1734
1782333890.531382,1796
1782333890.532667,1878
1782333890.533951,1823
1782333890.533957,1798
1782333890.5352361,1833
1782333890.53652,1835
1782333890.537803,1832
1782333890.539516,1743
1782333890.539519,1807
1782333890.549623,1916
1782333890.5496268,1851
1782333890.5496268,1774
1782333890.549628,1820
1782333890.549629,1805
1782333890.54963,1807
1782333890.54963,1692
1782333890.5496309,1768
1782333890.549632,1943
1782333890.549633,1907
1782333890.550897,1876
1782333890.550899,1882
1782333890.5539331,1869
1782333890.553934,1868
1782333890.553935,1780
1782333890.5539358,1825
1782333890.555197,1925
1782333890.5564642,1959
1782333890.557735,1906
1782333890.559005,1887
1782333890.559009,1913
1782333890.560276,1885
1782333890.561538,1772
1782333890.562804,1763
1782333890.564097,1832
1782333890.564105,1910
1782333890.56538,1912
1782333890.566654,1851
1782333890.5679228,1876
1782333890.5679271,1847
1782333890.569197,1791
1782333890.570951,1747
1782333890.570954,1834
1782333890.582273,1898
1782333890.582284,1884
1782333890.5822852,1854
1782333890.5822852,1946
1782333890.5822861,1955
1782333890.582287,1895
1782333890.5822878,1796
1782333890.5822878,1806
1782333890.582289,1898
1782333890.58229,1866
1782333890.58229,1825
1782333890.5835571,1813
1782333890.587119,1796
1782333890.587123,1794
1782333890.5871239,1699
1782333890.587125,1759
1782333890.588398,1865
1782333890.5896661,1823
1782333890.5909529,1824
1782333890.59096,1876
1782333890.592248,1869
1782333890.593534,1877
1782333890.594819,1773
1782333890.596104,1823
1782333890.59611,1928
1782333890.597375,1906
1782333890.598465,1871
1782333890.610083,1919
1782333890.610086,1922
1782333890.6101062,1901
1782333890.6101089,1807
1782333890.61011,1871
1782333890.610111,1957
1782333890.610111,1901
1782333890.610112,1844
1782333890.610112,1827
1782333890.610113,1809
1782333890.610114,1811
1782333890.610114,1716
1782333890.611382,1790
1782333890.614342,1903
1782333890.614345,1886
1782333890.614345,1854
1782333890.6156101,1838
1782333890.6168919,1877
1782333890.616898,1863
1782333890.6179788,1800
1782333890.619264,1793
1782333890.62054,1860
1782333890.6218188,1836
1782333890.623102,1830
1782333890.6231081,1782
1782333890.624388,1822
1782333890.625669,1824
1782333890.626951,1769
1782333890.626957,1728
1782333890.628237,1783
1782333890.629291,1871
1782333890.630935,1849
1782333890.630938,1817
1782333890.641065,1866
1782333890.641067,1854
1782333890.641068,1833
1782333890.6410692,1754
1782333890.6410701,1807
1782333890.6410701,1902
1782333890.641071,1905
1782333890.641072,1903
1782333890.641073,1894
1782333890.641074,1860
1782333890.642336,1856
1782333890.645417,1759
1782333890.6454191,1810
1782333890.64542,1911
1782333890.646683,1871
1782333890.647962,1877
1782333890.647968,1903
1782333890.649248,1891
1782333890.65053,1887
1782333890.651814,1756
1782333890.653097,1790
1782333890.653103,1924
1782333890.6543841,1878
1782333890.655665,1871
1782333890.656933,1871
1782333890.656935,1857
1782333890.65821,1836
1782333890.659477,1721
1782333890.6611671,1786
1782333890.66117,1926
1782333890.671625,1879
1782333890.671629,1826
1782333890.6716301,1803
1782333890.671631,1807
1782333890.671631,1807
1782333890.6716318,1661
1782333890.671633,1710
1782333890.671633,1854
1782333890.671634,1864
1782333890.671634,1871
1782333890.672899,1814
1782333890.6729012,1835
1782333890.676019,1839
1782333890.676023,1759
1782333890.676024,1775
1782333890.6760252,1810
1782333890.677291,1878
1782333890.678575,1865
1782333890.679863,1846
1782333890.67987,1894
1782333890.681149,1903
1782333890.682434,1906
1782333890.683719,1865
1782333890.685004,1887
1782333890.68501,1993
1782333890.68629,1949
1782333890.687575,1942
1782333890.68886,1948
1782333890.6888661,1893
1782333890.690146,1856
1782333890.691969,1759
1782333890.691972,1785
1782333890.7029781,1875
1782333890.702982,1854
1782333890.702983,1871
1782333890.702983,1887
1782333890.7029839,1848
1782333890.702985,1868
1782333890.702985,1781
1782333890.702986,1836
1782333890.702987,1922
1782333890.7029881,1868
1782333890.7029881,1858
1782333890.704252,1890
1782333890.707438,1871
1782333890.7074409,1842
1782333890.7074418,1699
1782333890.708708,1783
1782333890.709991,1935
1782333890.7099981,1889
1782333890.7112849,1914
1782333890.7125719,1922
1782333890.713856,1914
1782333890.713872,1935
1782333890.7152052,1807
1782333890.716501,1833
1782333890.717791,1921
1782333890.719083,1855
1782333890.71909,1805
1782333890.7203772,1855
1782333890.721666,1828
1782333890.72294,1795
1782333890.722943,1710
1782333890.7334259,1735
1782333890.733429,1839
1782333890.73343,1835
1782333890.733431,1819
1782333890.733432,1781
1782333890.733433,1816
1782333890.733433,1815
1782333890.7334342,1743
1782333890.733435,1721
1782333890.7334359,1793
1782333890.734703,1884
1782333890.7379541,1878
1782333890.7379572,1802
1782333890.737958,1897
1782333890.737959,1905
1782333890.739241,1878
1782333890.7405272,1834
1782333890.741798,1874
1782333890.743082,1997
1782333890.7430882,1946
1782333890.744372,1898
1782333890.745661,1933
1782333890.7469492,1900
1782333890.746955,1824
1782333890.748235,1706
1782333890.749517,1757
1782333890.750804,1878
1782333890.752073,1806
1782333890.752075,1801
1782333890.762441,1827
1782333890.762443,1834
1782333890.762444,1800
1782333890.762445,1684
1782333890.762445,1705
1782333890.7624462,1797
1782333890.762447,1732
1782333890.7624478,1742
1782333890.7624478,1786
1782333890.7624488,1822
1782333890.76371,1839
1782333890.766846,1747
1782333890.766849,1836
1782333890.76685,1966
1782333890.7668622,1962
1782333890.768064,1916
1782333890.7693481,1932
1782333890.770635,1924
1782333890.771929,1895
1782333890.771935,1775
1782333890.773217,1834
1782333890.7745018,1958
1782333890.775788,1967
1782333890.777075,1928
1782333890.777081,1897
1782333890.778367,1890
1782333890.779657,1857
1782333890.780941,1748
1782333890.780947,1775
1782333890.782594,1857
1782333890.7930691,1859
1782333890.793071,1833
1782333890.7930722,1803
1782333890.793073,1826
1782333890.793073,1814
1782333890.793074,1746
1782333890.7930748,1739
1782333890.7930748,1811
1782333890.793076,1887
1782333890.793077,1901
1782333890.793077,1855
1782333890.794338,1895
1782333890.797478,1878
1782333890.797481,1862
1782333890.797482,1831
1782333890.798764,1866
1782333890.798771,1950
1782333890.800054,1883
1782333890.800061,1855
1782333890.801343,1871
1782333890.802619,1857
1782333890.8039029,1820
1782333890.803909,1747
1782333890.8051882,1780
1782333890.8064709,1914
1782333890.807754,1925
1782333890.8090382,1913
1782333890.809044,1894
1782333890.810326,1878
1782333890.812344,1885
1782333890.812347,1804
1782333890.822901,1823
1782333890.822905,1906
1782333890.822906,1851
1782333890.822907,1791
1782333890.822907,1793
1782333890.822908,1804
1782333890.8229089,1786
1782333890.82291,1689
1782333890.822911,1770
1782333890.822911,1929
1782333890.822912,1879
1782333890.8241742,1860
1782333890.8272672,1885
1782333890.8272698,1859
1782333890.827271,1860
1782333890.828533,1749
1782333890.829824,1786
1782333890.831109,1914
1782333890.831115,1886
1782333890.832396,1838
1782333890.833676,1836
1782333890.83496,1804
1782333890.834966,1770
1782333890.836246,1684
1782333890.837528,1748
1782333890.8388119,1820
1782333890.8400981,1846
1782333890.8401039,1827
1782333890.8413818,1821
1782333890.842665,1838
1782333890.843947,1807
1782333890.843953,1756
1782333890.855179,1730
1782333890.8551848,1818
1782333890.855186,1878
1782333890.855187,1867
1782333890.855188,1825
1782333890.855188,1871
1782333890.855189,1844
1782333890.85519,1803
1782333890.85519,1762
1782333890.855191,1818
1782333890.855192,1907
1782333890.856456,1874
1782333890.859715,1866
1782333890.8597188,1874
1782333890.8597188,1863
1782333890.860982,1849
1782333890.860984,1766
1782333890.862268,1802
1782333890.8635578,1909
1782333890.864844,1879
1782333890.866134,1890
1782333890.86614,1921
1782333890.867421,1903
1782333890.8687098,1935
1782333890.869997,1839
1782333890.870003,1864
1782333890.8712902,1944
1782333890.872579,1912
1782333890.874372,1886
1782333890.8743749,1851
1782333890.885121,1869
1782333890.8851268,1866
1782333890.885128,1797
1782333890.885128,1861
1782333890.885129,1978
1782333890.88513,1908
1782333890.8851311,1885
1782333890.885132,1911
1782333890.885133,1888
1782333890.885134,1858
1782333890.8851352,1740
1782333890.8864,1781
1782333890.889777,1939
1782333890.88978,1938
1782333890.889781,1933
1782333890.891048,1951
1782333890.89105,1923
1782333890.89233,1882
1782333890.893617,1787
1782333890.894887,1801
1782333890.8948889,1885
1782333890.89616,1892
1782333890.8974469,1850
1782333890.8987331,1807
1782333890.90002,1811
1782333890.9000268,1832
1782333890.901309,1759
1782333890.902577,1756
1782333890.904256,1842
1782333890.904259,1861
1782333890.913915,1837
1782333890.913918,1778
1782333890.913919,1878
1782333890.91392,1887
1782333890.91392,1839
1782333890.913921,1796
1782333890.913922,1861
1782333890.913922,1899
1782333890.913923,1915
1782333890.913924,1859
1782333890.915199,1899
1782333890.918328,1863
1782333890.9183319,1839
1782333890.9183328,1793
1782333890.919598,1811
1782333890.920885,1935
1782333890.920893,1903
1782333890.922177,1916
1782333890.9234638,1933
1782333890.92475,1907
1782333890.926038,1842
1782333890.926045,1704
1782333890.92732,1756
1782333890.9273221,1858
1782333890.928604,1847
1782333890.929892,1830
1782333890.929898,1842
1782333890.932235,1817
1782333890.932245,1791
1782333890.933533,1723
1782333890.934932,1807
1782333890.934934,1922
1782333890.9456189,1862
1782333890.945622,1882
1782333890.945623,1933
1782333890.945624,1915
1782333890.945624,1915
1782333890.945625,1814
1782333890.945626,1850
1782333890.945627,1939
1782333890.945627,1918
1782333890.945628,1879
1782333890.9469,1855
1782333890.946902,1836
1782333890.950083,1816
1782333890.9500859,1699
1782333890.9500868,1727
1782333890.951359,1844
1782333890.952628,1856
1782333890.953911,1866
1782333890.953917,1865
1782333890.955203,1874
1782333890.95647,1822
1782333890.957748,1754
1782333890.9590368,1743
1782333890.959044,1757
1782333890.960329,1817
1782333890.961598,1737
1782333890.962878,1709
1782333890.962892,1781
1782333890.964582,1778
1782333890.975144,1737
1782333890.975147,1701
1782333890.975148,1755
1782333890.9751492,1855
1782333890.9751492,1815
1782333890.97515,1784
1782333890.97515,1807
1782333890.975151,1822
1782333890.975152,1791
1782333890.975152,1751
1782333890.975153,1807
1782333890.976423,1924
1782333890.9795861,1896
1782333890.979588,1883
1782333890.9795892,1887
1782333890.980875,1892
1782333890.980892,1895
1782333890.982162,1755
1782333890.9834461,1785
1782333890.984757,1917
1782333890.986037,1919
1782333890.986039,1908
1782333890.987322,1918
1782333890.9886122,1903
1782333890.989897,1869
1782333890.9899032,1763
1782333890.991183,1835
1782333890.9924648,1955
1782333890.9937558,1898
1782333890.995042,1917
1782333890.995048,1918
1782333890.9966872,1903
1782333891.0059168,1882
1782333891.00592,1752
1782333891.0059211,1794
1782333891.005922,1920
1782333891.005923,1894
1782333891.005924,1877
1782333891.0059252,1879
1782333891.005926,1871
1782333891.005926,1879
1782333891.0059268,1769
1782333891.007194,1789
1782333891.01056,1909
1782333891.0105631,1900
1782333891.010564,1869
1782333891.011828,1858
1782333891.013115,1852
1782333891.013122,1830
1782333891.014404,1726
1782333891.015689,1762
1782333891.016973,1850
1782333891.016979,1892
1782333891.01825,1874
1782333891.019538,1807
1782333891.0208268,1903
1782333891.022112,1869
1782333891.0221188,1844
1782333891.0233989,1796
1782333891.024683,1852
1782333891.025988,1914
1782333891.0259898,1886
1782333891.036565,1857
1782333891.0365682,1912
1782333891.036569,1839
1782333891.03657,1854
1782333891.0365708,1759
1782333891.036572,1812
1782333891.036572,1921
1782333891.036573,1914
1782333891.036574,1887
1782333891.036575,1880
1782333891.037837,1862
1782333891.0411048,1859
1782333891.041108,1780
1782333891.041109,1798
1782333891.04111,1925
1782333891.042374,1887
1782333891.043659,1871
1782333891.044946,1846
1782333891.0449522,1847
1782333891.046237,1826
1782333891.04752,1700
1782333891.048803,1785
1782333891.050087,1902
1782333891.0500932,1839
1782333891.051373,1817
1782333891.052643,1862
1782333891.053925,1834
1782333891.053931,1854
1782333891.055216,1724
1782333891.056486,1789
1782333891.066745,1948
1782333891.066747,1916
1782333891.066748,1868
1782333891.0667489,1875
1782333891.06675,1886
1782333891.066751,1856
1782333891.066752,1750
1782333891.066752,1789
1782333891.066753,1884
1782333891.066754,1875
1782333891.066755,1828
1782333891.068015,1830
1782333891.068017,1845
1782333891.0710669,1846
1782333891.07107,1782
1782333891.071071,1811
1782333891.072352,1886
1782333891.073638,1911
1782333891.074923,1879
1782333891.074929,1819
1782333891.076211,1874
1782333891.077497,1848
1782333891.0787652,1819
1782333891.080041,1789
1782333891.080048,1826
1782333891.0813282,1890
1782333891.082609,1854
1782333891.083909,1807
1782333891.083915,1847
1782333891.085196,1839
1782333891.086775,1794
1782333891.09719,1754
1782333891.097193,1765
1782333891.097194,1857
1782333891.097195,1821
1782333891.097196,1794
1782333891.097197,1788
1782333891.097197,1804
1782333891.097198,1807
1782333891.0971992,1717
1782333891.0972002,1796
1782333891.0972009,1903
1782333891.098464,1858
1782333891.101599,1848
1782333891.101602,1877
1782333891.101603,1871
1782333891.1028721,1854
1782333891.102874,1740
1782333891.1041589,1786
1782333891.105448,1868
1782333891.106734,1815
1782333891.108018,1814
1782333891.108025,1827
1782333891.109308,1810
1782333891.110591,1796
1782333891.111875,1681
1782333891.111882,1778
1782333891.113162,1937
1782333891.114447,1908
1782333891.1164072,1868
1782333891.116411,1868
1782333891.1267688,1854
1782333891.1267729,1855
1782333891.126774,1722
1782333891.126775,1764
1782333891.126776,1881
1782333891.126776,1866
1782333891.1267772,1866
1782333891.1267781,1894
1782333891.1267788,1898
1782333891.1267798,1901
1782333891.128051,1871
1782333891.128055,1847
1782333891.131041,1959
1782333891.1310441,2022
1782333891.131045,1991
1782333891.132307,1900
1782333891.133586,1933
1782333891.1348732,1942
1782333891.13488,1839
1782333891.13616,1793
1782333891.137446,1839
1782333891.1387289,1935
1782333891.140013,1884
1782333891.140019,1831
1782333891.141299,1876
1782333891.142586,1849
1782333891.1438699,1810
1782333891.143876,1778
1782333891.145141,1859
1782333891.14642,1942
1782333891.147941,1855
1782333891.147944,1824
1782333891.158069,1818
1782333891.158072,1804
1782333891.1580732,1796
1782333891.1580741,1732
1782333891.1580741,1818
1782333891.1580749,1915
1782333891.1580758,1901
1782333891.1580758,1887
1782333891.158077,1900
1782333891.158078,1882
1782333891.1593442,1860
1782333891.16242,1738
1782333891.1624231,1812
1782333891.162424,1919
1782333891.163706,1864
1782333891.164974,1839
1782333891.1649761,1878
1782333891.166253,1862
1782333891.167536,1836
1782333891.168818,1732
1782333891.170101,1834
1782333891.170107,1947
1782333891.171387,1919
1782333891.172668,1919
1782333891.17395,1923
1782333891.1739562,1906
1782333891.175236,1886
1782333891.176519,1734
1782333891.1779358,1767
1782333891.177939,1896
1782333891.1882071,1884
1782333891.18821,1859
1782333891.188211,1853
1782333891.188211,1878
1782333891.188212,1847
1782333891.188213,1785
1782333891.188213,1759
1782333891.188214,1848
1782333891.188215,1903
1782333891.188215,1864
1782333891.188216,1795
1782333891.1894872,1867
1782333891.192478,1874
1782333891.19248,1825
1782333891.19248,1779
1782333891.193743,1791
1782333891.1950238,1914
1782333891.195031,1892
1782333891.1963131,1812
1782333891.197598,1842
1782333891.198884,1839
1782333891.19889,1780
1782333891.200171,1686
1782333891.201438,1749
1782333891.2027168,1866
1782333891.204,1787
1782333891.204007,1780
1782333891.205288,1809
1782333891.206573,1829
1782333891.2078888,1823
1782333891.207891,1734
1782333891.218264,1797
1782333891.218268,1929
1782333891.218268,1866
1782333891.2182689,1876
1782333891.21827,1914
1782333891.218271,1879
1782333891.218271,1859
1782333891.218272,1780
1782333891.218273,1842
1782333891.218273,1977
1782333891.219541,1913
1782333891.222584,1892
1782333891.2225869,1867
1782333891.2225878,1827
1782333891.223851,1853
1782333891.223854,1732
1782333891.225132,1801
1782333891.226416,1940
1782333891.2277,1890
1782333891.228982,1847
1782333891.228988,1810
1782333891.2302709,1833
1782333891.231542,1781
1782333891.232818,1635
1782333891.234101,1733
1782333891.234108,1854
1782333891.2353868,1839
1782333891.2366688,1824
1782333891.237951,1845
1782333891.2379572,1881
1782333891.2392352,1868
1782333891.240761,1781
1782333891.25106,1788
1782333891.251063,1882
1782333891.251064,1906
1782333891.251065,1884
1782333891.251065,1846
1782333891.2510662,1907
1782333891.2510662,1903
1782333891.251067,1833
1782333891.2510679,1803
1782333891.2510688,1853
1782333891.2510688,1918
1782333891.252331,1879
1782333891.255664,1775
1782333891.255666,1819
1782333891.255667,1862
1782333891.256929,1827
1782333891.256931,1791
1782333891.258207,1843
1782333891.259488,1934
1782333891.260771,1863
1782333891.262054,1850
1782333891.26206,1846
1782333891.263338,1852
1782333891.265895,1855
1782333891.2659001,1767
1782333891.265903,1815
1782333891.2671812,1935
1782333891.2684631,1884
1782333891.2701619,1882
1782333891.270165,1865
1782333891.281003,1882
1782333891.281006,1891
1782333891.281007,1775
1782333891.2810082,1839
1782333891.2810082,1986
1782333891.281009,1930
1782333891.28101,1889
1782333891.28101,1899
1782333891.2810109,1882
1782333891.281012,1862
1782333891.281012,1790
1782333891.282273,1851
1782333891.285456,1935
1782333891.285457,1907
1782333891.2854578,1871
1782333891.286719,1891
1782333891.2879958,1859
1782333891.288002,1860
1782333891.289282,1741
1782333891.290564,1802
1782333891.291849,1916
1782333891.293144,1876
1782333891.29315,1839
1782333891.294431,1831
1782333891.2957141,1810
1782333891.296982,1835
1782333891.296984,1736
1782333891.298259,1741
1782333891.299542,1850
1782333891.3010292,1870
1782333891.3010309,1813
1782333891.3112268,1741
1782333891.31123,1813
1782333891.311231,1813
1782333891.311232,1783
1782333891.311233,1735
1782333891.311233,1794
1782333891.311234,1858
1782333891.3112352,1842
1782333891.3112352,1761
1782333891.3112361,1775
1782333891.312501,1761
1782333891.315628,1737
1782333891.315632,1741
1782333891.3156328,1823
1782333891.316897,1934
1782333891.316899,1871
1782333891.3169,1813
1782333891.318181,1813
1782333891.319467,1800
1782333891.320755,1787
1782333891.3220422,1724
1782333891.322048,1771
1782333891.323329,1923
1782333891.3246,1917
1782333891.325879,1908
1782333891.325886,1939
1782333891.327167,1892
1782333891.3284512,1894
1782333891.3297348,1791
1782333891.340926,1815
1782333891.340929,1919
1782333891.340949,1893
1782333891.340951,1835
1782333891.3409522,1836
1782333891.3409522,1802
1782333891.340953,1826
1782333891.340954,1728
1782333891.340954,1775
1782333891.3409548,1896
1782333891.340956,1838
1782333891.340957,1860
1782333891.342228,1914
1782333891.3456068,1942
1782333891.345609,1902
1782333891.34561,1791
1782333891.34689,1843
1782333891.346897,1942
1782333891.348161,1921
1782333891.34944,1883
1782333891.350708,1845
1782333891.351986,1842
1782333891.3519921,1828
1782333891.353272,1756
1782333891.3545558,1794
1782333891.35584,1903
1782333891.3571332,1963
1782333891.3571389,1931
1782333891.358418,1882
1782333891.359838,1924
1782333891.370413,1901
1782333891.3704162,1839
1782333891.3704169,1818
1782333891.3704178,1901
1782333891.3704178,1996
1782333891.370419,1944
1782333891.37042,1863
1782333891.370421,1862
1782333891.370421,1805
1782333891.3704221,1759
1782333891.370423,1714
1782333891.371695,1747
1782333891.374828,1866
1782333891.3748312,1875
1782333891.3748322,1848
1782333891.3748438,1871
1782333891.376107,1854
1782333891.377387,1835
1782333891.378674,1727
1782333891.379959,1800
1782333891.379966,1912
1782333891.381248,1897
1782333891.3825312,1893
1782333891.383816,1896
1782333891.385101,1866
1782333891.385107,1860
1782333891.386388,1729
1782333891.3876731,1811
1782333891.388957,1934
1782333891.3889642,1924
1782333891.3902452,1903
1782333891.39153,1916
1782333891.392803,1838
1782333891.4033542,1845
1782333891.403358,1718
1782333891.403359,1800
1782333891.40336,1942
1782333891.403361,1909
1782333891.403361,1849
1782333891.403362,1881
1782333891.403363,1876
1782333891.403363,1859
1782333891.4033642,1750
1782333891.4033651,1798
1782333891.404636,1941
1782333891.4080708,1915
1782333891.408075,1913
1782333891.408076,1901
1782333891.408077,1874
1782333891.409345,1822
1782333891.4106162,1743
1782333891.41188,1785
1782333891.411882,1882
1782333891.413144,1900
1782333891.4144042,1860
1782333891.415665,1805
1782333891.416925,1878
1782333891.4169269,1862
1782333891.418186,1817
1782333891.419446,1782
1782333891.420706,1791
1782333891.422255,1866
1782333891.422258,1852
1782333891.433655,1757
1782333891.433662,1816
1782333891.433663,1791
1782333891.433664,1775
1782333891.433665,1722
1782333891.433666,1775
1782333891.433666,1882
1782333891.4336672,1868
1782333891.4336681,1845
1782333891.433669,1868
1782333891.434933,1874
1782333891.434935,1877
1782333891.434936,1758
1782333891.438347,1790
1782333891.4383512,1884
1782333891.4383519,1864
1782333891.439615,1838
1782333891.440887,1848
1782333891.440892,1844
1782333891.442162,1827
1782333891.443425,1743
1782333891.444693,1812
1782333891.4446971,1914
1782333891.4459672,1868
1782333891.445971,1890
1782333891.447249,1891
1782333891.448534,1855
1782333891.4498181,1846
1782333891.4511008,1726
1782333891.451107,1786
1782333891.45238,1934
1782333891.462071,1895
1782333891.462075,1910
1782333891.462076,1915
1782333891.462077,1884
1782333891.4620779,1900
1782333891.462079,1752
1782333891.462079,1791
1782333891.46208,1906
1782333891.462081,1868
1782333891.4620821,1839
1782333891.4633532,1860
1782333891.466371,1855
1782333891.4663732,1858
1782333891.466374,1759
1782333891.467638,1839
1782333891.468926,1949
1782333891.4689322,1976
1782333891.470197,1918
1782333891.471475,1860
1782333891.472758,1885
1782333891.474043,1871
1782333891.474048,1792
1782333891.475328,1771
1782333891.476613,1807
1782333891.477896,1855
1782333891.4779022,1847
1782333891.4791832,1774
1782333891.4804711,1806
1782333891.4824471,1787
1782333891.4824488,1727
1782333891.492505,1668
1782333891.492509,1693
1782333891.4925098,1787
1782333891.492511,1775
1782333891.492512,1758
1782333891.492513,1834
1782333891.492513,1837
1782333891.4925141,1818
1782333891.492515,1738
1782333891.492516,1771
1782333891.493778,1877
1782333891.497002,1814
1782333891.497004,1838
1782333891.497005,1847
1782333891.4970062,1861
1782333891.4982789,1852
1782333891.4995651,1768
1782333891.500854,1799
1782333891.500872,1926
1782333891.502176,1878
1782333891.5034602,1882
1782333891.504746,1939
1782333891.506031,1901
1782333891.506037,1908
1782333891.5073202,1784
1782333891.5086038,1854
1782333891.509888,1974
1782333891.509894,1958
1782333891.511178,1988
1782333891.5219991,2012
1782333891.522021,1935
1782333891.522023,1903
1782333891.522023,1773
1782333891.522024,1780
1782333891.5220249,1866
1782333891.522026,1867
1782333891.522027,1860
1782333891.522027,1855
1782333891.522028,1837
1782333891.5220292,1810
1782333891.5232902,1731
1782333891.526499,1741
1782333891.5265012,1833
1782333891.526502,1832
1782333891.527764,1860
1782333891.529042,1824
1782333891.529048,1839
1782333891.530327,1852
1782333891.53161,1828
1782333891.532894,1807
1782333891.5329,1883
1782333891.534181,1950
1782333891.5354629,1908
1782333891.536745,1833
1782333891.538029,1897
1782333891.5380359,1869
1782333891.539314,1822
1782333891.540596,1807
1782333891.541878,1847
1782333891.541883,1935
1782333891.54386,1920
1782333891.5438662,1902
1782333891.5539331,1910
1782333891.553937,1899
1782333891.553937,1854
1782333891.553938,1775
1782333891.5539389,1791
1782333891.55394,1876
1782333891.553941,1858
1782333891.553941,1843
1782333891.553942,1906
1782333891.5539432,1886
1782333891.5552099,1839
1782333891.5584471,1726
1782333891.55845,1794
1782333891.558451,1930
1782333891.55972,1867
1782333891.561002,1821
1782333891.5610082,1851
1782333891.562293,1827
1782333891.5635788,1829
1782333891.564866,1718
1782333891.564872,1762
1782333891.566154,1885
1782333891.567439,1829
1782333891.568723,1822
1782333891.570008,1846
1782333891.570015,1826
1782333891.571296,1758
1782333891.57258,1662
1782333891.574274,1794
1782333891.5742762,1935
1782333891.5848022,1889
1782333891.584804,1852
1782333891.584805,1858
1782333891.584806,1839
1782333891.584807,1850
1782333891.5848079,1739
1782333891.5848079,1759
1782333891.584809,1868
1782333891.584809,1900
1782333891.58481,1852
1782333891.584811,1842
1782333891.586072,1832
1782333891.586074,1794
1782333891.589073,1717
1782333891.5890749,1708
1782333891.589076,1774
1782333891.590337,1846
1782333891.591617,1804
1782333891.592902,1755
1782333891.5929081,1830
1782333891.5941892,1838
1782333891.595475,1811
1782333891.5967438,1760
1782333891.598023,1775
1782333891.5980291,1881
1782333891.5993102,1884
1782333891.6005929,1835
1782333891.601878,1887
1782333891.603164,1882
1782333891.6031702,1854
1782333891.6143308,1799
1782333891.6143339,1843
1782333891.614335,1956
1782333891.614335,1894
1782333891.614336,1896
1782333891.614337,1910
1782333891.614337,1898
1782333891.6143382,1882
1782333891.614339,1780
1782333891.614339,1831
1782333891.61434,1961
1782333891.6156092,1934
1782333891.618878,1935
1782333891.618881,1908
1782333891.618882,1874
1782333891.6188831,1903
1782333891.620146,1791
1782333891.621427,1855
1782333891.622713,1991
1782333891.623998,1960
1782333891.6240041,1919
1782333891.6252859,1928
1782333891.62657,1868
1782333891.627867,1815
1782333891.627882,1671
1782333891.629191,1787
1782333891.6304781,1896
1782333891.631763,1881
1782333891.633048,1875
1782333891.633054,1871
1782333891.634584,1896
1782333891.645026,1876
1782333891.6450298,1769
1782333891.6450298,1828
1782333891.645031,1965
1782333891.645032,1940
1782333891.645032,1924
1782333891.645033,1864
1782333891.645034,1882
1782333891.645034,1866
1782333891.645035,1793
1782333891.645036,1807
1782333891.646302,1860
1782333891.6493728,1930
1782333891.649377,1881
1782333891.649378,1836
1782333891.650665,1874
1782333891.651951,1871
1782333891.651957,1825
1782333891.653238,1743
1782333891.654523,1766
1782333891.655807,1823
1782333891.65709,1764
1782333891.657096,1713
1782333891.658376,1780
1782333891.65966,1778
1782333891.660944,1760
1782333891.66095,1700
1782333891.662229,1759
1782333891.664002,1886
1782333891.664004,1864
1782333891.674606,1855
1782333891.67461,1854
1782333891.6746109,1835
1782333891.674612,1858
1782333891.674612,1738
1782333891.674613,1794
1782333891.674614,1934
1782333891.674614,1907
1782333891.6746151,1867
1782333891.674616,1879
1782333891.6758778,1863
1782333891.67588,1858
1782333891.67908,1749
1782333891.679083,1771
1782333891.679084,1911
1782333891.680365,1877
1782333891.681634,1876
1782333891.682915,1895
1782333891.682922,1854
1782333891.684203,1796
1782333891.685487,1699
1782333891.686769,1771
1782333891.688053,1884
1782333891.6880589,1863
1782333891.6893399,1844
1782333891.690623,1876
1782333891.691905,1836
1782333891.691911,1791
1782333891.6931891,1705
1782333891.6944692,1764
1782333891.695751,1891
1782333891.697027,1886
1782333891.6970298,1883
1782333891.707468,1894
1782333891.7074711,1949
1782333891.7074718,1932
1782333891.7074718,1813
1782333891.7074728,1833
1782333891.707474,1935
1782333891.707474,1979
1782333891.707475,1949
1782333891.707476,1867
1782333891.707477,1900
1782333891.708739,1836
1782333891.712063,1773
1782333891.712065,1741
1782333891.712066,1779
1782333891.7120671,1867
1782333891.712068,1865
1782333891.713347,1793
1782333891.714616,1859
1782333891.715898,1833
1782333891.715905,1826
1782333891.7171872,1784
1782333891.718472,1838
1782333891.719757,1892
1782333891.721042,1843
1782333891.721048,1794
1782333891.722328,1833
1782333891.7236118,1832
1782333891.724896,1839
1782333891.7249029,1761
1782333891.726341,1812
1782333891.736684,1915
1782333891.7366881,1899
1782333891.7366889,1876
1782333891.7366889,1887
1782333891.7366898,1854
1782333891.736691,1802
1782333891.736692,1721
1782333891.736692,1793
1782333891.736693,1915
1782333891.736694,1886
1782333891.7379599,1835
1782333891.737962,1880
1782333891.741168,1886
1782333891.741171,1900
1782333891.741172,1770
1782333891.742435,1807
1782333891.743716,1928
1782333891.745001,1861
1782333891.745007,1852
1782333891.746287,1865
1782333891.747571,1849
1782333891.748862,1832
1782333891.748878,1722
1782333891.7501702,1774
1782333891.7514539,1874
1782333891.7527392,1885
1782333891.754024,1861
1782333891.75403,1871
1782333891.755979,1882
1782333891.7559822,1880
1782333891.766429,1788
1782333891.766432,1801
1782333891.766433,1881
1782333891.766434,1935
1782333891.7664351,1932
1782333891.7664351,1870
1782333891.766436,1935
1782333891.766437,1901
1782333891.766437,1844
1782333891.7664378,1772
1782333891.767703,1835
1782333891.770904,1896
1782333891.770907,1848
1782333891.7709079,1806
1782333891.7709088,1875
1782333891.773468,1878
1782333891.7734761,1848
1782333891.7747588,1780
1782333891.7760441,1807
1782333891.776051,1916
1782333891.777332,1865
1782333891.778616,1839
1782333891.7798998,1860
1782333891.779907,1819
1782333891.781188,1830
1782333891.782474,1746
1782333891.783756,1770
1782333891.7850418,1910
1782333891.785048,1853
1782333891.786562,1825
1782333891.797173,1846
1782333891.7971761,1834
1782333891.797177,1848
1782333891.797177,1757
1782333891.797178,1819
1782333891.797179,1909
1782333891.797179,1862
1782333891.79718,1823
1782333891.797181,1854
1782333891.797181,1832
1782333891.7971818,1825
1782333891.79845,1707
1782333891.801616,1737
1782333891.801619,1910
1782333891.80162,1891
1782333891.8028831,1881
1782333891.802885,1895
1782333891.8041651,1885
1782333891.805451,1888
1782333891.806735,1753
1782333891.8080199,1799
1782333891.8080268,1932
1782333891.809309,1914
1782333891.810596,1891
1782333891.8118799,1863
1782333891.811886,1865
1782333891.813168,1871
1782333891.814453,1790
1782333891.8159869,1775
1782333891.81599,1882
1782333891.82676,1939
1782333891.826762,1922
1782333891.826763,1877
1782333891.826764,1949
1782333891.826765,1903
1782333891.826766,1853
1782333891.826766,1795
1782333891.8267672,1822
1782333891.826768,1878
1782333891.8267689,1858
1782333891.828037,1800
1782333891.82804,1852
1782333891.83127,1831
1782333891.831273,1760
1782333891.831274,1732
1782333891.832554,1772
1782333891.8338292,1909
1782333891.835114,1928
1782333891.835123,1922
1782333891.836406,1940
1782333891.837692,1942
1782333891.838978,1898
1782333891.838984,1768
1782333891.8402638,1828
1782333891.8415492,1918
1782333891.841556,1846
1782333891.842838,1830
1782333891.844181,1835
1782333891.844191,1803
1782333891.845475,1806
1782333891.846761,1701
1782333891.848035,1738
1782333891.848038,1871
1782333891.8582761,1805
1782333891.858279,1810
1782333891.85828,1810
1782333891.858281,1795
1782333891.858281,1791
1782333891.858282,1708
1782333891.858283,1751
1782333891.858283,1891
1782333891.858284,1860
1782333891.858285,1842
1782333891.859549,1862
1782333891.862828,1810
1782333891.8628302,1749
1782333891.862831,1671
1782333891.862836,1774
1782333891.8641138,1912
1782333891.8654,1895
1782333891.866687,1850
1782333891.8679721,1871
1782333891.867979,1883
1782333891.869259,1854
1782333891.870544,1800
1782333891.871829,1810
1782333891.873114,1896
1782333891.873121,1903
1782333891.874401,1871
1782333891.875684,1817
1782333891.8769689,1878
1782333891.876975,1885
1782333891.878239,1903
1782333891.8892028,1849
1782333891.8892102,1886
1782333891.889211,1939
1782333891.889211,1926
1782333891.889212,1868
1782333891.8892128,1928
1782333891.889214,1903
1782333891.889215,1826
1782333891.889215,1767
1782333891.889216,1804
1782333891.8892171,1886
1782333891.890486,1844
1782333891.893972,1859
1782333891.893975,1876
1782333891.893976,1896
1782333891.893976,1856
1782333891.8952441,1790
1782333891.8965251,1861
1782333891.8977962,1944
1782333891.899075,1903
1782333891.899082,1887
1782333891.900363,1885
1782333891.901633,1846
1782333891.9028962,1825
1782333891.9028978,1738
1782333891.904174,1794
1782333891.905459,1912
1782333891.906743,1852
1782333891.9088168,1834
1782333891.908819,1849
1782333891.919096,1817
1782333891.9190989,1799
1782333891.9190998,1679
1782333891.919101,1740
1782333891.919102,1886
1782333891.919103,1865
1782333891.919104,1866
1782333891.919105,1921
1782333891.919105,1893
1782333891.919106,1885
1782333891.919107,1774
1782333891.9203782,1796
1782333891.92357,1907
1782333891.923572,1891
1782333891.923573,1881
1782333891.924841,1871
1782333891.926132,1902
1782333891.9261389,1881
1782333891.927403,1790
1782333891.928679,1814
1782333891.929964,1882
1782333891.92997,1896
1782333891.9312499,1871
1782333891.932535,1815
1782333891.933818,1860
1782333891.935085,1871
1782333891.9350872,1770
1782333891.936349,1738
1782333891.9376278,1763
1782333891.9396732,1846
1782333891.939677,1847
1782333891.950068,1767
1782333891.950071,1807
1782333891.950072,1794
1782333891.950072,1743
1782333891.950073,1716
1782333891.9500742,1762
1782333891.9500742,1866
1782333891.950075,1875
1782333891.9500759,1871
1782333891.9500759,1854
1782333891.9500768,1866
1782333891.9513469,1861
1782333891.954391,1778
1782333891.954394,1834
1782333891.9543948,1954
1782333891.955677,1901
1782333891.956964,1866
1782333891.956971,1886
1782333891.958254,1859
1782333891.959539,1865
1782333891.960654,1762
1782333891.96192,1833
1782333891.961922,1950
1782333891.9632,1871
1782333891.9644852,1887
1782333891.965769,1902
1782333891.9670532,1898
1782333891.967059,1855
1782333891.9683452,1734
1782333891.970357,1783
1782333891.97036,1908
1782333891.980672,1853
1782333891.980675,1838
1782333891.9806762,1880
1782333891.9806771,1835
1782333891.9806771,1799
1782333891.9806778,1701
1782333891.9806788,1756
1782333891.98068,1881
1782333891.980681,1911
1782333891.980682,1881
1782333891.980682,1878
1782333891.9819489,1885
1782333891.981951,1944
1782333891.9849758,1846
1782333891.984979,1854
1782333891.9849799,1922
1782333891.986264,1923
1782333891.987551,1894
1782333891.988838,1824
1782333891.990127,1864
1782333891.990134,1860
1782333891.991414,1781
1782333891.9926999,1766
1782333891.993943,1813
1782333891.993949,1896
1782333891.995251,1870
1782333891.996536,1801
1782333891.9978209,1866
1782333891.999105,1811
1782333891.999112,1790
1782333892.000452,1725
1782333892.011202,1769
1782333892.011204,1823
1782333892.0112052,1791
1782333892.011206,1773
1782333892.0112069,1764
1782333892.0112069,1761
1782333892.0112078,1768
1782333892.011209,1697
1782333892.011209,1752
1782333892.01121,1856
1782333892.011211,1865
1782333892.012481,1878
1782333892.0155442,1919
1782333892.0155468,1889
1782333892.015548,1890
1782333892.016819,1792
1782333892.018101,1853
1782333892.018108,1961
1782333892.019373,1915
1782333892.020638,1897
1782333892.021918,1942
1782333892.0219252,1929
1782333892.023207,1910
1782333892.024491,1792
1782333892.0257752,1827
1782333892.02706,1961
1782333892.0270662,1919
1782333892.028349,1860
1782333892.030245,1849
1782333892.030248,1791
1782333892.040614,1775
1782333892.040617,1677
1782333892.040618,1733
1782333892.040618,1893
1782333892.040619,1866
1782333892.04062,1870
1782333892.04062,1867
1782333892.040621,1871
1782333892.040622,1855
1782333892.040622,1766
1782333892.0418901,1832
1782333892.041892,1935
1782333892.044875,1961
1782333892.044877,1943
1782333892.044878,1921
1782333892.04614,1907
1782333892.0474172,1896
1782333892.0486999,1851
1782333892.0499861,1843
1782333892.049993,1876
1782333892.051275,1983
1782333892.052344,1967
1782333892.0536342,1864
1782333892.054921,1948
1782333892.0549278,1957
1782333892.056211,1903
1782333892.057496,1806
1782333892.0587788,1806
1782333892.060498,1880
1782333892.0605,1884
1782333892.070791,1870
1782333892.0707939,1878
1782333892.070795,1859
1782333892.070796,1822
1782333892.070796,1717
1782333892.070797,1775
1782333892.0707982,1863
1782333892.070799,1823
1782333892.0707998,1798
1782333892.0707998,1807
1782333892.072072,1811
1782333892.072076,1806
1782333892.075113,1706
1782333892.075116,1750
1782333892.075117,1881
1782333892.076378,1846
1782333892.077657,1814
1782333892.078942,1844
1782333892.078948,1849
1782333892.080231,1813
1782333892.081514,1693
1782333892.082798,1751
1782333892.084084,1895
1782333892.08409,1846
1782333892.085373,1862
1782333892.086655,1890
1782333892.08794,1862
1782333892.087946,1835
1782333892.089209,1716
1782333892.090486,1759
1782333892.09208,1884
1782333892.092082,1858
1782333892.1026728,1832
1782333892.102676,1830
1782333892.102676,1830
1782333892.102677,1851
1782333892.102678,1711
1782333892.102679,1730
1782333892.102679,1864
1782333892.10268,1924
1782333892.1026812,1946
1782333892.1026812,1938
1782333892.102682,1965
1782333892.103952,1964
1782333892.1039538,1889
1782333892.107109,1860
1782333892.107112,1884
1782333892.107113,1934
1782333892.108375,1875
1782333892.109654,1791
1782333892.11094,1862
1782333892.110946,1848
1782333892.1122282,1816
1782333892.11351,1754
1782333892.11479,1783
1782333892.116073,1844
1782333892.11608,1798
1782333892.11736,1787
1782333892.118644,1804
1782333892.119926,1791
1782333892.119932,1784
1782333892.1212108,1747
1782333892.1225889,1812
1782333892.133077,1923
1782333892.13308,1899
1782333892.1330812,1870
1782333892.1330822,1886
1782333892.1330822,1874
1782333892.1330829,1883
1782333892.1330838,1770
1782333892.133085,1827
1782333892.133086,1967
1782333892.133086,1935
1782333892.133087,1900
1782333892.134349,1903
1782333892.1374998,1863
1782333892.137502,1835
1782333892.137503,1708
1782333892.138779,1769
1782333892.140047,1921
1782333892.140049,1896
1782333892.141325,1842
1782333892.142594,1878
1782333892.143874,1869
1782333892.14388,1862
1782333892.145159,1766
1782333892.146442,1802
1782333892.147729,1901
1782333892.1490061,1849
1782333892.149013,1855
1782333892.150292,1844
1782333892.152145,1835
1782333892.152147,1794
1782333892.1626089,1702
1782333892.162612,1745
1782333892.162613,1880
1782333892.162614,1907
1782333892.162615,1885
1782333892.162616,1886
1782333892.1626172,1915
1782333892.1626182,1898
1782333892.1626182,1835
1782333892.1626189,1829
1782333892.16389,1933
1782333892.163893,2022
1782333892.16689,1957
1782333892.166892,1886
1782333892.166892,1935
1782333892.168155,1932
1782333892.169434,1900
1782333892.170718,1857
1782333892.172002,1866
1782333892.172009,1979
1782333892.1732879,1940
1782333892.174573,1894
1782333892.17586,1879
1782333892.1758752,1810
1782333892.177195,1773
1782333892.178487,1714
1782333892.179757,1720
1782333892.181037,1794
1782333892.181043,1769
1782333892.182539,1743
1782333892.1928241,1749
1782333892.192827,1705
1782333892.192828,1749
1782333892.192829,1686
1782333892.192829,1761
1782333892.1928298,1922
1782333892.192831,1882
1782333892.192831,1874
1782333892.192832,1879
1782333892.192833,1853
1782333892.192839,1827
1782333892.19411,1752
1782333892.1971252,1816
1782333892.197129,1945
1782333892.197129,1953
1782333892.198394,1916
1782333892.1996748,1917
1782333892.20096,1899
1782333892.200966,1852
1782333892.202247,1743
1782333892.203532,1805
1782333892.2048168,1903
1782333892.206103,1852
1782333892.206109,1832
1782333892.2073889,1848
1782333892.208672,1852
1782333892.2099562,1806
1782333892.209963,1723
1782333892.211242,1734
1782333892.2129831,1824
1782333892.2129862,1862
1782333892.222527,1851
1782333892.222529,1837
1782333892.2225301,1823
1782333892.222531,1810
1782333892.222532,1770
1782333892.2225332,1786
1782333892.222534,1847
1782333892.222534,1898
1782333892.222535,1881
1782333892.223798,1801
1782333892.226891,1867
1782333892.226892,1874
1782333892.226893,1848
1782333892.2268941,1812
1782333892.228157,1845
1782333892.2294369,1940
1782333892.229444,1885
1782333892.230726,1858
1782333892.232013,1864
1782333892.232019,1829
1782333892.2333,1815
1782333892.234584,1716
1782333892.2358751,1773
1782333892.235882,1881
1782333892.237163,1857
1782333892.2384372,1837
1782333892.239727,1886
1782333892.241015,1908
1782333892.2410219,1871
1782333892.242305,1766
1782333892.243853,1839
1782333892.243936,1966
1782333892.254291,1919
1782333892.254294,1889
1782333892.254294,1903
1782333892.254295,1850
1782333892.254296,1823
1782333892.254296,1699
1782333892.254297,1771
1782333892.2542982,1854
1782333892.2542982,1785
1782333892.254299,1794
1782333892.255567,1819
1782333892.258657,1826
1782333892.25866,1818
1782333892.258661,1709
1782333892.259923,1778
1782333892.259925,1928
1782333892.261203,1908
1782333892.262471,1900
1782333892.2637491,1915
1782333892.265032,1917
1782333892.265038,1911
1782333892.266319,1796
1782333892.267603,1789
1782333892.268887,1868
1782333892.268893,1816
1782333892.2701728,1802
1782333892.271455,1772
1782333892.2727392,1788
1782333892.274545,1787
1782333892.2745469,1782
1782333892.2847419,1804
1782333892.284744,1877
1782333892.284745,1907
1782333892.284746,1847
1782333892.284746,1806
1782333892.2847471,1871
1782333892.284748,1832
1782333892.284749,1818
1782333892.284749,1774
1782333892.28475,1829
1782333892.286011,1932
1782333892.286013,1895
1782333892.289034,1855
1782333892.289036,1907
1782333892.289037,1878
1782333892.2902982,1850
1782333892.291574,1767
1782333892.2928598,1790
1782333892.292865,1892
1782333892.2941492,1886
1782333892.295435,1850
1782333892.296724,1878
1782333892.298008,1889
1782333892.298014,1865
1782333892.299293,1773
1782333892.3005598,1806
1782333892.3018198,1933
1782333892.303103,1854
1782333892.3031092,1844
1782333892.304377,1863
1782333892.3147678,1849
1782333892.31477,1839
1782333892.314771,1711
1782333892.314772,1790
1782333892.314772,1939
1782333892.314773,1880
1782333892.314774,1860
1782333892.314774,1895
1782333892.314775,1844
1782333892.3147762,1839
1782333892.316041,1687
1782333892.316043,1775
1782333892.319096,1899
1782333892.319099,1900
1782333892.3191,1861
1782333892.320363,1846
1782333892.321627,1833
1782333892.322905,1854
1782333892.322911,1728
1782333892.324192,1802
1782333892.32546,1882
1782333892.3267379,1910
1782333892.3280268,1897
1782333892.3280342,1890
1782333892.329317,1894
1782333892.3306031,1878
1782333892.331892,1807
1782333892.331899,1770
1782333892.333184,1823
1782333892.334485,1892
1782333892.345243,1875
1782333892.345245,1782
1782333892.3452458,1829
1782333892.3452458,1837
1782333892.345247,1790
1782333892.345248,1754
1782333892.345248,1787
1782333892.345249,1903
1782333892.3452501,1846
1782333892.3452501,1773
1782333892.345251,1838
1782333892.3465128,1832
1782333892.3497221,1828
1782333892.349726,1756
1782333892.349726,1838
1782333892.350992,1948
1782333892.3509939,1882
1782333892.352285,1842
1782333892.353576,1885
1782333892.354869,1871
1782333892.3548858,1879
1782333892.356168,1780
1782333892.357453,1845
1782333892.35746,1924
1782333892.358741,1892
1782333892.360032,1880
1782333892.3600378,1919
1782333892.361322,1887
1782333892.362611,1889
1782333892.3644512,1774
1782333892.3644538,1854
1782333892.3749802,1992
1782333892.3749828,1922
1782333892.374984,1903
1782333892.374985,1930
1782333892.374985,1889
1782333892.374986,1878
1782333892.3749871,1759
1782333892.374988,1807
1782333892.374989,1959
1782333892.374989,1949
1782333892.37499,1940
1782333892.376259,1923
1782333892.379337,1903
1782333892.379339,1898
1782333892.37934,1791
1782333892.380623,1864
1782333892.381928,1949
1782333892.381936,1911
1782333892.383219,1859
1782333892.384507,1801
1782333892.385792,1801
1782333892.38708,1785
1782333892.3870862,1697
1782333892.3883688,1674
1782333892.389651,1736
1782333892.390934,1798
1782333892.39094,1765
1782333892.392221,1727
1782333892.3935082,1814
1782333892.394793,1835
1782333892.396105,1803
1782333892.396107,1780
1782333892.406683,1844
1782333892.406686,1951
1782333892.406687,1910
1782333892.406688,1870
1782333892.406689,1879
1782333892.406689,1860
1782333892.4066901,1842
1782333892.406691,1800
1782333892.406692,1861
1782333892.4066932,1970
1782333892.407962,1912
1782333892.407965,1896
1782333892.4110541,1907
1782333892.411057,1827
1782333892.411058,1827
1782333892.412322,1690
1782333892.413602,1775
1782333892.414887,1895
1782333892.414894,1885
1782333892.4161751,1853
1782333892.417459,1855
1782333892.418742,1848
1782333892.420026,1818
1782333892.420032,1720
1782333892.421312,1818
1782333892.422595,1967
1782333892.423878,1914
1782333892.423884,1903
1782333892.425167,1919
1782333892.426443,1882
1782333892.436897,1831
1782333892.436901,1716
1782333892.4369018,1802
1782333892.436903,1890
1782333892.436904,1792
1782333892.436905,1762
1782333892.436906,1775
1782333892.436906,1774
1782333892.436907,1773
1782333892.436908,1706
1782333892.436909,1743
1782333892.438175,1887
1782333892.441189,1868
1782333892.441191,1858
1782333892.441192,1827
1782333892.442462,1870
1782333892.443744,1888
1782333892.445028,1821
1782333892.445034,1839
1782333892.4463181,1908
1782333892.447604,1974
1782333892.448888,1959
1782333892.45017,1939
1782333892.450176,1988
1782333892.4514618,1939
1782333892.452748,1900
1782333892.454036,1847
1782333892.4540422,1848
1782333892.4553258,1930
1782333892.456596,1887
1782333892.466908,1832
1782333892.466911,1858
1782333892.466912,1824
1782333892.466913,1801
1782333892.466914,1758
1782333892.466914,1801
1782333892.4669151,1915
1782333892.466916,1855
1782333892.466917,1871
1782333892.466918,1865
1782333892.466918,1864
1782333892.46819,1877
1782333892.4711418,1759
1782333892.471145,1804
1782333892.4711459,1924
1782333892.4724321,1882
1782333892.473721,1865
1782333892.475012,1869
1782333892.475018,1843
1782333892.476301,1852
1782333892.4775848,1731
1782333892.478873,1814
1782333892.47888,1947
1782333892.480164,1851
1782333892.481448,1839
1782333892.482733,1877
1782333892.4840178,1854
1782333892.484024,1823
1782333892.485306,1703
1782333892.485312,1762
1782333892.486701,1912
1782333892.497416,1870
1782333892.497419,1849
1782333892.49742,1870
1782333892.497421,1871
1782333892.497421,1868
1782333892.497422,1743
1782333892.4974232,1719
1782333892.497424,1803
1782333892.4974248,1818
1782333892.4974248,1793
1782333892.497426,1759
1782333892.498689,1785
1782333892.50179,1780
1782333892.501794,1768
1782333892.501795,1816
1782333892.503041,1869
1782333892.5030432,1962
1782333892.50432,1932
1782333892.505607,1884
1782333892.506892,1910
1782333892.506898,1879
1782333892.508179,1832
1782333892.509467,1761
1782333892.510753,1807
1782333892.5120409,1911
1782333892.512047,1848
1782333892.5133288,1815
1782333892.514613,1876
1782333892.516341,1823
1782333892.516343,1816
1782333892.527213,1786
1782333892.527217,1821
1782333892.527217,1943
1782333892.5272179,1899
1782333892.527219,1853
1782333892.527219,1862
1782333892.52722,1838
1782333892.527221,1826
1782333892.527221,1714
1782333892.527222,1736
1782333892.527222,1876
1782333892.5284941,1868
1782333892.531562,1858
1782333892.531564,1874
1782333892.531565,1839
1782333892.5328279,1847
1782333892.5341089,1710
1782333892.534116,1756
1782333892.5354009,1919
1782333892.53669,1894
1782333892.537979,1867
1782333892.537986,1870
1782333892.5392692,1869
1782333892.5405529,1889
1782333892.541836,1748
1782333892.5431309,1807
1782333892.543137,1948
1782333892.544422,1897
1782333892.545714,1880
1782333892.5470002,1886
1782333892.547006,1887
1782333892.548276,1839
1782333892.558532,1726
1782333892.558536,1747
1782333892.558537,1868
1782333892.558537,1882
1782333892.558538,1893
1782333892.558539,1886
1782333892.558539,1901
1782333892.55854,1839
1782333892.558541,1780
1782333892.558541,1763
1782333892.5598059,1818
1782333892.5630422,1909
1782333892.563045,1894
1782333892.563045,1870
1782333892.563046,1921
1782333892.5643148,1933
1782333892.5655959,1847
1782333892.5668821,1836
1782333892.566889,1871
1782333892.5681732,1953
1782333892.569463,1888
1782333892.570747,1864
1782333892.572035,1878
1782333892.572041,1859
1782333892.573323,1818
1782333892.5746071,1790
1782333892.575893,1833
1782333892.5758998,1930
1782333892.577169,1891
1782333892.5785978,1871
1782333892.589189,1885
1782333892.5891929,1866
1782333892.589194,1898
1782333892.589194,1793
1782333892.589195,1858
1782333892.589196,1935
1782333892.589196,1899
1782333892.5891972,1867
1782333892.589198,1866
1782333892.589198,1837
1782333892.589199,1799
1782333892.590463,1666
1782333892.593728,1752
1782333892.5937312,1882
1782333892.593732,1846
1782333892.594816,1813
1782333892.596098,1817
1782333892.596104,1781
1782333892.5973911,1781
1782333892.598677,1658
1782333892.599962,1753
1782333892.599968,1896
1782333892.601253,1860
1782333892.60254,1895
1782333892.6038132,1876
1782333892.605091,1890
1782333892.605098,1855
1782333892.606379,1754
1782333892.608382,1802
1782333892.608385,1927
1782333892.618848,1914
1782333892.6188512,1910
1782333892.6188521,1852
1782333892.618853,1914
1782333892.6188538,1877
1782333892.618855,1782
1782333892.618855,1785
1782333892.618856,1856
1782333892.618857,1915
1782333892.618858,1903
1782333892.618859,1878
1782333892.618859,1908
1782333892.620127,1871
1782333892.623106,1826
1782333892.623109,1789
1782333892.6231098,1846
1782333892.624375,1956
1782333892.625654,1908
1782333892.626942,1887
1782333892.626949,1919
1782333892.628232,1921
1782333892.629519,1903
1782333892.630806,1805
1782333892.6320908,1858
1782333892.632097,1929
1782333892.633377,1867
1782333892.6346612,1820
1782333892.6359308,1822
1782333892.635932,1774
1782333892.6371992,1770
1782333892.6384819,1629
1782333892.6397681,1692
1782333892.641042,1834
1782333892.641045,1816
1782333892.651798,1826
1782333892.651801,1875
1782333892.6518059,1851
1782333892.651807,1845
1782333892.651807,1672
1782333892.651808,1764
1782333892.651809,1898
1782333892.651809,1868
1782333892.65181,1863
1782333892.6518111,1860
1782333892.653075,1861
1782333892.653077,1884
1782333892.656379,1765
1782333892.656381,1817
1782333892.6563818,1953
1782333892.657664,1916
1782333892.658947,1882
1782333892.658953,1896
1782333892.660238,1919
1782333892.661522,1891
1782333892.6628082,1803
1782333892.664096,1811
1782333892.6641018,1930
1782333892.6653812,1912
1782333892.666664,1888
1782333892.667949,1871
1782333892.667955,1918
1782333892.669239,1885
1782333892.67062,1774
1782333892.681439,1738
1782333892.681442,1812
1782333892.681443,1855
1782333892.6814442,1839
1782333892.6814442,1741
1782333892.6814451,1780
1782333892.6814458,1760
1782333892.6814458,1723
1782333892.681447,1677
1782333892.681448,1697
1782333892.681448,1798
1782333892.68271,1790
1782333892.6858659,1768
1782333892.685868,1798
1782333892.685869,1806
1782333892.6858702,1801
1782333892.687134,1746
1782333892.688413,1806
1782333892.689697,1912
1782333892.6909811,1871
1782333892.690987,1866
1782333892.692267,1880
1782333892.693552,1834
1782333892.694834,1810
1782333892.696117,1754
1782333892.696123,1856
1782333892.697402,1995
1782333892.698684,1955
1782333892.700089,1924
1782333892.700091,1933
1782333892.710597,1906
1782333892.7106,1878
1782333892.7106009,1759
1782333892.710602,1807
1782333892.710602,1924
1782333892.710603,1896
1782333892.710604,1834
1782333892.7106051,1820
1782333892.7106051,1832
1782333892.710606,1822
1782333892.7118762,1677
1782333892.711879,1751
1782333892.7150831,1912
1782333892.715086,1876
1782333892.7150872,1868
1782333892.716356,1892
1782333892.71764,1879
1782333892.718909,1800
1782333892.718911,1706
1782333892.720187,1741
1782333892.721476,1870
1782333892.72276,1876
1782333892.724042,1835
1782333892.724048,1859
1782333892.725328,1871
1782333892.726613,1853
1782333892.7278988,1764
1782333892.727905,1759
1782333892.729173,1824
1782333892.730773,1880
1782333892.742029,1844
1782333892.742033,1814
1782333892.742034,1902
1782333892.742034,1888
1782333892.742035,1824
1782333892.7420359,1782
1782333892.742037,1854
1782333892.742037,1992
1782333892.742038,1935
1782333892.742039,1922
1782333892.742039,1990
1782333892.7420402,1956
1782333892.742041,1882
1782333892.743305,1825
1782333892.746552,1844
1782333892.7465541,1919
1782333892.7465549,1844
1782333892.747818,1846
1782333892.749104,1888
1782333892.749111,1858
1782333892.750394,1877
1782333892.7516851,1760
1782333892.752977,1807
1782333892.752983,1933
1782333892.754269,1884
1782333892.755559,1855
1782333892.756844,1858
1782333892.756861,1864
1782333892.758168,1875
1782333892.759457,1714
1782333892.760727,1751
1782333892.771093,1911
1782333892.771096,1875
1782333892.7710981,1881
1782333892.7710981,1876
1782333892.7710989,1856
1782333892.7710998,1835
1782333892.771101,1706
1782333892.771102,1774
1782333892.771102,1924
1782333892.771103,1892
1782333892.771104,1884
1782333892.772369,1897
1782333892.775459,1941
1782333892.7754612,1925
1782333892.775462,1807
1782333892.776727,1820
1782333892.7780118,1935
1782333892.7780192,1885
1782333892.779289,1847
1782333892.780572,1850
1782333892.781866,1869
1782333892.781882,1831
1782333892.783201,1734
1782333892.784491,1739
1782333892.785779,1845
1782333892.787065,1925
1782333892.787071,1888
1782333892.789639,1828
1782333892.789645,1907
1782333892.7909288,1893
1782333892.790935,1848
1782333892.792212,1770
1782333892.802758,1802
1782333892.80276,1880
1782333892.802761,1827
1782333892.802762,1811
1782333892.802763,1803
1782333892.802763,1819
1782333892.802764,1807
1782333892.8027651,1754
1782333892.802766,1782
1782333892.802767,1898
1782333892.804032,1854
1782333892.804034,1839
1782333892.807178,1854
1782333892.80718,1864
1782333892.8071811,1875
1782333892.808442,1732
1782333892.809723,1786
1782333892.811008,1919
1782333892.811015,1887
1782333892.8123,1860
1782333892.813589,1879
1782333892.814875,1856
1782333892.814881,1853
1782333892.816162,1735
1782333892.817448,1835
1782333892.818738,1998
1782333892.8200262,1914
1782333892.820032,1859
1782333892.8213189,1891
1782333892.822675,1838
1782333892.8333619,1836
1782333892.833366,1764
1782333892.833366,1815
1782333892.833367,1942
1782333892.833368,1915
1782333892.833369,1893
1782333892.833369,1891
1782333892.8333702,1896
1782333892.833371,1893
1782333892.833371,1749
1782333892.8333719,1784
1782333892.834635,1869
1782333892.837863,1843
1782333892.8378649,1843
1782333892.8378649,1807
1782333892.837866,1871
1782333892.839148,1820
1782333892.8404338,1738
1782333892.8417192,1746
1782333892.8430028,1844
1782333892.84301,1930
1782333892.8442938,1880
1782333892.8455832,1803
1782333892.846873,1906
1782333892.8468878,1877
1782333892.848168,1794
1782333892.8494358,1705
1782333892.850715,1738
1782333892.852237,1847
1782333892.8522391,1837
1782333892.8628511,1819
1782333892.862855,1870
1782333892.862855,1817
1782333892.862856,1781
1782333892.8628569,1711
1782333892.8628569,1788
1782333892.862858,1919
1782333892.862859,1867
1782333892.862859,1845
1782333892.86286,1881
1782333892.86286,1860
1782333892.864128,1824
1782333892.86732,1723
1782333892.8673222,1774
1782333892.867323,1898
1782333892.868602,1866
1782333892.8698869,1824
1782333892.869893,1857
1782333892.8699021,1873
1782333892.871188,1862
1782333892.872475,1716
1782333892.8737578,1780
1782333892.875041,1899
1782333892.875047,1819
1782333892.8763268,1844
1782333892.8776152,1871
1782333892.878902,1877
1782333892.878908,1870
1782333892.880192,1755
1782333892.8814762,1796
1782333892.882865,1944
1782333892.8828669,1918
1782333892.893715,1885
1782333892.8937201,1883
1782333892.893721,1873
1782333892.893722,1850
1782333892.8937228,1750
1782333892.893724,1826
1782333892.893724,1964
1782333892.893725,1973
1782333892.8937259,1915
1782333892.893727,1862
1782333892.8949912,1857
1782333892.8949928,1807
1782333892.898239,1719
1782333892.898242,1736
1782333892.8982432,1791
1782333892.899513,1870
1782333892.900791,1869
1782333892.90202,1813
1782333892.9020228,1919
1782333892.903291,1897
1782333892.904577,1871
1782333892.905865,1798
1782333892.9058821,1858
1782333892.90719,1922
1782333892.9084759,1884
1782333892.9097888,1839
1782333892.911084,1882
1782333892.911086,1856
1782333892.91259,1832
1782333892.923337,1743
1782333892.92334,1778
1782333892.923341,1909
1782333892.923342,1862
1782333892.923342,1888
1782333892.9233432,1876
1782333892.923344,1844
1782333892.923344,1834
1782333892.9233449,1711
1782333892.9233458,1778
1782333892.9233458,1923
1782333892.924619,1847
1782333892.928035,1862
1782333892.928038,1906
1782333892.9280388,1849
1782333892.92804,1830
1782333892.929306,1694
1782333892.930588,1770
1782333892.931873,1924
1782333892.93188,1900
1782333892.9331598,1923
1782333892.934432,1935
1782333892.9355872,1935
1782333892.936882,1913
1782333892.9368892,1743
1782333892.938171,1778
1782333892.93946,1942
1782333892.940726,1916
1782333892.942006,1924
1782333892.9420118,1934
1782333892.943829,1953
1782333892.954402,1930
1782333892.954404,1828
1782333892.954405,1829
1782333892.9544058,1934
1782333892.954407,1928
1782333892.954407,1882
1782333892.954408,1838
1782333892.954409,1849
1782333892.95441,1807
1782333892.954411,1731
1782333892.954411,1731
1782333892.955679,1794
1782333892.958836,1885
1782333892.958839,1861
1782333892.9588401,1788
1782333892.958841,1849
1782333892.960114,1816
1782333892.961399,1773
1782333892.962688,1754
1782333892.963973,1807
1782333892.96398,1892
1782333892.965261,1868
1782333892.966561,1850
1782333892.9678452,1896
1782333892.96913,1871
1782333892.969132,1860
1782333892.970409,1843
1782333892.9716978,1917
1782333892.972985,1988
1782333892.972991,1885
1782333892.974367,1843
1782333892.985068,1858
1782333892.9850712,1834
1782333892.9850721,1820
1782333892.9850729,1707
1782333892.9850729,1751
1782333892.9850738,1878
1782333892.985075,1867
1782333892.985076,1898
1782333892.985077,1925
1782333892.985077,1932
1782333892.985078,1894
1782333892.98634,1747
1782333892.989462,1779
1782333892.989464,1940
1782333892.989465,1894
1782333892.990749,1836
1782333892.9920409,1847
1782333892.992047,1855
1782333892.993356,1810
1782333892.9946618,1690
1782333892.995957,1767
1782333892.9959638,1903
1782333892.995966,1870
1782333892.9972548,1861
1782333892.998541,1868
1782333892.999823,1860
1782333893.0011148,1829
1782333893.001122,1716
1782333893.002389,1790
1782333893.0040479,1907
1782333893.00405,1889
1782333893.0150652,1846
1782333893.015069,1828
1782333893.015069,1871
1782333893.01507,1837
1782333893.015071,1829
1782333893.015071,1795
1782333893.015072,1887
1782333893.015073,1946
1782333893.015073,1906
1782333893.015074,1823
1782333893.015074,1871
1782333893.016337,1832
1782333893.0193322,1760
1782333893.0193348,1729
1782333893.0193348,1742
1782333893.020603,1861
1782333893.0218828,1864
1782333893.0218902,1839
1782333893.0231712,1887
1782333893.0244548,1860
1782333893.025744,1792
1782333893.0270321,1750
1782333893.027039,1795
1782333893.02832,1896
1782333893.029609,1856
1782333893.030895,1857
1782333893.030901,1869
1782333893.032187,1829
1782333893.0334752,1830
1782333893.03481,1714
1782333893.0457878,1780
1782333893.045792,1901
1782333893.045793,1862
1782333893.045794,1884
1782333893.045795,1907
1782333893.0457962,1903
1782333893.0457962,1871
1782333893.045797,1742
1782333893.0457978,1791
1782333893.045799,1942
1782333893.0458,1897
1782333893.0470679,1888
1782333893.04707,1885
1782333893.050241,1871
1782333893.0502431,1859
1782333893.050244,1734
1782333893.051511,1783
1782333893.052778,1931
1782333893.0540621,1878
1782333893.054069,1857
1782333893.0553532,1863
1782333893.0566368,1865
1782333893.0579221,1857
1782333893.0579278,1733
1782333893.0592089,1786
1782333893.0604959,1911
1782333893.0617862,1919
1782333893.063074,1888
1782333893.063081,1835
1782333893.064738,1867
1782333893.075298,1821
1782333893.075302,1764
1782333893.0753028,1689
1782333893.0753028,1779
1782333893.075304,1852
1782333893.075305,1831
1782333893.075306,1753
1782333893.075307,1858
1782333893.075307,1833
1782333893.075308,1811
1782333893.075309,1770
1782333893.076571,1871
1782333893.0797179,1959
1782333893.079721,1886
1782333893.079722,1843
1782333893.081001,1899
1782333893.081005,1859
1782333893.082291,1799
1782333893.083561,1766
1782333893.084838,1826
1782333893.086133,1910
1782333893.086139,1880
1782333893.0874188,1828
1782333893.088704,1821
1782333893.089988,1826
1782333893.089994,1816
1782333893.091273,1707
1782333893.0925581,1780
1782333893.093843,1913
1782333893.0938601,1861
1782333893.095148,1836
1782333893.096415,1880
1782333893.107015,1831
1782333893.107018,1828
1782333893.107019,1711
1782333893.107019,1791
1782333893.1070201,1931
1782333893.107021,1922
1782333893.107021,1942
1782333893.107022,1966
1782333893.107023,1945
1782333893.107023,1934
1782333893.107024,1786
1782333893.108292,1813
1782333893.111458,1914
1782333893.1114602,1858
1782333893.1114612,1851
1782333893.112727,1870
1782333893.11401,1881
1782333893.114017,1897
1782333893.115298,1774
1782333893.1165838,1775
1782333893.11787,1892
1782333893.117878,1887
1782333893.1191628,1884
1782333893.120449,1838
1782333893.121741,1825
1782333893.123029,1810
1782333893.123035,1747
1782333893.123038,1731
1782333893.124321,1824
1782333893.125609,1871
1782333893.1269288,1842
1782333893.126932,1742
1782333893.137674,1813
1782333893.1376781,1826
1782333893.137679,1762
1782333893.137679,1711
1782333893.1376798,1806
1782333893.137681,1890
1782333893.137682,1790
1782333893.137683,1743
1782333893.137683,1818
1782333893.1376839,1807
1782333893.138954,1777
1782333893.138955,1709
1782333893.142169,1778
1782333893.1421719,1901
1782333893.1421719,1879
1782333893.143438,1862
1782333893.1447208,1862
1782333893.1460102,1821
1782333893.146017,1780
1782333893.1473,1677
1782333893.1485848,1775
1782333893.1498728,1929
1782333893.1498802,1879
1782333893.1511638,1881
1782333893.1524532,1897
1782333893.153742,1891
1782333893.1550279,1903
1782333893.155034,1765
1782333893.156377,1819
1782333893.1670651,1975
1782333893.167068,1931
1782333893.167069,1882
1782333893.16707,1901
1782333893.1670709,1879
1782333893.167072,1855
1782333893.167073,1687
1782333893.167073,1754
1782333893.167074,1879
1782333893.1670752,1847
1782333893.167076,1824
1782333893.168341,1848
1782333893.1715908,1852
1782333893.171593,1871
1782333893.171594,1755
1782333893.1728551,1805
1782333893.172858,1919
1782333893.1741388,1949
1782333893.1754282,1948
1782333893.176717,1896
1782333893.178005,1900
1782333893.178011,1885
1782333893.179295,1796
1782333893.180577,1771
1782333893.181865,1842
1782333893.1818712,1935
1782333893.183151,1913
1782333893.184434,1839
1782333893.1857212,1909
1782333893.1870039,1878
1782333893.187006,1837
1782333893.197613,1767
1782333893.1976168,1819
1782333893.197618,1952
1782333893.197619,1894
1782333893.197619,1844
1782333893.19762,1844
1782333893.197621,1851
1782333893.197622,1860
1782333893.197623,1829
1782333893.197623,1858
1782333893.198886,1977
1782333893.1988878,1910
1782333893.2019641,1878
1782333893.201966,1838
1782333893.201967,1743
1782333893.203242,1742
1782333893.204523,1647
1782333893.2058182,1748
1782333893.207103,1857
1782333893.2071092,1825
1782333893.208389,1837
1782333893.209673,1824
1782333893.210956,1821
1782333893.2109618,1826
1782333893.212241,1694
1782333893.2135282,1789
1782333893.214815,1967
1782333893.216467,1935
1782333893.216469,1912
1782333893.2273579,1928
1782333893.22736,1898
1782333893.227361,1898
1782333893.2273622,1765
1782333893.227363,1814
1782333893.227364,1916
1782333893.227364,1913
1782333893.227365,1887
1782333893.227366,1897
1782333893.227367,1876
1782333893.227367,1852
1782333893.228639,1718
1782333893.231751,1720
1782333893.231754,1871
1782333893.231755,1903
1782333893.233024,1874
1782333893.233026,1861
1782333893.23431,1876
1782333893.235598,1854
1782333893.2368839,1785
1782333893.23689,1734
1782333893.238177,1765
1782333893.239465,1863
1782333893.24074,1852
1782333893.242023,1774
1782333893.242029,1871
1782333893.2433112,1839
1782333893.244599,1816
1782333893.2458858,1738
1782333893.245893,1770
1782333893.245895,1885
1782333893.247814,1875
1782333893.258701,1856
1782333893.258704,1887
1782333893.258705,1884
1782333893.2587059,1891
1782333893.2587059,1795
1782333893.258707,1880
1782333893.258708,1999
1782333893.258708,1931
1782333893.258709,1907
1782333893.25871,1911
1782333893.25871,1876
1782333893.259975,1874
1782333893.2599769,1768
1782333893.263273,1803
1782333893.263275,1930
1782333893.263276,1858
1782333893.2645361,1802
1782333893.265823,1780
1782333893.267112,1779
1782333893.267118,1814
1782333893.268399,1673
1782333893.269686,1752
1782333893.2709749,1935
1782333893.270981,1844
1782333893.272265,1837
1782333893.273549,1900
1782333893.274833,1942
1782333893.2761312,1911
1782333893.2761369,1775
1782333893.277441,1855
1782333893.278732,1995
1782333893.289203,1913
1782333893.289206,1819
1782333893.289206,1816
1782333893.289207,1815
1782333893.2892082,1796
1782333893.2892082,1701
1782333893.2892091,1734
1782333893.2892091,1871
1782333893.28921,1900
1782333893.2892108,1874
1782333893.2892108,1830
1782333893.290478,1907
1782333893.293628,1908
1782333893.293632,1860
1782333893.293633,1834
1782333893.2948952,1890
1782333893.2948968,1988
1782333893.297456,1930
1782333893.297462,1834
1782333893.298744,1918
1782333893.300029,1868
1782333893.300035,1806
1782333893.301319,1746
1782333893.3026078,1798
1782333893.3038778,1938
1782333893.30388,1830
1782333893.305162,1779
1782333893.3064508,1775
1782333893.308019,1772
1782333893.308021,1762
1782333893.31879,1651
1782333893.318794,1763
1782333893.318795,1903
1782333893.318796,1864
1782333893.318797,1818
1782333893.318798,1866
1782333893.318798,1847
1782333893.318804,1858
1782333893.318805,1750
1782333893.318805,1816
1782333893.320071,1925
1782333893.320073,1919
1782333893.323223,1887
1782333893.3232262,1898
1782333893.323227,1866
1782333893.3244932,1851
1782333893.3257751,1708
1782333893.327063,1766
1782333893.32707,1932
1782333893.3283572,1858
1782333893.329647,1859
1782333893.330932,1862
1782333893.3309388,1852
1782333893.332219,1844
1782333893.333487,1695
1782333893.334753,1742
1782333893.3360372,1868
1782333893.3360431,1834
1782333893.337327,1822
1782333893.338615,1850
1782333893.339883,1855
1782333893.339885,1871
1782333893.34115,1743
1782333893.351576,1759
1782333893.35158,1889
1782333893.3515809,1892
1782333893.351582,1844
1782333893.351582,1791
1782333893.351583,1903
1782333893.351584,1893
1782333893.351585,1838
1782333893.351585,1813
1782333893.351586,1832
1782333893.352855,1927
1782333893.352858,1857
1782333893.356268,1801
1782333893.3562722,1896
1782333893.356273,1859
1782333893.357535,1818
1782333893.3588212,1750
1782333893.360113,1773
1782333893.360119,1915
1782333893.3613892,1931
1782333893.3626711,1890
1782333893.363961,1895
1782333893.363968,1847
1782333893.365249,1819
1782333893.366532,1676
1782333893.367819,1774
1782333893.369108,1907
1782333893.3691149,1835
1782333893.3705962,1815
1782333893.3813472,1837
1782333893.3813498,1827
1782333893.381351,1807
1782333893.381351,1696
1782333893.381352,1773
1782333893.381353,1934
1782333893.381353,1856
1782333893.381354,1854
1782333893.381355,1864
1782333893.381355,1819
1782333893.381356,1837
1782333893.381357,1697
1782333893.3826292,1773
1782333893.385828,1948
1782333893.3858309,1917
1782333893.3858309,1902
1782333893.3858361,1917
1782333893.387108,1919
1782333893.388391,1898
1782333893.389676,1718
1782333893.390959,1783
1782333893.390966,1935
1782333893.392249,1880
1782333893.393538,1848
1782333893.394822,1846
1782333893.396111,1893
1782333893.396117,1893
1782333893.3974001,1758
1782333893.398685,1791
1782333893.4003682,1950
1782333893.4003708,1979
1782333893.410988,1935
1782333893.4109912,1850
1782333893.4109921,1861
1782333893.4109921,1835
1782333893.4109929,1804
1782333893.4109938,1723
1782333893.4109938,1787
1782333893.410995,1898
1782333893.410996,1857
1782333893.410996,1771
1782333893.410997,1830
1782333893.412268,1775
1782333893.415497,1746
1782333893.415499,1692
1782333893.4155,1753
1782333893.416766,1898
1782333893.418051,1876
1782333893.418058,1870
1782333893.419344,1907
1782333893.420635,1880
1782333893.4219232,1861
1782333893.42193,1743
1782333893.42321,1842
1782333893.424493,2005
1782333893.425775,1956
1782333893.4270642,1921
1782333893.427071,1897
1782333893.4283562,1868
1782333893.430175,1876
1782333893.4301782,1752
1782333893.440728,1831
1782333893.440732,1998
1782333893.440733,1917
1782333893.440733,1888
1782333893.440734,1908
1782333893.4407349,1922
1782333893.440736,1889
1782333893.440737,1722
1782333893.440738,1797
1782333893.440738,1934
1782333893.442004,1869
1782333893.442006,1858
1782333893.445288,1878
1782333893.445291,1846
1782333893.445292,1839
1782333893.4465752,1716
1782333893.447851,1769
1782333893.4478562,1909
1782333893.4491389,1903
1782333893.45043,1919
1782333893.4517188,1914
1782333893.453009,1910
1782333893.453016,1853
1782333893.4543009,1763
1782333893.4555898,1804
1782333893.456874,1885
1782333893.4568808,1928
1782333893.458178,1928
1782333893.4594681,1860
1782333893.4607391,1886
1782333893.470885,1854
1782333893.470888,1798
1782333893.470888,1724
1782333893.4708889,1780
1782333893.47089,1887
1782333893.47089,1844
1782333893.470891,1783
1782333893.470892,1858
1782333893.470892,1820
1782333893.4708931,1773
1782333893.470894,1685
1782333893.472161,1758
1782333893.475241,1897
1782333893.475243,1866
1782333893.475244,1882
1782333893.476512,1878
1782333893.4777951,1861
1782333893.479091,1871
1782333893.4790971,1755
1782333893.480384,1805
1782333893.4816692,1958
1782333893.482954,1935
1782333893.482961,1903
1782333893.484247,1918
1782333893.4855301,1871
1782333893.486814,1839
1782333893.488097,1691
1782333893.4881039,1742
1782333893.489383,1903
1782333893.490651,1867
1782333893.49211,1871
1782333893.4921138,1878
1782333893.502569,1853
1782333893.502572,1877
1782333893.502573,1734
1782333893.502573,1783
1782333893.502574,1934
1782333893.502574,1849
1782333893.5025752,1832
1782333893.502576,1880
1782333893.502576,1898
1782333893.5025768,1914
1782333893.502578,1775
1782333893.50385,1855
1782333893.503857,1983
1782333893.5071528,1945
1782333893.507156,1883
1782333893.507156,1843
1782333893.508418,1844
1782333893.509699,1818
1782333893.510981,1698
1782333893.510989,1692
1782333893.512256,1757
1782333893.51354,1805
1782333893.51481,1775
1782333893.516096,1736
1782333893.516103,1811
1782333893.517392,1783
1782333893.518681,1743
1782333893.5199711,1668
1782333893.519978,1711
1782333893.5218801,1859
1782333893.521882,1814
1782333893.532695,1773
1782333893.5326982,1821
1782333893.5326989,1794
1782333893.5326989,1759
1782333893.5326998,1721
1782333893.532701,1763
1782333893.532701,1930
1782333893.532702,1906
1782333893.532703,1902
1782333893.532703,1876
1782333893.533977,1844
1782333893.533979,1846
1782333893.537222,1716
1782333893.537224,1786
1782333893.537225,1928
1782333893.538493,1862
1782333893.539773,1862
1782333893.541059,1925
1782333893.541066,1869
1782333893.542349,1843
1782333893.543631,1673
1782333893.5449028,1765
1782333893.544904,1977
1782333893.546187,1930
1782333893.547476,1886
1782333893.548764,1935
1782333893.55005,1919
1782333893.550056,1933
1782333893.5513332,1791
1782333893.5627258,1902
1782333893.562729,2041
1782333893.56273,1983
1782333893.562731,1954
1782333893.562732,1876
1782333893.562732,1833
1782333893.5627332,1820
1782333893.5627341,1718
1782333893.562735,1766
1782333893.562736,1967
1782333893.562736,1991
1782333893.5640059,1935
1782333893.564008,1903
1782333893.567395,1918
1782333893.5673962,1902
1782333893.567397,1817
1782333893.568662,1802
1782333893.569945,1890
1782333893.569952,1957
1782333893.5712352,1915
1782333893.572524,1839
1782333893.573817,1912
1782333893.575104,1874
1782333893.575111,1796
1782333893.576392,1741
1782333893.5776808,1784
1782333893.578964,1896
1782333893.5789702,1879
1782333893.580257,1844
1782333893.581527,1896
1782333893.5830028,1849
1782333893.583006,1812
1782333893.5933871,1730
1782333893.5933912,1794
1782333893.5933921,1939
1782333893.5933928,1884
1782333893.5933928,1856
1782333893.5933938,1879
1782333893.593395,1824
1782333893.593396,1811
1782333893.593396,1686
1782333893.593397,1756
1782333893.5946612,1917
1782333893.5978382,1858
1782333893.5978398,1845
1782333893.5978408,1858
1782333893.597842,1847
1782333893.599106,1845
1782333893.600384,1657
1782333893.601675,1749
1782333893.6029649,1901
1782333893.6029708,1823
1782333893.604256,1826
1782333893.6055439,1846
1782333893.606831,1854
1782333893.608124,1844
1782333893.60813,1700
1782333893.6093981,1766
1782333893.61068,1926
1782333893.612751,1887
1782333893.6127539,1864
1782333893.623269,1895
1782333893.623272,1928
1782333893.623273,1930
1782333893.623274,1766
1782333893.623274,1818
1782333893.623275,1909
1782333893.623276,1886
1782333893.623276,1854
1782333893.623277,1799
1782333893.623277,1854
1782333893.6232781,1844
1782333893.623279,1775
1782333893.6245482,1758
1782333893.627628,1828
1782333893.6276312,1908
1782333893.6276321,1912
1782333893.628899,1813
1782333893.628901,1889
1782333893.6301818,1895
1782333893.631466,1843
1782333893.632749,1738
1782333893.634016,1796
1782333893.6353018,1910
1782333893.635308,1863
1782333893.6365912,1822
1782333893.637877,1857
1782333893.637883,1839
1782333893.639168,1852
1782333893.640455,1743
1782333893.641729,1819
1782333893.643019,1928
1782333893.643025,1850
1782333893.644309,1816
1782333893.654489,1787
1782333893.6544929,1768
1782333893.6544929,1768
1782333893.654494,1631
1782333893.654495,1726
1782333893.654495,1918
1782333893.654496,1880
1782333893.654497,1902
1782333893.654497,1934
1782333893.654498,1913
1782333893.65577,1928
1782333893.6590772,1781
1782333893.6590788,1818
1782333893.65908,1932
1782333893.659081,1866
1782333893.660345,1851
1782333893.661629,1875
1782333893.6629171,1909
1782333893.662924,1929
1782333893.664209,1805
1782333893.665492,1862
1782333893.666775,2029
1782333893.668063,1976
1782333893.6680698,1952
1782333893.669354,1949
1782333893.670642,1941
1782333893.6719282,1903
1782333893.671934,1789
1782333893.673213,1791
1782333893.67452,1895
1782333893.685311,1892
1782333893.6853151,1821
1782333893.6853151,1774
1782333893.685316,1795
1782333893.685317,1755
1782333893.685317,1736
1782333893.685318,1718
1782333893.685319,1793
1782333893.685319,1925
1782333893.68532,1895
1782333893.6853209,1823
1782333893.686594,1914
1782333893.689926,1895
1782333893.689928,1837
1782333893.689929,1810
1782333893.68993,1853
1782333893.691194,1999
1782333893.6924741,1926
1782333893.693759,1887
1782333893.6950452,1902
1782333893.695051,1857
1782333893.6963332,1849
1782333893.69763,1689
1782333893.6989188,1743
1782333893.698925,1870
1782333893.700191,1800
1782333893.701468,1798
1782333893.7027562,1831
1782333893.704492,1829
1782333893.704494,1819
1782333893.715269,1694
1782333893.715271,1818
1782333893.715272,1948
1782333893.715273,1917
1782333893.715273,1881
1782333893.715274,1917
1782333893.715275,1892
1782333893.715276,1844
1782333893.715277,1743
1782333893.715277,1807
1782333893.7152781,1930
1782333893.7165399,1900
1782333893.719747,1890
1782333893.7197492,1864
1782333893.71975,1844
1782333893.72101,1822
1782333893.721011,1748
