1782333926.0332422,1815
1782333926.0344498,1821
1782333926.0357592,1864
1782333926.035768,1867
1782333926.03705,1863
1782333926.0381498,1859
1782333926.03943,1847
1782333926.040753,1838
1782333926.040778,1843
1782333926.042092,1840
1782333926.043388,1831
1782333926.044755,1834
1782333926.044789,1847
1782333926.046216,1844
1782333926.0475242,1837
1782333926.0488021,1843
1782333926.048807,1845
1782333926.05009,1862
1782333926.0518458,1838
1782333926.0518541,1849
1782333926.053281,1855
1782333926.054558,1842
1782333926.055831,1864
1782333926.0558348,1838
1782333926.0571048,1827
1782333926.058385,1839
1782333926.0596879,1838
1782333926.0609689,1839
1782333926.060975,1844
1782333926.062258,1869
1782333926.063531,1858
1782333926.0648131,1856
1782333926.0648189,1860
1782333926.066099,1854
1782333926.067382,1860
1782333926.0686889,1871
1782333926.069969,1885
1782333926.0699751,1892
1782333926.071253,1885
1782333926.072533,1869
1782333926.073815,1880
1782333926.0738208,1877
1782333926.075098,1945
1782333926.076395,1807
1782333926.077672,1826
1782333926.078953,1836
1782333926.0789602,1867
1782333926.080241,1847
1782333926.0817301,1847
1782333926.083008,1860
1782333926.083012,1849
1782333926.08428,1826
1782333926.085352,1811
1782333926.0866492,1830
1782333926.086656,1841
1782333926.087939,1836
1782333926.087946,1818
1782333926.089229,1807
1782333926.0905118,1833
1782333926.091796,1850
1782333926.0918021,1844
1782333926.093072,1845
1782333926.094344,1855
1782333926.095623,1843
1782333926.096907,1853
1782333926.0969129,1857
1782333926.098193,1848
1782333926.0994759,1846
1782333926.100759,1831
1782333926.100765,1838
1782333926.102043,1871
1782333926.103324,1850
1782333926.1046069,1822
1782333926.10589,1825
1782333926.105896,1828
1782333926.1071749,1809
1782333926.108455,1812
1782333926.1097548,1826
1782333926.1097631,1826
1782333926.111444,1834
1782333926.112719,1835
1782333926.11273,1833
1782333926.1140459,1850
1782333926.115339,1850
1782333926.1166232,1831
1782333926.117898,1851
1782333926.117903,1868
1782333926.1191711,1870
1782333926.120451,1866
1782333926.1217248,1868
1782333926.121737,1864
1782333926.123018,1869
1782333926.124301,1901
1782333926.125582,1871
1782333926.126864,1828
1782333926.126871,1843
1782333926.128145,1848
1782333926.1294231,1883
1782333926.1307032,1866
1782333926.131985,1852
1782333926.1319911,1876
1782333926.1333299,1837
1782333926.134665,1839
1782333926.135983,1860
1782333926.135995,1865
1782333926.1372821,1849
1782333926.1384268,1860
1782333926.139755,1857
1782333926.139777,1815
1782333926.141108,1813
1782333926.142427,1828
1782333926.1436741,1834
1782333926.144983,1836
1782333926.144991,1832
1782333926.1462731,1838
1782333926.1475909,1839
1782333926.148888,1869
1782333926.148896,1859
1782333926.15017,1857
1782333926.1514509,1851
1782333926.1527328,1844
1782333926.1527429,1866
1782333926.154034,1846
1782333926.155309,1855
1782333926.1565819,1860
1782333926.1578639,1843
1782333926.157871,1855
1782333926.159148,1864
1782333926.1604302,1853
1782333926.1617122,1842
1782333926.163,1842
1782333926.163006,1856
1782333926.164284,1839
1782333926.1655629,1832
1782333926.166843,1811
1782333926.1668491,1822
1782333926.168133,1812
1782333926.169413,1816
1782333926.1706932,1826
1782333926.171974,1839
1782333926.1719801,1825
1782333926.173422,1828
1782333926.17471,1839
1782333926.1759832,1902
1782333926.175987,1809
1782333926.177268,1802
1782333926.178553,1826
1782333926.1798358,1844
1782333926.179842,1828
1782333926.181121,1845
1782333926.182401,1839
1782333926.183682,1860
1782333926.184979,1878
1782333926.1849852,1867
1782333926.186263,1871
1782333926.187545,1858
1782333926.188829,1856
1782333926.1888351,1835
1782333926.190113,1849
1782333926.191394,1830
1782333926.192666,1849
1782333926.193939,1837
1782333926.193944,1815
1782333926.1952178,1851
1782333926.1964989,1852
1782333926.197859,1836
1782333926.197879,1823
1782333926.1992059,1844
1782333926.200501,1851
1782333926.201781,1862
1782333926.201787,1835
1782333926.203063,1837
1782333926.2043562,1838
1782333926.205643,1860
1782333926.206953,1849
1782333926.206964,1869
1782333926.208266,1893
1782333926.208274,1879
1782333926.209561,1865
1782333926.2108428,1867
1782333926.210849,1848
1782333926.2121248,1851
1782333926.213404,1834
1782333926.214684,1829
1782333926.215963,1831
1782333926.215969,1833
1782333926.2173219,1828
1782333926.218542,1824
1782333926.21983,1838
1782333926.219836,1861
1782333926.2211132,1836
1782333926.222395,1828
1782333926.223714,1835
1782333926.223757,1917
1782333926.225041,1823
1782333926.226323,1826
1782333926.2276008,1839
1782333926.228876,1855
1782333926.228881,1850
1782333926.2301528,1861
1782333926.231447,1871
1782333926.232741,1871
1782333926.232762,1870
1782333926.2340648,1858
1782333926.235344,1851
1782333926.23662,1864
1782333926.237891,1860
1782333926.237895,1844
1782333926.239079,1834
1782333926.240397,1839
1782333926.241729,1822
1782333926.243045,1822
1782333926.2430542,1839
1782333926.244328,1848
1782333926.245634,1820
1782333926.2469409,1830
1782333926.2469518,1823
1782333926.24828,1845
1782333926.249619,1829
1782333926.250932,1822
1782333926.2509398,1851
1782333926.252013,1839
1782333926.2533062,1844
1782333926.254612,1848
1782333926.255938,1853
1782333926.255954,1842
1782333926.257288,1839
1782333926.258589,1839
1782333926.2598872,1815
1782333926.2598999,1830
1782333926.261211,1843
1782333926.2625139,1839
1782333926.2642071,1839
1782333926.264211,1855
1782333926.2654998,1839
1782333926.266784,1839
1782333926.26679,1839
1782333926.268068,1853
1782333926.269343,1822
1782333926.270633,1824
1782333926.271925,1837
1782333926.271934,1852
1782333926.2732558,1838
1782333926.2745652,1880
1782333926.2758532,1847
1782333926.275861,1834
1782333926.277142,1851
1782333926.2784262,1829
1782333926.279712,1834
1782333926.2810209,1836
1782333926.281031,1841
1782333926.2823281,1851
1782333926.283629,1846
1782333926.2849312,1833
1782333926.2849422,1811
1782333926.286237,1837
1782333926.2875361,1833
1782333926.288841,1854
1782333926.288851,1838
1782333926.290144,1835
1782333926.29143,1851
1782333926.292732,1866
1782333926.292778,1852
1782333926.2940779,1820
1782333926.296436,1836
1782333926.2964501,1828
1782333926.298676,1814
1782333926.298688,1825
1782333926.299965,1819
1782333926.2999701,1832
1782333926.301239,1849
1782333926.30251,1871
1782333926.3038049,1857
1782333926.303815,1853
1782333926.305113,1849
1782333926.3064141,1838
1782333926.307735,1826
1782333926.309062,1851
1782333926.3090692,1855
1782333926.310376,1836
1782333926.311678,1838
1782333926.3129861,1850
1782333926.312995,1875
1782333926.314102,1863
1782333926.315428,1842
1782333926.316737,1848
1782333926.316777,1858
1782333926.318092,1851
1782333926.319394,1854
1782333926.320687,1851
1782333926.322031,1849
1782333926.322043,1832
1782333926.32335,1838
1782333926.324656,1839
1782333926.3266718,1908
1782333926.3266828,1829
1782333926.329052,1843
1782333926.329062,1861
1782333926.3290648,1852
1782333926.330239,1863
1782333926.3315258,1844
1782333926.332833,1847
1782333926.332839,1839
1782333926.332841,1856
1782333926.3341272,1855
1782333926.335419,1851
1782333926.336725,1875
1782333926.3380501,1858
1782333926.3380601,1868
1782333926.339353,1851
1782333926.340662,1855
1782333926.3418062,1861
1782333926.341812,1850
1782333926.343115,1851
1782333926.3444202,1856
1782333926.345697,1850
1782333926.34699,1847
1782333926.346999,1850
1782333926.3482912,1868
1782333926.349591,1849
1782333926.3508868,1852
1782333926.3508968,1871
1782333926.35219,1864
1782333926.353488,1861
1782333926.354785,1858
1782333926.354796,1845
1782333926.356587,1845
1782333926.3589,1860
1782333926.358911,1871
1782333926.3589141,1857
1782333926.360192,1864
1782333926.361463,1848
1782333926.362744,1846
1782333926.36275,1847
1782333926.3640478,1845
1782333926.365335,1846
1782333926.3666282,1839
1782333926.367933,1836
1782333926.3679428,1848
1782333926.369235,1843
1782333926.3705332,1838
1782333926.371831,1812
1782333926.371843,1826
1782333926.372928,1812
1782333926.374249,1892
1782333926.375565,1775
1782333926.376867,1802
1782333926.376878,1832
1782333926.3781781,1834
1782333926.3794801,1837
1782333926.3807921,1826
1782333926.380804,1816
1782333926.382118,1817
1782333926.383425,1823
1782333926.384727,1831
1782333926.386703,1854
1782333926.3867142,1848
1782333926.388907,1826
1782333926.388916,1846
1782333926.388919,1846
1782333926.390225,1833
1782333926.39151,1828
1782333926.3927932,1843
1782333926.3928,1839
1782333926.394079,1831
1782333926.395374,1829
1782333926.396679,1826
1782333926.39799,1839
1782333926.397999,1837
1782333926.399292,1828
1782333926.400597,1846
1782333926.401881,1878
1782333926.401889,1868
1782333926.403213,1837
1782333926.404512,1830
1782333926.4058108,1853
1782333926.4058208,1866
1782333926.407145,1846
1782333926.4084558,1866
1782333926.409782,1888
1782333926.4097972,1867
1782333926.4111202,1858
1782333926.412419,1846
1782333926.413592,1853
1782333926.414912,1826
1782333926.414927,1855
1782333926.4169521,1845
1782333926.416963,1856
1782333926.419589,1871
1782333926.419595,1854
1782333926.420866,1850
1782333926.420871,1867
1782333926.421906,1848
1782333926.423197,1839
1782333926.424474,1865
1782333926.425781,1860
1782333926.4257898,1821
1782333926.4270852,1848
1782333926.428385,1860
1782333926.429688,1858
1782333926.430753,1847
1782333926.4307609,1852
1782333926.4320672,1833
1782333926.433381,1847
1782333926.4347048,1860
1782333926.436003,1848
1782333926.436013,1861
1782333926.437307,1848
1782333926.438602,1850
1782333926.439915,1831
1782333926.439929,1839
1782333926.4412658,1831
1782333926.4425678,1851
1782333926.443867,1855
1782333926.4438772,1845
1782333926.445169,1849
1782333926.446468,1870
1782333926.448241,1828
1782333926.4482539,1821
1782333926.4508858,1842
1782333926.4508958,1883
1782333926.450899,1863
1782333926.45218,1832
1782333926.453453,1836
1782333926.454734,1831
1782333926.454763,1828
1782333926.4560409,1797
1782333926.457345,1812
1782333926.457355,1858
1782333926.458515,1865
1782333926.459819,1855
1782333926.459831,1879
1782333926.461129,1874
1782333926.46243,1868
1782333926.463729,1832
1782333926.4650612,1836
1782333926.465069,1868
1782333926.466391,1874
1782333926.467716,1861
1782333926.469055,1837
1782333926.469066,1848
1782333926.470368,1854
1782333926.471682,1846
1782333926.472973,1829
1782333926.472988,1853
1782333926.4743428,1926
1782333926.475649,1834
1782333926.4769468,1828
1782333926.4769568,1844
1782333926.4785721,1859
1782333926.481259,1851
1782333926.481267,1826
1782333926.481269,1852
1782333926.4825752,1890
1782333926.483865,1866
1782333926.483872,1858
1782333926.485148,1853
1782333926.486421,1843
1782333926.487724,1829
1782333926.489036,1771
1782333926.489046,1798
1782333926.490357,1833
1782333926.491644,1835
1782333926.4929311,1830
1782333926.492938,1839
1782333926.49425,1842
1782333926.49555,1813
1782333926.496832,1786
1782333926.4968371,1811
1782333926.498112,1839
1782333926.499398,1849
1782333926.500685,1830
1782333926.5019698,1830
1782333926.501976,1858
1782333926.50327,1857
1782333926.504568,1802
1782333926.505864,1816
1782333926.5058718,1864
1782333926.508205,1846
1782333926.50827,1839
1782333926.510595,1848
1782333926.5106041,1853
1782333926.511908,1834
1782333926.511915,1797
1782333926.513193,1824
1782333926.514486,1867
1782333926.515789,1865
1782333926.515798,1869
1782333926.5170932,1882
1782333926.518392,1880
1782333926.519692,1864
1782333926.520998,1829
1782333926.521009,1836
1782333926.522315,1874
1782333926.523639,1871
1782333926.5249212,1902
1782333926.524927,1811
1782333926.526239,1825
1782333926.527563,1830
1782333926.528885,1825
1782333926.528897,1850
1782333926.530184,1862
1782333926.5314822,1878
1782333926.532771,1875
1782333926.532779,1858
1782333926.534059,1871
1782333926.535341,1862
1782333926.536621,1820
1782333926.537914,1797
1782333926.537924,1791
1782333926.53926,1830
1782333926.541908,1844
1782333926.541916,1823
1782333926.541918,1843
1782333926.543197,1844
1782333926.544477,1842
1782333926.545625,1805
1782333926.546939,1815
1782333926.546945,1864
1782333926.548224,1847
1782333926.549509,1837
1782333926.5507882,1828
1782333926.550794,1857
1782333926.552068,1875
1782333926.553366,1826
1782333926.554674,1854
1782333926.5559528,1894
1782333926.555959,1875
1782333926.55725,1866
1782333926.558534,1848
1782333926.559812,1866
1782333926.559818,1864
1782333926.561093,1822
1782333926.562371,1855
1782333926.563603,1890
1782333926.564895,1866
1782333926.564903,1857
1782333926.5661929,1855
1782333926.56747,1859
1782333926.568753,1862
1782333926.568761,1820
1782333926.570185,1839
1782333926.57159,1887
1782333926.572881,1881
1782333926.57289,1863
1782333926.574185,1866
1782333926.575489,1855
1782333926.576771,1820
1782333926.576778,1802
1782333926.578055,1835
1782333926.579356,1853
1782333926.580648,1839
1782333926.58194,1832
1782333926.58195,1838
1782333926.581953,1814
1782333926.583277,1834
1782333926.584564,1828
1782333926.585856,1816
1782333926.585865,1810
1782333926.587163,1833
1782333926.588463,1825
1782333926.589758,1842
1782333926.589768,1844
1782333926.591059,1834
1782333926.592344,1818
1782333926.5936372,1814
1782333926.594922,1834
1782333926.594929,1858
1782333926.596222,1849
1782333926.5975192,1828
1782333926.5988102,1832
1782333926.598819,1839
1782333926.600287,1850
1782333926.602485,1830
1782333926.602496,1849
1782333926.603796,1860
1782333926.6038039,1839
1782333926.605081,1833
1782333926.606386,1823
1782333926.6076748,1839
1782333926.60896,1839
1782333926.6089668,1810
1782333926.6102662,1832
1782333926.611572,1876
1782333926.612875,1862
1782333926.612886,1857
1782333926.614204,1871
1782333926.615514,1839
1782333926.616593,1839
1782333926.617773,1839
1782333926.617826,1842
1782333926.619136,1849
1782333926.620438,1844
1782333926.621749,1849
1782333926.621807,1834
1782333926.6229372,1848
1782333926.624256,1889
1782333926.6255722,1794
1782333926.626891,1814
1782333926.6269,1858
1782333926.6282182,1842
1782333926.630325,1828
1782333926.630334,1849
1782333926.63243,1854
1782333926.632444,1845
1782333926.6337762,1832
1782333926.633826,1853
1782333926.635137,1877
1782333926.636332,1855
1782333926.637627,1837
1782333926.638928,1834
1782333926.638937,1831
1782333926.64026,1831
1782333926.641539,1852
1782333926.642817,1838
1782333926.6428218,1843
1782333926.644107,1865
1782333926.645387,1854
1782333926.646658,1835
1782333926.647935,1835
1782333926.647941,1854
1782333926.649218,1810
1782333926.650499,1842
1782333926.651791,1860
1782333926.651797,1863
1782333926.653074,1861
1782333926.654357,1848
1782333926.655636,1862
1782333926.656916,1835
1782333926.656922,1838
1782333926.658199,1829
1782333926.6599848,1813
1782333926.6599932,1829
1782333926.661267,1842
1782333926.662542,1825
1782333926.6638138,1847
1782333926.663818,1880
1782333926.665094,1876
1782333926.6663759,1832
1782333926.667655,1832
1782333926.668929,1828
1782333926.6689332,1838
1782333926.670209,1822
1782333926.6714811,1835
1782333926.672756,1843
1782333926.6727612,1839
1782333926.6740422,1891
1782333926.675318,1794
1782333926.6766021,1813
1782333926.67788,1830
1782333926.6778848,1830
1782333926.6791549,1824
1782333926.680435,1816
1782333926.681719,1819
1782333926.6830258,1815
1782333926.683033,1818
1782333926.6843112,1846
1782333926.6855848,1865
1782333926.6868649,1863
1782333926.686871,1846
1782333926.68815,1845
1782333926.6894321,1849
1782333926.6907132,1830
1782333926.692428,1847
1782333926.6924329,1842
1782333926.6937542,1844
1782333926.693762,1863
1782333926.6950321,1845
1782333926.696309,1849
1782333926.6974132,1848
1782333926.698694,1849
1782333926.6999822,1842
1782333926.699989,1834
1782333926.701261,1843
1782333926.702535,1843
1782333926.7038069,1846
1782333926.7038112,1852
1782333926.7050939,1845
1782333926.706371,1832
1782333926.707644,1814
1782333926.707648,1826
1782333926.708915,1839
1782333926.710185,1848
1782333926.710189,1834
1782333926.7114592,1837
1782333926.712726,1839
1782333926.713993,1838
1782333926.713996,1836
1782333926.715262,1846
1782333926.7165282,1857
1782333926.7178009,1862
1782333926.717804,1862
1782333926.71907,1858
1782333926.720337,1867
1782333926.7218912,1831
1782333926.721895,1819
1782333926.7231622,1862
1782333926.72443,1879
1782333926.725698,1846
1782333926.726979,1860
1782333926.7269871,1866
1782333926.728266,1847
1782333926.729548,1836
1782333926.730829,1835
1782333926.730834,1869
1782333926.732113,1880
1782333926.733394,1892
1782333926.734676,1884
1782333926.735948,1876
1782333926.735952,1893
1782333926.737228,1885
1782333926.7385018,1842
1782333926.7397811,1848
1782333926.739787,1870
1782333926.7410629,1861
1782333926.742343,1844
1782333926.743623,1843
1782333926.744982,1842
1782333926.745001,1836
1782333926.746285,1839
1782333926.747403,1853
1782333926.748725,1853
1782333926.74876,1850
1782333926.7500448,1835
1782333926.751737,1814
1782333926.751768,1822
1782333926.753075,1832
1782333926.7543721,1821
1782333926.75566,1817
1782333926.756955,1821
1782333926.7569642,1848
1782333926.7582421,1857
1782333926.759516,1836
1782333926.760803,1855
1782333926.76081,1845
1782333926.76208,1836
1782333926.763351,1844
1782333926.764683,1856
1782333926.766015,1845
1782333926.766022,1839
1782333926.767327,1845
1782333926.768634,1846
1782333926.7699242,1852
1782333926.76993,1849
1782333926.771225,1842
1782333926.7725382,1839
1782333926.773847,1853
1782333926.773857,1903
1782333926.775157,1824
1782333926.776475,1832
1782333926.777757,1839
1782333926.777762,1853
1782333926.7790542,1829
1782333926.780372,1832
1782333926.782079,1856
1782333926.782086,1837
1782333926.783511,1834
1782333926.7847831,1863
1782333926.784788,1847
1782333926.786058,1836
1782333926.787338,1837
1782333926.788636,1843
1782333926.789932,1858
1782333926.789949,1854
1782333926.7912698,1858
1782333926.792591,1851
1782333926.7936819,1868
1782333926.794985,1870
1782333926.7949922,1831
1782333926.796284,1824
1782333926.7975879,1828
1782333926.798888,1817
1782333926.7989,1822
1782333926.80019,1839
1782333926.801491,1844
1782333926.80277,1827
1782333926.802774,1824
1782333926.804062,1829
1782333926.805367,1852
1782333926.806668,1844
1782333926.807969,1844
1782333926.80798,1858
1782333926.8092768,1869
1782333926.8105621,1850
1782333926.811875,1826
1782333926.811881,1833
1782333926.813333,1825
1782333926.814612,1852
1782333926.815901,1843
1782333926.8159091,1849
1782333926.817187,1835
1782333926.81851,1849
1782333926.8198211,1839
1782333926.819828,1837
1782333926.821122,1839
1782333926.8224351,1839
1782333926.823761,1856
1782333926.8237922,1885
1782333926.8251,1827
1782333926.826426,1852
1782333926.827714,1879
1782333926.8290381,1858
1782333926.82905,1877
1782333926.8303711,1866
1782333926.8317,1864
1782333926.833007,1860
1782333926.8330188,1871
1782333926.833021,1867
1782333926.8343208,1855
1782333926.8356109,1827
1782333926.83691,1877
1782333926.836923,1880
1782333926.838224,1860
1782333926.839543,1859
1782333926.8408651,1869
1782333926.840873,1863
1782333926.841989,1833
1782333926.8433,1823
1782333926.8445172,1842
1782333926.8463202,1853
1782333926.846328,1852
1782333926.847614,1834
1782333926.848901,1825
1782333926.848908,1810
1782333926.850187,1843
1782333926.851475,1788
1782333926.852793,1807
1782333926.852801,1843
1782333926.8540952,1847
1782333926.8553889,1834
1782333926.856718,1834
1782333926.8580348,1805
1782333926.858049,1825
1782333926.8593469,1811
1782333926.8604338,1807
1782333926.861749,1833
1782333926.8618088,1847
1782333926.863107,1859
1782333926.864409,1843
1782333926.865757,1870
1782333926.865778,1874
1782333926.867073,1837
1782333926.8683898,1832
1782333926.869699,1844
1782333926.871003,1846
1782333926.8710122,1829
1782333926.872316,1801
1782333926.874401,1844
1782333926.8744168,1864
1782333926.877398,1798
1782333926.87747,1807
1782333926.877474,1825
1782333926.878759,1839
1782333926.880032,1803
1782333926.880037,1816
1782333926.881315,1843
1782333926.8826072,1839
1782333926.883764,1862
1782333926.883785,1848
1782333926.88509,1859
1782333926.886366,1884
1782333926.8876579,1881
1782333926.8889441,1878
1782333926.888948,1866
1782333926.8902621,1870
1782333926.8916118,1846
1782333926.8929238,1807
1782333926.892931,1850
1782333926.894218,1896
1782333926.895521,1890
1782333926.8968341,1877
1782333926.896843,1886
1782333926.898153,1866
1782333926.8994648,1871
1782333926.900772,1819
1782333926.900835,1820
1782333926.902138,1893
1782333926.903338,1881
1782333926.9046888,1854
1782333926.907389,1884
1782333926.9074,1877
1782333926.907403,1854
1782333926.9086819,1796
1782333926.909958,1800
1782333926.909963,1854
1782333926.911239,1853
1782333926.912513,1849
1782333926.9136,1858
1782333926.9149141,1881
1782333926.914922,1868
1782333926.916242,1828
1782333926.917526,1830
1782333926.918711,1880
1782333926.920019,1884
1782333926.920031,1865
1782333926.921327,1839
1782333926.922632,1831
1782333926.923952,1821
1782333926.923959,1866
1782333926.9252741,1782
1782333926.926584,1822
1782333926.9278872,1855
1782333926.927896,1848
1782333926.92919,1819
1782333926.9304352,1842
1782333926.9317079,1839
1782333926.933063,1847
1782333926.933078,1837
1782333926.934704,1823
1782333926.937311,1844
1782333926.937321,1839
1782333926.937325,1839
1782333926.938604,1821
1782333926.9398909,1816
1782333926.939914,1818
1782333926.941206,1798
1782333926.9424992,1832
1782333926.9437802,1847
1782333926.943785,1856
1782333926.945089,1851
1782333926.9463942,1856
1782333926.947503,1861
1782333926.94879,1853
1782333926.948797,1819
1782333926.9500768,1833
1782333926.9513679,1887
1782333926.952651,1855
1782333926.95395,1860
1782333926.953961,1863
1782333926.9552379,1854
1782333926.956533,1851
1782333926.956542,1838
1782333926.9578319,1851
1782333926.9578419,1858
1782333926.959129,1860
1782333926.960421,1861
1782333926.961731,1846
1782333926.961789,1853
1782333926.962948,1839
1782333926.9648378,1819
1782333926.964849,1828
1782333926.968003,1839
1782333926.968013,1821
1782333926.968016,1820
1782333926.9693,1820
1782333926.970585,1814
1782333926.971863,1831
1782333926.9718678,1811
1782333926.973145,1908
1782333926.974459,1815
1782333926.97579,1845
1782333926.975797,1830
1782333926.9770749,1828
1782333926.978355,1837
1782333926.979646,1831
1782333926.98094,1824
1782333926.980947,1838
1782333926.982249,1836
1782333926.9835699,1878
1782333926.984691,1889
1782333926.98601,1863
1782333926.986022,1890
1782333926.98733,1862
1782333926.98863,1852
1782333926.9899468,1835
1782333926.98996,1845
1782333926.9912739,1855
1782333926.9925818,1876
1782333926.993684,1864
1782333926.994987,1846
1782333926.994998,1827
1782333926.997117,1832
1782333926.997129,1820
1782333927.000478,1838
1782333927.0004952,1843
1782333927.0004978,1839
1782333927.0018198,1838
1782333927.001834,1860
1782333927.003136,1839
1782333927.0044339,1828
1782333927.005725,1830
1782333927.005743,1845
1782333927.007027,1867
1782333927.008304,1863
1782333927.009603,1839
1782333927.010892,1839
1782333927.0108979,1875
1782333927.012193,1865
1782333927.013488,1833
1782333927.0146089,1848
1782333927.0159202,1854
1782333927.015927,1863
1782333927.017223,1851
1782333927.0185049,1834
1782333927.019802,1831
1782333927.019812,1822
1782333927.0211031,1810
1782333927.022399,1815
1782333927.0237231,1847
1782333927.025089,1862
1782333927.0251021,1818
1782333927.027554,1816
1782333927.027571,1831
1782333927.030015,1831
1782333927.030024,1832
1782333927.030026,1839
1782333927.031242,1861
1782333927.032535,1876
1782333927.033823,1876
1782333927.0338292,1859
1782333927.035114,1864
1782333927.036393,1850
1782333927.0376709,1851
1782333927.038948,1828
1782333927.038953,1839
1782333927.040242,1846
1782333927.0415308,1855
1782333927.042814,1863
1782333927.0428212,1862
1782333927.044121,1853
1782333927.045438,1848
1782333927.0467288,1849
1782333927.048005,1833
1782333927.048011,1828
1782333927.049292,1834
1782333927.050575,1835
1782333927.051849,1860
1782333927.051853,1864
1782333927.053131,1861
1782333927.05441,1846
1782333927.055976,1844
1782333927.055982,1871
1782333927.057686,1834
1782333927.058958,1838
1782333927.058961,1832
1782333927.0602381,1842
1782333927.0615098,1812
1782333927.062793,1812
1782333927.0627992,1826
1782333927.0640671,1850
1782333927.065335,1867
1782333927.066601,1850
1782333927.067868,1864
1782333927.067871,1867
1782333927.069136,1853
1782333927.0704021,1848
1782333927.071723,1847
1782333927.071764,1864
1782333927.0730371,1862
1782333927.074301,1913
1782333927.075567,1844
1782333927.0768352,1874
1782333927.0768378,1870
1782333927.0781069,1871
1782333927.079376,1860
1782333927.080641,1878
1782333927.0806432,1894
1782333927.0819058,1885
1782333927.081909,1875
1782333927.0831869,1855
1782333927.0844722,1857
1782333927.085747,1860
1782333927.085749,1832
1782333927.087162,1849
1782333927.0884311,1833
1782333927.0897422,1832
1782333927.089746,1827
1782333927.091027,1832
1782333927.0923169,1817
1782333927.093601,1817
1782333927.094889,1812
1782333927.094896,1823
1782333927.096182,1834
1782333927.097419,1816
1782333927.0987039,1821
1782333927.099987,1842
1782333927.099993,1821
1782333927.101068,1838
1782333927.102344,1823
1782333927.103609,1830
1782333927.10489,1850
1782333927.104896,1852
1782333927.106177,1844
1782333927.10746,1845
1782333927.1087549,1860
1782333927.108771,1844
1782333927.110076,1843
1782333927.1113641,1847
1782333927.112663,1852
1782333927.1139562,1846
1782333927.1139631,1847
1782333927.115926,1847
1782333927.1159291,1856
1782333927.117196,1862
1782333927.118491,1850
1782333927.11979,1855
1782333927.119797,1846
1782333927.121084,1842
1782333927.12237,1866
1782333927.1236532,1908
1782333927.124941,1801
1782333927.1249468,1816
1782333927.126071,1820
1782333927.127346,1831
1782333927.1284502,1855
1782333927.129735,1830
1782333927.131021,1847
1782333927.131027,1856
1782333927.132307,1864
1782333927.133594,1878
1782333927.134882,1878
1782333927.134889,1884
1782333927.136171,1881
1782333927.1372821,1886
1782333927.138554,1888
1782333927.1398232,1876
1782333927.139827,1875
1782333927.141105,1881
1782333927.142387,1870
1782333927.1436741,1860
1782333927.144966,1870
1782333927.144973,1871
1782333927.146262,1853
1782333927.1475468,1878
1782333927.149394,1861
1782333927.149397,1844
1782333927.150672,1819
1782333927.151957,1807
1782333927.151963,1823
1782333927.15325,1823
1782333927.154541,1838
1782333927.155743,1835
1782333927.157032,1847
1782333927.157038,1837
1782333927.1583202,1847
1782333927.159403,1825
1782333927.1606798,1806
1782333927.161967,1814
1782333927.161973,1806
1782333927.163245,1807
1782333927.164524,1827
1782333927.165806,1838
1782333927.165812,1822
1782333927.1670961,1827
1782333927.168389,1824
1782333927.169665,1845
1782333927.170951,1836
1782333927.170957,1844
1782333927.172239,1856
1782333927.173522,1879
1782333927.1748102,1887
1782333927.174817,1829
1782333927.1761,1849
1782333927.177566,1855
1782333927.178837,1855
1782333927.178841,1839
1782333927.180106,1850
1782333927.181376,1822
1782333927.1826591,1836
1782333927.183944,1832
1782333927.1839511,1832
1782333927.185235,1847
1782333927.18652,1863
1782333927.187808,1853
1782333927.187814,1866
1782333927.1890938,1892
1782333927.190376,1862
1782333927.191659,1853
1782333927.192945,1845
1782333927.192951,1859
1782333927.194226,1844
1782333927.195505,1832
1782333927.196794,1812
1782333927.1968,1827
1782333927.19808,1835
1782333927.199379,1823
1782333927.200665,1851
1782333927.201955,1839
1782333927.201961,1832
1782333927.203244,1846
1782333927.204531,1845
1782333927.205805,1839
1782333927.2058089,1834
1782333927.2058098,1824
1782333927.207089,1799
1782333927.209245,1790
1782333927.209249,1796
1782333927.210349,1800
1782333927.211627,1789
1782333927.212912,1810
1782333927.212919,1817
1782333927.214199,1797
1782333927.215483,1789
1782333927.216767,1807
1782333927.218057,1819
1782333927.2180638,1823
1782333927.219337,1836
1782333927.220619,1837
1782333927.221903,1837
1782333927.221909,1824
1782333927.2231889,1846
1782333927.2244742,1815
1782333927.225785,1858
1782333927.225791,1838
1782333927.2270012,1836
1782333927.228286,1850
1782333927.229572,1871
1782333927.230855,1894
1782333927.2308621,1857
1782333927.232141,1856
1782333927.233427,1860
1782333927.234716,1847
1782333927.236001,1871
1782333927.236007,1864
1782333927.2372859,1871
1782333927.23857,1867
1782333927.2401621,1834
1782333927.240167,1861
1782333927.2414348,1890
1782333927.242704,1865
1782333927.2439811,1846
1782333927.243988,1855
1782333927.245269,1822
1782333927.2465532,1813
1782333927.2478368,1818
1782333927.2478452,1846
1782333927.249124,1888
1782333927.2504058,1874
1782333927.251702,1863
1782333927.2529888,1850
1782333927.2529962,1845
1782333927.254275,1833
1782333927.255557,1805
1782333927.2568371,1830
1782333927.256843,1862
1782333927.258112,1870
1782333927.259383,1857
1782333927.260653,1847
1782333927.261931,1851
1782333927.261937,1852
1782333927.2632132,1870
1782333927.264493,1864
1782333927.265772,1867
1782333927.2657778,1885
1782333927.26705,1881
1782333927.2683752,1851
1782333927.2703009,1884
1782333927.2703161,1887
1782333927.271807,1829
1782333927.271819,1811
1782333927.273107,1850
1782333927.274404,1822
1782333927.275695,1816
1782333927.276993,1823
1782333927.277,1811
1782333927.2782762,1814
1782333927.279559,1798
1782333927.280851,1782
1782333927.280858,1790
1782333927.282153,1854
1782333927.283434,1844
1782333927.284727,1824
1782333927.28601,1845
1782333927.286016,1847
1782333927.287292,1847
1782333927.288574,1813
1782333927.289852,1823
1782333927.289858,1851
1782333927.291126,1852
1782333927.292394,1852
1782333927.293677,1858
1782333927.294961,1848
1782333927.2949681,1842
1782333927.296236,1823
1782333927.297504,1842
1782333927.299367,1892
1782333927.299372,1875
1782333927.300713,1860
1782333927.3020082,1852
1782333927.3020139,1835
1782333927.303283,1842
1782333927.304566,1806
1782333927.305839,1832
1782333927.3058429,1870
1782333927.3071191,1839
1782333927.3084018,1827
1782333927.309702,1832
1782333927.310977,1825
1782333927.310981,1832
1782333927.312258,1819
1782333927.313536,1831
1782333927.314811,1864
1782333927.314817,1862
1782333927.316085,1857
1782333927.3173509,1842
1782333927.318628,1862
1782333927.319904,1839
1782333927.3199081,1839
1782333927.3211782,1842
1782333927.3224478,1855
1782333927.3237178,1906
1782333927.3249862,1894
1782333927.3249888,1839
1782333927.326253,1846
1782333927.327519,1855
1782333927.328786,1849
1782333927.328789,1844
1782333927.331028,1820
1782333927.331032,1851
1782333927.331033,1849
1782333927.332299,1822
1782333927.333575,1831
1782333927.334859,1836
1782333927.3348649,1836
1782333927.3361468,1815
1782333927.337427,1830
1782333927.3387089,1859
1782333927.33999,1851
1782333927.3399959,1855
1782333927.341274,1875
1782333927.3425548,1853
1782333927.343749,1848
1782333927.343791,1825
1782333927.345061,1827
1782333927.346326,1842
1782333927.347602,1850
1782333927.3488839,1848
1782333927.34889,1857
1782333927.350166,1838
1782333927.351447,1838
1782333927.352724,1832
1782333927.35274,1830
1782333927.354024,1864
1782333927.355305,1853
1782333927.3565838,1848
1782333927.3578649,1866
1782333927.357871,1852
1782333927.3591511,1848
1782333927.361448,1839
1782333927.361452,1827
1782333927.362719,1856
1782333927.363987,1858
1782333927.36399,1859
1782333927.3652658,1874
1782333927.366546,1854
1782333927.367836,1858
1782333927.3678432,1848
1782333927.3691142,1866
1782333927.3703942,1862
1782333927.371677,1862
1782333927.372959,1859
1782333927.372965,1881
1782333927.374241,1821
1782333927.375521,1827
1782333927.376811,1839
1782333927.376817,1821
1782333927.378096,1831
1782333927.3793778,1850
1782333927.38066,1837
1782333927.38194,1826
1782333927.381946,1845
1782333927.3832161,1855
1782333927.384498,1848
1782333927.385771,1829
1782333927.385775,1855
1782333927.388327,1843
1782333927.388334,1864
1782333927.389611,1838
1782333927.39089,1822
1782333927.390896,1816
1782333927.392298,1826
1782333927.394176,1839
1782333927.394182,1821
1782333927.3954508,1866
1782333927.396725,1843
1782333927.3979971,1839
1782333927.398002,1855
1782333927.3992782,1837
1782333927.4005609,1847
1782333927.4018419,1824
1782333927.401849,1839
1782333927.4031281,1833
1782333927.4044108,1846
1782333927.4056928,1852
1782333927.406975,1857
1782333927.406982,1844
1782333927.408261,1865
1782333927.4095418,1857
1782333927.410815,1847
1782333927.410818,1879
1782333927.412097,1876
1782333927.413378,1871
1782333927.414659,1875
1782333927.4159412,1877
1782333927.415947,1853
1782333927.417225,1836
1782333927.418506,1844
1782333927.41979,1847
1782333927.419796,1845
1782333927.421074,1819
1782333927.423845,1825
1782333927.4238489,1874
1782333927.423851,1820
1782333927.425118,1803
1782333927.4263868,1828
1782333927.427656,1844
1782333927.428936,1838
1782333927.428942,1839
1782333927.430222,1838
1782333927.431506,1844
1782333927.432787,1834
1782333927.4327931,1837
1782333927.434071,1835
1782333927.435361,1839
1782333927.436646,1851
1782333927.437929,1834
1782333927.437936,1829
1782333927.4392152,1850
1782333927.440495,1847
1782333927.441779,1844
1782333927.441785,1807
1782333927.4430678,1816
1782333927.444434,1844
1782333927.445743,1839
1782333927.445781,1826
1782333927.446938,1820
1782333927.448281,1823
1782333927.449606,1820
1782333927.4509141,1837
1782333927.450926,1871
1782333927.452232,1871
1782333927.45381,1868
1782333927.453818,1874
1782333927.455127,1863
1782333927.4564018,1838
1782333927.456407,1845
1782333927.4576828,1824
1782333927.4589639,1851
1782333927.45897,1823
1782333927.46024,1838
1782333927.461518,1835
1782333927.462799,1855
1782333927.462805,1855
1782333927.464083,1852
1782333927.465363,1853
1782333927.4666429,1856
1782333927.468022,1861
1782333927.468042,1879
1782333927.4693708,1861
1782333927.470717,1870
1782333927.470747,1880
1782333927.47207,1897
1782333927.473392,1880
1782333927.4747012,1814
1782333927.476002,1854
1782333927.476018,1858
1782333927.4773152,1859
1782333927.4786172,1862
1782333927.479925,1855
1782333927.479936,1853
1782333927.4812422,1827
1782333927.483999,1854
1782333927.4840078,1853
1782333927.484009,1847
1782333927.485307,1851
1782333927.486596,1844
1782333927.487885,1838
1782333927.487892,1842
1782333927.489163,1867
1782333927.490478,1855
1782333927.491777,1846
1782333927.491792,1837
1782333927.493097,1854
1782333927.494405,1839
1782333927.49572,1837
1782333927.4970722,1859
1782333927.497081,1861
1782333927.498411,1845
1782333927.4997308,1850
1782333927.4997609,1852
1782333927.5010638,1853
1782333927.5023448,1844
1782333927.503669,1821
1782333927.50497,1852
1782333927.504981,1854
1782333927.506287,1843
1782333927.5075982,1839
1782333927.508895,1855
1782333927.508905,1855
1782333927.5102,1850
1782333927.512044,1855
1782333927.512259,1868
1782333927.514027,1871
1782333927.514035,1850
1782333927.515328,1855
1782333927.516618,1860
1782333927.517744,1850
1782333927.517774,1854
1782333927.519059,1871
1782333927.520353,1868
1782333927.521666,1852
1782333927.52299,1855
1782333927.522998,1885
1782333927.52431,1842
1782333927.525631,1855
1782333927.526935,1860
1782333927.5269482,1864
1782333927.5282822,1879
1782333927.529588,1849
1782333927.5309079,1823
1782333927.5309162,1833
1782333927.5322392,1845
1782333927.533566,1827
1782333927.53487,1839
1782333927.534882,1816
1782333927.53618,1836
1782333927.537461,1822
1782333927.538773,1812
1782333927.538794,1810
1782333927.540095,1839
1782333927.541406,1828
1782333927.542708,1806
1782333927.5440052,1815
1782333927.5440152,1837
1782333927.545443,1854
1782333927.547234,1839
1782333927.5472388,1818
1782333927.5485299,1821
1782333927.549819,1833
1782333927.549825,1833
1782333927.551112,1838
1782333927.552439,1860
1782333927.553757,1857
1782333927.553783,1870
1782333927.555083,1848
1782333927.5562549,1859
1782333927.5575838,1846
1782333927.558892,1839
1782333927.558903,1842
1782333927.560204,1850
1782333927.561534,1846
1782333927.56284,1854
1782333927.5628512,1836
1782333927.5641038,1836
1782333927.565417,1835
1782333927.566727,1830
1782333927.566752,1834
1782333927.568056,1828
1782333927.569344,1819
1782333927.570635,1834
1782333927.571948,1820
1782333927.571958,1813
1782333927.574507,1881
1782333927.574521,1807
1782333927.577742,1815
1782333927.577754,1833
1782333927.577757,1847
1782333927.5777972,1861
1782333927.5790951,1846
1782333927.580402,1833
1782333927.581706,1878
1782333927.583005,1849
1782333927.583015,1852
1782333927.583018,1849
1782333927.5843341,1838
1782333927.5856209,1837
1782333927.586915,1826
1782333927.586926,1842
1782333927.588232,1854
1782333927.589532,1832
1782333927.590854,1831
1782333927.590865,1831
1782333927.5921679,1855
1782333927.593473,1854
1782333927.5947971,1842
1782333927.594806,1860
1782333927.596108,1847
1782333927.597409,1849
1782333927.59872,1854
1782333927.60011,1839
1782333927.6001291,1830
1782333927.601465,1824
1782333927.602797,1823
1782333927.6028118,1833
1782333927.604851,1852
1782333927.604867,1842
1782333927.60817,1837
1782333927.608182,1819
1782333927.608185,1835
1782333927.609504,1848
1782333927.610817,1846
1782333927.610829,1818
1782333927.6121302,1819
1782333927.613465,1851
1782333927.614771,1845
1782333927.614781,1830
1782333927.616111,1827
1782333927.61741,1839
1782333927.618717,1826
1782333927.62,1800
1782333927.6200042,1834
1782333927.621558,1848
1782333927.622849,1858
1782333927.622856,1843
1782333927.62415,1813
1782333927.6255062,1824
1782333927.62683,1828
1782333927.626838,1797
1782333927.628052,1830
1782333927.629344,1869
1782333927.630645,1851
1782333927.631975,1855
1782333927.631993,1857
1782333927.634364,1848
1782333927.634379,1847
1782333927.637116,1845
1782333927.637126,1849
1782333927.6371279,1895
1782333927.638418,1887
1782333927.6397362,1888
1782333927.639765,1886
1782333927.641057,1894
1782333927.6423428,1883
1782333927.6435058,1839
1782333927.644808,1839
1782333927.6448169,1870
1782333927.6461298,1853
1782333927.6474571,1838
1782333927.648789,1837
1782333927.648798,1842
1782333927.650114,1851
1782333927.651399,1851
1782333927.652699,1851
1782333927.6540349,1871
1782333927.654042,1878
1782333927.65534,1851
1782333927.656634,1844
1782333927.657967,1853
1782333927.657978,1855
1782333927.6592839,1818
1782333927.660595,1815
1782333927.661901,1849
1782333927.661912,1861
1782333927.664525,1832
1782333927.6645372,1803
1782333927.667991,1807
1782333927.6680079,1824
1782333927.66801,1857
1782333927.668015,1830
1782333927.669311,1842
1782333927.67061,1869
1782333927.6718998,1865
1782333927.6719072,1860
1782333927.6732001,1884
1782333927.674519,1823
1782333927.675599,1859
1782333927.676894,1839
1782333927.6769018,1861
1782333927.678178,1852
1782333927.679459,1823
1782333927.680768,1834
1782333927.680775,1818
1782333927.6820931,1807
1782333927.68341,1830
1782333927.68473,1802
1782333927.684769,1843
1782333927.686094,1860
1782333927.6873841,1853
1782333927.688681,1839
1782333927.690018,1859
1782333927.690036,1858
1782333927.691398,1836
1782333927.6927161,1822
1782333927.6940281,1822
1782333927.69404,1859
1782333927.695345,1836
1782333927.697749,1829
1782333927.697763,1825
1782333927.6978,1839
1782333927.701536,1846
1782333927.701547,1843
1782333927.70155,1855
1782333927.702836,1880
1782333927.702842,1847
1782333927.704136,1839
1782333927.705442,1851
1782333927.706748,1835
1782333927.7067678,1822
1782333927.7080598,1813
1782333927.709358,1829
1782333927.7107022,1830
1782333927.710712,1845
1782333927.712003,1861
1782333927.712008,1859
1782333927.713312,1861
1782333927.714626,1864
1782333927.715942,1853
1782333927.71595,1844
1782333927.71727,1835
1782333927.71857,1852
1782333927.719856,1860
1782333927.719862,1863
1782333927.7211561,1850
1782333927.722464,1887
1782333927.7238028,1830
1782333927.7238138,1821
1782333927.726408,1851
1782333927.7264159,1845
1782333927.728439,1846
1782333927.728446,1849
1782333927.729762,1842
1782333927.729791,1835
1782333927.731083,1827
1782333927.732385,1823
1782333927.733494,1831
1782333927.734805,1827
1782333927.734813,1814
1782333927.73608,1822
1782333927.73735,1844
1782333927.738642,1839
1782333927.739973,1853
1782333927.7399821,1848
1782333927.7413151,1861
1782333927.742636,1865
1782333927.743948,1846
1782333927.743955,1841
1782333927.74524,1826
1782333927.746541,1838
1782333927.747851,1845
1782333927.74786,1843
1782333927.749203,1852
1782333927.75054,1865
1782333927.75184,1864
1782333927.751849,1864
1782333927.753054,1845
1782333927.7543502,1841
1782333927.7556548,1837
1782333927.757498,1821
1782333927.7575119,1822
1782333927.7607622,1842
1782333927.760771,1855
1782333927.7607732,1855
1782333927.7607749,1855
1782333927.7620711,1848
1782333927.763181,1842
1782333927.76448,1842
1782333927.7657769,1838
1782333927.765785,1843
1782333927.7670841,1824
1782333927.7683809,1830
1782333927.769678,1832
1782333927.770989,1844
1782333927.770998,1832
1782333927.77229,1875
1782333927.773636,1865
1782333927.774986,1819
1782333927.775003,1833
1782333927.776094,1837
1782333927.777399,1846
1782333927.77868,1858
1782333927.77997,1859
1782333927.77998,1848
1782333927.781277,1847
1782333927.782604,1864
1782333927.783915,1854
1782333927.783926,1859
1782333927.785248,1850
1782333927.786719,1858
1782333927.787246,1871
1782333927.789844,1871
1782333927.789854,1854
1782333927.789856,1866
1782333927.791148,1865
1782333927.7924328,1866
1782333927.793735,1860
1782333927.793761,1870
1782333927.7950468,1868
1782333927.79634,1853
1782333927.7976692,1839
1782333927.798989,1854
1782333927.798997,1867
1782333927.800338,1874
1782333927.801654,1850
1782333927.802977,1850
1782333927.802985,1832
1782333927.804277,1837
1782333927.805578,1836
1782333927.806908,1825
1782333927.806915,1833
1782333927.808224,1842
1782333927.8095412,1881
1782333927.810837,1868
1782333927.810844,1862
1782333927.812137,1843
1782333927.813447,1827
1782333927.814595,1839
1782333927.816371,1857
1782333927.816384,1844
1782333927.819448,1838
1782333927.819456,1843
1782333927.819458,1839
1782333927.8207319,1847
1782333927.8207371,1855
1782333927.821886,1864
1782333927.823169,1915
1782333927.8244538,1853
1782333927.8257651,1846
1782333927.825788,1853
1782333927.827084,1831
1782333927.828368,1839
1782333927.8296452,1836
1782333927.8309429,1836
1782333927.830955,1839
1782333927.8322618,1839
1782333927.83358,1821
1782333927.834871,1830
1782333927.8348758,1819
1782333927.836169,1826
1782333927.837449,1839
1782333927.838767,1835
1782333927.8387752,1854
1782333927.838778,1868
1782333927.840087,1864
1782333927.841416,1837
1782333927.842747,1843
1782333927.842816,1828
1782333927.844116,1842
1782333927.8454158,1839
1782333927.846715,1829
1782333927.8489301,1836
1782333927.848984,1816
1782333927.848991,1812
1782333927.852534,1822
1782333927.8525429,1830
1782333927.852545,1821
1782333927.8538492,1810
1782333927.8538592,1834
1782333927.855167,1848
1782333927.856504,1843
1782333927.857813,1842
1782333927.857824,1854
1782333927.859134,1855
1782333927.860432,1835
1782333927.8616478,1828
1782333927.862954,1852
1782333927.862965,1817
1782333927.864258,1819
1782333927.8655732,1807
1782333927.866901,1833
1782333927.866913,1830
1782333927.868093,1835
1782333927.869385,1846
1782333927.87067,1859
1782333927.871959,1871
1782333927.871967,1927
1782333927.873269,1829
1782333927.8745558,1860
1782333927.87584,1871
1782333927.8758469,1852
1782333927.877132,1818
1782333927.878908,1811
1782333927.878914,1845
1782333927.8812768,1854
1782333927.8812852,1839
1782333927.882578,1846
1782333927.883859,1858
1782333927.883865,1839
1782333927.8851461,1849
1782333927.886427,1844
1782333927.887701,1847
1782333927.8889651,1858
1782333927.88897,1857
1782333927.890263,1844
1782333927.891597,1853
1782333927.892697,1851
1782333927.894014,1857
1782333927.894024,1852
1782333927.8966029,1852
1782333927.8966138,1845
1782333927.8979032,1860
1782333927.897909,1848
1782333927.8991969,1854
1782333927.900478,1858
1782333927.9017541,1839
1782333927.90176,1839
1782333927.903033,1846
1782333927.904309,1839
1782333927.905587,1828
1782333927.9068758,1823
1782333927.906883,1838
1782333927.9084249,1834
1782333927.910927,1837
1782333927.910935,1835
1782333927.910937,1850
1782333927.912218,1854
1782333927.9135091,1870
1782333927.914805,1866
1782333927.914813,1860
1782333927.916106,1857
1782333927.9173918,1856
1782333927.9186702,1832
1782333927.9198122,1835
1782333927.919818,1854
1782333927.921091,1854
1782333927.9223669,1886
1782333927.923698,1871
1782333927.9247859,1845
1782333927.9248152,1848
1782333927.926122,1839
1782333927.927425,1844
1782333927.928757,1868
1782333927.928782,1854
1782333927.9300768,1843
1782333927.931381,1850
1782333927.9326952,1863
1782333927.9339972,1852
1782333927.934009,1830
1782333927.935306,1848
1782333927.936584,1863
1782333927.937883,1871
1782333927.9378939,1855
1782333927.940185,1839
1782333927.940199,1855
1782333927.9428558,1858
1782333927.942863,1818
1782333927.9428658,1810
1782333927.944154,1814
1782333927.94543,1822
1782333927.946707,1810
1782333927.948006,1836
1782333927.948012,1837
1782333927.949313,1819
1782333927.950618,1797
1782333927.951924,1794
1782333927.951936,1791
1782333927.95321,1822
1782333927.9545019,1839
1782333927.955803,1831
1782333927.9558132,1845
1782333927.957112,1837
1782333927.958414,1825
1782333927.9597042,1831
1782333927.9610062,1837
1782333927.961013,1862
1782333927.962286,1864
1782333927.963563,1876
1782333927.96488,1855
1782333927.964892,1842
1782333927.966215,1832
1782333927.966227,1814
1782333927.967554,1807
1782333927.9688718,1848
1782333927.9688802,1838
1782333927.97022,1836
1782333927.973428,1861
1782333927.973439,1897
1782333927.97345,1839
1782333927.97475,1836
1782333927.974758,1847
1782333927.9760509,1863
1782333927.9773319,1866
1782333927.978613,1839
1782333927.979912,1843
1782333927.979923,1830
1782333927.981245,1832
1782333927.982548,1811
1782333927.9838321,1812
1782333927.983839,1857
1782333927.9851189,1849
1782333927.986413,1839
1782333927.9877162,1852
1782333927.9890401,1867
1782333927.9890509,1871
1782333927.990346,1853
1782333927.991637,1848
1782333927.99294,1902
1782333927.99295,1899
1782333927.994269,1885
1782333927.9955761,1871
1782333927.9968798,1870
1782333927.996889,1864
1782333927.998194,1832
1782333927.999506,1834
1782333928.001301,1826
1782333928.001308,1860
1782333928.005003,1852
1782333928.005009,1839
1782333928.0050108,1836
1782333928.005013,1825
1782333928.006233,1810
1782333928.007524,1814
1782333928.008801,1836
1782333928.008806,1852
1782333928.0100758,1826
1782333928.011368,1837
1782333928.01267,1847
1782333928.013972,1862
1782333928.013983,1836
1782333928.0152938,1829
1782333928.016612,1832
1782333928.017896,1837
1782333928.017901,1852
1782333928.019192,1845
1782333928.0204859,1849
1782333928.021782,1841
1782333928.021792,1882
1782333928.023089,1800
1782333928.024395,1822
1782333928.0257,1850
1782333928.027,1858
1782333928.02701,1836
1782333928.0283031,1846
1782333928.029602,1845
1782333928.031991,1859
1782333928.032018,1858
1782333928.0320241,1855
1782333928.035512,1850
1782333928.035518,1864
1782333928.03552,1866
1782333928.0367959,1857
1782333928.036801,1838
1782333928.03807,1867
1782333928.0393028,1890
1782333928.04058,1871
1782333928.041878,1875
1782333928.041891,1880
1782333928.043186,1871
1782333928.044464,1852
1782333928.0457711,1861
1782333928.045793,1838
1782333928.047063,1829
1782333928.048342,1846
1782333928.0496562,1845
1782333928.050953,1852
1782333928.050965,1850
1782333928.0522602,1855
1782333928.0535429,1837
1782333928.054838,1833
1782333928.05485,1836
1782333928.056169,1839
1782333928.057479,1849
1782333928.058789,1846
1782333928.0587971,1846
1782333928.060528,1812
1782333928.063534,1823
1782333928.0635421,1823
1782333928.063545,1804
1782333928.064833,1816
1782333928.064842,1807
1782333928.06611,1830
1782333928.067392,1817
1782333928.0686789,1847
1782333928.0699708,1836
1782333928.069976,1843
1782333928.071276,1850
1782333928.07258,1879
1782333928.073884,1839
1782333928.0738912,1821
1782333928.075217,1816
1782333928.076543,1844
1782333928.077858,1842
1782333928.077868,1848
1782333928.079181,1850
1782333928.080488,1845
1782333928.081805,1834
1782333928.081812,1847
1782333928.083113,1830
1782333928.084415,1829
1782333928.085702,1821
1782333928.086998,1839
1782333928.087009,1851
1782333928.0883121,1824
1782333928.089634,1824
1782333928.0909388,1878
1782333928.090948,1886
1782333928.092544,1881
1782333928.095902,1860
1782333928.095909,1866
1782333928.095912,1871
1782333928.095914,1862
1782333928.095915,1868
1782333928.0971892,1885
1782333928.0984828,1880
1782333928.099766,1850
1782333928.099772,1833
1782333928.1010509,1852
1782333928.102326,1855
1782333928.10362,1855
1782333928.104924,1851
1782333928.104935,1867
1782333928.1061308,1850
1782333928.107421,1829
1782333928.108727,1835
1782333928.110064,1854
1782333928.110073,1876
1782333928.111347,1839
1782333928.112638,1835
1782333928.1139379,1871
1782333928.1139479,1854
1782333928.115246,1835
1782333928.1165419,1807
1782333928.117841,1826
1782333928.1178508,1822
1782333928.119144,1816
1782333928.1204422,1810
1782333928.121739,1835
1782333928.121797,1884
1782333928.1237981,1817
1782333928.123807,1815
1782333928.126786,1847
1782333928.126792,1861
1782333928.126794,1862
1782333928.1279922,1851
1782333928.1292632,1864
1782333928.130539,1871
1782333928.131825,1839
1782333928.131831,1825
1782333928.133151,1839
1782333928.1344562,1815
1782333928.1355479,1836
1782333928.136823,1832
1782333928.136828,1831
1782333928.138121,1851
1782333928.139432,1854
1782333928.1407669,1833
1782333928.140796,1862
1782333928.142097,1842
1782333928.1433852,1857
1782333928.144664,1842
1782333928.1459641,1829
1782333928.145973,1851
1782333928.147284,1855
1782333928.148597,1860
1782333928.149902,1839
1782333928.149913,1847
1782333928.152983,1868
1782333928.152995,1854
1782333928.1529999,1854
1782333928.156485,1862
1782333928.156492,1847
1782333928.156501,1860
1782333928.1577768,1858
1782333928.157783,1865
1782333928.159053,1853
1782333928.1603231,1847
1782333928.1615949,1846
1782333928.162863,1859
1782333928.1628668,1858
1782333928.164157,1871
1782333928.1654642,1852
1782333928.1667788,1862
1782333928.166786,1866
1782333928.1680598,1856
1782333928.1693308,1829
1782333928.1706188,1835
1782333928.171923,1862
1782333928.171934,1877
1782333928.173227,1783
1782333928.174525,1807
1782333928.175824,1834
1782333928.175833,1856
1782333928.177109,1850
1782333928.1784298,1843
1782333928.179743,1855
1782333928.179786,1846
1782333928.1811042,1827
1782333928.183341,1828
1782333928.1833541,1813
1782333928.1866062,1827
1782333928.186613,1820
1782333928.1866162,1822
1782333928.1878898,1833
1782333928.187895,1818
1782333928.189065,1812
1782333928.1903481,1823
1782333928.191631,1810
1782333928.192718,1811
1782333928.1927402,1814
1782333928.194016,1826
1782333928.195307,1855
1782333928.196605,1847
1782333928.1979342,1853
1782333928.197942,1856
1782333928.199244,1861
1782333928.2005608,1838
1782333928.2018628,1864
1782333928.201874,1855
1782333928.203149,1870
1782333928.20444,1852
1782333928.2057679,1855
1782333928.205796,1860
1782333928.2071161,1847
1782333928.2083972,1839
1782333928.209677,1834
1782333928.210954,1848
1782333928.2109592,1860
1782333928.212471,1853
1782333928.215741,1851
1782333928.215749,1836
1782333928.215752,1850
1782333928.216009,1876
1782333928.2172852,1858
1782333928.218561,1861
1782333928.219848,1862
1782333928.219855,1836
1782333928.221191,1844
1782333928.222521,1886
1782333928.2238421,1866
1782333928.223849,1846
1782333928.223851,1868
1782333928.2251751,1862
1782333928.2264771,1871
1782333928.22776,1846
1782333928.227765,1842
1782333928.2287948,1864
1782333928.2300959,1838
1782333928.2312691,1867
1782333928.232556,1849
1782333928.233856,1846
1782333928.233867,1842
1782333928.2351649,1832
1782333928.2364511,1850
1782333928.237746,1857
1782333928.237812,1836
1782333928.239136,1814
1782333928.240449,1824
1782333928.241763,1830
1782333928.241824,1836
1782333928.2445388,1846
1782333928.244551,1847
1782333928.2477481,1846
1782333928.247756,1838
1782333928.2477582,1851
1782333928.2477849,1851
1782333928.2490659,1830
1782333928.25034,1853
1782333928.2516239,1859
1782333928.252934,1822
1782333928.2529438,1809
1782333928.254237,1824
1782333928.25554,1821
1782333928.256862,1816
1782333928.256869,1804
1782333928.258166,1844
1782333928.259478,1851
1782333928.260777,1849
1782333928.260788,1871
1782333928.262086,1839
1782333928.263396,1845
1782333928.264568,1835
1782333928.265873,1811
1782333928.265882,1848
1782333928.2671769,1900
1782333928.268488,1860
1782333928.2697868,1867
1782333928.269797,1876
1782333928.271101,1866
1782333928.2724009,1886
1782333928.274981,1807
1782333928.274993,1824
1782333928.274997,1854
1782333928.278538,1831
1782333928.2785459,1842
1782333928.278548,1850
1782333928.279823,1839
1782333928.279829,1850
1782333928.2811131,1816
1782333928.282316,1820
1782333928.283592,1835
1782333928.284897,1865
1782333928.284914,1852
1782333928.28621,1828
1782333928.287508,1821
1782333928.2885718,1821
1782333928.289887,1791
1782333928.2898922,1791
1782333928.291201,1816
1782333928.292497,1866
1782333928.2938051,1855
1782333928.293816,1829
1782333928.29509,1862
1782333928.296362,1878
1782333928.297654,1876
1782333928.298969,1863
1782333928.298976,1879
1782333928.30025,1891
1782333928.301546,1877
1782333928.302867,1866
1782333928.302876,1868
1782333928.304308,1868
1782333928.307714,1871
1782333928.307723,1839
1782333928.3077261,1847
1782333928.307761,1875
1782333928.309037,1847
1782333928.310316,1869
1782333928.311599,1848
1782333928.312876,1845
1782333928.312881,1845
1782333928.314176,1824
1782333928.315488,1829
1782333928.3168142,1879
1782333928.316821,1867
1782333928.318068,1878
1782333928.31934,1859
1782333928.320637,1871
1782333928.32194,1864
1782333928.321951,1886
1782333928.3232682,1802
1782333928.324556,1854
1782333928.325863,1859
1782333928.3258739,1864
1782333928.327193,1834
1782333928.3284721,1853
1782333928.3297548,1854
1782333928.329761,1817
1782333928.33107,1832
1782333928.332383,1871
1782333928.334614,1839
1782333928.334628,1850
1782333928.338513,1859
1782333928.33852,1848
1782333928.3385222,1851
1782333928.3385239,1831
1782333928.339811,1826
1782333928.339825,1867
1782333928.34112,1878
1782333928.342392,1866
1782333928.3437052,1832
1782333928.3449879,1835
1782333928.344993,1827
1782333928.346283,1837
1782333928.347404,1827
1782333928.3487182,1824
1782333928.350077,1836
1782333928.350084,1828
1782333928.351398,1821
1782333928.35141,1826
1782333928.352726,1832
1782333928.3527439,1816
1782333928.3540401,1810
1782333928.3553438,1823
1782333928.356599,1828
1782333928.357905,1823
1782333928.357915,1827
1782333928.359221,1839
1782333928.360532,1867
1782333928.3618329,1845
1782333928.361844,1834
1782333928.363172,1836
1782333928.365542,1860
1782333928.36555,1849
1782333928.368596,1862
1782333928.368602,1857
1782333928.368604,1845
1782333928.369876,1818
1782333928.36988,1823
1782333928.371149,1879
1782333928.372424,1847
1782333928.373728,1838
1782333928.375067,1829
1782333928.375072,1818
1782333928.376348,1834
1782333928.377645,1844
1782333928.3789499,1828
1782333928.3789608,1826
1782333928.3802571,1878
1782333928.381566,1854
1782333928.382881,1832
1782333928.382889,1842
1782333928.384209,1825
1782333928.3853061,1827
1782333928.386602,1834
1782333928.3878999,1821
1782333928.3879108,1829
1782333928.3892071,1848
1782333928.39052,1867
1782333928.391829,1850
1782333928.39184,1861
1782333928.3931499,1863
1782333928.394453,1863
1782333928.3974888,1849
1782333928.3974998,1866
1782333928.397505,1867
1782333928.4007528,1855
1782333928.400759,1854
1782333928.4007611,1847
1782333928.4007628,1860
1782333928.402037,1852
1782333928.404581,1857
1782333928.404588,1867
1782333928.405868,1886
1782333928.405874,1850
1782333928.40717,1847
1782333928.408478,1882
1782333928.409784,1867
1782333928.409796,1850
1782333928.411092,1852
1782333928.412392,1855
1782333928.4137118,1849
1782333928.415283,1856
1782333928.4152908,1850
1782333928.416595,1870
1782333928.4178948,1855
1782333928.4179032,1862
1782333928.4191968,1854
1782333928.4204931,1832
1782333928.421788,1833
1782333928.421799,1877
1782333928.423142,1819
1782333928.4244611,1837
1782333928.427066,1832
1782333928.427079,1825
1782333928.427084,1814
1782333928.4308422,1819
1782333928.430848,1810
1782333928.430851,1817
1782333928.4308531,1832
1782333928.432134,1845
1782333928.4334111,1837
1782333928.4346838,1836
1782333928.4359539,1839
1782333928.435958,1839
1782333928.437247,1851
1782333928.438574,1844
1782333928.4398878,1832
1782333928.439898,1849
1782333928.441206,1847
1782333928.442508,1867
1782333928.443809,1844
1782333928.44382,1828
1782333928.445123,1837
1782333928.446424,1830
1782333928.4477282,1828
1782333928.447753,1837
1782333928.449047,1832
1782333928.450349,1825
1782333928.4516559,1824
1782333928.452957,1822
1782333928.452967,1826
1782333928.454262,1823
1782333928.456955,1831
1782333928.4569669,1829
1782333928.457025,1842
1782333928.4603982,1871
1782333928.460407,1866
1782333928.4604092,1864
1782333928.461685,1877
1782333928.462958,1885
1782333928.462964,1839
1782333928.464258,1853
1782333928.465587,1861
1782333928.466908,1852
1782333928.4669151,1864
1782333928.4682372,1839
1782333928.469545,1829
1782333928.470887,1839
1782333928.4708962,1839
1782333928.472228,1878
1782333928.473564,1807
1782333928.474883,1822
1782333928.474895,1846
1782333928.476197,1851
1782333928.4774988,1854
1782333928.478783,1847
1782333928.478791,1862
1782333928.478794,1848
1782333928.480078,1853
1782333928.481364,1839
1782333928.4826539,1827
1782333928.4839349,1838
1782333928.483941,1837
1782333928.485215,1845
1782333928.4872231,1846
1782333928.487231,1830
1782333928.4902961,1828
1782333928.490308,1818
1782333928.49031,1825
1782333928.491601,1804
1782333928.492895,1807
1782333928.492905,1824
1782333928.4942331,1828
1782333928.495517,1832
1782333928.49679,1839
1782333928.4967942,1861
1782333928.49808,1843
1782333928.499359,1855
1782333928.500643,1859
1782333928.501921,1874
1782333928.501927,1860
1782333928.503208,1834
1782333928.504482,1847
1782333928.505752,1864
1782333928.505756,1858
1782333928.5070431,1832
1782333928.508203,1846
1782333928.509511,1866
1782333928.510815,1854
1782333928.510825,1846
1782333928.5121229,1839
1782333928.513418,1848
1782333928.515646,1834
1782333928.5156538,1833
1782333928.5184581,1839
1782333928.5184672,1835
1782333928.518469,1830
1782333928.519763,1834
1782333928.5197692,1826
1782333928.521046,1875
1782333928.522325,1804
1782333928.523607,1802
1782333928.524888,1802
1782333928.524895,1810
1782333928.5261781,1822
1782333928.52746,1843
1782333928.5287402,1860
1782333928.528746,1870
1782333928.5300171,1874
1782333928.531296,1862
1782333928.532588,1839
1782333928.533885,1831
1782333928.5338922,1849
1782333928.53517,1868
1782333928.536455,1851
1782333928.537743,1868
1782333928.53775,1846
1782333928.539061,1839
1782333928.54038,1824
1782333928.541692,1834
1782333928.54299,1860
1782333928.542999,1852
1782333928.5442939,1868
1782333928.545575,1855
1782333928.5468721,1851
1782333928.54688,1823
1782333928.548695,1852
1782333928.551886,1876
1782333928.551892,1878
1782333928.551894,1863
1782333928.551896,1855
1782333928.553167,1845
1782333928.55444,1859
1782333928.55553,1839
1782333928.556811,1834
1782333928.5568159,1845
1782333928.558122,1863
1782333928.5594082,1868
1782333928.560731,1836
1782333928.56075,1832
1782333928.562048,1839
1782333928.5633512,1826
1782333928.564586,1827
1782333928.565896,1816
1782333928.5659049,1839
1782333928.567219,1845
1782333928.568518,1836
1782333928.56982,1823
1782333928.5698318,1832
1782333928.571127,1848
1782333928.572424,1881
1782333928.573728,1836
1782333928.575047,1842
1782333928.5750551,1864
1782333928.576349,1853
1782333928.578505,1832
1782333928.578517,1829
1782333928.5798762,1854
1782333928.579883,1834
1782333928.582714,1817
1782333928.5827231,1830
1782333928.582738,1855
1782333928.584009,1838
1782333928.58528,1837
1782333928.586557,1853
1782333928.587859,1839
1782333928.587871,1836
1782333928.588922,1836
1782333928.5902138,1835
1782333928.591499,1870
1782333928.592779,1854
1782333928.592785,1865
1782333928.5940852,1866
1782333928.595393,1848
1782333928.596672,1850
1782333928.597993,1807
1782333928.598,1823
1782333928.599311,1889
1782333928.600615,1871
1782333928.601921,1869
1782333928.601932,1863
1782333928.6032279,1842
1782333928.604531,1853
1782333928.605837,1826
1782333928.605849,1848
1782333928.605851,1866
1782333928.607352,1855
1782333928.6100612,1848
1782333928.610066,1829
1782333928.610068,1829
1782333928.6113439,1828
1782333928.6126132,1783
1782333928.613887,1796
1782333928.613892,1874
1782333928.6151628,1859
1782333928.61646,1862
1782333928.617774,1848
1782333928.617811,1842
1782333928.619117,1851
1782333928.6204212,1826
1782333928.62175,1873
1782333928.621779,1847
1782333928.623056,1839
1782333928.624362,1856
1782333928.625675,1854
1782333928.626976,1851
1782333928.626988,1833
1782333928.628298,1846
1782333928.6296031,1827
1782333928.630734,1844
1782333928.630741,1848
1782333928.6320472,1854
1782333928.63335,1825
1782333928.63467,1846
1782333928.635967,1851
1782333928.635978,1833
1782333928.637299,1825
1782333928.638587,1823
1782333928.641548,1862
1782333928.6415622,1846
1782333928.641567,1815
1782333928.644875,1828
1782333928.6448798,1855
1782333928.644883,1850
1782333928.6448839,1852
1782333928.646157,1860
1782333928.6474361,1869
1782333928.648718,1848
1782333928.648746,1852
1782333928.6499891,1868
1782333928.651285,1878
1782333928.652589,1860
1782333928.653918,1815
1782333928.653924,1822
1782333928.655232,1861
1782333928.65652,1848
1782333928.657828,1855
1782333928.6578372,1850
1782333928.6591492,1842
1782333928.660448,1839
1782333928.6617532,1824
1782333928.661767,1843
1782333928.663075,1884
1782333928.664362,1891
1782333928.665663,1887
1782333928.666964,1878
1782333928.6669729,1854
1782333928.668304,1855
1782333928.67109,1830
1782333928.671104,1839
1782333928.6711092,1921
1782333928.6750138,1839
1782333928.675023,1835
1782333928.675025,1844
1782333928.675027,1832
1782333928.676308,1828
1782333928.677598,1798
1782333928.6788852,1823
1782333928.6788921,1867
1782333928.680186,1860
1782333928.6814919,1826
1782333928.682821,1818
1782333928.682828,1828
1782333928.684122,1815
1782333928.685411,1807
1782333928.686684,1827
1782333928.687982,1838
1782333928.687994,1862
1782333928.689273,1865
1782333928.6905768,1839
1782333928.691905,1845
1782333928.691911,1839
1782333928.693208,1830
1782333928.694517,1826
1782333928.6958249,1839
1782333928.6958358,1893
1782333928.697153,1865
1782333928.698435,1852
1782333928.700002,1855
1782333928.7000089,1871
1782333928.702772,1867
1782333928.702778,1832
1782333928.70278,1867
1782333928.704061,1895
1782333928.70533,1884
1782333928.70661,1882
1782333928.707909,1858
1782333928.707925,1843
1782333928.709095,1853
1782333928.710371,1822
1782333928.711667,1854
1782333928.712975,1884
1782333928.712988,1871
1782333928.714087,1870
1782333928.7153971,1870
1782333928.7167292,1864
1782333928.716748,1855
1782333928.7180438,1814
1782333928.719329,1832
1782333928.720602,1846
1782333928.721897,1848
1782333928.721909,1842
1782333928.723191,1842
1782333928.724494,1836
1782333928.725795,1824
1782333928.7258072,1805
1782333928.7271092,1805
1782333928.728412,1811
1782333928.7307498,1818
1782333928.730759,1837
1782333928.7308002,1835
1782333928.734408,1831
1782333928.734417,1847
1782333928.73442,1836
1782333928.734422,1846
1782333928.7357,1863
1782333928.736972,1848
1782333928.7369769,1851
1782333928.738245,1856
1782333928.739516,1864
1782333928.7408152,1860
1782333928.7421172,1827
1782333928.7421281,1829
1782333928.743423,1832
1782333928.744728,1829
1782333928.746063,1820
1782333928.746073,1828
1782333928.7473762,1843
1782333928.74862,1843
1782333928.7499251,1842
1782333928.749933,1827
1782333928.751105,1827
1782333928.7524061,1846
1782333928.75371,1846
1782333928.7550132,1825
1782333928.755023,1835
1782333928.756254,1825
1782333928.7575622,1846
1782333928.7588658,1852
1782333928.758877,1870
1782333928.7614012,1867
1782333928.761416,1870
1782333928.765745,1870
1782333928.7657542,1851
1782333928.765756,1857
1782333928.765759,1862
1782333928.765762,1863
1782333928.767036,1849
1782333928.76832,1842
1782333928.769593,1854
1782333928.770864,1839
1782333928.770868,1854
1782333928.772162,1858
1782333928.773497,1855
1782333928.774806,1839
1782333928.774815,1828
1782333928.776119,1839
1782333928.777416,1822
1782333928.7787352,1837
1782333928.778783,1833
1782333928.780075,1851
1782333928.781377,1850
1782333928.782631,1855
1782333928.783937,1828
1782333928.783948,1807
1782333928.7852411,1858
1782333928.786539,1858
1782333928.787837,1843
1782333928.7878468,1841
1782333928.789141,1834
1782333928.7904582,1830
1782333928.79347,1813
1782333928.793484,1831
1782333928.7934878,1837
1782333928.7972312,1821
1782333928.797237,1830
1782333928.797239,1868
1782333928.797241,1860
1782333928.7985358,1835
1782333928.799762,1838
1782333928.799767,1855
1782333928.8010721,1842
1782333928.802346,1858
1782333928.803635,1855
1782333928.804937,1847
1782333928.8049479,1848
1782333928.806263,1843
1782333928.8075688,1852
1782333928.808872,1861
1782333928.808884,1851
1782333928.810174,1836
1782333928.811473,1836
1782333928.8127859,1849
1782333928.812811,1844
1782333928.81409,1823
1782333928.8153942,1817
1782333928.816702,1844
1782333928.8179982,1857
1782333928.818008,1860
1782333928.819298,1850
1782333928.8205981,1859
1782333928.823794,1867
1782333928.823809,1851
1782333928.823814,1834
1782333928.823891,1839
1782333928.8279371,1854
1782333928.8279428,1855
1782333928.827945,1837
1782333928.827947,1854
1782333928.829221,1828
1782333928.8304992,1834
1782333928.8317811,1824
1782333928.831788,1843
1782333928.8330612,1871
1782333928.834358,1861
1782333928.8356822,1862
1782333928.836976,1833
1782333928.836983,1842
1782333928.838292,1851
1782333928.839603,1842
1782333928.840917,1839
1782333928.840926,1860
1782333928.842221,1867
1782333928.84353,1855
1782333928.844834,1865
1782333928.844845,1846
1782333928.846144,1869
1782333928.847426,1838
1782333928.84873,1849
1782333928.850036,1864
1782333928.8500469,1862
1782333928.851982,1850
1782333928.851989,1842
1782333928.855595,1845
1782333928.855603,1839
1782333928.855605,1843
1782333928.856895,1846
1782333928.8569028,1843
1782333928.8581781,1852
1782333928.859448,1854
1782333928.860745,1842
1782333928.860758,1852
1782333928.86077,1848
1782333928.862061,1858
1782333928.8633652,1850
1782333928.8646789,1851
1782333928.86599,1861
1782333928.8659992,1839
1782333928.867296,1827
1782333928.868596,1827
1782333928.869898,1833
1782333928.86991,1834
1782333928.8712032,1834
1782333928.872502,1843
1782333928.8738098,1858
1782333928.8738189,1845
1782333928.8751192,1862
1782333928.876414,1865
1782333928.877713,1863
1782333928.87905,1853
1782333928.8790631,1854
1782333928.880223,1862
1782333928.883345,1871
1782333928.883361,1839
1782333928.8833652,1845
1782333928.887488,1867
1782333928.8874938,1844
1782333928.887496,1834
1782333928.887499,1807
1782333928.8885388,1821
1782333928.889826,1825
1782333928.889833,1824
1782333928.891111,1842
1782333928.892226,1826
1782333928.893499,1828
1782333928.894788,1800
1782333928.894799,1806
1782333928.8960981,1823
1782333928.8974159,1855
1782333928.898737,1854
1782333928.898779,1866
1782333928.9000819,1866
1782333928.9013839,1881
1782333928.9026859,1844
1782333928.90401,1834
1782333928.9040158,1855
1782333928.905231,1860
1782333928.9065468,1864
1782333928.907874,1839
1782333928.907882,1835
1782333928.909185,1836
1782333928.910466,1839
1782333928.912561,1814
1782333928.912566,1816
1782333928.9161322,1828
1782333928.91614,1832
1782333928.916142,1829
1782333928.9161441,1826
1782333928.9174159,1871
1782333928.918686,1874
1782333928.919772,1827
1782333928.919778,1828
1782333928.921078,1852
1782333928.9223838,1881
1782333928.923695,1875
1782333928.925013,1851
1782333928.925021,1846
1782333928.92633,1845
1782333928.927607,1848
1782333928.9289029,1839
1782333928.9289138,1848
1782333928.930215,1871
1782333928.931524,1857
1782333928.932831,1850
1782333928.932843,1843
1782333928.9341419,1854
1782333928.935443,1839
1782333928.936765,1810
1782333928.9367979,1818
1782333928.938103,1853
1782333928.939413,1830
1782333928.940726,1847
1782333928.9420311,1855
1782333928.942042,1858
1782333928.9448,1871
1782333928.944813,1852
1782333928.944818,1862
1782333928.9484138,1896
1782333928.948421,1901
1782333928.948423,1884
1782333928.949718,1882
1782333928.9497468,1863
1782333928.951024,1854
1782333928.952301,1814
1782333928.9535942,1824
1782333928.954902,1860
1782333928.954914,1861
1782333928.956217,1830
1782333928.957532,1847
1782333928.958836,1826
1782333928.958848,1830
1782333928.9601438,1812
1782333928.961427,1826
1782333928.9627252,1859
1782333928.9627619,1871
1782333928.9640582,1845
1782333928.9653802,1846
1782333928.9666839,1853
1782333928.967993,1837
1782333928.968003,1803
1782333928.9692988,1800
1782333928.970609,1833
1782333928.971853,1858
1782333928.971864,1851
1782333928.973207,1830
1782333928.974776,1847
1782333928.974785,1858
1782333928.9785678,1843
1782333928.978575,1835
1782333928.9785779,1839
1782333928.979862,1865
1782333928.979867,1854
1782333928.9811609,1846
1782333928.982443,1847
1782333928.9837282,1847
1782333928.983757,1817
1782333928.984881,1804
1782333928.9861891,1817
1782333928.987495,1871
1782333928.987508,1860
1782333928.988801,1842
1782333928.98881,1834
1782333928.990137,1839
1782333928.991432,1832
1782333928.992754,1839
1782333928.9927611,1866
1782333928.994046,1889
1782333928.995342,1860
1782333928.99664,1846
1782333928.997921,1848
1782333928.997926,1839
1782333928.99921,1836
1782333929.0005069,1807
1782333929.0017889,1823
1782333929.001794,1854
1782333929.003086,1851
1782333929.004638,1839
1782333929.008424,1831
1782333929.0084329,1855
1782333929.008436,1837
1782333929.008438,1806
1782333929.009727,1830
1782333929.009744,1867
1782333929.011014,1844
1782333929.012287,1831
1782333929.0135748,1822
1782333929.014889,1814
1782333929.014899,1802
1782333929.0161989,1775
1782333929.017502,1797
1782333929.018785,1860
1782333929.01879,1871
1782333929.0200791,1877
1782333929.021387,1849
1782333929.022686,1851
1782333929.023991,1862
1782333929.024003,1842
1782333929.0252979,1846
1782333929.026607,1880
1782333929.027921,1879
1782333929.027933,1888
1782333929.029223,1866
1782333929.030258,1887
1782333929.031561,1894
1782333929.032867,1859
1782333929.0328782,1832
1782333929.03481,1839
1782333929.035389,1889
1782333929.03904,1870
1782333929.039048,1821
1782333929.039051,1831
1782333929.039053,1825
1782333929.0401778,1824
1782333929.04146,1818
1782333929.042736,1824
1782333929.042741,1858
1782333929.04402,1846
1782333929.045322,1850
1782333929.046627,1859
1782333929.047894,1865
1782333929.0479,1855
1782333929.0491788,1807
1782333929.050456,1842
1782333929.051743,1884
1782333929.051751,1867
1782333929.0530539,1864
1782333929.0543559,1878
1782333929.055646,1850
1782333929.0569339,1845
1782333929.056941,1812
1782333929.058221,1834
1782333929.059504,1882
1782333929.060818,1864
1782333929.0608268,1874
1782333929.062156,1868
1782333929.0642822,1844
1782333929.0642931,1853
1782333929.0687969,1831
1782333929.0688078,1839
1782333929.068811,1855
1782333929.068813,1850
1782333929.068816,1856
1782333929.070102,1828
1782333929.071378,1835
1782333929.072651,1829
1782333929.073931,1795
1782333929.073937,1815
1782333929.075226,1842
1782333929.0765362,1846
1782333929.077831,1823
1782333929.0778382,1813
1782333929.079133,1815
1782333929.080457,1819
1782333929.0817978,1790
1782333929.08181,1794
1782333929.083151,1834
1782333929.084456,1862
1782333929.085747,1862
1782333929.0857532,1851
1782333929.087025,1857
1782333929.08832,1855
1782333929.089602,1845
1782333929.090904,1833
1782333929.090912,1824
1782333929.092195,1868
1782333929.0934799,1852
1782333929.0947762,1832
1782333929.094788,1859
1782333929.0961359,1844
1782333929.099377,1839
1782333929.0993862,1826
1782333929.0993888,1842
1782333929.1004338,1884
1782333929.1017401,1859
1782333929.1017559,1852
1782333929.103039,1853
1782333929.10433,1854
1782333929.10562,1843
1782333929.106921,1820
1782333929.1069288,1823
1782333929.10802,1858
1782333929.109312,1823
1782333929.110589,1847
1782333929.111865,1853
1782333929.111871,1839
1782333929.113148,1839
1782333929.1144419,1823
1782333929.11445,1839
1782333929.115746,1867
1782333929.115756,1860
1782333929.117037,1876
1782333929.118312,1882
1782333929.119596,1868
1782333929.1208708,1876
1782333929.120876,1832
1782333929.1221619,1846
1782333929.123463,1862
1782333929.124782,1856
1782333929.124793,1839
1782333929.12637,1824
1782333929.128932,1799
1782333929.1289442,1794
1782333929.128947,1800
1782333929.1302552,1810
1782333929.1315641,1818
1782333929.1328619,1817
1782333929.13287,1817
1782333929.1341472,1807
1782333929.135455,1826
1782333929.1367471,1830
1782333929.136756,1839
1782333929.13807,1851
1782333929.13937,1843
1782333929.140667,1848
1782333929.141974,1868
1782333929.141983,1858
1782333929.143274,1876
1782333929.144557,1880
1782333929.1458461,1853
1782333929.145855,1824
1782333929.147145,1849
1782333929.148426,1844
1782333929.1497111,1851
1782333929.1497312,1847
1782333929.151006,1850
1782333929.152292,1853
1782333929.153569,1842
1782333929.1548722,1844
1782333929.154884,1849
1782333929.1561139,1857
1782333929.158769,1860
1782333929.158777,1854
1782333929.1587782,1850
1782333929.160057,1862
1782333929.161334,1880
1782333929.162615,1856
1782333929.163915,1847
1782333929.1639261,1866
1782333929.1652539,1861
1782333929.166571,1866
1782333929.167896,1864
1782333929.167902,1868
1782333929.169179,1871
1782333929.170475,1846
1782333929.1717792,1827
1782333929.1717901,1843
1782333929.173124,1839
1782333929.1744099,1832
1782333929.175704,1852
1782333929.176996,1830
1782333929.177004,1820
1782333929.178297,1809
1782333929.1795971,1822
1782333929.180898,1837
1782333929.1809092,1833
1782333929.1822028,1813
1782333929.1835032,1831
1782333929.1848059,1839
1782333929.1848161,1842
1782333929.186798,1803
1782333929.186804,1828
1782333929.190285,1831
1782333929.190292,1831
1782333929.190294,1830
1782333929.191584,1839
1782333929.192854,1839
1782333929.1928582,1839
1782333929.1941261,1821
1782333929.1953971,1835
1782333929.196697,1831
1782333929.197999,1855
1782333929.1980102,1858
1782333929.1993222,1848
1782333929.2006211,1864
1782333929.201904,1855
1782333929.201907,1847
1782333929.203198,1852
1782333929.2044978,1856
1782333929.2057989,1870
1782333929.2058098,1865
1782333929.2071,1866
1782333929.208391,1882
1782333929.209703,1881
1782333929.209759,1871
1782333929.211036,1842
1782333929.212332,1839
1782333929.213572,1843
1782333929.214877,1838
1782333929.214887,1822
1782333929.2161741,1823
1782333929.2174459,1823
1782333929.2203991,1826
1782333929.220405,1812
1782333929.220407,1807
1782333929.221678,1818
1782333929.2229571,1823
1782333929.222962,1842
1782333929.2242408,1830
1782333929.225537,1816
1782333929.2268438,1810
1782333929.226856,1817
1782333929.228151,1832
1782333929.229453,1847
1782333929.2307699,1852
1782333929.230792,1852
1782333929.232094,1829
1782333929.233441,1849
1782333929.234764,1838
1782333929.234784,1823
1782333929.236078,1824
1782333929.237382,1858
1782333929.238703,1859
1782333929.238722,1871
1782333929.2387562,1853
1782333929.240056,1861
1782333929.2413561,1861
1782333929.242639,1839
1782333929.2439291,1850
1782333929.243938,1853
1782333929.245232,1842
1782333929.24653,1850
1782333929.248687,1858
1782333929.2487109,1850
1782333929.249791,1838
1782333929.249805,1828
1782333929.253761,1831
1782333929.2537658,1854
1782333929.253768,1862
1782333929.2537699,1867
1782333929.25504,1879
1782333929.25632,1876
1782333929.2576058,1871
1782333929.258878,1855
1782333929.258882,1847
1782333929.260171,1851
1782333929.261468,1852
1782333929.262788,1854
1782333929.262795,1843
1782333929.264101,1839
1782333929.265416,1831
1782333929.266742,1830
1782333929.266764,1846
1782333929.2680562,1866
1782333929.269357,1883
1782333929.2706492,1879
1782333929.2719538,1855
1782333929.2719638,1870
1782333929.273262,1871
1782333929.274576,1850
1782333929.2758799,1822
1782333929.2758908,1826
1782333929.277205,1827
1782333929.27971,1828
1782333929.279726,1838
1782333929.281122,1854
1782333929.281132,1842
1782333929.284338,1843
1782333929.284346,1833
1782333929.284349,1846
1782333929.285625,1831
1782333929.286905,1823
1782333929.28691,1817
1782333929.288191,1821
1782333929.2894778,1822
1782333929.290803,1850
1782333929.29081,1830
1782333929.2920918,1834
1782333929.2934022,1834
1782333929.29471,1844
1782333929.296009,1833
1782333929.296021,1839
1782333929.297323,1852
1782333929.298639,1851
1782333929.2999449,1842
1782333929.299963,1855
1782333929.301258,1855
1782333929.302558,1857
1782333929.303884,1868
1782333929.303891,1861
1782333929.3051891,1854
1782333929.306505,1879
1782333929.307817,1851
1782333929.3078232,1836
1782333929.309196,1861
1782333929.3129,1880
1782333929.312906,1867
1782333929.312908,1871
1782333929.31291,1882
1782333929.314056,1854
1782333929.315341,1836
1782333929.316614,1851
1782333929.317705,1878
1782333929.317732,1871
1782333929.31903,1858
1782333929.3201978,1833
1782333929.321496,1820
1782333929.322798,1837
1782333929.322809,1843
1782333929.324136,1843
1782333929.3254411,1842
1782333929.326747,1847
1782333929.326783,1838
1782333929.328078,1850
1782333929.329379,1847
1782333929.330682,1834
1782333929.332005,1829
1782333929.332011,1826
1782333929.33331,1815
1782333929.3346071,1819
1782333929.335923,1832
1782333929.335936,1811
1782333929.3372438,1827
1782333929.338552,1836
1782333929.340786,1830
1782333929.340797,1843
1782333929.340801,1832
1782333929.342131,1838
1782333929.3452759,1839
1782333929.345282,1837
1782333929.345284,1834
1782333929.346574,1820
1782333929.347849,1830
1782333929.3478541,1810
1782333929.3491268,1847
1782333929.350398,1867
1782333929.351676,1869
1782333929.352973,1867
1782333929.352984,1856
1782333929.354282,1860
1782333929.355595,1861
1782333929.35692,1842
1782333929.356927,1845
1782333929.3582451,1866
1782333929.359551,1855
1782333929.360862,1846
1782333929.360875,1836
1782333929.360877,1854
1782333929.362182,1830
1782333929.363492,1818
1782333929.364576,1820
1782333929.365891,1832
1782333929.365899,1822
1782333929.36722,1828
1782333929.368521,1834
1782333929.370847,1854
1782333929.370857,1867
1782333929.370861,1871
1782333929.374918,1839
1782333929.374927,1855
1782333929.37493,1856
1782333929.374932,1858
1782333929.376205,1830
1782333929.3774788,1832
1782333929.3787541,1842
1782333929.378759,1839
1782333929.380053,1846
1782333929.38136,1863
1782333929.382595,1877
1782333929.3839061,1877
1782333929.383918,1869
1782333929.385215,1839
1782333929.386519,1865
1782333929.3878222,1860
1782333929.387833,1865
1782333929.38908,1835
1782333929.390378,1859
1782333929.391681,1855
1782333929.392992,1838
1782333929.393003,1828
1782333929.394301,1826
1782333929.3955998,1838
1782333929.396895,1844
1782333929.396904,1838
1782333929.3981938,1859
1782333929.401085,1855
1782333929.401098,1834
1782333929.401103,1865
1782333929.405043,1851
1782333929.4050481,1852
1782333929.40505,1832
1782333929.405052,1839
1782333929.406337,1836
1782333929.407615,1835
1782333929.408886,1839
1782333929.40889,1831
1782333929.410184,1831
1782333929.411465,1837
1782333929.412779,1825
1782333929.4127848,1858
1782333929.414083,1864
1782333929.415395,1858
1782333929.416728,1849
1782333929.41676,1826
1782333929.418056,1844
1782333929.420651,1839
1782333929.420662,1845
1782333929.421888,1846
1782333929.421897,1842
1782333929.42322,1852
1782333929.424528,1834
1782333929.425826,1833
1782333929.425835,1857
1782333929.4271371,1839
1782333929.428433,1854
1782333929.432169,1878
1782333929.432626,1845
1782333929.432638,1864
1782333929.432642,1842
1782333929.436471,1807
1782333929.436477,1815
1782333929.436479,1825
1782333929.43648,1833
1782333929.4375129,1828
1782333929.4387891,1829
1782333929.438794,1828
1782333929.440073,1839
1782333929.441243,1834
1782333929.44254,1817
1782333929.443844,1829
1782333929.443857,1820
1782333929.445172,1822
1782333929.446474,1856
1782333929.447794,1887
1782333929.447806,1866
1782333929.449128,1868
1782333929.450455,1864
1782333929.451766,1854
1782333929.4517992,1866
1782333929.453014,1868
1782333929.454328,1889
1782333929.455632,1885
1782333929.4569569,1871
1782333929.456973,1868
1782333929.4582698,1864
1782333929.459897,1864
1782333929.459903,1835
1782333929.463459,1807
1782333929.463465,1824
1782333929.4634671,1839
1782333929.464561,1846
1782333929.4658408,1827
1782333929.465848,1828
1782333929.467118,1844
1782333929.468394,1842
1782333929.469696,1829
1782333929.471,1831
1782333929.4710112,1819
1782333929.4723089,1838
1782333929.47363,1844
1782333929.4749372,1836
1782333929.4749491,1843
1782333929.4762518,1830
1782333929.477558,1820
1782333929.478863,1834
1782333929.478873,1842
1782333929.48017,1843
1782333929.481496,1845
1782333929.482798,1842
1782333929.482811,1864
1782333929.4841118,1865
1782333929.484123,1850
1782333929.4854348,1845
1782333929.486732,1845
1782333929.4867682,1844
1782333929.488076,1835
1782333929.4893792,1855
1782333929.4906821,1860
1782333929.4928992,1849
1782333929.492912,1855
1782333929.492917,1839
1782333929.494246,1857
1782333929.49775,1853
1782333929.497758,1868
1782333929.497761,1871
1782333929.4977632,1855
1782333929.4990442,1854
1782333929.500315,1851
1782333929.501591,1830
1782333929.5028899,1826
1782333929.502901,1838
1782333929.504202,1851
1782333929.5055091,1839
1782333929.506832,1844
1782333929.5068421,1850
1782333929.507956,1846
1782333929.509263,1816
1782333929.510567,1838
1782333929.51187,1850
1782333929.5118809,1845
1782333929.513176,1832
1782333929.5144908,1838
1782333929.515798,1829
1782333929.51581,1839
1782333929.517117,1835
1782333929.518413,1843
1782333929.519719,1854
1782333929.52102,1839
1782333929.521031,1847
1782333929.523702,1831
1782333929.5237172,1824
1782333929.528587,1832
1782333929.5285928,1834
1782333929.528595,1823
1782333929.5285969,1839
1782333929.528599,1851
1782333929.529871,1857
1782333929.529876,1869
1782333929.531148,1853
1782333929.532425,1852
1782333929.533698,1865
1782333929.53498,1854
1782333929.5349839,1870
1782333929.536275,1855
1782333929.537576,1839
1782333929.538888,1834
1782333929.5389,1811
1782333929.540204,1834
1782333929.5413241,1842
1782333929.542645,1842
1782333929.543945,1839
1782333929.543957,1861
1782333929.5452712,1832
1782333929.546568,1836
1782333929.5478752,1836
1782333929.5478861,1850
1782333929.549189,1858
1782333929.5504892,1853
1782333929.551915,1871
1782333929.5519192,1892
1782333929.5555,1871
1782333929.5555048,1856
1782333929.555507,1848
1782333929.556792,1853
1782333929.556797,1856
1782333929.5580642,1843
1782333929.559338,1843
1782333929.5606358,1887
1782333929.561942,1876
1782333929.561953,1871
1782333929.5632498,1871
1782333929.5645518,1847
1782333929.565873,1843
1782333929.565879,1836
1782333929.5671759,1839
1782333929.5684822,1855
1782333929.569786,1856
1782333929.569797,1835
1782333929.571094,1859
1782333929.5724008,1853
1782333929.5737221,1844
1782333929.574794,1832
1782333929.574807,1847
1782333929.576106,1877
1782333929.577149,1875
1782333929.578442,1844
1782333929.5797398,1866
1782333929.579765,1852
1782333929.581821,1834
1782333929.5818298,1826
1782333929.585946,1843
1782333929.585952,1885
1782333929.585954,1881
1782333929.585956,1865
1782333929.5872269,1851
1782333929.5884979,1838
1782333929.5897741,1815
1782333929.5897799,1800
1782333929.591011,1790
1782333929.5923252,1802
1782333929.593629,1848
1782333929.594931,1816
1782333929.5949419,1792
1782333929.596241,1829
1782333929.597543,1845
1782333929.598869,1836
1782333929.598876,1803
1782333929.600172,1832
1782333929.60148,1864
1782333929.602762,1864
1782333929.602767,1839
1782333929.604064,1847
1782333929.605376,1832
1782333929.605382,1826
1782333929.606682,1797
1782333929.607969,1812
1782333929.607976,1867
1782333929.609272,1857
1782333929.6105669,1850
1782333929.612608,1853
1782333929.612621,1848
1782333929.6178958,1845
1782333929.617903,1829
1782333929.6179368,1857
1782333929.617941,1892
1782333929.617944,1848
1782333929.6179461,1847
1782333929.619221,1860
1782333929.620491,1855
1782333929.6217642,1856
1782333929.621768,1817
1782333929.623036,1838
1782333929.6243331,1871
1782333929.625639,1852
1782333929.6269429,1854
1782333929.626953,1857
1782333929.6282492,1845
1782333929.629548,1859
1782333929.630743,1820
1782333929.630761,1834
1782333929.632056,1889
1782333929.633348,1864
1782333929.634642,1854
1782333929.6359448,1864
1782333929.6359549,1853
1782333929.637248,1850
1782333929.638549,1835
1782333929.6398551,1844
1782333929.639868,1875
1782333929.641173,1877
1782333929.642473,1879
1782333929.64474,1861
1782333929.644751,1879
1782333929.645534,1864
1782333929.6491442,1839
1782333929.649151,1820
1782333929.649153,1810
1782333929.6491551,1849
1782333929.6504362,1812
1782333929.651711,1778
1782333929.651732,1803
1782333929.653004,1807
1782333929.654274,1805
1782333929.655568,1781
1782333929.6568708,1823
1782333929.6568801,1844
1782333929.658171,1839
1782333929.659457,1836
1782333929.6607559,1826
1782333929.6607912,1829
1782333929.662101,1825
1782333929.6634119,1817
1782333929.66469,1844
1782333929.665987,1861
1782333929.665998,1849
1782333929.667295,1870
1782333929.668579,1862
1782333929.669875,1845
1782333929.6698859,1859
1782333929.671194,1820
1782333929.6723871,1839
1782333929.6738539,1888
1782333929.673882,1850
1782333929.6769128,1880
1782333929.676919,1859
1782333929.6769202,1868
1782333929.6781912,1864
1782333929.679459,1823
1782333929.680732,1839
1782333929.680737,1895
1782333929.682015,1864
1782333929.683309,1849
1782333929.684397,1858
1782333929.685673,1856
1782333929.686969,1861
1782333929.68698,1827
1782333929.6882591,1848
1782333929.6895318,1885
1782333929.6908119,1864
1782333929.690819,1861
1782333929.692103,1880
1782333929.693385,1852
1782333929.694713,1860
1782333929.696019,1827
1782333929.696028,1853
1782333929.697314,1884
1782333929.698598,1885
1782333929.6998851,1853
1782333929.6998909,1839
1782333929.70118,1855
1782333929.702326,1847
1782333929.704567,1836
1782333929.704577,1811
1782333929.708129,1806
1782333929.7081401,1846
1782333929.708142,1857
1782333929.7081442,1848
1782333929.7094479,1855
1782333929.710748,1853
1782333929.710758,1855
1782333929.712057,1825
1782333929.7133582,1821
1782333929.714644,1864
1782333929.715945,1846
1782333929.715956,1842
1782333929.7172759,1860
1782333929.718577,1862
1782333929.7198741,1866
1782333929.719883,1806
1782333929.721171,1828
1782333929.7224572,1883
1782333929.7237499,1852
1782333929.7237601,1848
1782333929.723763,1854
1782333929.725055,1832
1782333929.726349,1843
1782333929.7276402,1816
1782333929.7289238,1833
1782333929.72893,1861
1782333929.730231,1839
1782333929.7315142,1854
1782333929.732793,1846
1782333929.7327979,1857
1782333929.734178,1844
1782333929.7380512,1807
1782333929.73806,1804
1782333929.7380621,1839
1782333929.738065,1850
1782333929.739351,1838
1782333929.740649,1838
1782333929.741945,1826
1782333929.741952,1844
1782333929.743238,1800
1782333929.744523,1804
1782333929.745815,1861
1782333929.745823,1838
1782333929.7471292,1821
1782333929.748461,1823
1782333929.749762,1821
1782333929.74977,1839
1782333929.7510998,1802
1782333929.752395,1826
1782333929.75368,1867
1782333929.754962,1861
1782333929.7549682,1844
1782333929.756242,1830
1782333929.75883,1848
1782333929.7588391,1837
1782333929.758841,1823
1782333929.7601411,1818
1782333929.761434,1838
1782333929.762721,1875
1782333929.762744,1874
1782333929.764436,1836
1782333929.7679749,1814
1782333929.7679832,1807
1782333929.7679849,1823
1782333929.7679858,1801
1782333929.769278,1827
1782333929.7705832,1884
1782333929.77187,1897
1782333929.771876,1891
1782333929.773149,1871
1782333929.7744288,1860
1782333929.775709,1847
1782333929.7769878,1799
1782333929.776992,1815
1782333929.778307,1887
1782333929.779616,1865
1782333929.7807481,1862
1782333929.780776,1828
1782333929.7820952,1844
1782333929.783411,1836
1782333929.784715,1790
1782333929.7860239,1815
1782333929.78603,1869
1782333929.787334,1855
1782333929.788639,1850
1782333929.789925,1851
1782333929.7899299,1855
1782333929.791223,1852
1782333929.792532,1825
1782333929.7938418,1844
1782333929.793853,1894
1782333929.795834,1876
1782333929.7958379,1845
1782333929.799258,1868
1782333929.799265,1895
1782333929.799267,1851
1782333929.800551,1802
1782333929.801829,1812
1782333929.801835,1879
1782333929.803135,1870
1782333929.8042161,1857
1782333929.805505,1861
1782333929.806823,1871
1782333929.806836,1880
1782333929.808168,1832
1782333929.809448,1824
1782333929.810731,1864
1782333929.8107362,1864
1782333929.812045,1858
1782333929.81335,1844
1782333929.814664,1867
1782333929.815949,1830
1782333929.8159528,1816
1782333929.817259,1787
1782333929.8185441,1793
1782333929.81984,1830
1782333929.819853,1838
1782333929.8211641,1829
1782333929.8224268,1826
1782333929.823734,1820
1782333929.823762,1828
1782333929.8251579,1800
1782333929.826615,1825
1782333929.8295622,1862
1782333929.82957,1853
1782333929.8295722,1852
1782333929.8308601,1850
1782333929.830865,1835
1782333929.832136,1817
1782333929.83341,1807
1782333929.8347242,1850
1782333929.8360279,1893
1782333929.836045,1892
1782333929.837333,1890
1782333929.838561,1874
1782333929.839849,1869
1782333929.8398552,1864
1782333929.841048,1806
1782333929.8423512,1848
1782333929.843661,1897
1782333929.8449438,1871
1782333929.844948,1876
1782333929.84624,1852
1782333929.846255,1859
1782333929.847536,1833
1782333929.848833,1810
1782333929.848844,1830
1782333929.850133,1884
1782333929.851431,1857
1782333929.8527381,1829
1782333929.852772,1815
1782333929.85407,1823
1782333929.8560798,1820
1782333929.856085,1792
1782333929.859607,1798
1782333929.859614,1848
1782333929.859616,1846
1782333929.860886,1835
1782333929.8608902,1825
1782333929.862156,1829
1782333929.8634272,1837
1782333929.864702,1826
1782333929.864724,1803
1782333929.8660202,1825
1782333929.867323,1864
1782333929.868625,1861
1782333929.869928,1819
1782333929.869938,1854
1782333929.871249,1829
1782333929.872562,1817
1782333929.873882,1810
1782333929.873887,1821
1782333929.875196,1890
1782333929.876501,1886
1782333929.877804,1889
1782333929.877815,1875
1782333929.879116,1862
1782333929.880426,1848
1782333929.881758,1821
1782333929.881782,1823
1782333929.88304,1843
1782333929.884348,1862
1782333929.88566,1853
1782333929.886942,1823
1782333929.886946,1854
1782333929.8899672,1849
1782333929.889975,1823
1782333929.889977,1825
1782333929.891257,1868
1782333929.892527,1839
1782333929.893805,1833
1782333929.89381,1837
1782333929.894839,1850
1782333929.896139,1855
1782333929.897444,1814
1782333929.8987808,1835
1782333929.8987882,1891
1782333929.900084,1866
1782333929.9013891,1866
1782333929.902719,1871
1782333929.904035,1839
1782333929.904045,1842
1782333929.9053462,1799
1782333929.906535,1824
1782333929.907813,1871
1782333929.907818,1889
1782333929.90911,1885
1782333929.910437,1858
1782333929.911747,1871
1782333929.91177,1857
1782333929.9130611,1826
1782333929.914388,1826
1782333929.916279,1869
1782333929.916285,1887
1782333929.9202719,1879
1782333929.92028,1861
1782333929.9202812,1839
1782333929.9202828,1839
1782333929.921556,1834
1782333929.922842,1826
1782333929.9228501,1851
1782333929.9241421,1884
1782333929.925447,1835
1782333929.926765,1806
1782333929.927969,1830
1782333929.927983,1828
1782333929.929291,1833
1782333929.930593,1802
1782333929.9318888,1816
1782333929.931903,1866
1782333929.9331892,1858
1782333929.93437,1860
1782333929.935691,1867
1782333929.9369931,1883
1782333929.937004,1870
1782333929.938293,1824
1782333929.939575,1828
1782333929.940874,1879
1782333929.940885,1853
1782333929.942034,1835
1782333929.9433448,1844
1782333929.94465,1852
1782333929.945955,1836
1782333929.945966,1784
1782333929.947741,1805
1782333929.948034,1845
1782333929.95117,1836
1782333929.951175,1828
1782333929.951177,1842
1782333929.952461,1866
1782333929.95373,1862
1782333929.953734,1803
1782333929.955007,1832
1782333929.956295,1879
1782333929.957598,1862
1782333929.958904,1848
1782333929.958915,1855
1782333929.9602182,1835
1782333929.961525,1829
1782333929.962852,1803
1782333929.962858,1796
1782333929.964143,1870
1782333929.965441,1842
1782333929.966763,1824
1782333929.966787,1827
1782333929.968089,1822
1782333929.968102,1842
1782333929.969413,1826
1782333929.9707189,1846
1782333929.972054,1880
1782333929.9720588,1881
1782333929.973355,1907
1782333929.9746602,1839
1782333929.9759412,1858
1782333929.975945,1836
1782333929.9779918,1817
1782333929.977998,1814
1782333929.981772,1834
1782333929.98178,1845
1782333929.981781,1843
1782333929.9817832,1837
1782333929.983053,1856
1782333929.984322,1842
1782333929.985593,1835
1782333929.986732,1800
1782333929.986762,1827
1782333929.988062,1876
1782333929.989343,1856
1782333929.990628,1849
1782333929.991916,1842
1782333929.9919229,1851
1782333929.993205,1838
1782333929.9944792,1791
1782333929.995753,1827
1782333929.995757,1851
1782333929.996893,1842
1782333929.998174,1834
1782333929.9994721,1842
1782333930.000763,1824
1782333930.00077,1842
1782333930.002333,1800
1782333930.003618,1796
1782333930.0049121,1854
1782333930.0049229,1853
1782333930.006197,1832
1782333930.0079591,1836
1782333930.007964,1835
1782333930.011652,1832
1782333930.011659,1798
1782333930.011661,1813
1782333930.012935,1889
1782333930.012939,1858
1782333930.014216,1869
1782333930.015489,1856
1782333930.016782,1850
1782333930.016792,1858
1782333930.018068,1813
1782333930.01934,1834
1782333930.0206358,1878
1782333930.02194,1870
1782333930.021951,1855
1782333930.0232499,1834
1782333930.024572,1870
1782333930.0258958,1861
1782333930.025907,1857
1782333930.027201,1864
1782333930.028507,1879
1782333930.029828,1898
1782333930.0298429,1880
1782333930.031132,1857
1782333930.032436,1848
1782333930.033719,1845
1782333930.0337448,1807
1782333930.035028,1811
1782333930.036326,1843
1782333930.03761,1899
1782333930.038909,1862
1782333930.038919,1843
1782333930.041041,1851
1782333930.0410519,1845
1782333930.045812,1826
1782333930.0458188,1827
1782333930.045821,1824
1782333930.0458229,1853
1782333930.045824,1846
1782333930.0470998,1848
1782333930.0483751,1853
1782333930.049654,1835
1782333930.0509539,1839
1782333930.050967,1788
1782333930.052255,1807
1782333930.053377,1850
1782333930.054674,1846
1782333930.055966,1839
1782333930.05597,1832
1782333930.0572538,1837
1782333930.0585668,1854
1782333930.059853,1822
1782333930.05986,1820
1782333930.061177,1880
1782333930.062376,1886
1782333930.063667,1875
1782333930.064965,1869
1782333930.064975,1843
1782333930.0663,1839
1782333930.067591,1834
1782333930.068887,1863
1782333930.068896,1892
1782333930.071569,1857
1782333930.071577,1852
1782333930.075576,1842
1782333930.075584,1835
1782333930.075586,1838
1782333930.075588,1788
1782333930.076621,1813
1782333930.077903,1859
1782333930.077909,1871
1782333930.07915,1850
1782333930.080437,1839
1782333930.081714,1869
1782333930.081739,1845
1782333930.083065,1815
1782333930.084364,1826
1782333930.085644,1842
1782333930.0869188,1856
1782333930.0869231,1824
1782333930.088224,1829
1782333930.089528,1821
1782333930.0908318,1824
1782333930.090843,1833
1782333930.092148,1822
1782333930.092157,1839
1782333930.093447,1875
1782333930.0947258,1867
1782333930.09473,1830
1782333930.096023,1857
1782333930.097327,1854
1782333930.098652,1839
1782333930.100619,1833
1782333930.1006248,1842
1782333930.1043541,1909
1782333930.1043599,1884
1782333930.104362,1883
1782333930.104364,1900
1782333930.105633,1878
1782333930.1066968,1849
1782333930.1079948,1844
1782333930.108001,1845
1782333930.1092758,1858
1782333930.110548,1823
1782333930.111843,1828
1782333930.111854,1832
1782333930.113172,1855
1782333930.114474,1822
1782333930.115814,1828
1782333930.1158211,1835
1782333930.117132,1842
1782333930.1184661,1843
1782333930.119791,1825
1782333930.119798,1813
1782333930.121098,1839
1782333930.122404,1862
1782333930.123709,1839
1782333930.125014,1830
1782333930.125025,1856
1782333930.126327,1853
1782333930.127608,1854
1782333930.128889,1860
1782333930.1288939,1866
1782333930.130781,1860
1782333930.130786,1854
1782333930.134603,1851
1782333930.134609,1901
1782333930.134611,1883
1782333930.135881,1869
1782333930.135885,1875
1782333930.137151,1876
1782333930.13826,1880
1782333930.139534,1856
1782333930.140841,1839
1782333930.140851,1854
1782333930.142161,1852
1782333930.143456,1839
1782333930.144763,1850
1782333930.144774,1848
1782333930.1460748,1849
1782333930.147378,1844
1782333930.148673,1819
1782333930.1500192,1807
1782333930.150024,1839
1782333930.15133,1825
1782333930.15263,1829
1782333930.153939,1858
1782333930.15395,1854
1782333930.155245,1852
1782333930.156569,1816
1782333930.157867,1825
1782333930.157879,1821
1782333930.159521,1835
1782333930.163292,1833
1782333930.163297,1826
1782333930.163299,1831
1782333930.1633012,1827
1782333930.164574,1816
1782333930.165853,1807
1782333930.165857,1819
1782333930.1671271,1821
1782333930.168433,1829
1782333930.169766,1829
1782333930.169777,1832
1782333930.171098,1839
1782333930.172401,1839
1782333930.173716,1839
1782333930.175026,1830
1782333930.1750379,1837
1782333930.176339,1830
1782333930.17762,1838
1782333930.178914,1854
1782333930.178924,1854
1782333930.180233,1838
1782333930.181534,1834
1782333930.182846,1879
1782333930.1828558,1845
1782333930.184153,1845
1782333930.185436,1856
1782333930.1865191,1853
1782333930.1878111,1832
1782333930.187822,1842
1782333930.18908,1848
1782333930.190381,1860
1782333930.191691,1843
1782333930.193172,1825
1782333930.1931798,1854
1782333930.1977332,1846
1782333930.1977391,1848
1782333930.197741,1857
1782333930.1977432,1880
1782333930.1977448,1894
1782333930.199018,1860
1782333930.20029,1839
1782333930.201569,1835
1782333930.202848,1846
1782333930.2028532,1829
1782333930.204148,1825
1782333930.205211,1827
1782333930.206526,1818
1782333930.207853,1838
1782333930.207863,1842
1782333930.2091572,1837
1782333930.210444,1868
1782333930.2117279,1861
1782333930.2117498,1839
1782333930.213023,1843
1782333930.214303,1837
1782333930.215604,1844
1782333930.216728,1836
1782333930.2180321,1831
1782333930.2180438,1846
1782333930.218047,1831
1782333930.219344,1844
1782333930.220643,1850
1782333930.223409,1855
1782333930.223416,1866
1782333930.223419,1854
1782333930.2274601,1861
1782333930.2274659,1839
1782333930.227468,1824
1782333930.227469,1819
1782333930.228738,1835
1782333930.228742,1838
1782333930.2300181,1807
1782333930.2312908,1830
1782333930.2325618,1832
1782333930.233854,1817
1782333930.233865,1853
1782333930.235188,1859
1782333930.236489,1823
1782333930.2377899,1822
1782333930.237801,1837
1782333930.23907,1845
1782333930.240372,1835
1782333930.2417018,1823
1782333930.2430038,1838
1782333930.243016,1830
1782333930.244291,1822
1782333930.245562,1849
1782333930.246861,1871
1782333930.246874,1832
1782333930.24819,1839
1782333930.24946,1847
1782333930.2507598,1856
1782333930.2507782,1862
1782333930.252223,1855
1782333930.256567,1876
1782333930.2565749,1885
1782333930.256577,1885
1782333930.2565792,1870
1782333930.257679,1870
1782333930.258949,1835
1782333930.2589529,1833
1782333930.2602189,1821
1782333930.261487,1827
1782333930.262775,1813
1782333930.2627861,1831
1782333930.2641048,1833
1782333930.266706,1838
1782333930.266722,1825
1782333930.268039,1842
1782333930.2680519,1838
1782333930.269346,1819
1782333930.270647,1845
1782333930.271948,1839
1782333930.271959,1856
1782333930.273046,1852
1782333930.274343,1858
1782333930.275645,1823
1782333930.276947,1839
1782333930.276958,1839
1782333930.278251,1844
1782333930.279552,1849
1782333930.28075,1855
1782333930.28077,1855
1782333930.282478,1870
1782333930.2866518,1848
1782333930.286657,1863
1782333930.286659,1868
1782333930.2866611,1870
1782333930.28793,1870
1782333930.287934,1864
1782333930.2892091,1835
1782333930.290487,1839
1782333930.291757,1838
1782333930.291761,1846
1782333930.293053,1844
1782333930.2943318,1851
1782333930.295619,1865
1782333930.2968771,1860
1782333930.296888,1849
1782333930.298193,1856
1782333930.299511,1849
1782333930.300815,1819
1782333930.300826,1805
1782333930.302141,1816
1782333930.303446,1845
1782333930.304759,1844
1782333930.304789,1846
1782333930.3061051,1857
1782333930.3074088,1852
1782333930.308712,1857
1782333930.31004,1826
1782333930.31005,1842
1782333930.3113532,1845
1782333930.312862,1829
1782333930.3128672,1836
1782333930.317064,1857
1782333930.317072,1869
1782333930.3170738,1858
1782333930.317076,1846
1782333930.318361,1836
1782333930.3196359,1827
1782333930.320912,1825
1782333930.320917,1838
1782333930.3222349,1825
1782333930.3235269,1838
1782333930.324828,1826
1782333930.324842,1850
1782333930.326168,1834
1782333930.327494,1843
1782333930.3288152,1859
1782333930.328823,1828
1782333930.3301382,1844
1782333930.331435,1826
1782333930.332628,1848
1782333930.33394,1831
1782333930.333947,1830
1782333930.335178,1839
1782333930.33648,1848
1782333930.3377721,1851
1782333930.337783,1842
1782333930.339088,1834
1782333930.340387,1836
1782333930.341683,1838
1782333930.344301,1846
1782333930.344309,1849
1782333930.344312,1878
1782333930.349143,1847
1782333930.349154,1857
1782333930.349157,1864
1782333930.349159,1859
1782333930.349162,1843
1782333930.349164,1847
1782333930.350444,1852
1782333930.351743,1839
1782333930.35175,1865
1782333930.353036,1860
1782333930.3543181,1857
1782333930.355595,1869
1782333930.356888,1848
1782333930.356897,1847
1782333930.358204,1860
1782333930.359494,1868
1782333930.3607712,1871
1782333930.360776,1855
1782333930.362047,1868
1782333930.36335,1855
1782333930.364653,1846
1782333930.365958,1828
1782333930.365969,1822
1782333930.367276,1847
1782333930.368604,1848
1782333930.369905,1844
1782333930.369914,1826
1782333930.371205,1825
1782333930.3724911,1838
1782333930.373783,1828
1782333930.37379,1839
1782333930.375238,1845
1782333930.378507,1858
1782333930.378516,1843
1782333930.378518,1855
1782333930.379801,1850
1782333930.379807,1850
1782333930.381099,1835
1782333930.382398,1834
1782333930.383693,1828
1782333930.384979,1830
1782333930.384985,1849
1782333930.386257,1850
1782333930.387538,1854
1782333930.388818,1867
1782333930.3888252,1860
1782333930.390144,1835
1782333930.391511,1850
1782333930.39283,1865
1782333930.392838,1853
1782333930.394136,1852
1782333930.395442,1839
1782333930.3967721,1825
1782333930.3968031,1820
1782333930.398128,1815
1782333930.399424,1830
1782333930.4007318,1854
1782333930.400767,1855
1782333930.402067,1858
1782333930.403371,1859
1782333930.404969,1874
1782333930.404974,1848
1782333930.408663,1825
1782333930.40867,1836
1782333930.408671,1839
1782333930.40995,1839
1782333930.409954,1850
1782333930.411242,1831
1782333930.412521,1847
1782333930.413801,1871
1782333930.4138072,1861
1782333930.4150882,1839
1782333930.416369,1868
1782333930.4177191,1861
1782333930.41774,1839
1782333930.41904,1822
1782333930.420342,1849
1782333930.421624,1831
1782333930.4229429,1839
1782333930.4229498,1850
1782333930.4242518,1850
1782333930.42556,1859
1782333930.4268649,1839
1782333930.426877,1829
1782333930.428187,1838
1782333930.429491,1853
1782333930.43059,1857
1782333930.431894,1846
1782333930.431905,1855
1782333930.4332008,1861
1782333930.434623,1855
1782333930.437818,1830
1782333930.437823,1835
1782333930.437824,1838
1782333930.4378262,1839
1782333930.4390988,1842
1782333930.440375,1843
1782333930.4416482,1866
1782333930.442942,1851
1782333930.4429529,1839
1782333930.444252,1826
1782333930.445558,1836
1782333930.446843,1821
1782333930.446847,1820
1782333930.448129,1832
1782333930.449461,1839
1782333930.450764,1839
1782333930.450776,1865
1782333930.45208,1860
1782333930.4533849,1832
1782333930.4547021,1862
1782333930.4560032,1857
1782333930.4560142,1867
1782333930.45731,1854
1782333930.458614,1858
1782333930.459892,1846
1782333930.459896,1852
1782333930.461189,1844
1782333930.4624908,1839
1782333930.4647198,1823
1782333930.464725,1812
1782333930.4649248,1839
1782333930.468019,1849
1782333930.468024,1844
1782333930.4680262,1847
1782333930.469301,1861
1782333930.47057,1889
1782333930.4718568,1856
1782333930.471862,1839
1782333930.4731362,1838
1782333930.4744341,1834
1782333930.475737,1839
1782333930.475772,1856
1782333930.475774,1849
1782333930.477066,1839
1782333930.4783711,1832
1782333930.479651,1850
1782333930.48094,1853
1782333930.480951,1846
1782333930.482265,1849
1782333930.483572,1842
1782333930.484876,1838
1782333930.484886,1845
1782333930.486184,1838
1782333930.487485,1844
1782333930.488812,1849
1782333930.488818,1854
1782333930.4900968,1847
1782333930.4913979,1817
1782333930.4927201,1845
1782333930.494051,1851
1782333930.49406,1807
1782333930.495352,1799
1782333930.4968479,1819
1782333930.496854,1839
1782333930.5003068,1823
1782333930.500313,1849
1782333930.500315,1839
1782333930.501596,1855
1782333930.502869,1850
1782333930.5028741,1870
1782333930.504143,1892
1782333930.5052202,1884
1782333930.506523,1864
1782333930.507852,1844
1782333930.507858,1836
1782333930.50916,1848
1782333930.510463,1831
1782333930.511776,1823
1782333930.511791,1838
1782333930.513092,1838
1782333930.514401,1845
1782333930.515717,1855
1782333930.517036,1865
1782333930.5170481,1852
1782333930.518348,1855
1782333930.519656,1842
1782333930.520959,1842
1782333930.520969,1855
1782333930.5222871,1849
1782333930.5236108,1839
1782333930.524917,1834
1782333930.52493,1843
1782333930.5262442,1819
1782333930.529732,1828
1782333930.529738,1823
1782333930.52974,1836
1782333930.529742,1827
1782333930.531014,1824
1782333930.532287,1836
1782333930.533557,1835
1782333930.534851,1830
1782333930.534861,1815
1782333930.536154,1848
1782333930.5374532,1862
1782333930.538742,1847
1782333930.538791,1890
1782333930.5401118,1886
1782333930.541478,1871
1782333930.542807,1854
1782333930.542815,1856
1782333930.5441191,1859
1782333930.545425,1870
1782333930.546735,1856
1782333930.546767,1838
1782333930.54807,1855
1782333930.5493739,1860
1782333930.550536,1858
1782333930.5518389,1854
1782333930.551852,1833
1782333930.553157,1850
1782333930.5544431,1841
1782333930.556318,1839
1782333930.556324,1836
1782333930.560395,1827
1782333930.5603998,1846
1782333930.560401,1825
1782333930.5604029,1846
1782333930.561671,1834
1782333930.562942,1826
1782333930.562946,1826
1782333930.564223,1836
1782333930.565523,1816
1782333930.566828,1834
1782333930.5668402,1831
1782333930.5681548,1828
1782333930.569458,1838
1782333930.570764,1846
1782333930.570775,1847
1782333930.572072,1858
1782333930.5733771,1851
1782333930.574712,1868
1782333930.575964,1882
1782333930.575975,1860
1782333930.5773041,1839
1782333930.578609,1846
1782333930.579911,1849
1782333930.579921,1842
1782333930.581224,1852
1782333930.58253,1826
1782333930.583835,1807
1782333930.5838459,1796
1782333930.5851462,1827
1782333930.586713,1839
1782333930.587001,1838
1782333930.59077,1844
1782333930.590776,1860
1782333930.590778,1838
1782333930.59078,1851
1782333930.592057,1859
1782333930.5933282,1862
1782333930.594599,1844
1782333930.595894,1852
1782333930.595905,1856
1782333930.597209,1863
1782333930.598523,1843
1782333930.5998552,1852
1782333930.599871,1849
1782333930.6011882,1850
1782333930.6024902,1842
1782333930.603759,1849
1782333930.603771,1844
1782333930.605071,1845
1782333930.605083,1845
1782333930.606377,1832
1782333930.607659,1835
1782333930.608953,1855
1782333930.608963,1856
1782333930.610259,1850
1782333930.611542,1850
1782333930.6128352,1846
1782333930.612845,1850
1782333930.6141398,1871
1782333930.615444,1844
1782333930.617095,1834
1782333930.6171,1823
1782333930.6215801,1834
1782333930.621585,1859
1782333930.621587,1855
1782333930.621588,1865
1782333930.6228638,1871
1782333930.62287,1836
1782333930.6241438,1848
1782333930.625428,1836
1782333930.626752,1831
1782333930.6267729,1839
1782333930.6280918,1856
1782333930.6293828,1831
1782333930.630671,1837
1782333930.631951,1844
1782333930.6319559,1823
1782333930.6332679,1826
1782333930.634568,1839
1782333930.635875,1855
1782333930.6358862,1860
1782333930.637192,1861
1782333930.638497,1871
1782333930.639818,1835
1782333930.639824,1837
1782333930.641119,1833
1782333930.642424,1853
1782333930.643734,1847
1782333930.6437812,1851
1782333930.645102,1855
1782333930.64638,1852
1782333930.648515,1858
1782333930.64852,1850
1782333930.6526961,1846
1782333930.6527019,1852
1782333930.652704,1870
1782333930.652707,1863
1782333930.653976,1847
1782333930.65398,1834
1782333930.655021,1838
1782333930.656297,1839
1782333930.657571,1837
1782333930.658866,1833
1782333930.658877,1827
1782333930.6601758,1838
1782333930.661479,1850
1782333930.662784,1862
1782333930.6627939,1868
1782333930.664088,1887
1782333930.6653912,1884
1782333930.666698,1871
1782333930.6680021,1871
1782333930.668015,1835
1782333930.669319,1834
1782333930.670621,1850
1782333930.671927,1850
1782333930.671937,1845
1782333930.673236,1880
1782333930.674539,1866
1782333930.675841,1845
1782333930.675852,1844
1782333930.6771479,1836
1782333930.67887,1855
1782333930.678875,1862
1782333930.683027,1846
1782333930.6830342,1848
1782333930.683035,1848
1782333930.683037,1862
1782333930.684308,1846
1782333930.685577,1844
1782333930.686846,1847
1782333930.68685,1826
1782333930.688143,1834
1782333930.689466,1830
1782333930.69077,1848
1782333930.6907809,1859
1782333930.69208,1855
1782333930.6933818,1852
1782333930.6944482,1851
1782333930.695779,1850
1782333930.6957839,1844
1782333930.697092,1820
1782333930.698405,1839
1782333930.699724,1838
1782333930.699758,1838
1782333930.701012,1827
1782333930.7023098,1846
1782333930.703611,1838
1782333930.704915,1828
1782333930.704926,1824
1782333930.706228,1828
1782333930.707538,1845
1782333930.7110112,1839
1782333930.711015,1857
1782333930.711017,1834
1782333930.711018,1839
1782333930.712288,1851
1782333930.713568,1838
1782333930.714849,1853
1782333930.714855,1844
1782333930.716149,1854
1782333930.717452,1844
1782333930.718789,1847
1782333930.7187939,1834
1782333930.719976,1847
1782333930.721287,1850
1782333930.7226,1839
1782333930.723906,1851
1782333930.723916,1878
1782333930.7252429,1855
1782333930.726547,1839
1782333930.727861,1846
1782333930.727873,1825
1782333930.729179,1824
1782333930.730486,1818
1782333930.731803,1825
1782333930.7318132,1817
1782333930.7318149,1819
1782333930.733118,1839
1782333930.734379,1844
1782333930.735657,1857
1782333930.736951,1848
1782333930.736963,1857
1782333930.73826,1848
1782333930.7401931,1854
1782333930.740198,1854
1782333930.744417,1862
1782333930.744422,1857
1782333930.744423,1834
1782333930.744425,1855
1782333930.745592,1832
1782333930.746864,1837
1782333930.746868,1847
1782333930.748148,1826
1782333930.7494452,1845
1782333930.750762,1833
1782333930.750774,1845
1782333930.752079,1852
1782333930.753382,1834
1782333930.7546911,1831
1782333930.756007,1871
1782333930.7560189,1851
1782333930.757316,1835
1782333930.758621,1838
1782333930.759922,1855
1782333930.759933,1846
1782333930.76123,1830
1782333930.762527,1844
1782333930.7638311,1845
1782333930.763842,1839
1782333930.7651541,1855
1782333930.7664452,1860
1782333930.767754,1853
1782333930.7677739,1823
1782333930.7698612,1830
1782333930.769869,1839
1782333930.771091,1848
1782333930.77476,1828
1782333930.7747672,1851
1782333930.7747688,1859
1782333930.774771,1871
1782333930.776042,1860
1782333930.777312,1861
1782333930.778582,1863
1782333930.779853,1871
1782333930.7798579,1849
1782333930.7809348,1864
1782333930.782232,1866
1782333930.7835379,1852
1782333930.7848802,1866
1782333930.7848861,1852
1782333930.786201,1845
1782333930.787502,1847
1782333930.788813,1862
1782333930.788827,1858
1782333930.790118,1849
1782333930.7914171,1846
1782333930.792723,1833
1782333930.794029,1831
1782333930.79404,1817
1782333930.7953331,1818
1782333930.796614,1823
1782333930.797906,1826
1782333930.797916,1834
1782333930.799705,1825
1782333930.799736,1833
1782333930.8040261,1825
1782333930.804032,1817
1782333930.804034,1839
1782333930.8040361,1863
1782333930.8051782,1856
1782333930.806454,1858
1782333930.807724,1835
1782333930.807728,1838
1782333930.8089972,1845
1782333930.810287,1855
1782333930.811588,1862
1782333930.81289,1867
1782333930.8129,1854
1782333930.814077,1844
1782333930.815375,1838
1782333930.816702,1844
1782333930.816742,1844
1782333930.818036,1839
1782333930.819337,1855
1782333930.820637,1860
1782333930.821938,1878
1782333930.8219478,1863
1782333930.823255,1865
1782333930.8245602,1866
1782333930.825862,1871
1782333930.825872,1860
1782333930.827174,1819
1782333930.828476,1833
1782333930.830189,1816
1782333930.8301928,1812
1782333930.8342872,1814
1782333930.834293,1819
1782333930.834295,1831
1782333930.834296,1828
1782333930.835565,1839
1782333930.836833,1844
1782333930.836837,1835
1782333930.8380501,1829
1782333930.839333,1807
1782333930.8406348,1839
1782333930.8419409,1845
1782333930.8419552,1838
1782333930.843231,1839
1782333930.844523,1848
1782333930.8458261,1844
1782333930.845836,1832
1782333930.8471382,1845
1782333930.8484402,1864
1782333930.849772,1850
1782333930.849789,1863
1782333930.851083,1850
1782333930.8523881,1858
1782333930.853703,1842
1782333930.8550029,1820
1782333930.8550138,1818
1782333930.856309,1818
1782333930.857613,1820
1782333930.858918,1837
1782333930.858929,1833
1782333930.860728,1830
1782333930.860918,1853
1782333930.8609211,1854
1782333930.864945,1844
1782333930.864952,1846
1782333930.864954,1858
1782333930.864955,1859
1782333930.86606,1857
1782333930.86733,1866
1782333930.8686001,1859
1782333930.8698938,1843
1782333930.869905,1865
1782333930.8712041,1862
1782333930.8725052,1858
1782333930.873806,1847
1782333930.8738282,1846
1782333930.8751218,1854
1782333930.876427,1864
1782333930.877728,1868
1782333930.877766,1877
1782333930.879068,1863
1782333930.880374,1861
1782333930.881689,1839
1782333930.882994,1833
1782333930.883005,1839
1782333930.8843,1837
1782333930.885586,1843
1782333930.886881,1861
1782333930.886893,1837
1782333930.888196,1852
1782333930.889496,1835
1782333930.890795,1834
1782333930.890804,1842
1782333930.8937979,1857
1782333930.893805,1862
1782333930.8938072,1862
1782333930.8982038,1841
1782333930.89821,1846
1782333930.8982131,1844
1782333930.8982148,1838
1782333930.8994849,1839
1782333930.9007528,1824
1782333930.900757,1833
1782333930.9020228,1826
1782333930.903293,1837
1782333930.904583,1843
1782333930.905886,1844
1782333930.905899,1843
1782333930.907211,1857
1782333930.908514,1860
1782333930.909795,1885
1782333930.9097989,1874
1782333930.911107,1880
1782333930.9124029,1858
1782333930.913727,1839
1782333930.913756,1851
1782333930.915054,1847
1782333930.916358,1828
1782333930.9176672,1842
1782333930.918987,1818
1782333930.918998,1832
1782333930.920295,1823
1782333930.922931,1813
1782333930.922938,1807
1782333930.922979,1816
1782333930.927479,1843
1782333930.9274838,1854
1782333930.927486,1853
1782333930.927488,1839
1782333930.928755,1836
1782333930.928759,1844
1782333930.9300249,1866
1782333930.931304,1861
1782333930.932575,1853
1782333930.933868,1855
1782333930.933878,1866
1782333930.935157,1864
1782333930.936448,1859
1782333930.937751,1850
1782333930.937786,1842
1782333930.939084,1854
1782333930.9403882,1830
1782333930.9417322,1820
1782333930.941749,1815
1782333930.944337,1819
1782333930.9443479,1836
1782333930.945645,1832
1782333930.946947,1835
1782333930.946968,1839
1782333930.948262,1833
1782333930.949545,1827
1782333930.950838,1874
1782333930.950848,1867
1782333930.952342,1848
1782333930.956255,1849
1782333930.9562602,1843
1782333930.9562619,1848
1782333930.956264,1812
1782333930.957535,1824
1782333930.958813,1844
1782333930.958818,1832
1782333930.960095,1839
1782333930.9613912,1859
1782333930.9626722,1845
1782333930.963966,1848
1782333930.9639769,1874
1782333930.965287,1871
1782333930.966607,1871
1782333930.9677172,1869
1782333930.969014,1871
1782333930.9690251,1864
1782333930.970335,1834
1782333930.971634,1834
1782333930.972943,1847
1782333930.972954,1852
1782333930.974262,1844
1782333930.975565,1850
1782333930.976869,1846
1782333930.97688,1826
1782333930.978176,1844
1782333930.979479,1842
1782333930.980763,1836
1782333930.980769,1861
1782333930.98654,1880
1782333930.986547,1873
1782333930.986549,1856
1782333930.986551,1839
1782333930.9865532,1847
1782333930.9878259,1860
1782333930.987831,1853
1782333930.989107,1838
1782333930.989113,1821
1782333930.9903848,1827
1782333930.9916549,1820
1782333930.9929469,1843
1782333930.9929569,1844
1782333930.9942532,1830
1782333930.9955578,1834
1782333930.996862,1816
1782333930.996873,1828
1782333930.9981709,1846
1782333930.999488,1839
1782333931.000798,1846
1782333931.000809,1818
1782333931.0021079,1829
1782333931.0034099,1839
1782333931.004714,1839
1782333931.00604,1843
1782333931.006051,1847
1782333931.0073578,1842
1782333931.00865,1825
1782333931.00995,1831
1782333931.0099578,1819
1782333931.011256,1833
1782333931.013111,1832
1782333931.0131671,1837
1782333931.017914,1839
1782333931.017924,1846
1782333931.017926,1857
1782333931.017928,1850
1782333931.01793,1830
1782333931.019215,1834
1782333931.020512,1807
1782333931.021802,1819
1782333931.0218098,1832
1782333931.023105,1827
1782333931.024392,1813
1782333931.0256839,1834
1782333931.026973,1841
1782333931.0269802,1823
1782333931.0282629,1811
1782333931.0295522,1838
1782333931.0307379,1853
1782333931.0307672,1855
1782333931.03205,1844
1782333931.0333068,1845
1782333931.034614,1846
1782333931.035908,1852
1782333931.035915,1820
1782333931.037199,1832
1782333931.038477,1844
1782333931.0397608,1829
1782333931.039768,1823
1782333931.0410502,1843
1782333931.042324,1861
1782333931.0438662,1867
1782333931.043872,1823
1782333931.0451798,1844
1782333931.064905,1836
1782333931.0649128,1838
1782333931.064915,1876
1782333931.06495,1861
1782333931.064954,1876
1782333931.064955,1860
1782333931.064957,1857
1782333931.0649579,1844
1782333931.06496,1848
1782333931.064961,1839
1782333931.064963,1853
1782333931.064964,1858
1782333931.064965,1855
1782333931.064967,1843
1782333931.0649679,1828
1782333931.064969,1832
1782333931.064971,1834
1782333931.064972,1839
1782333931.064973,1845
1782333931.064975,1860
1782333931.066247,1863
1782333931.067517,1867
1782333931.070956,1859
1782333931.070961,1866
1782333931.070962,1864
1782333931.0709639,1855
1782333931.0722291,1858
1782333931.073544,1862
1782333931.074813,1883
1782333931.074816,1878
1782333931.0763679,1885
1782333931.092438,1862
1782333931.092447,1877
1782333931.092448,1892
1782333931.092449,1863
1782333931.0924501,1860
1782333931.092452,1855
1782333931.092452,1847
1782333931.092453,1839
1782333931.092454,1838
1782333931.092486,1843
1782333931.092489,1845
1782333931.09249,1844
1782333931.092491,1854
1782333931.092492,1850
1782333931.092492,1826
1782333931.092493,1839
1782333931.093768,1828
1782333931.093771,1836
1782333931.09504,1849
1782333931.097999,1839
1782333931.098002,1846
1782333931.098003,1854
1782333931.0992692,1855
1782333931.100555,1863
1782333931.101862,1855
1782333931.1018739,1854
1782333931.103847,1854
1782333931.10385,1839
1782333931.116003,1841
1782333931.116009,1822
1782333931.11601,1807
1782333931.11601,1805
1782333931.116011,1815
1782333931.116012,1805
1782333931.116013,1811
1782333931.116014,1828
1782333931.116014,1833
1782333931.1160152,1824
1782333931.1160161,1812
1782333931.1160161,1839
1782333931.117286,1851
1782333931.1172879,1850
1782333931.120378,1852
1782333931.12038,1834
1782333931.1203809,1853
1782333931.121664,1839
1782333931.1229382,1851
1782333931.1229398,1852
1782333931.124207,1851
1782333931.125472,1851
1782333931.126752,1839
1782333931.1267588,1851
1782333931.1280398,1847
1782333931.129329,1856
1782333931.130618,1863
1782333931.131903,1854
1782333931.1319091,1850
1782333931.1331751,1839
1782333931.134621,1844
1782333931.145836,1874
1782333931.1458392,1852
1782333931.1458402,1854
1782333931.1458402,1867
1782333931.145841,1855
1782333931.1458418,1850
1782333931.1458418,1859
1782333931.145843,1868
1782333931.145844,1867
1782333931.145845,1843
1782333931.1458461,1833
1782333931.145847,1850
1782333931.1471202,1865
1782333931.150081,1847
1782333931.150084,1839
1782333931.1500852,1844
1782333931.1513522,1863
1782333931.1526341,1852
1782333931.153923,1839
1782333931.15393,1828
1782333931.155212,1828
1782333931.1564941,1830
1782333931.157778,1834
1782333931.157784,1834
1782333931.15907,1844
1782333931.1603498,1856
1782333931.161633,1862
1782333931.1629188,1855
1782333931.1629262,1859
1782333931.164294,1867
1782333931.1748621,1854
1782333931.174865,1849
1782333931.174866,1846
1782333931.174867,1842
1782333931.1748679,1855
1782333931.1748679,1858
1782333931.174869,1835
1782333931.17487,1865
1782333931.17487,1829
1782333931.174871,1836
1782333931.1748722,1847
1782333931.176141,1853
1782333931.1786618,1851
1782333931.178665,1856
1782333931.179946,1854
1782333931.1799529,1854
1782333931.181222,1857
1782333931.182507,1839
1782333931.183792,1842
1782333931.183798,1846
1782333931.1850848,1855
1782333931.186374,1855
1782333931.187663,1857
1782333931.188951,1854
1782333931.188957,1843
1782333931.1902359,1839
1782333931.191518,1854
1782333931.192808,1849
1782333931.192815,1834
1782333931.1940851,1850
1782333931.195912,1855
1782333931.195928,1848
1782333931.2065432,1835
1782333931.2065458,1844
1782333931.206547,1843
1782333931.206547,1853
1782333931.206548,1842
1782333931.206549,1842
1782333931.206549,1838
1782333931.2065501,1842
1782333931.206551,1837
1782333931.206551,1819
1782333931.207817,1820
1782333931.207819,1850
1782333931.210442,1846
1782333931.2104452,1833
1782333931.2117078,1838
1782333931.21298,1807
1782333931.2129831,1796
1782333931.214262,1798
1782333931.2155468,1814
1782333931.216833,1822
1782333931.21684,1838
1782333931.218121,1815
1782333931.219404,1812
1782333931.2206879,1807
1782333931.221971,1844
1782333931.2219782,1827
1782333931.223258,1828
1782333931.224541,1836
1782333931.225821,1839
1782333931.225827,1843
1782333931.23715,1829
1782333931.237171,1853
1782333931.237173,1830
1782333931.237173,1836
1782333931.237174,1837
1782333931.237175,1849
1782333931.237175,1852
1782333931.2371762,1836
1782333931.2371771,1844
1782333931.2371771,1858
1782333931.237178,1853
1782333931.238444,1839
1782333931.241119,1865
1782333931.241123,1862
1782333931.2411242,1858
1782333931.242391,1858
1782333931.2436538,1850
1782333931.244938,1858
1782333931.2449448,1850
1782333931.246231,1850
1782333931.247514,1826
1782333931.247521,1829
1782333931.248801,1823
1782333931.248807,1814
1782333931.250088,1825
1782333931.251374,1818
1782333931.252664,1827
1782333931.253951,1835
1782333931.253957,1855
1782333931.255233,1864
1782333931.266366,1855
1782333931.266369,1860
1782333931.266388,1857
1782333931.26639,1877
1782333931.266391,1871
1782333931.266392,1884
1782333931.266392,1852
1782333931.2663932,1861
1782333931.2663941,1863
1782333931.2663941,1831
1782333931.2663949,1838
1782333931.267662,1839
1782333931.270122,1839
1782333931.2701252,1832
1782333931.2701252,1812
1782333931.27141,1818
1782333931.2726872,1819
1782333931.2739708,1850
1782333931.273978,1852
1782333931.27526,1857
1782333931.2765481,1839
1782333931.277837,1862
1782333931.277844,1847
1782333931.2791271,1844
1782333931.2804139,1871
1782333931.282977,1854
1782333931.2829828,1834
1782333931.282986,1852
1782333931.28427,1852
1782333931.285559,1835
1782333931.2868302,1836
1782333931.2868328,1839
1782333931.2970161,1839
1782333931.297018,1856
1782333931.2970188,1842
1782333931.29702,1839
1782333931.297021,1839
1782333931.297021,1860
1782333931.2970219,1875
1782333931.297023,1871
1782333931.297023,1881
1782333931.297024,1870
1782333931.298294,1839
1782333931.300801,1836
1782333931.300805,1842
1782333931.3008058,1845
1782333931.302072,1839
1782333931.303356,1850
1782333931.304642,1845
1782333931.3059268,1863
1782333931.305933,1856
1782333931.3072152,1844
1782333931.3084989,1854
1782333931.3097851,1852
1782333931.309792,1833
1782333931.311075,1812
1782333931.3123589,1830
1782333931.313646,1859
1782333931.314933,1855
1782333931.31494,1860
1782333931.3162072,1854
1782333931.326198,1854
1782333931.3262012,1861
1782333931.3262022,1855
1782333931.3262029,1844
1782333931.3262038,1845
1782333931.3262038,1856
1782333931.326205,1843
1782333931.326206,1858
1782333931.326207,1819
1782333931.326207,1834
1782333931.3274739,1811
1782333931.329942,1822
1782333931.3299441,1836
1782333931.329945,1824
1782333931.331211,1842
1782333931.332496,1834
1782333931.3337831,1825
1782333931.33379,1815
1782333931.335076,1812
1782333931.336364,1826
1782333931.337654,1832
1782333931.338943,1838
1782333931.33895,1839
1782333931.340232,1830
1782333931.341515,1839
1782333931.342804,1847
1782333931.3428102,1884
1782333931.3440928,1856
1782333931.345382,1853
1782333931.346668,1843
1782333931.348429,1886
1782333931.348431,1871
1782333931.3579452,1870
1782333931.3579478,1871
1782333931.3579478,1859
1782333931.357949,1852
1782333931.35795,1857
1782333931.35795,1868
1782333931.357951,1871
1782333931.357952,1862
1782333931.357952,1855
1782333931.357953,1857
1782333931.359218,1862
1782333931.36165,1846
1782333931.361652,1829
1782333931.362937,1860
1782333931.362944,1852
1782333931.3642082,1855
1782333931.3654919,1845
1782333931.3667781,1848
1782333931.3667881,1839
1782333931.368076,1847
1782333931.369365,1838
1782333931.37065,1862
1782333931.3719401,1842
1782333931.371946,1839
1782333931.373226,1852
1782333931.374513,1834
1782333931.375802,1836
1782333931.375808,1823
1782333931.375811,1812
1782333931.3771,1816
1782333931.3783722,1824
1782333931.3887339,1832
1782333931.3887382,1836
1782333931.388739,1837
1782333931.38874,1837
1782333931.388741,1837
1782333931.388741,1836
1782333931.388742,1852
1782333931.388743,1857
1782333931.388743,1850
1782333931.3887439,1855
1782333931.388745,1821
1782333931.3900192,1826
1782333931.392664,1826
1782333931.392668,1822
1782333931.393933,1830
1782333931.3939352,1812
1782333931.395214,1844
1782333931.396516,1854
1782333931.397812,1876
1782333931.3978188,1849
1782333931.399086,1818
1782333931.400351,1828
1782333931.401637,1839
1782333931.402923,1849
1782333931.40293,1869
1782333931.404215,1845
1782333931.405503,1836
1782333931.406794,1854
1782333931.4067998,1867
1782333931.408355,1860
1782333931.4190972,1854
1782333931.4190998,1848
1782333931.419101,1846
1782333931.419101,1836
1782333931.419102,1843
1782333931.419103,1843
1782333931.419104,1823
1782333931.419104,1830
1782333931.419105,1835
1782333931.419106,1852
1782333931.419106,1830
1782333931.420368,1843
1782333931.422826,1870
1782333931.4228292,1860
1782333931.42283,1855
1782333931.424095,1836
1782333931.425376,1842
1782333931.426668,1849
1782333931.427957,1835
1782333931.4279628,1831
1782333931.429248,1823
1782333931.430536,1826
1782333931.431821,1822
1782333931.4318268,1828
1782333931.433106,1830
1782333931.434391,1860
1782333931.435678,1835
1782333931.436974,1831
1782333931.43698,1853
1782333931.438265,1855
1782333931.439532,1844
1782333931.4498172,1861
1782333931.4498188,1867
1782333931.4498198,1883
1782333931.449821,1871
1782333931.449822,1842
1782333931.449822,1839
1782333931.449823,1831
1782333931.449824,1844
1782333931.449824,1852
1782333931.449825,1850
1782333931.449826,1842
1782333931.453603,1866
1782333931.453606,1850
1782333931.4536068,1852
1782333931.454889,1855
1782333931.454895,1850
1782333931.456161,1846
1782333931.4574442,1854
1782333931.4587379,1860
1782333931.458753,1839
1782333931.460066,1853
1782333931.461355,1852
1782333931.46264,1834
1782333931.463927,1839
1782333931.463933,1835
1782333931.4652128,1833
1782333931.466497,1836
1782333931.467783,1826
1782333931.4677892,1812
1782333931.4690728,1814
1782333931.470562,1822
1782333931.481351,1824
1782333931.481354,1817
1782333931.481355,1818
1782333931.4813561,1843
1782333931.4813561,1839
1782333931.481357,1839
1782333931.481358,1825
1782333931.481358,1838
1782333931.481359,1851
1782333931.48136,1860
1782333931.481361,1838
1782333931.482624,1838
1782333931.485093,1831
1782333931.485096,1836
1782333931.485097,1810
1782333931.486363,1832
1782333931.487645,1831
1782333931.4889321,1823
1782333931.488939,1834
1782333931.4902039,1822
1782333931.491484,1842
1782333931.492773,1837
1782333931.492779,1853
1782333931.4940648,1858
1782333931.495353,1865
1782333931.4966369,1847
1782333931.497926,1839
1782333931.497932,1854
1782333931.4992158,1871
1782333931.500483,1863
1782333931.510779,1845
1782333931.510782,1861
1782333931.510783,1836
1782333931.510784,1846
1782333931.510785,1832
1782333931.510785,1833
1782333931.510786,1849
1782333931.510787,1849
1782333931.510787,1832
1782333931.5107882,1847
1782333931.5107892,1843
1782333931.5107892,1861
1782333931.512058,1855
1782333931.514669,1859
1782333931.514672,1861
1782333931.515938,1857
1782333931.5159402,1858
1782333931.517217,1850
1782333931.5185049,1842
1782333931.519794,1831
1782333931.5198011,1859
1782333931.521085,1849
1782333931.522371,1856
1782333931.523654,1866
1782333931.524937,1853
1782333931.524943,1839
1782333931.5262232,1839
1782333931.52751,1854
1782333931.528799,1844
1782333931.528805,1855
1782333931.5300689,1851
1782333931.540124,1839
1782333931.5401258,1851
1782333931.540127,1843
1782333931.540128,1844
1782333931.540128,1832
1782333931.540129,1828
1782333931.5401301,1822
1782333931.5401301,1834
1782333931.540131,1836
1782333931.540132,1855
1782333931.541395,1851
1782333931.54371,1862
1782333931.543713,1867
1782333931.543714,1866
1782333931.5449758,1858
1782333931.546258,1867
1782333931.547542,1865
1782333931.548825,1839
1782333931.548831,1843
1782333931.5501142,1849
1782333931.551403,1839
1782333931.552671,1839
1782333931.5539541,1830
1782333931.5539598,1824
1782333931.555242,1837
1782333931.5565162,1827
1782333931.5577989,1832
1782333931.557805,1868
1782333931.559089,1867
1782333931.5603578,1845
1782333931.570515,1845
1782333931.570518,1844
1782333931.570519,1890
1782333931.5705202,1862
1782333931.570521,1883
1782333931.570521,1871
1782333931.570522,1861
1782333931.5705228,1875
1782333931.5705228,1871
1782333931.570524,1868
1782333931.5717928,1868
1782333931.571795,1864
1782333931.5742579,1854
1782333931.57426,1857
1782333931.575527,1850
1782333931.576808,1860
1782333931.5768142,1854
1782333931.5780978,1851
1782333931.579387,1832
1782333931.5806699,1823
1782333931.581953,1816
1782333931.581959,1836
1782333931.5832388,1844
1782333931.584523,1844
1782333931.585807,1855
1782333931.585813,1839
1782333931.5870972,1832
1782333931.588383,1855
1782333931.5896719,1850
1782333931.590967,1859
1782333931.590973,1842
1782333931.5923982,1839
1782333931.603179,1846
1782333931.603182,1829
1782333931.603183,1844
1782333931.6031842,1845
1782333931.603185,1850
1782333931.603185,1835
1782333931.603186,1817
1782333931.6031868,1834
1782333931.603188,1832
1782333931.603189,1819
1782333931.603189,1815
1782333931.604455,1842
1782333931.6069791,1851
1782333931.606982,1833
1782333931.606982,1824
1782333931.608243,1843
1782333931.609526,1828
1782333931.6108081,1819
1782333931.6108139,1834
1782333931.612093,1857
1782333931.613376,1851
1782333931.614658,1855
1782333931.615941,1862
1782333931.615946,1846
1782333931.617226,1851
1782333931.618508,1865
1782333931.619791,1845
1782333931.619796,1848
1782333931.621075,1856
1782333931.6223419,1835
1782333931.632482,1830
1782333931.6324852,1839
1782333931.6324859,1845
1782333931.6324868,1839
1782333931.632488,1839
1782333931.632489,1871
1782333931.632489,1880
1782333931.63249,1873
1782333931.632491,1855
1782333931.632491,1850
1782333931.632492,1847
1782333931.633756,1852
1782333931.633758,1857
1782333931.636246,1856
1782333931.636248,1855
1782333931.637516,1832
1782333931.6387908,1826
1782333931.638797,1837
1782333931.640068,1818
1782333931.641332,1824
1782333931.642594,1821
1782333931.643858,1839
1782333931.6438599,1832
1782333931.645121,1858
1782333931.6464,1850
1782333931.647684,1848
1782333931.648969,1834
1782333931.6489751,1824
1782333931.650256,1834
1782333931.6517692,1834
1782333931.651772,1855
1782333931.6616561,1830
1782333931.66166,1857
1782333931.66166,1852
1782333931.661661,1846
1782333931.6616619,1844
1782333931.6616619,1850
1782333931.661663,1838
1782333931.661664,1847
1782333931.661664,1839
1782333931.662932,1847
1782333931.662935,1847
1782333931.665388,1856
1782333931.6653912,1846
1782333931.666655,1828
1782333931.667935,1845
1782333931.667941,1843
1782333931.6692228,1852
1782333931.670506,1871
1782333931.671781,1876
1782333931.6717849,1863
1782333931.673053,1844
1782333931.6743228,1830
1782333931.675597,1843
1782333931.676866,1844
1782333931.6768699,1838
1782333931.678137,1837
1782333931.679399,1835
1782333931.6806662,1823
1782333931.682463,1828
1782333931.682467,1839
1782333931.692947,1824
1782333931.69295,1833
1782333931.692951,1856
1782333931.6929522,1846
1782333931.6929522,1834
1782333931.692953,1821
1782333931.692954,1828
1782333931.6929548,1833
1782333931.6929548,1848
1782333931.692956,1849
1782333931.692957,1867
1782333931.69423,1863
1782333931.696563,1852
1782333931.696565,1833
1782333931.69783,1853
1782333931.6978319,1855
1782333931.699111,1846
1782333931.7003992,1831
1782333931.701697,1830
1782333931.702986,1838
1782333931.702992,1848
1782333931.704279,1860
1782333931.705567,1858
1782333931.706851,1854
1782333931.706857,1843
1782333931.708138,1849
1782333931.709426,1851
1782333931.710708,1850
1782333931.7119849,1832
1782333931.711988,1821
1782333931.7224169,1807
1782333931.72242,1818
1782333931.722421,1826
1782333931.722421,1832
1782333931.7224221,1860
1782333931.722423,1868
1782333931.722423,1864
1782333931.722424,1850
1782333931.722425,1853
1782333931.7224262,1834
1782333931.723701,1843
1782333931.726037,1862
1782333931.7260401,1885
1782333931.726041,1887
1782333931.727309,1886
1782333931.728596,1862
1782333931.729888,1871
1782333931.7298949,1852
1782333931.731178,1819
1782333931.7324631,1828
1782333931.73375,1856
1782333931.7337558,1848
1782333931.735043,1834
1782333931.7363331,1834
1782333931.737618,1862
1782333931.7389069,1858
1782333931.738914,1855
1782333931.740201,1829
1782333931.741489,1839
1782333931.742775,1842
1782333931.7427819,1824
1782333931.744311,1816
1782333931.754932,1833
1782333931.754935,1839
1782333931.754936,1818
1782333931.7549372,1821
1782333931.7549381,1852
1782333931.7549381,1853
1782333931.7549388,1839
1782333931.7549398,1838
1782333931.754941,1858
1782333931.754941,1866
1782333931.754942,1866
1782333931.754943,1860
1782333931.756211,1864
1782333931.75867,1835
1782333931.7586718,1823
1782333931.759938,1815
1782333931.7599401,1837
1782333931.761225,1839
1782333931.762518,1850
1782333931.763808,1848
1782333931.763815,1847
1782333931.765096,1857
1782333931.766381,1859
1782333931.767665,1850
1782333931.768953,1828
1782333931.768959,1830
1782333931.770245,1850
1782333931.7715352,1821
1782333931.772822,1838
1782333931.7728279,1846
1782333931.7740989,1831
1782333931.7840571,1806
1782333931.7840588,1835
1782333931.78406,1835
1782333931.784061,1829
1782333931.784062,1828
1782333931.784062,1857
1782333931.7840629,1855
1782333931.784064,1839
1782333931.784064,1858
1782333931.784065,1860
1782333931.7853298,1854
1782333931.7875352,1888
1782333931.7875369,1863
1782333931.78882,1844
1782333931.790111,1838
1782333931.790118,1845
1782333931.791402,1844
1782333931.79267,1837
1782333931.793952,1857
1782333931.793959,1826
1782333931.7952378,1854
1782333931.796528,1836
1782333931.797812,1847
1782333931.7978182,1863
1782333931.799097,1850
1782333931.800385,1871
1782333931.8016682,1856
1782333931.802947,1839
1782333931.802953,1839
1782333931.804372,1836
1782333931.8150232,1852
1782333931.8150258,1860
1782333931.815027,1845
1782333931.815027,1856
1782333931.815028,1861
1782333931.815029,1869
1782333931.815029,1858
1782333931.81503,1871
1782333931.815031,1866
1782333931.815032,1853
1782333931.815032,1834
1782333931.816298,1816
1782333931.8187141,1816
1782333931.8187158,1833
1782333931.818717,1844
1782333931.819979,1836
1782333931.8212569,1825
1782333931.82254,1844
1782333931.8238232,1837
1782333931.8238301,1830
1782333931.8251112,1848
1782333931.8264031,1843
1782333931.827685,1861
1782333931.828968,1839
1782333931.828973,1849
1782333931.830254,1868
1782333931.831536,1834
1782333931.832818,1832
1782333931.832824,1849
1782333931.834086,1827
1782333931.8442502,1831
1782333931.844254,1827
1782333931.844255,1823
1782333931.844255,1865
1782333931.844256,1845
1782333931.844257,1839
1782333931.844258,1842
1782333931.844258,1850
1782333931.844259,1843
1782333931.84426,1843
1782333931.845525,1845
1782333931.848059,1849
1782333931.8480608,1844
1782333931.848062,1831
1782333931.849325,1837
1782333931.850602,1823
1782333931.851868,1806
1782333931.85187,1815
1782333931.8531468,1838
1782333931.8544362,1850
1782333931.85572,1854
1782333931.857013,1856
1782333931.857019,1859
1782333931.858298,1857
1782333931.859586,1863
1782333931.860868,1855
1782333931.860875,1858
1782333931.862158,1866
1782333931.863446,1874
1782333931.874633,1863
1782333931.874636,1852
1782333931.874656,1860
1782333931.874657,1858
1782333931.874658,1853
1782333931.874659,1865
1782333931.87466,1843
1782333931.87466,1836
1782333931.8746612,1850
1782333931.874662,1849
1782333931.874662,1858
1782333931.8746629,1858
1782333931.875926,1868
1782333931.8759282,1854
1782333931.878356,1839
1782333931.8783581,1834
1782333931.87964,1850
1782333931.8809059,1845
1782333931.880908,1822
1782333931.882184,1811
1782333931.883471,1846
1782333931.884753,1822
1782333931.8847601,1839
1782333931.886069,1842
1782333931.887373,1818
1782333931.8886662,1850
1782333931.8899531,1848
1782333931.88996,1846
1782333931.89124,1849
1782333931.892528,1848
1782333931.893815,1846
1782333931.893821,1845
1782333931.895107,1861
1782333931.8968909,1853
1782333931.896895,1860
1782333931.90749,1858
1782333931.907493,1844
1782333931.9074938,1860
1782333931.907495,1846
1782333931.907495,1851
1782333931.907496,1839
1782333931.907497,1844
1782333931.907498,1853
1782333931.907498,1853
1782333931.907499,1833
1782333931.9087648,1827
1782333931.908767,1854
1782333931.911337,1838
1782333931.911339,1839
1782333931.912606,1850
1782333931.913889,1829
1782333931.913895,1831
1782333931.915176,1834
1782333931.916461,1844
1782333931.917747,1854
1782333931.917753,1859
1782333931.919036,1878
1782333931.920325,1854
1782333931.9216142,1839
1782333931.922901,1868
1782333931.9229078,1847
1782333931.924193,1839
1782333931.9254808,1830
1782333931.926751,1834
1782333931.926753,1839
1782333931.936876,1860
1782333931.936878,1851
1782333931.9368792,1837
1782333931.93688,1833
1782333931.93688,1825
1782333931.9368808,1833
1782333931.936882,1822
1782333931.936882,1839
1782333931.936883,1837
1782333931.936884,1855
1782333931.938153,1845
1782333931.940554,1846
1782333931.940556,1844
1782333931.9418309,1854
1782333931.941833,1832
1782333931.94311,1858
1782333931.944393,1869
1782333931.945687,1858
1782333931.946976,1860
1782333931.946982,1877
1782333931.948261,1865
1782333931.949546,1866
1782333931.950835,1868
1782333931.9508412,1885
1782333931.9521248,1871
1782333931.953413,1855
1782333931.9546812,1871
1782333931.955999,1875
1782333931.956001,1880
1782333931.966478,1869
1782333931.9664798,1861
1782333931.966481,1829
1782333931.966482,1860
1782333931.966482,1839
1782333931.9664829,1839
1782333931.966484,1833
1782333931.966484,1832
1782333931.966485,1831
1782333931.966486,1813
1782333931.967749,1846
1782333931.967751,1833
1782333931.970303,1843
1782333931.970305,1835
1782333931.971583,1848
1782333931.972854,1846
1782333931.972855,1842
1782333931.974137,1821
1782333931.975421,1838
1782333931.976705,1839
1782333931.9779918,1852
1782333931.977998,1839
1782333931.9792671,1811
1782333931.9805539,1810
1782333931.981838,1826
1782333931.981844,1815
1782333931.983124,1826
1782333931.98441,1815
1782333931.985694,1814
1782333931.99697,1820
1782333931.996973,1824
1782333931.997,1844
1782333931.997003,1849
1782333931.997004,1847
1782333931.997005,1850
1782333931.997005,1856
1782333931.9970062,1849
1782333931.9970071,1839
1782333931.9970071,1843
1782333931.9970078,1858
1782333931.9970088,1850
1782333931.99701,1838
1782333931.998278,1853
1782333932.000809,1846
1782333932.000811,1859
1782333932.000812,1854
1782333932.002078,1877
1782333932.0033631,1861
1782333932.004653,1878
1782333932.0059378,1839
1782333932.005944,1850
1782333932.0072262,1858
1782333932.008516,1855
1782333932.009805,1854
1782333932.009811,1833
1782333932.0110972,1839
1782333932.012384,1846
1782333932.013673,1821
1782333932.0149708,1843
1782333932.014978,1853
1782333932.0162408,1854
1782333932.026688,1839
1782333932.0266922,1829
1782333932.026693,1836
1782333932.0266938,1843
1782333932.0266938,1835
1782333932.026695,1838
1782333932.026696,1854
1782333932.026696,1847
1782333932.026697,1848
1782333932.0266979,1842
1782333932.0279648,1852
1782333932.027967,1837
1782333932.030453,1850
1782333932.030456,1849
1782333932.03172,1832
1782333932.031722,1842
1782333932.033016,1865
1782333932.034291,1836
1782333932.035558,1854
1782333932.036821,1853
1782333932.036824,1849
1782333932.038095,1822
1782333932.039361,1833
1782333932.0406232,1839
1782333932.041885,1829
1782333932.041887,1821
1782333932.043146,1810
1782333932.0444102,1802
1782333932.045673,1821
1782333932.046933,1818
1782333932.046935,1825
1782333932.0487309,1822
1782333932.0487401,1851
1782333932.0602088,1864
1782333932.060215,1849
1782333932.0602171,1843
1782333932.0602171,1852
1782333932.060218,1839
1782333932.0602188,1839
1782333932.06022,1855
1782333932.06022,1853
1782333932.060221,1848
1782333932.060222,1820
1782333932.0602229,1848
1782333932.061486,1846
1782333932.063853,1847
1782333932.0638552,1846
1782333932.0638561,1868
1782333932.065129,1870
1782333932.0664132,1856
1782333932.067699,1855
1782333932.0689862,1855
1782333932.068992,1859
1782333932.070278,1855
1782333932.071551,1845
1782333932.0728152,1854
1782333932.0728178,1884
1782333932.074095,1871
1782333932.075378,1839
1782333932.076663,1843
1782333932.0874581,1836
1782333932.087463,1825
1782333932.0874639,1812
1782333932.087465,1822
1782333932.087466,1821
1782333932.087467,1846
1782333932.0874681,1839
1782333932.087469,1834
1782333932.087469,1863
1782333932.08747,1858
1782333932.087471,1847
1782333932.0887418,1825
1782333932.088748,1866
1782333932.0911841,1868
1782333932.0911858,1874
1782333932.092457,1866
1782333932.093746,1860
1782333932.093761,1871
1782333932.095037,1861
1782333932.09632,1856
1782333932.097606,1866
1782333932.098891,1860
1782333932.098897,1866
1782333932.100178,1875
1782333932.101467,1871
1782333932.102753,1863
1782333932.1027699,1860
1782333932.104054,1851
1782333932.105342,1849
1782333932.106642,1834
1782333932.107924,1822
1782333932.1079261,1842
1782333932.1181,1828
1782333932.1181052,1829
1782333932.1181061,1824
1782333932.1181061,1866
1782333932.1181068,1879
1782333932.1181078,1884
1782333932.118109,1842
1782333932.118109,1845
1782333932.11811,1853
1782333932.118111,1864
1782333932.119377,1844
1782333932.1217659,1835
1782333932.121769,1834
1782333932.12177,1836
1782333932.12177,1827
1782333932.123032,1823
1782333932.1243122,1846
1782333932.125599,1845
1782333932.126888,1836
1782333932.1268961,1812
1782333932.1281788,1813
1782333932.129466,1812
1782333932.130753,1825
1782333932.130759,1826
1782333932.1320388,1839
1782333932.133322,1828
1782333932.1346052,1827
1782333932.13589,1823
1782333932.1358972,1829
1782333932.1371782,1820
1782333932.138447,1839
1782333932.139742,1858
1782333932.139751,1857
1782333932.141427,1861
1782333932.150731,1851
1782333932.1507351,1852
1782333932.1507359,1839
1782333932.1507368,1834
1782333932.150738,1848
1782333932.150738,1869
1782333932.150739,1867
1782333932.15074,1845
1782333932.150741,1828
1782333932.150742,1836
1782333932.151954,1850
1782333932.1543941,1871
1782333932.1543958,1874
1782333932.155692,1874
1782333932.157011,1852
1782333932.157017,1855
1782333932.158299,1839
1782333932.1595972,1845
1782333932.1608698,1855
1782333932.160871,1851
1782333932.162148,1833
1782333932.163432,1815
1782333932.164701,1808
1782333932.1659808,1812
1782333932.165987,1822
1782333932.167254,1822
1782333932.168523,1821
1782333932.170101,1835
1782333932.170105,1836
1782333932.179658,1827
1782333932.17966,1820
1782333932.179661,1829
1782333932.179662,1836
1782333932.1796632,1845
1782333932.179664,1849
1782333932.1796649,1818
1782333932.1796658,1833
1782333932.1796658,1822
1782333932.180928,1829
1782333932.1809301,1824
1782333932.183315,1837
1782333932.183317,1842
1782333932.184597,1849
1782333932.1858659,1855
1782333932.185868,1833
1782333932.187145,1846
1782333932.188427,1863
1782333932.1897159,1851
1782333932.1897311,1844
1782333932.191045,1834
1782333932.1923351,1858
1782333932.193623,1868
1782333932.194908,1849
1782333932.194915,1869
1782333932.196179,1874
1782333932.197449,1867
1782333932.198727,1876
1782333932.1987379,1871
1782333932.200337,1866
1782333932.2111192,1856
1782333932.211122,1874
1782333932.211123,1871
1782333932.211123,1855
1782333932.211124,1870
1782333932.211125,1860
1782333932.211125,1865
1782333932.211126,1853
1782333932.211126,1820
1782333932.211127,1825
1782333932.211128,1833
1782333932.212404,1837
1782333932.2148201,1843
1782333932.214823,1832
1782333932.214824,1858
1782333932.2161238,1835
1782333932.217418,1839
1782333932.218636,1839
1782333932.219929,1876
1782333932.219936,1861
1782333932.221222,1858
1782333932.222507,1851
1782333932.223792,1833
1782333932.223799,1823
1782333932.2250812,1835
1782333932.226389,1834
1782333932.2276852,1843
1782333932.228977,1833
1782333932.228984,1859
1782333932.230249,1861
1782333932.240522,1870
1782333932.240525,1850
1782333932.240526,1847
1782333932.2405272,1838
1782333932.2405279,1846
1782333932.2405279,1851
1782333932.2405288,1825
1782333932.24053,1811
1782333932.24053,1839
1782333932.240531,1852
1782333932.241801,1826
1782333932.241803,1849
1782333932.244141,1859
1782333932.2441442,1860
1782333932.245413,1854
1782333932.2466838,1838
1782333932.2479649,1846
1782333932.247972,1844
1782333932.2479749,1847
1782333932.249258,1836
1782333932.250544,1837
1782333932.2518332,1844
1782333932.251839,1845
1782333932.253129,1833
1782333932.254418,1839
1782333932.255703,1845
1782333932.256994,1862
1782333932.257001,1860
1782333932.2582872,1869
1782333932.260117,1861
1782333932.2601202,1848
1782333932.270528,1832
1782333932.2705312,1832
1782333932.2705321,1844
1782333932.270533,1839
1782333932.270533,1838
1782333932.2705338,1822
1782333932.270535,1820
1782333932.270536,1818
1782333932.270536,1824
1782333932.270537,1820
1782333932.2718048,1836
1782333932.271808,1844
1782333932.274146,1853
1782333932.27415,1843
1782333932.275412,1819
1782333932.276696,1847
1782333932.277987,1856
1782333932.277993,1846
1782333932.279281,1850
1782333932.28057,1844
1782333932.2818549,1842
1782333932.2818618,1830
1782333932.2831419,1831
1782333932.284436,1848
1782333932.28572,1843
1782333932.28701,1847
1782333932.287016,1853
1782333932.288301,1854
1782333932.2895901,1845
1782333932.29088,1848
1782333932.290886,1848
1782333932.292844,1839
1782333932.292846,1843
1782333932.303278,1820
1782333932.3032808,1838
1782333932.303282,1851
1782333932.303283,1848
1782333932.303283,1837
1782333932.303284,1846
1782333932.303285,1842
1782333932.303285,1841
1782333932.303286,1823
1782333932.303287,1839
1782333932.3045561,1848
1782333932.306973,1849
1782333932.306976,1844
1782333932.306977,1842
1782333932.3082418,1830
1782333932.309524,1826
1782333932.310814,1856
1782333932.31082,1858
1782333932.312106,1851
1782333932.31339,1870
1782333932.314674,1886
1782333932.315958,1879
1782333932.315965,1877
1782333932.317249,1874
1782333932.318537,1874
1782333932.319825,1882
1782333932.319832,1881
1782333932.321114,1857
1782333932.3223839,1861
1782333932.332854,1857
1782333932.332858,1871
1782333932.3328588,1868
1782333932.3328588,1851
1782333932.33286,1857
1782333932.332861,1855
1782333932.332861,1836
1782333932.332862,1835
1782333932.332863,1830
1782333932.332864,1817
1782333932.332864,1834
1782333932.334132,1829
1782333932.336608,1834
1782333932.33661,1822
1782333932.337892,1810
1782333932.337898,1798
1782333932.3391612,1813
1782333932.3404548,1828
1782333932.341745,1821
1782333932.34176,1811
1782333932.3430421,1824
1782333932.3443258,1822
1782333932.345613,1848
1782333932.3468978,1855
1782333932.346904,1844
1782333932.34817,1824
1782333932.349447,1854
1782333932.35073,1849
1782333932.3507469,1844
1782333932.352043,1844
1782333932.36238,1837
1782333932.3623822,1828
1782333932.3623831,1846
1782333932.3623838,1852
1782333932.3623838,1826
1782333932.3623848,1816
1782333932.362386,1838
1782333932.362386,1843
1782333932.362387,1836
1782333932.362388,1859
1782333932.363651,1855
1782333932.3662348,1836
1782333932.3662379,1827
1782333932.366239,1822
1782333932.3675032,1823
1782333932.368788,1821
1782333932.3687942,1832
1782333932.37008,1851
1782333932.37137,1851
1782333932.3726552,1842
1782333932.373939,1826
1782333932.373945,1832
1782333932.3752398,1820
1782333932.375246,1841
1782333932.376532,1830
1782333932.37782,1850
1782333932.377826,1854
1782333932.3791099,1871
1782333932.380398,1858
1782333932.3823721,1839
1782333932.382376,1841
1782333932.392881,1839
1782333932.392884,1843
1782333932.392885,1859
1782333932.392886,1846
1782333932.392887,1850
1782333932.392887,1844
1782333932.392888,1846
1782333932.392889,1855
1782333932.3928902,1848
1782333932.3928902,1863
1782333932.392891,1868
1782333932.394156,1866
1782333932.396587,1863
1782333932.39659,1837
1782333932.397853,1843
1782333932.397855,1826
1782333932.3991401,1839
1782333932.400427,1839
1782333932.401713,1843
1782333932.4030132,1825
1782333932.4030201,1828
1782333932.404306,1845
1782333932.405596,1861
1782333932.40688,1874
1782333932.4068859,1881
1782333932.408167,1865
1782333932.409452,1848
1782333932.4112399,1844
1782333932.411254,1839
1782333932.421876,1837
1782333932.421879,1846
1782333932.42188,1861
1782333932.42188,1835
1782333932.4218812,1839
1782333932.4218822,1870
1782333932.4218822,1855
1782333932.4218829,1841
1782333932.4218838,1830
1782333932.4218838,1834
1782333932.421885,1839
1782333932.42315,1843
1782333932.42555,1822
1782333932.425554,1817
1782333932.426822,1810
1782333932.4268239,1819
1782333932.428108,1846
1782333932.429399,1865
1782333932.4306939,1855
1782333932.431978,1887
1782333932.431985,1881
1782333932.433266,1850
1782333932.4345531,1844
1782333932.435842,1842
1782333932.435848,1836
1782333932.437134,1838
1782333932.438421,1839
1782333932.4397051,1837
1782333932.440992,1842
1782333932.4409978,1861
1782333932.442281,1861
1782333932.443551,1858
1782333932.4537442,1829
1782333932.453747,1835
1782333932.453748,1849
1782333932.453749,1866
1782333932.4537501,1839
1782333932.4537501,1868
1782333932.453751,1884
1782333932.453752,1864
1782333932.453752,1848
1782333932.453753,1841
1782333932.4537542,1858
1782333932.4550169,1855
1782333932.457373,1871
1782333932.457375,1861
1782333932.4586391,1867
1782333932.459904,1862
1782333932.459906,1857
1782333932.461188,1848
1782333932.462477,1863
1782333932.4637592,1862
1782333932.463766,1881
1782333932.465045,1866
1782333932.4663308,1878
1782333932.4689019,1852
1782333932.468909,1855
1782333932.4689121,1852
1782333932.470196,1854
1782333932.471483,1835
1782333932.472768,1848
1782333932.472775,1815
1782333932.4740381,1839
1782333932.48437,1847
1782333932.484372,1829
1782333932.484373,1838
1782333932.484374,1839
1782333932.484375,1859
1782333932.484376,1831
1782333932.484376,1829
1782333932.4843771,1827
1782333932.484378,1845
1782333932.484378,1835
1782333932.485638,1852
1782333932.4882581,1824
1782333932.48826,1823
1782333932.4882612,1820
1782333932.4895291,1823
1782333932.490816,1838
1782333932.490823,1844
1782333932.492105,1847
1782333932.4933949,1847
1782333932.494694,1837
1782333932.495984,1820
1782333932.49599,1828
1782333932.4972749,1813
1782333932.49856,1807
1782333932.499864,1806
1782333932.499871,1830
1782333932.5011399,1846
1782333932.502424,1847
1782333932.5037088,1825
1782333932.503715,1843
1782333932.5054111,1854
1782333932.505415,1870
1782333932.5149639,1855
1782333932.514966,1850
1782333932.514967,1845
1782333932.514967,1860
1782333932.5149682,1881
1782333932.514969,1849
1782333932.51497,1851
1782333932.51497,1855
1782333932.5149708,1851
1782333932.514972,1864
1782333932.516236,1887
1782333932.5186188,1865
1782333932.518622,1857
1782333932.5198898,1862
1782333932.519891,1838
1782333932.521174,1832
1782333932.5224588,1824
1782333932.523745,1816
1782333932.523751,1839
1782333932.5250392,1828
1782333932.5263622,1846
1782333932.527647,1853
1782333932.528936,1845
1782333932.528943,1851
1782333932.5302222,1855
1782333932.531511,1860
1782333932.5328,1853
1782333932.532806,1849
1782333932.534097,1839
1782333932.54455,1837
1782333932.544554,1834
1782333932.544555,1846
1782333932.544555,1856
1782333932.5445561,1831
1782333932.544557,1815
1782333932.544557,1831
1782333932.544558,1822
1782333932.544559,1842
1782333932.544559,1830
1782333932.545829,1848
1782333932.545831,1852
1782333932.54821,1828
1782333932.548213,1844
1782333932.549481,1807
1782333932.550763,1816
1782333932.5507698,1834
1782333932.552056,1855
1782333932.553345,1861
1782333932.554634,1833
1782333932.555918,1821
1782333932.555924,1833
1782333932.557204,1842
1782333932.558492,1839
1782333932.559778,1845
1782333932.559784,1871
1782333932.561069,1854
1782333932.562356,1839
1782333932.5642502,1835
1782333932.5642529,1839
1782333932.574836,1818
1782333932.574839,1819
1782333932.57484,1845
1782333932.574841,1854
1782333932.5748422,1832
1782333932.5748422,1868
1782333932.574843,1871
1782333932.574844,1855
1782333932.574844,1849
1782333932.5748448,1853
1782333932.574846,1868
1782333932.5761101,1864
1782333932.578571,1837
1782333932.5785751,1828
1782333932.579859,1844
1782333932.5798662,1839
1782333932.581136,1846
1782333932.5824142,1848
1782333932.583698,1837
1782333932.58499,1852
1782333932.584996,1847
1782333932.586281,1834
1782333932.587567,1855
1782333932.588855,1864
1782333932.588861,1855
1782333932.5901408,1858
1782333932.591425,1842
1782333932.5927072,1867
1782333932.593994,1848
1782333932.5939999,1857
1782333932.5957088,1864
1782333932.606557,1850
1782333932.606561,1836
1782333932.6065621,1851
1782333932.6065621,1844
1782333932.606563,1836
1782333932.606564,1818
1782333932.606564,1813
1782333932.6065652,1839
1782333932.606566,1864
1782333932.606567,1871
1782333932.606567,1864
1782333932.607834,1871
1782333932.607837,1861
1782333932.610228,1871
1782333932.61023,1881
1782333932.611495,1864
1782333932.612779,1845
1782333932.6127849,1861
1782333932.614066,1855
1782333932.615349,1858
1782333932.6166542,1850
1782333932.617943,1818
1782333932.617949,1823
1782333932.619234,1815
1782333932.620523,1848
1782333932.6218119,1830
1782333932.621818,1837
1782333932.623103,1820
1782333932.62439,1844
1782333932.625674,1853
1782333932.627411,1861
1782333932.627413,1838
1782333932.6370199,1843
1782333932.637023,1839
1782333932.637024,1851
1782333932.637024,1831
1782333932.637025,1842
1782333932.637026,1847
1782333932.637026,1837
1782333932.637027,1829
1782333932.637028,1825
1782333932.637028,1826
1782333932.6370292,1824
1782333932.6383,1839
1782333932.640594,1839
1782333932.640597,1843
1782333932.64187,1842
1782333932.641873,1880
1782333932.643151,1879
1782333932.644435,1883
1782333932.645705,1876
1782333932.646983,1864
1782333932.646989,1856
1782333932.6482701,1871
1782333932.6495528,1876
1782333932.650836,1874
1782333932.6508422,1871
1782333932.652121,1851
1782333932.653404,1850
1782333932.654698,1839
1782333932.656002,1818
1782333932.6560042,1833
1782333932.666402,1844
1782333932.666404,1806
1782333932.6664052,1823
1782333932.666406,1828
1782333932.666406,1847
1782333932.6664069,1848
1782333932.6664078,1853
1782333932.6664078,1848
1782333932.666409,1848
1782333932.66641,1859
1782333932.667671,1863
1782333932.669931,1860
1782333932.669933,1848
1782333932.669934,1843
1782333932.671218,1826
1782333932.672485,1838
1782333932.673764,1831
1782333932.673771,1852
1782333932.6750562,1870
1782333932.6763442,1864
1782333932.677633,1843
1782333932.678922,1830
1782333932.678928,1810
1782333932.680209,1826
1782333932.681493,1837
1782333932.682784,1837
1782333932.6827898,1812
1782333932.684072,1823
1782333932.685355,1824
1782333932.696546,1845
1782333932.6965492,1837
1782333932.696576,1839
1782333932.696577,1857
1782333932.696578,1837
1782333932.696578,1818
1782333932.696579,1842
1782333932.6965802,1858
1782333932.6965802,1855
1782333932.6965811,1832
1782333932.6965818,1825
1782333932.6978471,1828
1782333932.6978502,1845
1782333932.7004302,1857
1782333932.700434,1864
1782333932.701694,1857
1782333932.702983,1846
1782333932.702989,1837
1782333932.704276,1855
1782333932.705564,1861
1782333932.706849,1834
1782333932.7068548,1855
1782333932.7081358,1867
1782333932.709424,1852
1782333932.710707,1849
1782333932.712008,1850
1782333932.7120152,1855
1782333932.7132978,1878
1782333932.71458,1874
1782333932.7158651,1856
1782333932.7158668,1850
1782333932.726151,1855
1782333932.726153,1869
1782333932.726154,1839
1782333932.726155,1842
1782333932.726155,1853
1782333932.726156,1836
1782333932.726157,1827
1782333932.726157,1855
1782333932.7261581,1848
1782333932.726159,1861
1782333932.727423,1848
1782333932.729868,1843
1782333932.729872,1828
1782333932.729873,1847
1782333932.7311392,1849
1782333932.732424,1837
1782333932.73371,1843
1782333932.735009,1839
1782333932.735015,1823
1782333932.736301,1816
1782333932.73759,1836
1782333932.738878,1839
1782333932.7388842,1805
1782333932.740164,1817
1782333932.741447,1815
1782333932.7427342,1823
1782333932.74275,1823
1782333932.744056,1819
1782333932.745344,1831
1782333932.746644,1832
1782333932.747919,1850
1782333932.747921,1837
1782333932.7579389,1839
1782333932.757941,1838
1782333932.757942,1865
1782333932.7579432,1839
1782333932.7579432,1837
1782333932.757944,1854
1782333932.757945,1856
1782333932.757945,1864
1782333932.757946,1850
1782333932.757947,1882
1782333932.757948,1862
1782333932.759211,1864
1782333932.761596,1866
1782333932.7615979,1871
1782333932.76288,1874
1782333932.7628858,1862
1782333932.7641568,1859
1782333932.76542,1839
1782333932.766696,1832
1782333932.7679849,1812
1782333932.767991,1810
1782333932.769276,1820
1782333932.770561,1831
1782333932.7718441,1847
1782333932.7718499,1850
1782333932.77313,1836
1782333932.774414,1845
1782333932.775697,1839
1782333932.776984,1820
1782333932.776991,1852
1782333932.778255,1829
1782333932.7888231,1839
1782333932.7888262,1839
1782333932.788827,1855
1782333932.788828,1816
1782333932.788828,1816
1782333932.7888288,1823
1782333932.78883,1802
1782333932.78883,1815
1782333932.788831,1851
1782333932.788832,1839
1782333932.788832,1834
1782333932.7900941,1860
1782333932.79252,1847
1782333932.792522,1858
1782333932.793788,1847
1782333932.7937899,1834
1782333932.79507,1836
1782333932.7963588,1846
1782333932.797642,1839
1782333932.798926,1855
1782333932.798932,1858
1782333932.800213,1851
1782333932.801499,1860
1782333932.802794,1863
1782333932.802801,1852
1782333932.804085,1867
1782333932.806647,1884
1782333932.806653,1860
1782333932.807936,1859
1782333932.807942,1848
1782333932.818996,1848
1782333932.818999,1837
1782333932.819,1843
1782333932.8190012,1854
1782333932.8190022,1839
1782333932.8190022,1834
1782333932.8190029,1833
1782333932.8190038,1836
1782333932.8190038,1839
1782333932.819005,1839
1782333932.819006,1844
1782333932.8202739,1835
1782333932.822685,1863
1782333932.822687,1862
1782333932.823951,1862
1782333932.823953,1857
1782333932.825234,1839
1782333932.8265212,1829
1782333932.82781,1839
1782333932.827816,1837
1782333932.829101,1857
1782333932.830386,1869
1782333932.83167,1857
1782333932.832957,1871
1782333932.832963,1859
1782333932.8342452,1839
1782333932.835528,1851
1782333932.836811,1846
1782333932.8368168,1851
1782333932.8380952,1843
1782333932.8393779,1824
1782333932.8406441,1836
1782333932.850859,1834
1782333932.850861,1834
1782333932.850862,1838
1782333932.8508632,1825
1782333932.8508642,1823
1782333932.8508642,1814
1782333932.850865,1836
1782333932.8508658,1844
1782333932.8508658,1833
1782333932.850867,1850
1782333932.850868,1852
1782333932.852129,1838
1782333932.854451,1847
1782333932.854454,1839
1782333932.855732,1847
1782333932.8557382,1838
1782333932.85702,1819
1782333932.85831,1823
1782333932.859595,1837
1782333932.8608809,1818
1782333932.860887,1825
1782333932.862174,1810
1782333932.863463,1823
1782333932.864748,1832
1782333932.864754,1853
1782333932.866034,1858
1782333932.8673222,1874
1782333932.868609,1867
1782333932.869898,1870
1782333932.8699038,1871
1782333932.871168,1858
1782333932.881459,1854
1782333932.881463,1858
1782333932.881464,1842
1782333932.881464,1839
1782333932.8814652,1839
1782333932.8814662,1854
1782333932.8814662,1856
1782333932.8814669,1855
1782333932.8814678,1845
1782333932.881469,1858
1782333932.882732,1850
1782333932.882734,1849
1782333932.885174,1828
1782333932.8851771,1827
1782333932.885178,1842
1782333932.886445,1833
1782333932.887726,1861
1782333932.8877409,1846
1782333932.889028,1839
1782333932.890312,1851
1782333932.891598,1842
1782333932.892886,1835
1782333932.892892,1855
1782333932.894177,1834
1782333932.895464,1820
1782333932.896749,1837
1782333932.896755,1837
1782333932.898039,1839
1782333932.899325,1839
1782333932.900595,1818
1782333932.910686,1833
1782333932.910689,1818
1782333932.91069,1832
1782333932.910691,1850
1782333932.9106922,1853
1782333932.9106932,1845
1782333932.9106932,1836
1782333932.910694,1820
1782333932.9106948,1839
1782333932.9106948,1843
1782333932.910701,1880
1782333932.9119701,1861
1782333932.914298,1858
1782333932.9143,1855
1782333932.915575,1861
1782333932.9168582,1850
1782333932.916865,1863
1782333932.9181519,1884
1782333932.919443,1900
1782333932.920734,1876
1782333932.9207501,1879
1782333932.922076,1910
1782333932.9233642,1886
1782333932.924649,1869
1782333932.9259362,1842
1782333932.9259431,1853
1782333932.927228,1839
1782333932.9285161,1837
1782333932.930036,1865
1782333932.930038,1868
1782333932.940526,1858
1782333932.9405289,1846
1782333932.9405298,1835
1782333932.9405298,1863
1782333932.940531,1847
1782333932.940532,1851
1782333932.940532,1834
1782333932.940533,1852
1782333932.940534,1855
1782333932.940534,1854
1782333932.941803,1839
1782333932.9418051,1845
1782333932.944195,1856
1782333932.9441972,1866
1782333932.945458,1849
1782333932.946738,1830
1782333932.9467452,1807
1782333932.948025,1801
1782333932.949308,1807
1782333932.9505951,1814
1782333932.951881,1819
1782333932.9518878,1830
1782333932.953172,1822
1782333932.954459,1844
1782333932.955743,1846
1782333932.955748,1862
1782333932.957032,1867
1782333932.9583209,1862
1782333932.960195,1863
1782333932.960198,1844
1782333932.970527,1858
1782333932.970529,1843
1782333932.97053,1843
1782333932.970531,1846
1782333932.9705322,1829
1782333932.9705322,1831
1782333932.9705331,1839
1782333932.9705338,1839
1782333932.9705338,1843
1782333932.9705348,1839
1782333932.971797,1826
1782333932.9717991,1836
1782333932.974268,1811
1782333932.9742699,1827
1782333932.976832,1839
1782333932.9768379,1839
1782333932.976841,1853
1782333932.978127,1865
1782333932.97941,1851
1782333932.980696,1864
1782333932.981979,1870
1782333932.981986,1834
1782333932.9832692,1846
1782333932.984552,1849
1782333932.9858408,1846
1782333932.985847,1831
1782333932.9871318,1838
1782333932.9884212,1846
1782333932.989704,1861
1782333932.990991,1853
1782333932.990997,1863
1782333932.9929311,1858
1782333932.992934,1847
1782333933.003403,1843
1782333933.003406,1837
1782333933.003407,1842
1782333933.003407,1822
1782333933.003408,1819
1782333933.003409,1839
1782333933.003409,1829
1782333933.0034099,1812
1782333933.003411,1843
1782333933.003411,1833
1782333933.004673,1839
1782333933.007021,1848
1782333933.007024,1839
1782333933.007025,1843
1782333933.00829,1839
1782333933.0095701,1849
1782333933.010854,1835
1782333933.01086,1838
1782333933.01214,1828
1782333933.0134249,1844
1782333933.013431,1860
1782333933.0147111,1881
1782333933.015994,1865
1782333933.016,1873
1782333933.017282,1854
1782333933.018568,1856
1782333933.019852,1850
1782333933.019858,1834
1782333933.021137,1866
1782333933.0225768,1869
1782333933.03289,1838
1782333933.032892,1817
1782333933.032893,1811
1782333933.032894,1827
1782333933.032895,1851
1782333933.032895,1838
1782333933.032896,1835
1782333933.032897,1851
1782333933.032898,1853
1782333933.032898,1858
1782333933.0328991,1860
1782333933.0341609,1848
1782333933.036486,1853
1782333933.036489,1862
1782333933.037751,1849
1782333933.037753,1837
1782333933.0390341,1845
1782333933.0403168,1862
1782333933.041601,1839
1782333933.0428858,1852
1782333933.042892,1860
1782333933.044172,1880
1782333933.045456,1861
1782333933.0467389,1860
1782333933.046745,1865
1782333933.0480251,1828
1782333933.0493078,1836
1782333933.050591,1826
1782333933.0519931,1844
1782333933.051996,1844
1782333933.0625541,1846
1782333933.062557,1836
1782333933.062558,1849
1782333933.062559,1846
1782333933.06256,1844
1782333933.06256,1848
1782333933.062561,1852
1782333933.062562,1853
1782333933.0625632,1839
1782333933.0625632,1829
1782333933.063832,1821
1782333933.0638342,1814
1782333933.066389,1806
1782333933.066392,1823
1782333933.0676649,1839
1782333933.06895,1832
1782333933.068956,1838
1782333933.070241,1825
1782333933.071511,1844
1782333933.072788,1832
1782333933.0727942,1842
1782333933.074074,1839
1782333933.075357,1836
1782333933.076643,1819
1782333933.077931,1835
1782333933.077937,1852
1782333933.079221,1854
1782333933.0805051,1852
1782333933.08179,1839
1782333933.0817971,1839
1782333933.083061,1858
1782333933.093577,1874
1782333933.093586,1877
1782333933.093587,1875
1782333933.0935879,1875
1782333933.093589,1868
1782333933.09359,1834
1782333933.093591,1823
1782333933.093591,1836
1782333933.0935931,1838
1782333933.0935931,1810
1782333933.094872,1826
1782333933.0948758,1826
1782333933.097486,1836
1782333933.0974889,1833
1782333933.098753,1833
1782333933.098756,1842
1782333933.1000361,1839
1782333933.101326,1826
1782333933.102601,1855
1782333933.103881,1843
1782333933.103887,1849
1782333933.1051679,1839
1782333933.1064498,1839
1782333933.107736,1844
1782333933.107743,1850
1782333933.1090271,1837
1782333933.110333,1851
1782333933.112173,1855
1782333933.112175,1844
1782333933.122646,1831
1782333933.1226509,1836
1782333933.1226518,1828
1782333933.122653,1829
1782333933.122653,1852
1782333933.122654,1875
1782333933.122655,1862
1782333933.122656,1843
1782333933.122656,1830
1782333933.122657,1838
1782333933.1239228,1855
1782333933.123925,1852
1782333933.126336,1832
1782333933.126339,1824
1782333933.127605,1832
1782333933.128903,1833
1782333933.1289139,1839
1782333933.130201,1822
1782333933.131489,1832
1782333933.1327739,1831
1782333933.13278,1825
1782333933.1340659,1853
1782333933.135346,1845
1782333933.1366231,1864
1782333933.137911,1869
1782333933.137918,1830
1782333933.139195,1831
1782333933.1404748,1849
1782333933.1417432,1850
1782333933.1417449,1838
1782333933.1417458,1843
1782333933.1430259,1843
1782333933.144871,1834
1782333933.144873,1824
1782333933.155197,1827
1782333933.155201,1839
1782333933.1552022,1858
1782333933.1552022,1849
1782333933.155203,1836
1782333933.155204,1856
1782333933.155204,1859
1782333933.155205,1849
1782333933.155206,1858
1782333933.155206,1843
1782333933.1564732,1860
1782333933.1590872,1826
1782333933.1590889,1839
1782333933.1590898,1838
1782333933.1603498,1848
1782333933.16163,1834
1782333933.1629179,1827
1782333933.162924,1833
1782333933.1642041,1839
1782333933.165487,1824
1782333933.166771,1821
1782333933.1667771,1817
1782333933.1680582,1828
1782333933.169347,1824
1782333933.170633,1833
1782333933.171919,1844
1782333933.171926,1855
1782333933.1732092,1865
1782333933.174526,1853
1782333933.1846101,1850
1782333933.1846132,1842
1782333933.184614,1854
1782333933.184614,1868
1782333933.184615,1876
1782333933.1846159,1870
1782333933.184617,1855
1782333933.184617,1851
1782333933.184618,1871
1782333933.184619,1857
1782333933.185886,1861
1782333933.185889,1848
1782333933.188357,1848
1782333933.18836,1833
1782333933.189623,1826
1782333933.190901,1837
1782333933.190908,1839
1782333933.1921878,1838
1782333933.193494,1837
1782333933.194786,1850
1782333933.194792,1848
1782333933.196073,1822
1782333933.197357,1820
1782333933.19864,1827
1782333933.199924,1839
1782333933.1999302,1856
1782333933.201209,1864
1782333933.202476,1869
1782333933.204106,1861
1782333933.204108,1867
1782333933.21423,1846
1782333933.2142332,1860
1782333933.214234,1847
1782333933.214234,1839
1782333933.2142348,1860
1782333933.214236,1839
1782333933.214236,1864
1782333933.214237,1859
1782333933.214238,1866
1782333933.214238,1850
1782333933.215502,1848
1782333933.2180521,1855
1782333933.2180538,1852
1782333933.218055,1836
1782333933.219323,1843
1782333933.220595,1813
1782333933.221866,1843
1782333933.2218702,1837
1782333933.223139,1850
1782333933.224409,1852
1782333933.225682,1833
1782333933.2269561,1823
1782333933.22696,1822
1782333933.228236,1811
1782333933.229517,1810
1782333933.230805,1832
1782333933.2308118,1834
1782333933.232095,1846
1782333933.23338,1853
1782333933.234844,1847
1782333933.234847,1852
1782333933.2453241,1858
1782333933.245326,1871
1782333933.245327,1856
1782333933.245328,1853
1782333933.245328,1847
1782333933.245329,1855
1782333933.2453299,1864
1782333933.2453299,1858
1782333933.245331,1874
1782333933.245332,1858
1782333933.246597,1865
1782333933.249124,1867
1782333933.249126,1865
1782333933.249127,1847
1782333933.250389,1830
1782333933.251671,1834
1782333933.2529652,1839
1782333933.252971,1844
1782333933.254258,1835
1782333933.255542,1818
1782333933.2568262,1821
1782333933.256832,1845
1782333933.258111,1830
1782333933.259394,1818
1782333933.260664,1831
1782333933.2619479,1834
1782333933.261954,1849
1782333933.263238,1860
1782333933.2645051,1845
1782333933.274793,1844
1782333933.274797,1845
1782333933.2747982,1853
1782333933.274799,1856
1782333933.274799,1847
1782333933.2748,1842
1782333933.2748008,1846
1782333933.2748008,1850
1782333933.274802,1859
1782333933.274803,1839
1782333933.2748039,1861
1782333933.2748039,1852
1782333933.276074,1880
1782333933.2786582,1854
1782333933.278661,1866
1782333933.279943,1871
1782333933.279949,1861
1782333933.281217,1851
1782333933.2824829,1828
1782333933.2837608,1837
1782333933.283767,1837
1782333933.2850492,1839
1782333933.2863371,1834
1782333933.287624,1846
1782333933.2889102,1822
1782333933.2889159,1834
1782333933.290196,1839
1782333933.2914822,1836
1782333933.2927659,1834
1782333933.292772,1827
1782333933.294055,1839
1782333933.295847,1854
1782333933.2958488,1839
1782333933.30621,1843
1782333933.3062131,1824
1782333933.3062139,1823
1782333933.3062148,1833
1782333933.306216,1858
1782333933.306217,1850
1782333933.306217,1862
1782333933.306218,1868
1782333933.306219,1860
1782333933.30622,1869
1782333933.307484,1850
1782333933.3100119,1828
1782333933.310016,1822
1782333933.310017,1831
1782333933.311284,1810
1782333933.312566,1842
1782333933.313856,1846
1782333933.3138628,1834
1782333933.3151438,1839
1782333933.31643,1835
1782333933.317751,1823
1782333933.3177578,1819
1782333933.319042,1818
1782333933.320332,1839
1782333933.3216052,1844
1782333933.322887,1834
1782333933.3228931,1821
1782333933.3241768,1825
1782333933.325464,1832
1782333933.32673,1836
1782333933.326732,1843
1782333933.336807,1881
1782333933.3368099,1859
1782333933.336811,1859
1782333933.336812,1867
1782333933.336813,1855
1782333933.336813,1836
1782333933.3368142,1852
1782333933.336815,1858
1782333933.336815,1858
1782333933.336816,1839
1782333933.33808,1858
1782333933.340541,1857
1782333933.340544,1838
1782333933.341805,1859
1782333933.341808,1850
1782333933.343071,1856
1782333933.344353,1848
1782333933.345643,1851
1782333933.346931,1855
1782333933.3469381,1855
1782333933.3482199,1855
1782333933.3495061,1846
1782333933.350792,1839
1782333933.3507981,1844
1782333933.3520849,1844
1782333933.3533719,1848
1782333933.35466,1857
1782333933.355963,1846
1782333933.3559659,1834
1782333933.366197,1833
1782333933.3662012,1845
1782333933.366202,1839
1782333933.366202,1826
1782333933.3662028,1821
1782333933.3662038,1831
1782333933.366205,1836
1782333933.366205,1815
1782333933.366206,1842
1782333933.366207,1854
1782333933.36747,1855
1782333933.3697479,1878
1782333933.36975,1877
1782333933.369751,1864
1782333933.371018,1860
1782333933.372303,1865
1782333933.373589,1853
1782333933.374874,1858
1782333933.37488,1855
1782333933.3761659,1837
1782333933.377451,1858
1782333933.378745,1838
1782333933.3787599,1829
1782333933.380045,1836
1782333933.381334,1826
1782333933.3826199,1844
1782333933.383908,1854
1782333933.383915,1864
1782333933.385201,1839
1782333933.386679,1839
1782333933.397135,1839
1782333933.3971379,1848
1782333933.3971379,1833
1782333933.3971388,1846
1782333933.39714,1850
1782333933.39714,1871
1782333933.397141,1871
1782333933.397142,1860
1782333933.397142,1842
1782333933.3971431,1838
1782333933.397144,1842
1782333933.397144,1850
1782333933.398417,1858
1782333933.4008162,1871
1782333933.4008179,1850
1782333933.400819,1837
1782333933.4020941,1837
1782333933.4033768,1836
1782333933.4046621,1830
1782333933.405946,1819
1782333933.405953,1831
1782333933.407233,1839
1782333933.4085178,1842
1782333933.409803,1829
1782333933.4098089,1826
1782333933.411092,1839
1782333933.41238,1859
1782333933.4136682,1825
1782333933.414954,1826
1782333933.4149601,1814
1782333933.416227,1844
1782333933.426347,1858
1782333933.42635,1848
1782333933.426351,1848
1782333933.426352,1851
1782333933.426352,1858
1782333933.426353,1875
1782333933.426354,1871
1782333933.426354,1871
1782333933.426355,1858
1782333933.426356,1859
1782333933.427625,1854
1782333933.4301262,1859
1782333933.430128,1838
1782333933.4301288,1848
1782333933.431396,1852
1782333933.4326851,1838
1782333933.433975,1838
1782333933.433981,1834
1782333933.435267,1839
1782333933.436552,1860
1782333933.4378371,1849
1782333933.4378428,1869
1782333933.439123,1839
1782333933.440405,1864
1782333933.441687,1844
1782333933.442973,1844
1782333933.442979,1866
1782333933.444264,1853
1782333933.445538,1858
1782333933.446816,1847
1782333933.446823,1852
1782333933.4579232,1839
1782333933.4579258,1822
1782333933.457927,1839
1782333933.457928,1851
1782333933.457928,1835
1782333933.457929,1839
1782333933.45793,1838
1782333933.45793,1851
1782333933.457931,1839
1782333933.457932,1831
1782333933.457932,1814
1782333933.459198,1816
1782333933.46151,1814
1782333933.4615119,1831
1782333933.4627972,1862
1782333933.462804,1844
1782333933.4640682,1837
1782333933.465336,1845
1782333933.4666162,1843
1782333933.467903,1832
1782333933.4679098,1849
1782333933.469194,1874
1782333933.470481,1856
1782333933.471766,1843
1782333933.471772,1836
1782333933.4730508,1832
1782333933.474335,1846
1782333933.475623,1828
1782333933.476894,1787
1782333933.476896,1796
1782333933.478282,1807
1782333933.488665,1805
1782333933.488668,1836
1782333933.488669,1836
1782333933.4886699,1832
1782333933.488671,1837
1782333933.488671,1830
1782333933.488672,1850
1782333933.488673,1883
1782333933.488673,1892
1782333933.4886742,1891
1782333933.489944,1871
1782333933.4899468,1864
1782333933.4922612,1868
1782333933.4922628,1865
1782333933.493529,1858
1782333933.494812,1862
1782333933.4948192,1846
1782333933.496104,1854
1782333933.497387,1844
1782333933.498671,1846
1782333933.499954,1842
1782333933.49996,1838
1782333933.5012412,1823
1782333933.5025249,1843
1782333933.503814,1832
1782333933.5038211,1829
1782333933.505106,1855
1782333933.506392,1844
1782333933.5080068,1859
1782333933.508009,1843
1782333933.518411,1847
1782333933.518414,1834
1782333933.5184152,1849
1782333933.518416,1843
1782333933.518416,1839
1782333933.518417,1846
1782333933.5184178,1838
1782333933.5184178,1841
1782333933.518419,1854
1782333933.51842,1858
1782333933.519682,1839
1782333933.5220249,1843
1782333933.522028,1870
1782333933.5220292,1839
1782333933.523296,1839
1782333933.524578,1843
1782333933.524585,1844
1782333933.52587,1836
1782333933.525876,1846
1782333933.527159,1854
1782333933.528447,1839
1782333933.5297332,1830
1782333933.52975,1838
1782333933.531029,1857
1782333933.532313,1869
1782333933.533597,1861
1782333933.534882,1852
1782333933.534888,1845
1782333933.536172,1843
1782333933.537459,1845
1782333933.538744,1830
1782333933.53875,1831
1782333933.540412,1812
1782333933.551139,1828
1782333933.551143,1819
1782333933.551144,1801
1782333933.551144,1812
1782333933.551145,1806
1782333933.551146,1807
1782333933.551146,1821
1782333933.551147,1815
1782333933.551148,1841
1782333933.551148,1842
1782333933.5511491,1839
1782333933.552414,1839
1782333933.554816,1829
1782333933.554819,1826
1782333933.55482,1818
1782333933.556087,1822
1782333933.5573702,1829
1782333933.558656,1835
1782333933.559946,1855
1782333933.5599518,1855
1782333933.561237,1842
1782333933.562521,1848
1782333933.563808,1871
1782333933.563814,1855
1782333933.565093,1869
1782333933.56638,1846
1782333933.5676641,1855
1782333933.568953,1870
1782333933.568959,1860
1782333933.570343,1850
1782333933.58068,1826
1782333933.580683,1826
1782333933.580684,1815
1782333933.5806851,1824
1782333933.580686,1838
1782333933.580686,1832
1782333933.580687,1826
1782333933.5806878,1852
1782333933.5806878,1862
1782333933.580689,1849
1782333933.581959,1852
1782333933.581961,1844
1782333933.584237,1852
1782333933.584239,1874
1782333933.585508,1870
1782333933.5867908,1869
1782333933.586797,1868
1782333933.588084,1876
1782333933.589369,1864
1782333933.590654,1884
1782333933.5919402,1866
1782333933.591946,1867
1782333933.593232,1842
1782333933.594517,1836
1782333933.595806,1846
1782333933.595812,1821
1782333933.597097,1836
1782333933.5983849,1850
1782333933.599995,1852
1782333933.599997,1856
1782333933.610592,1863
1782333933.610595,1857
1782333933.610595,1860
1782333933.6105962,1871
1782333933.6105971,1850
1782333933.6105978,1855
1782333933.6105978,1844
1782333933.6105988,1862
1782333933.6106,1863
1782333933.6106,1851
1782333933.611871,1849
1782333933.611874,1842
1782333933.614175,1848
1782333933.614177,1846
1782333933.6154408,1834
1782333933.6167302,1838
1782333933.616745,1830
1782333933.618013,1839
1782333933.6192908,1844
1782333933.620575,1835
1782333933.6218581,1822
1782333933.6218638,1823
1782333933.6231449,1839
1782333933.624428,1850
1782333933.62571,1868
1782333933.627028,1855
1782333933.6270342,1878
1782333933.6283178,1875
1782333933.629608,1866
1782333933.630877,1871
1782333933.630879,1892
1782333933.6410291,1884
1782333933.641032,1864
1782333933.641033,1842
1782333933.641033,1846
1782333933.641034,1826
1782333933.641035,1831
1782333933.641035,1842
1782333933.641036,1838
1782333933.641037,1856
1782333933.641037,1863
1782333933.6423008,1870
1782333933.6447701,1863
1782333933.644772,1858
1782333933.644773,1855
1782333933.646039,1855
1782333933.647316,1850
1782333933.648601,1826
1782333933.649886,1835
1782333933.649892,1836
1782333933.6511738,1836
1782333933.652462,1833
1782333933.653746,1826
1782333933.653752,1829
1782333933.655037,1842
1782333933.6550431,1829
1782333933.656327,1834
1782333933.6576152,1804
1782333933.658901,1807
1782333933.658908,1816
1782333933.660171,1810
1782333933.6705961,1831
1782333933.6706,1829
1782333933.670601,1832
1782333933.670601,1847
1782333933.670602,1851
1782333933.670603,1837
1782333933.670604,1852
1782333933.670604,1850
1782333933.670605,1861
1782333933.6706061,1846
1782333933.671869,1859
1782333933.671871,1867
1782333933.6742048,1849
1782333933.674209,1838
1782333933.675477,1846
1782333933.6767628,1842
1782333933.676772,1847
1782333933.678058,1862
1782333933.679348,1855
1782333933.680636,1852
1782333933.68192,1854
1782333933.6819258,1839
1782333933.683208,1846
1782333933.6844969,1843
1782333933.685791,1839
1782333933.6857972,1826
1782333933.687082,1839
1782333933.68837,1854
1782333933.689661,1839
1782333933.690948,1832
1782333933.690954,1848
1782333933.692585,1847
1782333933.703361,1839
1782333933.7033632,1843
1782333933.7033641,1850
1782333933.703365,1853
1782333933.7033658,1846
1782333933.7033658,1825
1782333933.703367,1834
1782333933.703368,1843
1782333933.703368,1834
1782333933.703369,1838
1782333933.70337,1857
1782333933.7046342,1843
1782333933.7071,1821
1782333933.707102,1822
1782333933.707103,1839
1782333933.708367,1836
1782333933.709654,1837
1782333933.710942,1829
1782333933.710948,1829
1782333933.7122319,1825
1782333933.7135181,1830
1782333933.7148008,1843
1782333933.714807,1845
1782333933.716088,1859
1782333933.717366,1855
1782333933.718653,1846
1782333933.7199411,1854
1782333933.719947,1858
1782333933.721232,1875
1782333933.722502,1867
1782333933.732934,1869
1782333933.732938,1881
1782333933.732939,1866
1782333933.732939,1854
1782333933.73294,1878
1782333933.7329412,1867
1782333933.7329412,1869
1782333933.732942,1860
1782333933.732943,1847
1782333933.732943,1821
1782333933.7329438,1823
1782333933.734206,1842
1782333933.736574,1830
1782333933.736577,1839
1782333933.737859,1825
1782333933.737866,1830
1782333933.739131,1821
1782333933.7403991,1839
1782333933.741687,1839
1782333933.742975,1847
1782333933.7429812,1844
1782333933.7442648,1834
1782333933.745554,1830
1782333933.7468421,1848
1782333933.746848,1848
1782333933.7481291,1858
1782333933.749412,1862
1782333933.750698,1864
1782333933.7519639,1876
1782333933.751965,1878
1782333933.762217,1871
1782333933.7622201,1871
1782333933.762221,1857
1782333933.762222,1830
1782333933.762222,1843
1782333933.762223,1839
1782333933.7622242,1812
1782333933.7622242,1824
1782333933.762225,1828
1782333933.7622259,1848
1782333933.763493,1837
1782333933.765955,1850
1782333933.765957,1838
1782333933.7659578,1854
1782333933.767221,1858
1782333933.7684999,1864
1782333933.769792,1846
1782333933.769799,1838
1782333933.771083,1860
1782333933.772367,1852
1782333933.77365,1825
1782333933.774933,1809
1782333933.77494,1836
1782333933.776224,1845
1782333933.7775092,1837
1782333933.778795,1855
1782333933.778802,1837
1782333933.780086,1852
1782333933.781368,1858
1782333933.782636,1854
1782333933.7928011,1878
1782333933.792804,1870
1782333933.792804,1834
1782333933.7928052,1843
1782333933.792806,1842
1782333933.7928069,1850
1782333933.7928069,1830
1782333933.7928078,1818
1782333933.792809,1825
1782333933.792809,1827
1782333933.79281,1815
1782333933.792811,1824
1782333933.7940722,1834
1782333933.7963898,1848
1782333933.796392,1828
1782333933.7976582,1836
1782333933.798941,1820
1782333933.798947,1822
1782333933.8002298,1845
1782333933.8015192,1843
1782333933.802803,1846
1782333933.802809,1849
1782333933.804091,1836
1782333933.805378,1849
1782333933.8066611,1856
1782333933.807945,1862
1782333933.807952,1877
1782333933.8092349,1874
1782333933.8105059,1853
1782333933.812096,1837
1782333933.812098,1854
1782333933.822516,1854
1782333933.82252,1848
1782333933.822521,1839
1782333933.8225222,1842
1782333933.8225229,1852
1782333933.8225229,1839
1782333933.8225238,1863
1782333933.822525,1869
1782333933.822526,1864
1782333933.822526,1879
1782333933.823793,1867
1782333933.8237948,1861
1782333933.8260732,1847
1782333933.8260748,1855
1782333933.827341,1845
1782333933.828625,1859
1782333933.8299131,1834
1782333933.82992,1844
1782333933.831201,1854
1782333933.8324852,1845
1782333933.833774,1833
1782333933.83378,1828
1782333933.83506,1853
1782333933.83635,1864
1782333933.8376389,1860
1782333933.838927,1858
1782333933.838933,1846
1782333933.840217,1845
1782333933.841506,1861
1782333933.842795,1842
1782333933.8428009,1836
1782333933.844647,1847
1782333933.855415,1831
1782333933.8554182,1824
1782333933.855419,1834
1782333933.8554199,1832
1782333933.8554208,1812
1782333933.855422,1800
1782333933.855422,1813
1782333933.855423,1828
1782333933.855424,1810
1782333933.855424,1807
1782333933.8554251,1807
1782333933.856688,1822
1782333933.858888,1817
1782333933.85889,1825
1782333933.858891,1830
1782333933.8601558,1839
1782333933.86144,1797
1782333933.8627331,1839
1782333933.86275,1817
1782333933.864036,1850
1782333933.865321,1862
1782333933.8666081,1839
1782333933.867897,1846
1782333933.867904,1854
1782333933.869187,1857
1782333933.870476,1867
1782333933.871762,1848
1782333933.871768,1866
1782333933.873052,1874
1782333933.874569,1865
1782333933.885109,1855
1782333933.885111,1852
1782333933.885112,1839
1782333933.885113,1843
1782333933.885113,1855
1782333933.8851142,1853
1782333933.885115,1861
1782333933.885115,1856
1782333933.8851159,1855
1782333933.8851168,1867
1782333933.8851168,1854
1782333933.886384,1839
1782333933.888862,1842
1782333933.888866,1851
1782333933.8888671,1865
1782333933.890136,1859
1782333933.891424,1866
1782333933.892715,1867
1782333933.892735,1864
1782333933.89404,1854
1782333933.895326,1853
1782333933.896599,1858
1782333933.897878,1871
1782333933.897884,1846
1782333933.899165,1850
1782333933.900453,1855
1782333933.901738,1845
1782333933.9017541,1839
1782333933.903541,1836
1782333933.914036,1825
1782333933.9140391,1844
1782333933.91404,1830
1782333933.914041,1824
1782333933.914041,1838
1782333933.914042,1844
1782333933.914043,1827
1782333933.914043,1846
1782333933.914044,1837
1782333933.9140449,1852
1782333933.9140449,1845
1782333933.914046,1863
1782333933.915312,1853
1782333933.917692,1858
1782333933.917695,1834
1782333933.917699,1839
1782333933.91897,1851
1782333933.920255,1869
1782333933.921545,1858
1782333933.9228292,1848
1782333933.922836,1848
1782333933.924117,1855
1782333933.9254022,1842
1782333933.92669,1852
1782333933.927979,1845
1782333933.927985,1837
1782333933.929271,1833
1782333933.93056,1812
1782333933.931849,1816
1782333933.9318552,1826
1782333933.933141,1836
1782333933.934408,1852
1782333933.9444962,1855
1782333933.944499,1858
1782333933.9445,1847
1782333933.944501,1855
1782333933.944501,1843
1782333933.944502,1851
1782333933.944503,1845
1782333933.944503,1842
1782333933.944504,1828
1782333933.944505,1839
1782333933.9457731,1834
1782333933.945775,1847
1782333933.948128,1846
1782333933.948131,1852
1782333933.949397,1848
1782333933.95069,1829
1782333933.951978,1807
1782333933.951985,1838
1782333933.953269,1835
1782333933.954554,1838
1782333933.955837,1835
1782333933.955843,1844
1782333933.957122,1857
1782333933.958407,1861
1782333933.9596941,1850
1782333933.960989,1846
1782333933.9609962,1853
1782333933.9622788,1859
1782333933.963597,1845
1782333933.965301,1850
1782333933.965303,1835
1782333933.9746501,1839
1782333933.974653,1845
1782333933.974653,1854
1782333933.974654,1864
1782333933.974655,1858
1782333933.974656,1847
1782333933.974656,1853
1782333933.974657,1860
1782333933.974658,1862
1782333933.975927,1871
1782333933.9759302,1880
1782333933.978362,1856
1782333933.978366,1865
1782333933.979647,1859
1782333933.9809148,1850
1782333933.980917,1855
1782333933.982198,1852
1782333933.9834838,1855
1782333933.9847732,1853
1782333933.9847791,1826
1782333933.986063,1827
1782333933.987351,1825
1782333933.988638,1825
1782333933.98992,1841
1782333933.9899268,1845
1782333933.992481,1830
1782333933.992487,1844
1782333933.993767,1848
1782333933.9937742,1843
1782333933.9950578,1846
1782333933.9963279,1845
1782333934.0063329,1832
1782333934.006336,1817
1782333934.006336,1826
1782333934.006337,1843
1782333934.0063381,1848
1782333934.0063381,1864
1782333934.006339,1856
1782333934.00634,1871
1782333934.00634,1844
1782333934.0063412,1834
1782333934.007602,1828
1782333934.0098932,1827
1782333934.0098948,1833
1782333934.009896,1843
1782333934.011162,1839
1782333934.0124428,1842
1782333934.013729,1836
1782333934.013746,1830
1782333934.01506,1856
1782333934.0163488,1835
1782333934.017633,1837
1782333934.01892,1855
1782333934.0189261,1866
1782333934.020195,1860
1782333934.021478,1845
1782333934.022762,1852
1782333934.022768,1860
1782333934.024053,1850
1782333934.025341,1849
1782333934.026616,1863
1782333934.0368562,1850
1782333934.0368588,1849
1782333934.03686,1848
1782333934.036861,1864
1782333934.036862,1836
1782333934.036862,1836
1782333934.036863,1826
1782333934.036864,1834
1782333934.036864,1815
1782333934.036865,1822
1782333934.036866,1836
1782333934.038134,1832
1782333934.04054,1848
1782333934.040542,1843
1782333934.040543,1836
1782333934.0418072,1835
1782333934.0418088,1844
1782333934.043092,1828
1782333934.0443761,1829
1782333934.0456572,1834
1782333934.046944,1825
1782333934.0469508,1806
1782333934.0482318,1824
1782333934.049515,1812
1782333934.050812,1830
1782333934.050818,1842
1782333934.0521019,1850
1782333934.05339,1864
1782333934.0546591,1846
1782333934.056034,1864
1782333934.056036,1864
1782333934.066617,1846
1782333934.0666199,1864
1782333934.0666208,1876
1782333934.066622,1857
1782333934.066623,1839
1782333934.066623,1854
1782333934.066624,1855
1782333934.066625,1861
1782333934.066626,1855
1782333934.066626,1853
1782333934.06789,1848
1782333934.067892,1836
1782333934.0701592,1821
1782333934.0701609,1824
1782333934.071444,1827
1782333934.072712,1835
1782333934.072714,1848
1782333934.073996,1831
1782333934.0752819,1838
1782333934.07657,1839
1782333934.077857,1829
1782333934.077863,1823
1782333934.079149,1837
1782333934.080437,1838
1782333934.0817301,1842
1782333934.0817459,1854
1782333934.083062,1858
1782333934.0843542,1833
1782333934.085645,1807
1782333934.08692,1848
1782333934.0869231,1835
1782333934.097592,1839
1782333934.097596,1848
1782333934.097597,1828
1782333934.0975978,1819
1782333934.097599,1819
1782333934.0976,1845
1782333934.0976,1826
1782333934.097601,1836
1782333934.0976021,1848
1782333934.0976021,1842
1782333934.098869,1863
1782333934.098871,1867
1782333934.1015658,1877
1782333934.101569,1855
1782333934.102835,1859
1782333934.102837,1852
1782333934.1041222,1871
1782333934.105412,1864
1782333934.106696,1868
1782333934.10798,1845
1782333934.107987,1844
1782333934.1092658,1844
1782333934.110541,1834
1782333934.111823,1846
1782333934.111829,1846
1782333934.113112,1853
1782333934.1143968,1859
1782333934.116181,1866
1782333934.116183,1869
1782333934.126702,1847
1782333934.1267042,1845
1782333934.126705,1839
1782333934.126706,1853
1782333934.1267068,1859
1782333934.1267068,1886
1782333934.126708,1859
1782333934.126709,1851
1782333934.126709,1842
1782333934.12671,1855
1782333934.126715,1847
1782333934.12798,1848
1782333934.1304178,1861
1782333934.130421,1851
1782333934.13168,1856
1782333934.1329632,1844
1782333934.132969,1856
1782333934.134252,1850
1782333934.13552,1850
1782333934.136797,1839
1782333934.1368032,1832
1782333934.138091,1838
1782333934.139359,1847
1782333934.140637,1844
1782333934.14192,1828
1782333934.1419258,1830
1782333934.143221,1850
1782333934.144512,1848
1782333934.145798,1836
1782333934.145806,1863
1782333934.147487,1849
1782333934.158154,1860
1782333934.158156,1832
1782333934.158157,1839
1782333934.158157,1830
1782333934.158158,1851
1782333934.158159,1834
1782333934.158159,1836
1782333934.15816,1826
1782333934.158161,1813
1782333934.1581619,1827
1782333934.1581619,1822
1782333934.159433,1823
1782333934.1620228,1819
1782333934.162025,1831
1782333934.162026,1830
1782333934.163307,1835
1782333934.1645792,1845
1782333934.165859,1850
1782333934.165866,1836
1782333934.165868,1871
1782333934.16715,1866
1782333934.1684349,1880
1782333934.1697211,1871
1782333934.169727,1856
1782333934.171006,1843
1782333934.1722891,1842
1782333934.173572,1864
1782333934.174856,1869
1782333934.1748621,1858
1782333934.176144,1832
1782333934.177417,1844
1782333934.178678,1832
1782333934.188649,1839
1782333934.188652,1846
1782333934.188653,1847
1782333934.1886542,1855
1782333934.1886542,1846
1782333934.1886551,1882
1782333934.188656,1870
1782333934.188656,1857
1782333934.1886568,1860
1782333934.188658,1842
1782333934.189926,1839
1782333934.189929,1824
1782333934.19235,1817
1782333934.192352,1834
1782333934.1936269,1855
1782333934.194925,1860
1782333934.194933,1855
1782333934.1962209,1846
1782333934.197511,1827
1782333934.198797,1821
1782333934.198804,1803
1782333934.200086,1810
1782333934.201372,1816
1782333934.202663,1807
1782333934.203962,1803
1782333934.203968,1829
1782333934.2052522,1814
1782333934.206541,1815
1782333934.2080488,1819
1782333934.208051,1836
1782333934.2186399,1824
1782333934.218643,1834
1782333934.218644,1834
1782333934.218645,1829
1782333934.218646,1837
1782333934.218646,1851
1782333934.218647,1859
1782333934.218648,1861
1782333934.218648,1868
1782333934.2186491,1862
1782333934.219914,1849
1782333934.219917,1848
1782333934.222174,1857
1782333934.222176,1862
1782333934.2234602,1852
1782333934.224747,1853
1782333934.224753,1857
1782333934.226034,1862
1782333934.227303,1851
1782333934.2285829,1855
1782333934.229871,1839
1782333934.229878,1846
1782333934.231158,1844
1782333934.2324412,1844
1782333934.2337248,1850
1782333934.233741,1866
1782333934.235063,1871
1782333934.236355,1877
1782333934.237646,1869
1782333934.238933,1854
1782333934.2389388,1839
1782333934.2402089,1851
1782333934.250442,1852
1782333934.2504451,1846
1782333934.250446,1839
1782333934.250446,1835
1782333934.250447,1845
1782333934.250448,1866
1782333934.250449,1860
1782333934.250449,1864
1782333934.25045,1843
1782333934.2504508,1839
1782333934.251717,1855
1782333934.251722,1855
1782333934.254119,1837
1782333934.254121,1871
1782333934.255401,1859
1782333934.256693,1849
1782333934.257967,1834
1782333934.257971,1861
1782333934.2592561,1846
1782333934.2605288,1850
1782333934.261815,1834
1782333934.261822,1830
1782333934.263103,1836
1782333934.2643871,1836
1782333934.2656698,1836
1782333934.266954,1815
1782333934.2669609,1831
1782333934.26824,1830
1782333934.269513,1833
1782333934.270776,1837
1782333934.2707782,1849
1782333934.2811189,1824
1782333934.281122,1864
1782333934.2811232,1832
1782333934.281124,1857
1782333934.281125,1851
1782333934.2811258,1857
1782333934.2811258,1822
1782333934.281127,1831
1782333934.281128,1831
1782333934.281128,1844
1782333934.282398,1839
1782333934.2848809,1837
1782333934.284883,1832
1782333934.284884,1820
1782333934.2861462,1843
1782333934.2874272,1836
1782333934.288714,1868
1782333934.288733,1860
1782333934.290051,1855
1782333934.291324,1842
1782333934.291327,1847
1782333934.2926059,1834
1782333934.293891,1850
1782333934.2938979,1839
1782333934.295178,1825
1782333934.296462,1846
1782333934.297747,1847
1782333934.297753,1837
1782333934.299034,1831
1782333934.30033,1833
1782333934.310675,1859
1782333934.310678,1860
1782333934.310679,1862
1782333934.3106802,1850
1782333934.3106802,1859
1782333934.310681,1861
1782333934.310682,1861
1782333934.3106828,1855
1782333934.3106828,1857
1782333934.310684,1847
1782333934.3119519,1851
1782333934.311955,1857
1782333934.314228,1835
1782333934.31423,1831
1782333934.315497,1842
1782333934.316791,1839
1782333934.316798,1835
1782333934.3180811,1839
1782333934.319366,1847
1782333934.320651,1839
1782333934.321939,1835
1782333934.3219461,1834
1782333934.3232262,1829
1782333934.324509,1842
1782333934.325792,1862
1782333934.3257978,1875
1782333934.327081,1860
1782333934.328366,1864
1782333934.3300679,1865
1782333934.33007,1875
1782333934.340418,1874
1782333934.3404212,1876
1782333934.340422,1884
1782333934.3404229,1862
1782333934.3404238,1849
1782333934.340425,1848
1782333934.340425,1852
1782333934.340426,1876
1782333934.340427,1880
1782333934.340427,1888
1782333934.341693,1880
1782333934.3439941,1871
1782333934.343997,1871
1782333934.343997,1826
1782333934.345262,1823
1782333934.346539,1823
1782333934.3478222,1826
1782333934.347829,1844
1782333934.349108,1847
1782333934.350392,1842
1782333934.351674,1855
1782333934.352957,1849
1782333934.352963,1827
1782333934.354242,1825
1782333934.355525,1837
1782333934.35681,1829
1782333934.3568158,1823
1782333934.358088,1822
1782333934.360117,1834
1782333934.360121,1829
1782333934.370125,1836
1782333934.3701289,1839
1782333934.3701298,1818
1782333934.370131,1826
1782333934.370132,1844
1782333934.370133,1833
1782333934.370133,1839
1782333934.370134,1819
1782333934.370135,1819
1782333934.370135,1830
1782333934.371399,1835
1782333934.3736289,1839
1782333934.373631,1847
1782333934.374895,1832
1782333934.374897,1852
1782333934.376176,1855
1782333934.37746,1856
1782333934.378745,1869
1782333934.378751,1861
1782333934.380032,1859
1782333934.381315,1839
1782333934.3825989,1842
1782333934.383882,1876
1782333934.3838878,1852
1782333934.3851688,1839
1782333934.386453,1850
1782333934.387737,1826
1782333934.387743,1830
1782333934.389023,1822
1782333934.390306,1847
1782333934.391822,1832
1782333934.3918238,1823
1782333934.403048,1839
1782333934.403052,1844
1782333934.403053,1844
1782333934.403053,1855
1782333934.403054,1837
1782333934.4030552,1830
1782333934.4030552,1860
1782333934.4030561,1842
1782333934.4030569,1846
1782333934.4030569,1839
1782333934.4030578,1838
1782333934.404325,1849
1782333934.406861,1855
1782333934.406865,1855
1782333934.4068658,1861
1782333934.408133,1855
1782333934.409415,1859
1782333934.410701,1846
1782333934.411996,1833
1782333934.412002,1860
1782333934.413283,1852
1782333934.4145658,1830
1782333934.41585,1822
1782333934.4158561,1819
1782333934.4171362,1832
1782333934.417143,1819
1782333934.418423,1825
1782333934.419703,1848
1782333934.4209862,1823
1782333934.420991,1848
1782333934.4226902,1837
1782333934.4333792,1836
1782333934.4333818,1834
1782333934.433383,1831
1782333934.433384,1833
1782333934.433384,1844
1782333934.433385,1847
1782333934.433386,1839
1782333934.433386,1847
1782333934.433387,1843
1782333934.433388,1850
1782333934.433389,1845
1782333934.4346602,1839
1782333934.437108,1852
1782333934.43711,1854
1782333934.4371111,1860
1782333934.43839,1836
1782333934.439662,1839
1782333934.4409459,1854
1782333934.440952,1827
1782333934.442237,1846
1782333934.4435241,1844
1782333934.444811,1842
1782333934.4448168,1842
1782333934.446102,1816
1782333934.447387,1835
1782333934.448669,1853
1782333934.449952,1853
1782333934.4499578,1855
1782333934.451648,1829
1782333934.4620721,1843
1782333934.462075,1842
1782333934.462076,1830
1782333934.462077,1832
1782333934.4620779,1839
1782333934.4620779,1837
1782333934.462079,1831
1782333934.46208,1834
1782333934.46208,1839
1782333934.462081,1850
1782333934.4620821,1870
1782333934.463349,1858
1782333934.465508,1855
1782333934.46551,1854
1782333934.4667761,1851
1782333934.466778,1864
1782333934.468061,1860
1782333934.469344,1846
1782333934.470634,1861
1782333934.47192,1861
1782333934.471926,1861
1782333934.473207,1853
1782333934.4744902,1856
1782333934.475776,1870
1782333934.475782,1852
1782333934.477066,1851
1782333934.4783528,1810
1782333934.479626,1825
1782333934.480907,1824
1782333934.4809139,1816
1782333934.482559,1823
1782333934.492882,1835
1782333934.4928849,1837
1782333934.492886,1849
1782333934.492887,1839
1782333934.492888,1850
1782333934.492888,1862
1782333934.4928892,1861
1782333934.4928901,1848
1782333934.4928901,1854
1782333934.4928908,1870
1782333934.4928918,1851
1782333934.494157,1852
1782333934.496395,1870
1782333934.496398,1874
1782333934.497662,1870
1782333934.498959,1860
1782333934.5002549,1850
1782333934.5002618,1839
1782333934.501547,1847
1782333934.502836,1831
1782333934.5028422,1852
1782333934.504128,1858
1782333934.505416,1848
1782333934.506699,1856
1782333934.5079858,1866
1782333934.507992,1876
1782333934.509274,1861
1782333934.510562,1855
1782333934.51214,1844
1782333934.5121431,1859
1782333934.522778,1860
1782333934.5227818,1846
1782333934.522783,1849
1782333934.522784,1846
1782333934.522784,1865
1782333934.522785,1874
1782333934.5227861,1862
1782333934.5227861,1848
1782333934.522787,1857
1782333934.522788,1847
1782333934.522789,1818
1782333934.524055,1822
1782333934.5265348,1826
1782333934.526537,1821
1782333934.5278049,1816
1782333934.527807,1830
1782333934.529088,1814
1782333934.5303779,1826
1782333934.5316632,1819
1782333934.5329459,1819
1782333934.532952,1819
1782333934.534237,1835
1782333934.535525,1839
1782333934.536811,1838
1782333934.536818,1818
1782333934.538102,1822
1782333934.539391,1831
1782333934.540684,1826
1782333934.541972,1854
1782333934.5419781,1858
1782333934.543551,1839
1782333934.553919,1832
1782333934.5539231,1828
1782333934.553924,1815
1782333934.553924,1839
1782333934.553925,1839
1782333934.553926,1860
1782333934.553926,1855
1782333934.553927,1848
1782333934.553928,1870
1782333934.553928,1875
1782333934.5539289,1861
1782333934.55393,1839
1782333934.5551958,1849
1782333934.557451,1827
1782333934.557454,1829
1782333934.5587149,1831
1782333934.558718,1828
1782333934.560002,1823
1782333934.561291,1819
1782333934.562577,1832
1782333934.5638652,1829
1782333934.563871,1829
1782333934.565152,1836
1782333934.566439,1844
1782333934.567735,1854
1782333934.567751,1839
1782333934.569063,1862
1782333934.570357,1839
1782333934.571627,1839
1782333934.572908,1842
1782333934.5729148,1866
1782333934.574261,1845
1782333934.584824,1835
1782333934.584827,1871
1782333934.584828,1862
1782333934.5848289,1851
1782333934.58483,1856
1782333934.58483,1855
1782333934.584831,1876
1782333934.584832,1864
1782333934.584832,1862
1782333934.584833,1867
1782333934.584834,1839
1782333934.586102,1839
1782333934.5883179,1839
1782333934.588321,1880
1782333934.589602,1874
1782333934.5908911,1876
1782333934.5908968,1876
1782333934.592182,1850
1782333934.593468,1858
1782333934.594751,1865
1782333934.594757,1848
1782333934.596042,1846
1782333934.5973241,1838
1782333934.598606,1833
1782333934.5998888,1817
1782333934.599895,1819
1782333934.601174,1835
1782333934.602462,1821
1782333934.6038358,1823
1782333934.603838,1844
1782333934.6144981,1844
1782333934.6145,1843
1782333934.6145012,1832
1782333934.614502,1844
1782333934.614503,1852
1782333934.614503,1839
1782333934.6145039,1850
1782333934.614505,1858
1782333934.614505,1837
1782333934.614506,1836
1782333934.6157708,1833
1782333934.615772,1844
1782333934.618232,1858
1782333934.6182332,1866
1782333934.619512,1842
1782333934.620803,1818
1782333934.620809,1837
1782333934.622093,1866
1782333934.6233768,1859
1782333934.624659,1875
1782333934.625943,1837
1782333934.625949,1855
1782333934.627233,1856
1782333934.6285179,1838
1782333934.629805,1839
1782333934.629811,1832
1782333934.631094,1847
1782333934.63238,1836
1782333934.633667,1838
1782333934.6349351,1860
1782333934.634937,1845
1782333934.645175,1850
1782333934.645178,1836
1782333934.6451788,1846
1782333934.6451788,1831
1782333934.64518,1825
1782333934.645181,1823
1782333934.645181,1807
1782333934.645182,1800
1782333934.645183,1832
1782333934.645184,1844
1782333934.646452,1844
1782333934.648816,1869
1782333934.648818,1846
1782333934.648819,1853
1782333934.6500852,1848
1782333934.6513689,1853
1782333934.652656,1861
1782333934.653943,1864
1782333934.653949,1852
1782333934.655233,1859
1782333934.656518,1848
1782333934.657801,1834
1782333934.657807,1847
1782333934.659092,1859
1782333934.660379,1868
1782333934.661663,1859
1782333934.6629581,1871
1782333934.662965,1855
1782333934.66431,1865
1782333934.674734,1867
1782333934.674738,1862
1782333934.674739,1856
1782333934.674739,1842
1782333934.67474,1842
1782333934.674741,1832
1782333934.674741,1819
1782333934.674742,1828
1782333934.674743,1832
1782333934.6747441,1848
1782333934.6747441,1832
1782333934.674745,1822
1782333934.6760151,1849
1782333934.678256,1860
1782333934.678259,1866
1782333934.679544,1877
1782333934.680811,1871
1782333934.680813,1860
1782333934.6820962,1851
1782333934.68338,1868
1782333934.684669,1851
1782333934.685966,1827
1782333934.685972,1822
1782333934.687254,1822
1782333934.6885371,1833
1782333934.689821,1835
1782333934.6898282,1838
1782333934.6911092,1826
1782333934.692396,1838
1782333934.693687,1851
1782333934.694974,1842
1782333934.6949801,1860
1782333934.696244,1848
1782333934.706493,1854
1782333934.706496,1847
1782333934.706497,1844
1782333934.7064981,1826
1782333934.706499,1850
1782333934.706499,1869
1782333934.7065,1867
1782333934.706501,1862
1782333934.706501,1869
1782333934.706502,1868
1782333934.70777,1851
1782333934.707772,1856
1782333934.710057,1845
1782333934.7100601,1846
1782333934.711327,1837
1782333934.7126122,1830
1782333934.713901,1834
1782333934.713907,1839
1782333934.7151859,1847
1782333934.7164721,1839
1782333934.717757,1819
1782333934.7177641,1828
1782333934.719049,1812
1782333934.720337,1819
1782333934.721622,1826
1782333934.722908,1818
1782333934.722914,1804
1782333934.7241988,1826
1782333934.725487,1822
1782333934.726757,1837
1782333934.726758,1838
1782333934.736709,1858
1782333934.736712,1848
1782333934.736713,1866
1782333934.736714,1845
1782333934.736714,1848
1782333934.736715,1853
1782333934.736716,1859
1782333934.736716,1865
1782333934.736717,1865
1782333934.7367182,1871
1782333934.737986,1879
1782333934.740321,1865
1782333934.740323,1865
1782333934.7415879,1863
1782333934.742872,1852
1782333934.742878,1836
1782333934.744163,1845
1782333934.745451,1839
1782333934.7467399,1855
1782333934.7467551,1836
1782333934.748034,1839
1782333934.7493172,1844
1782333934.750603,1844
1782333934.75187,1844
1782333934.7518709,1844
1782333934.753129,1831
1782333934.754399,1839
1782333934.755666,1855
1782333934.75693,1868
1782333934.756932,1854
1782333934.758195,1843
1782333934.759456,1839
1782333934.7607172,1851
1782333934.7607198,1849
1782333934.7619798,1850
1782333934.771745,1849
1782333934.771748,1827
1782333934.771749,1806
1782333934.77175,1817
1782333934.771751,1804
1782333934.7717519,1816
1782333934.771753,1830
1782333934.771754,1847
1782333934.771754,1854
1782333934.771755,1838
1782333934.773033,1847
1782333934.775427,1842
1782333934.77543,1830
1782333934.776693,1835
1782333934.777976,1831
1782333934.777982,1832
1782333934.779267,1839
1782333934.780556,1851
1782333934.7818398,1863
1782333934.781846,1860
1782333934.783128,1868
1782333934.784414,1857
1782333934.7863822,1871
1782333934.7863839,1847
1782333934.7963672,1850
1782333934.79637,1839
1782333934.796371,1826
1782333934.796371,1815
1782333934.796372,1831
1782333934.796372,1830
1782333934.796373,1842
1782333934.796374,1855
1782333934.796374,1845
1782333934.796375,1834
1782333934.7976372,1833
1782333934.799839,1847
1782333934.7998421,1835
1782333934.7998421,1838
1782333934.801114,1849
1782333934.801116,1839
1782333934.8023942,1823
1782333934.803684,1830
1782333934.8049762,1829
1782333934.8049831,1838
1782333934.806263,1829
1782333934.807549,1849
1782333934.808838,1851
1782333934.808844,1835
1782333934.810132,1839
1782333934.811403,1821
1782333934.812682,1845
1782333934.813966,1826
1782333934.813972,1822
1782333934.815253,1828
1782333934.825834,1848
1782333934.8258371,1854
1782333934.825863,1850
1782333934.8258638,1845
1782333934.825865,1844
1782333934.825866,1830
1782333934.825867,1837
1782333934.825867,1846
1782333934.8258681,1839
1782333934.825869,1860
1782333934.82587,1882
1782333934.827132,1869
1782333934.829163,1853
1782333934.8291662,1820
1782333934.8304482,1839
1782333934.8317351,1839
1782333934.8317409,1843
1782333934.8330061,1824
1782333934.834284,1809
1782333934.835566,1796
1782333934.836851,1811
1782333934.838134,1839
1782333934.83814,1829
1782333934.8394182,1836
1782333934.840702,1868
1782333934.840717,1890
1782333934.842033,1865
1782333934.843323,1846
1782333934.844609,1848
1782333934.8458931,1835
1782333934.8459,1839
1782333934.847179,1826
1782333934.8488488,1827
1782333934.848852,1855
1782333934.860645,1852
1782333934.8606489,1853
1782333934.86065,1856
1782333934.860651,1853
1782333934.860652,1844
1782333934.8606532,1850
1782333934.8606532,1865
1782333934.860654,1865
1782333934.860655,1843
1782333934.860655,1863
1782333934.860656,1855
1782333934.86192,1845
1782333934.861922,1851
1782333934.864151,1865
1782333934.864154,1868
1782333934.865422,1862
1782333934.866689,1852
1782333934.8679621,1856
1782333934.867966,1859
1782333934.869235,1864
1782333934.8705149,1855
1782333934.8717859,1870
1782333934.871789,1853
1782333934.873055,1854
1782333934.874321,1833
1782333934.875592,1839
1782333934.876862,1836
1782333934.876865,1843
1782333934.878487,1824
1782333934.8888488,1837
1782333934.888853,1827
1782333934.888853,1834
1782333934.888854,1831
1782333934.888855,1828
1782333934.888855,1848
1782333934.8888562,1864
1782333934.8888571,1859
1782333934.8888571,1882
1782333934.888858,1864
1782333934.8888588,1864
1782333934.890128,1864
1782333934.892565,1857
1782333934.892568,1820
1782333934.893836,1819
1782333934.8938391,1829
1782333934.895123,1846
1782333934.896414,1832
1782333934.8977,1832
1782333934.898997,1839
1782333934.8990028,1839
1782333934.900291,1838
1782333934.9015691,1845
1782333934.902854,1828
1782333934.90286,1836
1782333934.904147,1854
1782333934.9054148,1839
1782333934.9067001,1830
1782333934.9080708,1830
1782333934.908072,1850
1782333934.918645,1851
1782333934.918647,1827
1782333934.918648,1842
1782333934.9186492,1846
1782333934.9186492,1828
1782333934.9186502,1839
1782333934.9186509,1838
1782333934.9186509,1830
1782333934.9186518,1839
1782333934.918653,1839
1782333934.919921,1832
1782333934.919924,1823
1782333934.922247,1832
1782333934.92225,1844
1782333934.9235141,1846
1782333934.9247801,1862
1782333934.924782,1839
1782333934.926066,1839
1782333934.927357,1836
1782333934.928643,1846
1782333934.929933,1843
1782333934.92994,1827
1782333934.931221,1817
1782333934.931227,1846
1782333934.932508,1855
1782333934.9337962,1849
1782333934.933802,1845
1782333934.9350889,1839
1782333934.936378,1855
1782333934.9376671,1883
1782333934.939359,1879
1782333934.939361,1871
1782333934.949672,1861
1782333934.949675,1863
1782333934.949676,1849
1782333934.949676,1855
1782333934.949677,1851
1782333934.9496782,1844
1782333934.9496782,1839
1782333934.9496791,1826
1782333934.94968,1817
1782333934.94968,1819
1782333934.9509408,1823
1782333934.950943,1839
1782333934.95326,1848
1782333934.953263,1857
1782333934.9545422,1871
1782333934.955822,1871
1782333934.9558258,1885
1782333934.9571142,1863
1782333934.958403,1891
1782333934.959692,1880
1782333934.960981,1898
1782333934.9609869,1861
1782333934.962272,1865
1782333934.963561,1854
1782333934.9648461,1868
1782333934.964853,1863
1782333934.966134,1854
1782333934.967422,1838
1782333934.968707,1843
1782333934.970145,1842
1782333934.9701471,1844
1782333934.980365,1854
1782333934.9803689,1842
1782333934.9803689,1812
1782333934.9803698,1819
1782333934.980371,1822
1782333934.980371,1848
1782333934.980372,1828
1782333934.980373,1838
1782333934.980373,1827
1782333934.980374,1852
1782333934.981644,1843
1782333934.98402,1855
1782333934.984023,1864
1782333934.984024,1863
1782333934.985292,1863
1782333934.9865768,1862
1782333934.987869,1851
1782333934.987875,1860
1782333934.9891572,1836
1782333934.9904408,1834
1782333934.991734,1833
1782333934.991751,1842
1782333934.9930508,1855
1782333934.994339,1848
1782333934.995626,1834
1782333934.996914,1815
1782333934.99692,1828
1782333934.998205,1815
1782333934.9994922,1815
1782333935.000791,1820
1782333935.000795,1829
1782333935.011311,1833
1782333935.011314,1848
1782333935.0113149,1853
1782333935.011316,1846
1782333935.011316,1838
1782333935.011317,1838
1782333935.011318,1846
1782333935.011318,1853
1782333935.011319,1887
1782333935.01132,1877
1782333935.012585,1868
1782333935.0149639,1844
1782333935.014966,1859
1782333935.014967,1845
1782333935.0162408,1846
1782333935.017524,1837
1782333935.018813,1848
1782333935.01882,1866
1782333935.0201018,1871
1782333935.021389,1866
1782333935.022672,1871
1782333935.023956,1848
1782333935.023962,1835
1782333935.025242,1820
1782333935.026528,1821
1782333935.0278149,1829
1782333935.027821,1816
1782333935.029106,1822
1782333935.030643,1834
1782333935.041091,1842
1782333935.041095,1836
1782333935.041096,1861
1782333935.041096,1858
1782333935.041097,1860
1782333935.0410979,1864
1782333935.0410979,1857
1782333935.041099,1865
1782333935.0411,1853
1782333935.0411,1851
1782333935.041101,1858
1782333935.042367,1862
1782333935.044786,1848
1782333935.044789,1839
1782333935.04479,1835
1782333935.0460749,1838
1782333935.047372,1826
1782333935.048641,1835
1782333935.049925,1825
1782333935.049932,1831
1782333935.0512168,1834
1782333935.0524879,1827
1782333935.053754,1832
1782333935.053756,1852
1782333935.055037,1852
1782333935.05632,1856
1782333935.057606,1882
1782333935.058892,1867
1782333935.058898,1831
1782333935.060163,1852
1782333935.0601652,1858
1782333935.0704708,1845
1782333935.070474,1844
1782333935.070475,1832
1782333935.070476,1835
1782333935.070476,1831
1782333935.070477,1822
1782333935.070478,1820
1782333935.0704792,1821
1782333935.0704792,1853
1782333935.0704799,1845
1782333935.071748,1852
1782333935.07175,1886
1782333935.074181,1878
1782333935.074184,1864
1782333935.075447,1868
1782333935.076731,1855
1782333935.076738,1839
1782333935.078023,1857
1782333935.0793118,1852
1782333935.0806022,1848
1782333935.0818849,1863
1782333935.081892,1844
1782333935.083173,1854
1782333935.0844622,1855
1782333935.085748,1843
1782333935.0857542,1839
1782333935.087035,1847
1782333935.088324,1842
1782333935.089611,1835
1782333935.090896,1807
1782333935.090902,1827
1782333935.0921679,1842
1782333935.093432,1835
1782333935.103832,1835
1782333935.103837,1844
1782333935.103838,1859
1782333935.103839,1834
1782333935.10384,1848
1782333935.10384,1835
1782333935.103841,1830
1782333935.103842,1834
1782333935.103842,1835
1782333935.103843,1812
1782333935.1038442,1844
1782333935.1051068,1834
1782333935.10766,1836
1782333935.1076632,1845
1782333935.108929,1853
1782333935.108938,1868
1782333935.11022,1864
1782333935.111474,1885
1782333935.112764,1857
1782333935.1127732,1839
1782333935.114054,1846
1782333935.115337,1851
1782333935.1166232,1847
1782333935.1179252,1848
1782333935.1179361,1855
1782333935.119204,1839
1782333935.1204858,1859
1782333935.12177,1839
1782333935.121776,1855
1782333935.1230452,1838
1782333935.133,1870
1782333935.133003,1850
1782333935.133004,1837
1782333935.1330051,1819
1782333935.133006,1825
1782333935.133006,1823
1782333935.133007,1830
1782333935.1330078,1829
1782333935.1330078,1844
1782333935.133009,1839
1782333935.134274,1838
1782333935.136838,1837
1782333935.1368399,1844
1782333935.136841,1867
1782333935.138129,1839
1782333935.139401,1848
1782333935.140679,1850
1782333935.141964,1846
1782333935.14197,1826
1782333935.143269,1832
1782333935.14456,1839
1782333935.1458502,1843
1782333935.145856,1839
1782333935.14714,1839
1782333935.148424,1869
1782333935.149716,1850
1782333935.149733,1844
1782333935.151037,1848
1782333935.1523101,1844
1782333935.162264,1854
1782333935.162267,1850
1782333935.162268,1838
1782333935.1622689,1839
1782333935.1622689,1843
1782333935.16227,1848
1782333935.162271,1844
1782333935.162271,1864
1782333935.162272,1861
1782333935.162273,1853
1782333935.163535,1829
1782333935.165747,1854
1782333935.16575,1836
1782333935.165751,1839
1782333935.1670132,1831
1782333935.168309,1838
1782333935.169603,1836
1782333935.170893,1807
1782333935.1708999,1792
1782333935.1721869,1814
1782333935.173471,1819
1782333935.174755,1824
1782333935.174761,1828
1782333935.176045,1830
1782333935.177315,1848
1782333935.178594,1843
1782333935.17988,1825
1782333935.179887,1852
1782333935.181171,1834
1782333935.182708,1843
1782333935.193323,1835
1782333935.193326,1842
1782333935.1933272,1839
1782333935.1933281,1850
1782333935.1933281,1832
1782333935.1933289,1824
1782333935.1933298,1869
1782333935.1933298,1887
1782333935.193331,1877
1782333935.193332,1848
1782333935.193332,1854
1782333935.193333,1832
1782333935.1945941,1828
1782333935.196995,1869
1782333935.196998,1849
1782333935.1969988,1837
1782333935.198265,1842
1782333935.199549,1822
1782333935.2008362,1842
1782333935.200842,1844
1782333935.20211,1839
1782333935.203392,1849
1782333935.204661,1839
1782333935.2059379,1829
1782333935.205945,1841
1782333935.207225,1833
1782333935.2085152,1833
1782333935.209803,1838
1782333935.20981,1844
1782333935.211096,1839
1782333935.212521,1837
1782333935.222935,1870
1782333935.222938,1886
1782333935.2229388,1903
1782333935.22294,1898
1782333935.222941,1890
1782333935.222941,1881
1782333935.2229419,1871
1782333935.222943,1866
1782333935.222943,1860
1782333935.222944,1853
1782333935.222945,1870
1782333935.224213,1854
1782333935.2265432,1853
1782333935.2265449,1855
1782333935.2278101,1847
1782333935.227812,1850
1782333935.2290938,1851
1782333935.230378,1869
1782333935.2316601,1874
1782333935.232948,1871
1782333935.232954,1867
1782333935.234238,1863
1782333935.235512,1861
1782333935.236788,1855
1782333935.236795,1846
1782333935.238074,1849
1782333935.239361,1858
1782333935.240646,1862
1782333935.241933,1846
1782333935.2419388,1843
1782333935.2433941,1850
1782333935.254038,1830
1782333935.2540412,1822
1782333935.2540412,1834
1782333935.2540421,1813
1782333935.2540429,1832
1782333935.2540429,1825
1782333935.2540438,1837
1782333935.254045,1838
1782333935.254045,1832
1782333935.254046,1842
1782333935.254047,1835
1782333935.255316,1852
1782333935.257657,1870
1782333935.257659,1832
1782333935.258927,1834
1782333935.25893,1851
1782333935.260211,1839
1782333935.2615008,1839
1782333935.262789,1820
1782333935.262796,1832
1782333935.264077,1831
1782333935.2653599,1832
1782333935.266644,1846
1782333935.26793,1821
1782333935.267937,1814
1782333935.2692192,1813
1782333935.2705028,1828
1782333935.271772,1820
1782333935.271774,1826
1782333935.273055,1821
1782333935.274357,1839
1782333935.2847,1831
1782333935.284704,1832
1782333935.284705,1832
1782333935.284706,1847
1782333935.284706,1833
1782333935.284707,1822
1782333935.284708,1838
1782333935.284708,1835
1782333935.2847092,1838
1782333935.28471,1849
1782333935.2847161,1832
1782333935.285978,1836
1782333935.288206,1846
1782333935.2882078,1860
1782333935.2894762,1845
1782333935.290758,1851
1782333935.290765,1845
1782333935.292048,1855
1782333935.2933388,1871
1782333935.2946281,1871
1782333935.295918,1887
1782333935.295924,1856
1782333935.297212,1876
1782333935.298497,1864
1782333935.299783,1850
1782333935.299789,1871
1782333935.301076,1864
1782333935.302367,1876
1782333935.304256,1885
1782333935.304258,1887
1782333935.314571,1867
1782333935.314574,1870
1782333935.3145752,1851
1782333935.3145752,1849
1782333935.314576,1850
1782333935.3145769,1851
1782333935.3145778,1836
1782333935.3145778,1831
1782333935.314579,1824
1782333935.31458,1823
1782333935.315841,1820
1782333935.315843,1820
1782333935.3182569,1796
1782333935.31826,1805
1782333935.319525,1812
1782333935.320809,1833
1782333935.320815,1815
1782333935.320818,1806
1782333935.3221009,1818
1782333935.323383,1844
1782333935.324682,1834
1782333935.3259652,1823
1782333935.325971,1832
1782333935.327256,1835
1782333935.3285398,1819
1782333935.329827,1819
1782333935.329834,1838
1782333935.331119,1849
1782333935.332408,1855
1782333935.3336902,1845
1782333935.3349912,1842
1782333935.334993,1837
1782333935.345273,1807
1782333935.3452759,1822
1782333935.3452759,1823
1782333935.3452768,1824
1782333935.345278,1835
1782333935.345278,1849
1782333935.345279,1868
1782333935.34528,1850
1782333935.3452811,1870
1782333935.346546,1878
1782333935.346548,1874
1782333935.348897,1862
1782333935.348901,1855
1782333935.348902,1834
1782333935.3501692,1865
1782333935.3514519,1864
1782333935.352741,1861
1782333935.352747,1847
1782333935.354032,1865
1782333935.355318,1858
1782333935.356601,1879
1782333935.357883,1863
1782333935.357889,1858
1782333935.3591769,1857
1782333935.360467,1856
1782333935.361751,1862
1782333935.361757,1854
1782333935.36304,1850
1782333935.364403,1855
1782333935.37458,1842
1782333935.374583,1837
1782333935.374584,1852
1782333935.374584,1855
1782333935.3745852,1859
1782333935.374586,1845
1782333935.374586,1813
1782333935.3745868,1824
1782333935.374588,1843
1782333935.374588,1863
1782333935.3758569,1851
1782333935.37586,1857
1782333935.37836,1843
1782333935.3783622,1846
1782333935.379641,1835
1782333935.380909,1847
1782333935.380911,1838
1782333935.3821912,1849
1782333935.383479,1836
1782333935.384765,1850
1782333935.384772,1846
1782333935.386053,1837
1782333935.387341,1839
1782333935.388629,1842
1782333935.3899121,1844
1782333935.3899179,1871
1782333935.3911989,1839
1782333935.3924859,1819
1782333935.393773,1830
1782333935.393779,1851
1782333935.395064,1845
1782333935.3963342,1842
1782333935.406396,1859
1782333935.406398,1853
1782333935.406399,1838
1782333935.406399,1832
1782333935.4064,1828
1782333935.406401,1839
1782333935.406401,1828
1782333935.406402,1821
1782333935.406403,1812
1782333935.406404,1803
1782333935.4076748,1829
1782333935.410045,1846
1782333935.410047,1838
1782333935.410048,1853
1782333935.4113128,1853
1782333935.412596,1835
1782333935.4138849,1825
1782333935.413891,1839
1782333935.4151738,1853
1782333935.41646,1846
1782333935.4177449,1852
1782333935.417752,1870
1782333935.419035,1857
1782333935.420324,1844
1782333935.4216099,1838
1782333935.4228961,1825
1782333935.422902,1847
1782333935.424185,1825
1782333935.4254742,1839
1782333935.42674,1836
1782333935.426743,1843
1782333935.4371789,1848
1782333935.437183,1850
1782333935.437184,1850
1782333935.437184,1824
1782333935.437185,1826
1782333935.437186,1823
1782333935.437186,1854
1782333935.437187,1843
1782333935.4371881,1858
1782333935.437189,1851
1782333935.438457,1845
1782333935.4408178,1862
1782333935.440821,1838
1782333935.440821,1843
1782333935.442088,1839
1782333935.443371,1845
1782333935.4446578,1848
1782333935.444664,1861
1782333935.445997,1859
1782333935.446006,1862
1782333935.447294,1848
1782333935.4485781,1867
1782333935.449862,1866
1782333935.4498692,1866
1782333935.4511518,1871
1782333935.45244,1874
1782333935.4537349,1862
1782333935.453749,1861
1782333935.455033,1859
1782333935.4563031,1856
1782333935.466362,1832
1782333935.466364,1850
1782333935.4663649,1847
1782333935.466366,1843
1782333935.466366,1858
1782333935.466367,1844
1782333935.466368,1860
1782333935.466368,1846
1782333935.466369,1842
1782333935.46637,1857
1782333935.4676301,1839
1782333935.4699352,1857
1782333935.4699368,1847
1782333935.4699378,1839
1782333935.4712179,1858
1782333935.472485,1839
1782333935.4737651,1842
1782333935.473772,1846
1782333935.475057,1839
1782333935.476344,1828
1782333935.477631,1850
1782333935.478919,1831
1782333935.478925,1869
1782333935.4802089,1852
1782333935.481492,1851
1782333935.482775,1855
1782333935.482781,1871
1782333935.484064,1861
1782333935.485353,1853
1782333935.486801,1855
1782333935.486803,1865
1782333935.497098,1848
1782333935.497101,1834
1782333935.497101,1850
1782333935.497102,1849
1782333935.4971032,1855
1782333935.4971032,1871
1782333935.497104,1859
1782333935.497105,1850
1782333935.4971058,1868
1782333935.4971058,1857
1782333935.498373,1835
1782333935.5006962,1849
1782333935.500698,1832
1782333935.500702,1819
1782333935.501973,1822
1782333935.5032551,1854
1782333935.504545,1839
1782333935.505829,1838
1782333935.505835,1844
1782333935.5071151,1852
1782333935.508398,1839
1782333935.509685,1839
1782333935.51097,1839
1782333935.510976,1848
1782333935.5122602,1855
1782333935.513547,1848
1782333935.514833,1847
1782333935.516504,1855
1782333935.5165062,1839
1782333935.5268219,1865
1782333935.526825,1842
1782333935.526826,1836
1782333935.526827,1839
1782333935.526827,1850
1782333935.526828,1842
1782333935.526829,1828
1782333935.526829,1836
1782333935.5268302,1847
1782333935.5268312,1860
1782333935.526832,1868
1782333935.528096,1846
1782333935.5303612,1861
1782333935.5303638,1873
1782333935.531635,1874
1782333935.5329201,1858
1782333935.5329258,1846
1782333935.5342112,1852
1782333935.535496,1843
1782333935.536791,1849
1782333935.536797,1839
1782333935.53808,1821
1782333935.539348,1822
1782333935.540611,1816
1782333935.541893,1839
1782333935.541899,1834
1782333935.543183,1834
1782333935.544471,1850
1782333935.5457559,1856
1782333935.545762,1853
1782333935.54777,1848
1782333935.547772,1855
1782333935.558205,1848
1782333935.558209,1832
1782333935.5582101,1833
1782333935.5582101,1847
1782333935.558211,1838
1782333935.558212,1812
1782333935.558212,1811
1782333935.5582132,1829
1782333935.558214,1835
1782333935.558214,1805
1782333935.5594828,1845
1782333935.561804,1829
1782333935.5618079,1831
1782333935.5618088,1850
1782333935.563092,1839
1782333935.5643609,1839
1782333935.56564,1842
1782333935.566926,1851
1782333935.566933,1828
1782333935.568219,1815
1782333935.569504,1821
1782333935.570793,1843
1782333935.5708,1822
1782333935.570802,1832
1782333935.572087,1861
1782333935.573371,1860
1782333935.574655,1859
1782333935.575941,1866
1782333935.575947,1858
1782333935.577232,1834
1782333935.578552,1839
1782333935.5889049,1855
1782333935.588907,1869
1782333935.588908,1850
1782333935.5889091,1833
1782333935.58891,1845
1782333935.58891,1853
1782333935.588911,1835
1782333935.588912,1863
1782333935.588912,1853
1782333935.588913,1853
1782333935.588914,1842
1782333935.590175,1834
1782333935.592389,1819
1782333935.592391,1836
1782333935.593656,1829
1782333935.594945,1837
1782333935.594951,1838
1782333935.596235,1816
1782333935.597522,1811
1782333935.598807,1807
1782333935.598814,1822
1782333935.6000938,1839
1782333935.601381,1833
1782333935.602658,1851
1782333935.603945,1855
1782333935.6039512,1852
1782333935.6052349,1851
1782333935.606509,1823
1782333935.608284,1847
1782333935.608286,1848
1782333935.618768,1845
1782333935.618772,1846
1782333935.618773,1844
1782333935.618773,1853
1782333935.618774,1835
1782333935.6187751,1845
1782333935.6187751,1859
1782333935.618776,1828
1782333935.618777,1842
1782333935.6187782,1846
1782333935.6187782,1862
1782333935.62005,1859
1782333935.622508,1826
1782333935.6225111,1824
1782333935.6237812,1843
1782333935.6237829,1850
1782333935.625063,1852
1782333935.6263459,1854
1782333935.62763,1858
1782333935.628918,1869
1782333935.6289248,1876
1782333935.630205,1880
1782333935.631489,1877
1782333935.6327722,1857
1782333935.632778,1859
1782333935.634064,1858
1782333935.63535,1838
1782333935.636638,1858
1782333935.6379259,1858
1782333935.637932,1847
1782333935.639454,1867
1782333935.649748,1855
1782333935.64975,1861
1782333935.649751,1846
1782333935.649751,1851
1782333935.6497521,1838
1782333935.649753,1826
1782333935.649753,1829
1782333935.649754,1823
1782333935.6497548,1835
1782333935.6497548,1834
1782333935.649756,1847
1782333935.65102,1834
1782333935.653315,1845
1782333935.6533172,1832
1782333935.6545951,1848
1782333935.655861,1832
1782333935.655863,1818
1782333935.657144,1827
1782333935.6584299,1839
1782333935.659713,1844
1782333935.6610072,1839
1782333935.661013,1807
1782333935.662296,1834
1782333935.663583,1827
1782333935.6648672,1844
1782333935.664873,1839
1782333935.666154,1837
1782333935.6674418,1823
1782333935.6687381,1842
1782333935.6687539,1829
1782333935.670104,1827
1782333935.680588,1837
1782333935.6805918,1835
1782333935.680593,1842
1782333935.680593,1843
1782333935.680594,1849
1782333935.680595,1839
1782333935.680595,1846
1782333935.6805959,1837
1782333935.680597,1835
1782333935.680598,1845
1782333935.681864,1869
1782333935.681866,1866
1782333935.684204,1858
1782333935.6842072,1847
1782333935.685473,1839
1782333935.686754,1860
1782333935.68676,1864
1782333935.688045,1861
1782333935.6893282,1852
1782333935.690612,1839
1782333935.691898,1851
1782333935.691905,1856
1782333935.6931908,1856
1782333935.693197,1855
1782333935.694481,1859
1782333935.695764,1853
1782333935.69577,1862
1782333935.6970549,1849
1782333935.6983418,1839
1782333935.699936,1821
1782333935.699938,1836
1782333935.710526,1825
1782333935.71053,1812
1782333935.710531,1817
1782333935.710531,1829
1782333935.7105322,1835
1782333935.7105331,1839
1782333935.7105331,1832
1782333935.7105339,1846
1782333935.7105348,1812
1782333935.7105348,1824
1782333935.711808,1815
1782333935.711811,1814
1782333935.7140312,1826
1782333935.714033,1815
1782333935.7152991,1810
1782333935.716583,1848
1782333935.7178712,1833
1782333935.717878,1829
1782333935.719164,1818
1782333935.720453,1818
1782333935.7217228,1817
1782333935.721725,1829
1782333935.7230022,1836
1782333935.724284,1827
1782333935.72557,1843
1782333935.726857,1834
1782333935.7268631,1826
1782333935.728148,1852
1782333935.729435,1863
1782333935.730907,1844
1782333935.7309089,1834
1782333935.741224,1878
1782333935.741228,1864
1782333935.741229,1868
1782333935.74123,1862
1782333935.7412312,1851
1782333935.7412312,1851
1782333935.7412322,1859
1782333935.7412329,1854
1782333935.7412329,1854
1782333935.7412338,1864
1782333935.742501,1859
1782333935.744839,1854
1782333935.744842,1858
1782333935.744842,1858
1782333935.7461288,1852
1782333935.7474,1846
1782333935.7486851,1854
1782333935.749975,1829
1782333935.7499819,1839
1782333935.751265,1860
1782333935.752555,1855
1782333935.7538428,1860
1782333935.7538502,1854
1782333935.755132,1839
1782333935.756418,1851
1782333935.7577019,1863
1782333935.759039,1867
1782333935.759048,1855
1782333935.7603142,1825
1782333935.770748,1848
1782333935.770752,1831
1782333935.770753,1827
1782333935.770753,1838
1782333935.770754,1832
1782333935.770755,1838
1782333935.770755,1847
1782333935.770756,1848
1782333935.7707572,1849
1782333935.7707572,1866
1782333935.770758,1874
1782333935.7720199,1862
1782333935.7743099,1854
1782333935.774313,1863
1782333935.77558,1838
1782333935.776864,1860
1782333935.776871,1858
1782333935.778157,1849
1782333935.7794461,1834
1782333935.780731,1845
1782333935.780737,1844
1782333935.782017,1836
1782333935.783301,1843
1782333935.78459,1843
1782333935.785876,1837
1782333935.785883,1851
1782333935.787167,1863
1782333935.78845,1858
1782333935.789737,1849
1782333935.789751,1869
1782333935.7910342,1851
1782333935.793055,1821
1782333935.793059,1833
1782333935.8035572,1858
1782333935.80356,1859
1782333935.803561,1838
1782333935.803562,1850
1782333935.803563,1835
1782333935.803563,1845
1782333935.803564,1826
1782333935.803565,1807
1782333935.803565,1845
1782333935.803566,1834
1782333935.804832,1839
1782333935.8048341,1829
1782333935.8070889,1843
1782333935.807091,1871
1782333935.8083572,1859
1782333935.80964,1865
1782333935.8109288,1867
1782333935.810936,1851
1782333935.8122199,1859
1782333935.813515,1862
1782333935.814798,1849
1782333935.814805,1848
1782333935.816087,1832
1782333935.817375,1831
1782333935.8173811,1831
1782333935.818666,1835
1782333935.819962,1823
1782333935.819969,1820
1782333935.821256,1830
1782333935.822807,1824
1782333935.822809,1824
1782333935.833293,1829
1782333935.833295,1838
1782333935.8332958,1838
1782333935.833297,1830
1782333935.833298,1829
1782333935.833298,1820
1782333935.833299,1821
1782333935.8332999,1793
1782333935.8332999,1837
1782333935.833301,1834
1782333935.8345642,1832
1782333935.836776,1836
1782333935.83678,1820
1782333935.836781,1830
1782333935.838047,1851
1782333935.839314,1833
1782333935.840598,1836
1782333935.8418849,1839
1782333935.841892,1855
1782333935.843176,1869
1782333935.844466,1842
1782333935.84575,1843
1782333935.8457549,1852
1782333935.84704,1852
1782333935.848323,1843
1782333935.8496058,1837
1782333935.8508952,1842
1782333935.850901,1864
1782333935.852164,1861
1782333935.8620648,1855
1782333935.862068,1851
1782333935.862069,1855
1782333935.862069,1847
1782333935.86207,1853
1782333935.862071,1853
1782333935.862071,1852
1782333935.862072,1864
1782333935.8620732,1856
1782333935.8620732,1843
1782333935.863341,1843
1782333935.865823,1824
1782333935.8658261,1826
1782333935.865827,1854
1782333935.8670878,1844
1782333935.868371,1830
1782333935.8696609,1831
1782333935.870998,1878
1782333935.871008,1868
1782333935.8722959,1854
1782333935.8735821,1854
1782333935.874871,1866
1782333935.874877,1853
1782333935.876163,1839
1782333935.877451,1862
1782333935.8787358,1887
1782333935.878742,1868
1782333935.880026,1860
1782333935.8813162,1869
1782333935.882595,1854
1782333935.8929641,1885
1782333935.892967,1845
1782333935.892967,1832
1782333935.892968,1856
1782333935.892969,1859
1782333935.89297,1828
1782333935.89297,1834
1782333935.892971,1836
1782333935.892972,1855
1782333935.892972,1821
1782333935.892973,1852
1782333935.894238,1903
1782333935.896548,1890
1782333935.89655,1856
1782333935.8978162,1868
1782333935.897818,1839
1782333935.8990998,1839
1782333935.900384,1802
1782333935.90167,1824
1782333935.902957,1850
1782333935.9029639,1846
1782333935.904248,1863
1782333935.905536,1827
1782333935.906821,1825
1782333935.906827,1839
1782333935.908106,1826
1782333935.909394,1823
1782333935.910662,1828
1782333935.912439,1826
1782333935.9124422,1832
1782333935.9227588,1830
1782333935.922763,1846
1782333935.922764,1867
1782333935.922765,1850
1782333935.922765,1813
1782333935.922766,1830
1782333935.9227672,1843
1782333935.9227672,1830
1782333935.9227679,1827
1782333935.9227688,1866
1782333935.9227688,1844
1782333935.924038,1824
1782333935.9264472,1812
1782333935.92645,1823
1782333935.927715,1880
1782333935.9277172,1858
1782333935.929,1845
1782333935.9302888,1851
1782333935.931574,1855
1782333935.9328582,1848
1782333935.9328651,1829
1782333935.93415,1839
1782333935.9354382,1871
1782333935.936724,1871
1782333935.936741,1870
1782333935.93806,1852
1782333935.9393542,1859
1782333935.940644,1857
1782333935.941932,1807
1782333935.941938,1806
1782333935.943666,1854
1782333935.943668,1844
1782333935.954165,1856
1782333935.9541671,1846
1782333935.954168,1834
1782333935.954169,1825
1782333935.9541702,1796
1782333935.9541702,1828
1782333935.954171,1855
1782333935.954172,1826
1782333935.9541728,1807
1782333935.9541728,1791
1782333935.954174,1813
1782333935.955446,1831
1782333935.9579132,1817
1782333935.9579148,1831
1782333935.957916,1871
1782333935.959182,1849
1782333935.960465,1879
1782333935.96175,1847
1782333935.961756,1850
1782333935.963041,1846
1782333935.964326,1807
1782333935.96561,1852
1782333935.966896,1868
1782333935.966902,1887
1782333935.9681861,1886
1782333935.969474,1866
1782333935.970762,1884
1782333935.970768,1855
1782333935.972053,1827
1782333935.973335,1824
1782333935.974601,1829
1782333935.984721,1874
1782333935.9847229,1848
1782333935.984724,1818
1782333935.984725,1858
1782333935.984725,1845
1782333935.984726,1822
1782333935.9847271,1804
1782333935.9847271,1826
1782333935.984728,1879
1782333935.984729,1865
1782333935.98473,1850
1782333935.985995,1846
1782333935.988298,1839
1782333935.988301,1835
1782333935.989562,1819
1782333935.990846,1854
1782333935.990852,1885
1782333935.9921348,1871
1782333935.993423,1836
1782333935.994705,1852
1782333935.996002,1881
1782333935.996008,1894
1782333935.997292,1848
1782333935.9985752,1864
1782333935.999858,1889
1782333935.999865,1875
1782333936.0011468,1879
1782333936.002429,1865
1782333936.0039701,1850
1782333936.003972,1854
1782333936.0145972,1814
1782333936.014601,1801
1782333936.014602,1856
1782333936.014602,1863
1782333936.014603,1838
1782333936.014604,1839
1782333936.014604,1863
1782333936.014605,1848
1782333936.014606,1812
1782333936.014606,1839
1782333936.0158741,1874
1782333936.015876,1864
1782333936.0182168,1850
1782333936.018219,1835
1782333936.0194838,1834
1782333936.020767,1844
1782333936.0207732,1827
1782333936.022052,1797
1782333936.0246131,1815
1782333936.02462,1843
1782333936.0259042,1838
1782333936.02591,1806
1782333936.027194,1813
1782333936.028482,1847
1782333936.029772,1838
1782333936.029778,1824
1782333936.031063,1865
1782333936.032351,1882
1782333936.033634,1844
1782333936.034928,1815
1782333936.03493,1811
1782333936.045483,1820
1782333936.045486,1802
1782333936.0454872,1779
1782333936.045488,1814
1782333936.045488,1865
1782333936.0454888,1854
1782333936.04549,1849
1782333936.04549,1839
1782333936.045491,1844
1782333936.045492,1849
1782333936.0467572,1802
1782333936.046759,1836
1782333936.04911,1902
1782333936.049112,1871
1782333936.050375,1839
1782333936.0516522,1844
1782333936.052923,1844
1782333936.0529249,1846
1782333936.0542028,1802
1782333936.055491,1816
1782333936.056778,1879
1782333936.0567858,1869
1782333936.0580559,1887
1782333936.0593338,1855
1782333936.0606232,1866
1782333936.061912,1858
1782333936.061919,1794
1782333936.063203,1802
1782333936.064478,1847
1782333936.0748081,1857
1782333936.074811,1830
1782333936.074812,1816
1782333936.074813,1839
1782333936.0748138,1846
1782333936.0748138,1784
1782333936.074815,1807
1782333936.074816,1866
1782333936.074817,1859
1782333936.0748181,1861
1782333936.0748181,1850
1782333936.074819,1851
1782333936.076085,1859
1782333936.077346,1821
1782333936.079696,1835
1782333936.079699,1874
1782333936.079703,1901
1782333936.080968,1870
1782333936.082245,1839
1782333936.083533,1859
1782333936.084821,1865
1782333936.084828,1839
1782333936.086114,1819
1782333936.0873852,1839
1782333936.0886788,1858
1782333936.089964,1843
1782333936.0899699,1838
1782333936.0912519,1854
1782333936.092541,1854
1782333936.0938282,1845
1782333936.093835,1802
1782333936.095114,1826
1782333936.096384,1856
1782333936.1069582,1839
1782333936.106962,1853
1782333936.106963,1850
1782333936.1069639,1850
1782333936.106965,1865
1782333936.106965,1839
1782333936.106966,1850
1782333936.106967,1910
1782333936.106967,1877
1782333936.1069682,1875
1782333936.106969,1870
1782333936.108244,1859
1782333936.111115,1839
1782333936.111119,1805
1782333936.111119,1834
1782333936.112383,1898
1782333936.113676,1871
1782333936.114963,1867
1782333936.114969,1864
1782333936.116249,1859
1782333936.1175308,1848
1782333936.118635,1820
1782333936.119915,1827
1782333936.1199172,1875
1782333936.121204,1861
1782333936.122495,1844
1782333936.1237829,1831
1782333936.123789,1833
1782333936.125071,1824
1782333936.127006,1780
1782333936.127008,1791
1782333936.137372,1832
1782333936.137376,1856
1782333936.137377,1858
1782333936.137378,1839
1782333936.137378,1876
1782333936.1373792,1867
1782333936.1373801,1820
1782333936.1373801,1805
1782333936.137381,1819
1782333936.1373818,1865
1782333936.1386518,1851
1782333936.141147,1829
1782333936.14115,1846
1782333936.141151,1843
1782333936.1424289,1834
1782333936.1436958,1806
1782333936.144991,1826
1782333936.1449971,1865
1782333936.146281,1860
1782333936.1475499,1869
1782333936.14883,1861
1782333936.1488361,1868
1782333936.150121,1858
1782333936.1514208,1807
1782333936.1527119,1837
1782333936.152731,1896
1782333936.154019,1876
1782333936.155301,1858
1782333936.156636,1889
1782333936.167099,1885
1782333936.1671019,1870
1782333936.167103,1810
1782333936.167104,1852
1782333936.167105,1890
1782333936.167105,1860
1782333936.1671062,1858
1782333936.167107,1847
1782333936.167107,1850
1782333936.167108,1846
1782333936.167109,1800
1782333936.168371,1821
1782333936.170589,1884
1782333936.170592,1858
1782333936.1718788,1871
1782333936.171886,1867
1782333936.1731699,1854
1782333936.174459,1853
1782333936.1757429,1812
1782333936.1757529,1831
1782333936.1770198,1878
1782333936.178302,1851
1782333936.179591,1849
1782333936.1808598,1831
1782333936.180862,1826
1782333936.182139,1824
1782333936.183428,1804
1782333936.1847239,1797
1782333936.184762,1850
1782333936.186029,1871
1782333936.1958761,1850
1782333936.1958778,1825
1782333936.195879,1860
1782333936.19588,1843
1782333936.19588,1813
1782333936.195881,1813
1782333936.195882,1818
1782333936.195883,1871
1782333936.195884,1854
1782333936.195884,1824
1782333936.195885,1851
1782333936.197147,1833
1782333936.199394,1819
1782333936.199397,1804
1782333936.200663,1811
1782333936.201963,1890
1782333936.201977,1854
1782333936.203269,1828
1782333936.204541,1851
1782333936.205822,1836
1782333936.2058291,1858
1782333936.207111,1812
1782333936.208398,1832
1782333936.209685,1889
1782333936.2109709,1867
1782333936.210977,1867
1782333936.212256,1855
1782333936.213543,1847
1782333936.214832,1822
1782333936.214838,1795
1782333936.216314,1792
1782333936.2267962,1847
1782333936.2268002,1843
1782333936.226801,1847
1782333936.226801,1839
1782333936.2268019,1852
1782333936.2268028,1830
1782333936.226804,1773
1782333936.226805,1810
1782333936.226805,1874
1782333936.226806,1858
1782333936.226807,1851
1782333936.2280772,1845
1782333936.2304451,1853
1782333936.2304482,1864
1782333936.231731,1830
1782333936.2317371,1839
1782333936.233006,1870
1782333936.234283,1868
1782333936.2355552,1869
1782333936.2368379,1851
1782333936.236845,1857
1782333936.238129,1863
1782333936.239397,1847
1782333936.240673,1855
1782333936.2419572,1864
1782333936.241963,1896
1782333936.243264,1870
1782333936.244541,1829
1782333936.245825,1829
1782333936.245832,1837
1782333936.247118,1810
1782333936.248388,1820
1782333936.258529,1849
1782333936.258533,1896
1782333936.258534,1896
1782333936.258535,1880
1782333936.258535,1894
1782333936.2585359,1879
1782333936.258537,1845
1782333936.258537,1820
1782333936.258538,1844
1782333936.258539,1866
1782333936.25981,1853
1782333936.259813,1866
1782333936.262097,1855
1782333936.2621,1866
1782333936.263385,1862
1782333936.2646558,1839
