1782334057.03512,1839
1782334057.036478,1844
1782334057.036494,1814
1782334057.0379279,1805
1782334057.039309,1832
1782334057.0406349,1867
1782334057.0406451,1895
1782334057.041951,1880
1782334057.043256,1875
1782334057.04459,1853
1782334057.0446012,1832
1782334057.045957,1799
1782334057.047404,1839
1782334057.0485928,1868
1782334057.049313,1867
1782334057.049365,1815
1782334057.050654,1823
1782334057.051948,1838
1782334057.053227,1865
1782334057.05456,1857
1782334057.054566,1851
1782334057.055845,1871
1782334057.057129,1892
1782334057.058418,1893
1782334057.0584252,1896
1782334057.0597272,1922
1782334057.06102,1916
1782334057.0623062,1916
1782334057.0635788,1807
1782334057.063583,1895
1782334057.0648692,1923
1782334057.066159,1920
1782334057.0673192,1875
1782334057.068597,1885
1782334057.068602,1875
1782334057.0698822,1827
1782334057.070976,1811
1782334057.0722508,1834
1782334057.073531,1866
1782334057.073537,1869
1782334057.07482,1862
1782334057.076101,1847
1782334057.077386,1878
1782334057.0773928,1871
1782334057.078818,1866
1782334057.0800982,1871
1782334057.081432,1864
1782334057.081441,1858
1782334057.08273,1830
1782334057.084016,1829
1782334057.085299,1839
1782334057.086588,1818
1782334057.086594,1799
1782334057.0879092,1820
1782334057.089203,1845
1782334057.090493,1807
1782334057.0905,1818
1782334057.091786,1812
1782334057.0930848,1811
1782334057.094365,1807
1782334057.094372,1812
1782334057.0956538,1832
1782334057.0969431,1857
1782334057.098227,1839
1782334057.099513,1821
1782334057.09952,1821
1782334057.100658,1823
1782334057.101942,1820
1782334057.1032262,1838
1782334057.10431,1848
1782334057.105589,1870
1782334057.105597,1867
1782334057.106882,1849
1782334057.108161,1862
1782334057.109429,1839
1782334057.1094332,1829
1782334057.110705,1834
1782334057.111984,1866
1782334057.1132858,1837
1782334057.114599,1826
1782334057.114607,1852
1782334057.1158788,1849
1782334057.1171541,1866
1782334057.118433,1881
1782334057.118439,1869
1782334057.11972,1875
1782334057.1210098,1877
1782334057.122292,1868
1782334057.123589,1877
1782334057.123595,1880
1782334057.124876,1880
1782334057.126154,1855
1782334057.127435,1864
1782334057.127442,1839
1782334057.128726,1839
1782334057.1300092,1846
1782334057.1312902,1824
1782334057.1325781,1823
1782334057.132586,1828
1782334057.1339478,1848
1782334057.135266,1839
1782334057.136547,1847
1782334057.136551,1866
1782334057.1378329,1874
1782334057.1393762,1854
1782334057.13939,1836
1782334057.140674,1827
1782334057.1419551,1807
1782334057.143239,1807
1782334057.144516,1803
1782334057.144521,1834
1782334057.145796,1870
1782334057.147066,1861
1782334057.148345,1853
1782334057.148351,1867
1782334057.148353,1846
1782334057.1496289,1812
1782334057.150896,1818
1782334057.152163,1839
1782334057.153433,1868
1782334057.1534379,1831
1782334057.1547148,1834
1782334057.155987,1820
1782334057.157258,1836
1782334057.158528,1849
1782334057.1585312,1809
1782334057.159796,1851
1782334057.161063,1871
1782334057.162327,1838
1782334057.163574,1782
1782334057.163578,1820
1782334057.164842,1815
1782334057.16611,1819
1782334057.1673741,1812
1782334057.1673758,1795
1782334057.168637,1803
1782334057.169903,1818
1782334057.171253,1838
1782334057.1725209,1839
1782334057.172523,1846
1782334057.173789,1828
1782334057.175052,1832
1782334057.176332,1857
1782334057.1776252,1852
1782334057.177631,1844
1782334057.1789172,1859
1782334057.180188,1881
1782334057.181472,1896
1782334057.181479,1897
1782334057.1827672,1891
1782334057.184055,1890
1782334057.185339,1899
1782334057.185359,1887
1782334057.186656,1869
1782334057.187944,1858
1782334057.189234,1862
1782334057.1905222,1879
1782334057.190528,1893
1782334057.191807,1884
1782334057.193093,1864
1782334057.194379,1882
1782334057.194386,1852
1782334057.1956701,1837
1782334057.196956,1832
1782334057.19824,1834
1782334057.199779,1828
1782334057.1997812,1867
1782334057.201044,1876
1782334057.202324,1875
1782334057.203608,1880
1782334057.204898,1854
1782334057.204905,1837
1782334057.206191,1832
1782334057.207479,1827
1782334057.207485,1819
1782334057.208771,1819
1782334057.2100532,1845
1782334057.2113569,1849
1782334057.211364,1871
1782334057.212644,1772
1782334057.21392,1803
1782334057.215203,1814
1782334057.21649,1807
1782334057.216497,1826
1782334057.217782,1844
1782334057.219073,1842
1782334057.220358,1818
1782334057.220365,1839
1782334057.2216508,1830
1782334057.222935,1798
1782334057.224222,1781
1782334057.225506,1804
1782334057.225512,1799
1782334057.226798,1837
1782334057.228085,1833
1782334057.229695,1850
1782334057.229698,1871
1782334057.230965,1882
1782334057.232235,1867
1782334057.233514,1885
1782334057.23352,1863
1782334057.2348,1852
1782334057.2360861,1828
1782334057.237369,1851
1782334057.237376,1881
1782334057.238643,1854
1782334057.239923,1835
1782334057.2412028,1831
1782334057.2424908,1832
1782334057.242497,1821
1782334057.243778,1834
1782334057.2450602,1806
1782334057.246349,1822
1782334057.246366,1827
1782334057.247638,1781
1782334057.248905,1792
1782334057.2501838,1822
1782334057.251468,1857
1782334057.251473,1828
1782334057.252758,1850
1782334057.254045,1864
1782334057.2553139,1867
1782334057.256593,1877
1782334057.2566001,1839
1782334057.2578838,1859
1782334057.2595131,1878
1782334057.2595189,1851
1782334057.260788,1857
1782334057.262057,1870
1782334057.26334,1806
1782334057.263357,1794
1782334057.264658,1822
1782334057.2659461,1839
1782334057.2672288,1874
1782334057.268513,1848
1782334057.268519,1876
1782334057.2697868,1855
1782334057.2710679,1848
1782334057.272352,1865
1782334057.272362,1835
1782334057.273643,1832
1782334057.2749262,1877
1782334057.2762082,1887
1782334057.27749,1880
1782334057.277496,1866
1782334057.277499,1860
1782334057.27878,1846
1782334057.280063,1826
1782334057.281346,1846
1782334057.281352,1842
1782334057.282631,1845
1782334057.283913,1841
1782334057.2851892,1839
1782334057.286474,1852
1782334057.286481,1871
1782334057.2877629,1858
1782334057.289036,1859
1782334057.290315,1866
1782334057.291863,1864
1782334057.291868,1844
1782334057.293138,1867
1782334057.2944288,1902
1782334057.294436,1875
1782334057.295726,1852
1782334057.297004,1860
1782334057.298284,1851
1782334057.299569,1848
1782334057.299576,1832
1782334057.300858,1848
1782334057.302131,1864
1782334057.303413,1849
1782334057.3034189,1853
1782334057.3047,1878
1782334057.305983,1884
1782334057.307266,1907
1782334057.3085408,1911
1782334057.308545,1884
1782334057.3098218,1861
1782334057.3111072,1849
1782334057.3123891,1837
1782334057.312395,1775
1782334057.313666,1829
1782334057.3149471,1854
1782334057.316231,1847
1782334057.317514,1862
1782334057.31752,1885
1782334057.318812,1893
1782334057.320093,1864
1782334057.321824,1839
1782334057.3218281,1824
1782334057.323097,1814
1782334057.324377,1852
1782334057.324383,1830
1782334057.325662,1813
1782334057.326935,1810
1782334057.328213,1807
1782334057.3294988,1812
1782334057.3295062,1847
1782334057.330789,1855
1782334057.332067,1826
1782334057.333357,1833
1782334057.333369,1813
1782334057.334652,1835
1782334057.335934,1832
1782334057.3372202,1813
1782334057.3385081,1814
1782334057.338515,1836
1782334057.339797,1855
1782334057.341085,1828
1782334057.342361,1819
1782334057.342365,1812
1782334057.343646,1813
1782334057.34493,1821
1782334057.346213,1815
1782334057.347494,1829
1782334057.347501,1811
1782334057.348779,1859
1782334057.35006,1847
1782334057.3514051,1853
1782334057.35141,1852
1782334057.352677,1829
1782334057.3539462,1813
1782334057.3552241,1832
1782334057.356506,1832
1782334057.356512,1834
1782334057.357789,1832
1782334057.359068,1843
1782334057.360342,1839
1782334057.360346,1828
1782334057.36162,1843
1782334057.362902,1753
1782334057.364182,1812
1782334057.365462,1861
1782334057.3654678,1859
1782334057.366747,1876
1782334057.368028,1868
1782334057.369309,1875
1782334057.370731,1862
1782334057.370755,1871
1782334057.372082,1909
1782334057.373388,1882
1782334057.3746932,1844
1782334057.3747041,1857
1782334057.3760152,1851
1782334057.377301,1848
1782334057.378599,1807
1782334057.37861,1807
1782334057.379898,1839
1782334057.381283,1832
1782334057.382566,1817
1782334057.382572,1820
1782334057.383878,1838
1782334057.385161,1828
1782334057.386446,1859
1782334057.386452,1855
1782334057.387778,1878
1782334057.389083,1814
1782334057.390389,1819
1782334057.3904,1816
1782334057.3917031,1835
1782334057.393012,1837
1782334057.394324,1839
1782334057.3956292,1866
1782334057.395642,1855
1782334057.396959,1827
1782334057.398266,1864
1782334057.399574,1847
1782334057.399585,1858
1782334057.40089,1837
1782334057.40219,1856
1782334057.4034932,1850
1782334057.4035041,1861
1782334057.404808,1852
1782334057.4061089,1829
1782334057.40741,1807
1782334057.4074209,1827
1782334057.407427,1838
1782334057.408511,1837
1782334057.409808,1858
1782334057.411564,1887
1782334057.4115689,1813
1782334057.4128551,1802
1782334057.4141319,1818
1782334057.415403,1802
1782334057.4154072,1801
1782334057.4166772,1810
1782334057.4179509,1813
1782334057.4192462,1839
1782334057.420546,1857
1782334057.420555,1844
1782334057.421851,1865
1782334057.4231522,1849
1782334057.424453,1881
1782334057.424466,1885
1782334057.425666,1855
1782334057.426962,1813
1782334057.4282649,1844
1782334057.4295669,1838
1782334057.4295769,1842
1782334057.430719,1852
1782334057.4320178,1842
1782334057.43332,1850
1782334057.434627,1814
1782334057.434638,1818
1782334057.435943,1828
1782334057.437251,1847
1782334057.438559,1817
1782334057.43857,1839
1782334057.439719,1828
1782334057.441022,1849
1782334057.442328,1844
1782334057.4436119,1857
1782334057.443625,1886
1782334057.446877,1890
1782334057.446887,1879
1782334057.4468899,1880
1782334057.448195,1863
1782334057.449482,1857
1782334057.4494889,1850
1782334057.4507709,1848
1782334057.452064,1836
1782334057.453363,1826
1782334057.453372,1847
1782334057.454666,1852
1782334057.455988,1833
1782334057.457289,1827
1782334057.458587,1830
1782334057.458595,1844
1782334057.4598799,1819
1782334057.461162,1816
1782334057.462454,1805
1782334057.462463,1743
1782334057.4637618,1806
1782334057.465059,1824
1782334057.466377,1846
1782334057.466392,1865
1782334057.467713,1864
1782334057.469013,1887
1782334057.470321,1869
1782334057.471618,1876
1782334057.471626,1871
1782334057.472918,1869
1782334057.475019,1871
1782334057.475029,1879
1782334057.477144,1876
1782334057.477152,1879
1782334057.478239,1848
1782334057.4793239,1835
1782334057.479351,1823
1782334057.480625,1845
1782334057.4819021,1863
1782334057.483192,1869
1782334057.484488,1875
1782334057.484498,1916
1782334057.485787,1912
1782334057.487108,1868
1782334057.488396,1874
1782334057.488406,1880
1782334057.489711,1874
1782334057.491008,1865
1782334057.4923131,1843
1782334057.4936059,1844
1782334057.493611,1868
1782334057.494903,1866
1782334057.496001,1859
1782334057.497278,1855
1782334057.498571,1819
1782334057.498579,1803
1782334057.4998882,1834
1782334057.501185,1858
1782334057.502491,1851
1782334057.502502,1823
1782334057.5040371,1820
1782334057.506172,1843
1782334057.506179,1853
1782334057.5074549,1842
1782334057.5074618,1852
1782334057.508733,1871
1782334057.5098681,1908
1782334057.511146,1894
1782334057.51244,1903
1782334057.51245,1770
1782334057.51376,1826
1782334057.515059,1818
1782334057.5163672,1857
1782334057.516403,1874
1782334057.517693,1891
1782334057.518986,1860
1782334057.520279,1850
1782334057.521587,1860
1782334057.521599,1845
1782334057.522924,1834
1782334057.5242329,1839
1782334057.52553,1850
1782334057.5255392,1855
1782334057.52684,1865
1782334057.528139,1845
1782334057.529432,1849
1782334057.52944,1829
1782334057.5307572,1826
1782334057.53206,1833
1782334057.533368,1812
1782334057.5334241,1833
1782334057.5352268,1856
1782334057.537206,1852
1782334057.537215,1845
1782334057.538506,1835
1782334057.538511,1828
1782334057.538513,1806
1782334057.539806,1807
1782334057.5410829,1848
1782334057.542358,1853
1782334057.5423622,1860
1782334057.543651,1859
1782334057.5449338,1826
1782334057.5462,1839
1782334057.547486,1843
1782334057.547492,1871
1782334057.548766,1869
1782334057.550038,1860
1782334057.551341,1864
1782334057.5513768,1842
1782334057.5525172,1826
1782334057.5538182,1826
1782334057.555125,1811
1782334057.556412,1827
1782334057.556417,1823
1782334057.557716,1819
1782334057.5590122,1834
1782334057.5603352,1828
1782334057.5616388,1846
1782334057.5616488,1775
1782334057.56339,1785
1782334057.563394,1829
1782334057.5647721,1823
1782334057.565931,1824
1782334057.567202,1846
1782334057.568486,1843
1782334057.5684931,1827
1782334057.569785,1807
1782334057.5710878,1807
1782334057.5723689,1804
1782334057.572374,1838
1782334057.573667,1828
1782334057.574969,1839
1782334057.576274,1828
1782334057.5774899,1839
1782334057.577503,1821
1782334057.578818,1818
1782334057.5801249,1815
1782334057.581409,1822
1782334057.581414,1821
1782334057.5827048,1827
1782334057.584009,1824
1782334057.585314,1801
1782334057.5866199,1796
1782334057.5866308,1802
1782334057.587948,1826
1782334057.589231,1834
1782334057.590527,1864
1782334057.590538,1867
1782334057.591841,1866
1782334057.593127,1892
1782334057.594424,1891
1782334057.594433,1890
1782334057.5967832,1860
1782334057.596789,1868
1782334057.598063,1871
1782334057.599333,1859
1782334057.59935,1871
1782334057.600631,1871
1782334057.601921,1852
1782334057.603223,1842
1782334057.6043708,1857
1782334057.6043992,1870
1782334057.605673,1892
1782334057.606965,1896
1782334057.608269,1864
1782334057.609597,1855
1782334057.6096041,1822
1782334057.610931,1822
1782334057.6122382,1802
1782334057.613538,1760
1782334057.613549,1842
1782334057.6148238,1850
1782334057.6161191,1848
1782334057.617418,1867
1782334057.617428,1853
1782334057.618724,1871
1782334057.620019,1871
1782334057.6213171,1870
1782334057.6226728,1894
1782334057.622688,1874
1782334057.623998,1878
1782334057.62518,1854
1782334057.626488,1831
1782334057.6265001,1834
1782334057.6289291,1831
1782334057.62894,1844
1782334057.63028,1837
1782334057.630373,1864
1782334057.631664,1867
1782334057.632948,1856
1782334057.634231,1839
1782334057.635514,1836
1782334057.63552,1830
1782334057.636815,1830
1782334057.638121,1819
1782334057.639401,1824
1782334057.639405,1838
1782334057.640672,1839
1782334057.641942,1858
1782334057.6432168,1897
1782334057.644494,1865
1782334057.6444988,1881
1782334057.645764,1907
1782334057.647035,1877
1782334057.648322,1860
1782334057.648355,1854
1782334057.649659,1848
1782334057.650951,1821
1782334057.652233,1850
1782334057.653569,1846
1782334057.653579,1849
1782334057.654863,1839
1782334057.656141,1848
1782334057.657463,1855
1782334057.657471,1857
1782334057.658741,1847
1782334057.660017,1842
1782334057.6613,1853
1782334057.662583,1860
1782334057.66259,1790
1782334057.663869,1855
1782334057.665153,1864
1782334057.6664379,1888
1782334057.666444,1851
1782334057.6677241,1886
1782334057.6677299,1867
1782334057.669,1855
1782334057.670281,1862
1782334057.6715672,1842
1782334057.671573,1845
1782334057.672848,1854
1782334057.67413,1839
1782334057.675412,1839
1782334057.6754181,1834
1782334057.676697,1816
1782334057.67798,1816
1782334057.679265,1830
1782334057.680541,1818
1782334057.680546,1801
1782334057.681827,1844
1782334057.683213,1836
1782334057.684556,1832
1782334057.684563,1811
1782334057.6859012,1820
1782334057.6871,1853
1782334057.688405,1859
1782334057.6884139,1855
1782334057.689688,1838
1782334057.6909719,1815
1782334057.692259,1812
1782334057.693542,1834
1782334057.6935492,1858
1782334057.694826,1875
1782334057.6961138,1853
1782334057.697393,1855
1782334057.697398,1858
1782334057.6986802,1842
1782334057.699967,1839
1782334057.701312,1819
1782334057.701358,1807
1782334057.702691,1817
1782334057.703989,1838
1782334057.70529,1817
1782334057.706572,1829
1782334057.706578,1829
1782334057.7078688,1839
1782334057.709171,1850
1782334057.7105,1887
1782334057.710506,1863
1782334057.713123,1779
1782334057.7131321,1805
1782334057.7144089,1823
1782334057.7144141,1834
1782334057.715712,1850
1782334057.71779,1813
1782334057.717798,1838
1782334057.719073,1838
1782334057.720343,1861
1782334057.720347,1878
1782334057.721618,1883
1782334057.72289,1865
1782334057.7241821,1868
1782334057.725487,1895
1782334057.7254982,1876
1782334057.726797,1877
1782334057.728101,1864
1782334057.729404,1870
1782334057.729415,1834
1782334057.7306979,1826
1782334057.7319932,1832
1782334057.7333078,1811
1782334057.7346098,1816
1782334057.734622,1807
1782334057.735919,1816
1782334057.7372239,1825
1782334057.738531,1819
1782334057.738542,1805
1782334057.739871,1817
1782334057.741146,1839
1782334057.742442,1858
1782334057.742453,1843
1782334057.743774,1863
1782334057.745079,1846
1782334057.746384,1832
1782334057.7463949,1856
1782334057.747828,1858
1782334057.749098,1858
1782334057.750367,1846
1782334057.750371,1839
1782334057.7515268,1860
1782334057.7528079,1860
1782334057.7541099,1830
1782334057.755391,1836
1782334057.7553952,1846
1782334057.7566888,1839
1782334057.757992,1830
1782334057.7593012,1868
1782334057.760603,1870
1782334057.760614,1851
1782334057.761919,1814
1782334057.763244,1827
1782334057.764524,1870
1782334057.764529,1867
1782334057.765824,1878
1782334057.767133,1887
1782334057.768364,1888
1782334057.768388,1901
1782334057.769693,1882
1782334057.7707489,1914
1782334057.771913,1861
1782334057.7732182,1864
1782334057.774519,1846
1782334057.77453,1838
1782334057.775681,1862
1782334057.776992,1874
1782334057.778482,1862
1782334057.778487,1886
1782334057.780119,1890
1782334057.7814,1855
1782334057.781406,1820
1782334057.782676,1826
1782334057.7839491,1827
1782334057.785229,1820
1782334057.786529,1813
1782334057.78654,1839
1782334057.787678,1839
1782334057.788956,1837
1782334057.79026,1820
1782334057.7915578,1871
1782334057.79157,1878
1782334057.79288,1851
1782334057.7941399,1837
1782334057.795444,1845
1782334057.795454,1845
1782334057.7967649,1860
1782334057.798049,1844
1782334057.798055,1886
1782334057.799257,1884
1782334057.800544,1886
1782334057.80055,1863
1782334057.80185,1821
1782334057.803156,1821
1782334057.8043451,1849
1782334057.804406,1864
1782334057.805731,1849
1782334057.807035,1850
1782334057.808855,1825
1782334057.808866,1816
1782334057.81159,1811
1782334057.811599,1775
1782334057.811601,1721
1782334057.812902,1799
1782334057.8142028,1793
1782334057.8154812,1830
1782334057.815487,1855
1782334057.8167639,1857
1782334057.81806,1888
1782334057.819385,1908
1782334057.819411,1883
1782334057.820705,1876
1782334057.822026,1876
1782334057.823336,1855
1782334057.8246772,1882
1782334057.8246841,1879
1782334057.825987,1897
1782334057.827289,1882
1782334057.828597,1847
1782334057.828606,1839
1782334057.829895,1812
1782334057.831193,1826
1782334057.832491,1860
1782334057.832501,1812
1782334057.833793,1779
1782334057.8350909,1759
1782334057.836388,1747
1782334057.8363981,1780
1782334057.83769,1796
1782334057.840344,1778
1782334057.840359,1783
1782334057.840405,1806
1782334057.8432782,1843
1782334057.843287,1876
1782334057.844586,1865
1782334057.8445928,1851
1782334057.845867,1866
1782334057.846909,1880
1782334057.848188,1862
1782334057.849483,1869
1782334057.849495,1867
1782334057.8508139,1874
1782334057.852115,1860
1782334057.85345,1838
1782334057.853463,1828
1782334057.854768,1809
1782334057.856048,1785
1782334057.8573508,1759
1782334057.857388,1788
1782334057.8586822,1814
1782334057.8600042,1821
1782334057.861313,1789
1782334057.8626099,1698
1782334057.862619,1827
1782334057.863904,1835
1782334057.865199,1848
1782334057.866495,1862
1782334057.866505,1858
1782334057.867805,1897
1782334057.8691058,1902
1782334057.870794,1884
1782334057.870807,1893
1782334057.8736699,1887
1782334057.873677,1912
1782334057.8736799,1903
1782334057.8749802,1907
1782334057.876263,1863
1782334057.877547,1871
1782334057.877553,1881
1782334057.8788428,1880
1782334057.880126,1888
1782334057.881414,1895
1782334057.88272,1862
1782334057.882731,1914
1782334057.884019,1875
1782334057.8853362,1850
1782334057.885374,1874
1782334057.886697,1853
1782334057.8880188,1875
1782334057.889329,1871
1782334057.889351,1863
1782334057.890656,1854
1782334057.891959,1830
1782334057.893282,1828
1782334057.894612,1839
1782334057.894625,1839
1782334057.8959548,1881
1782334057.897266,1927
1782334057.8985732,1888
1782334057.898582,1886
1782334057.899887,1839
1782334057.901835,1798
1782334057.9018419,1807
1782334057.9031382,1816
1782334057.904429,1832
1782334057.904437,1834
1782334057.905644,1839
1782334057.906933,1829
1782334057.908213,1819
1782334057.909503,1807
1782334057.9095109,1788
1782334057.910793,1787
1782334057.912076,1708
1782334057.9133608,1822
1782334057.913368,1855
1782334057.914649,1864
1782334057.915924,1884
1782334057.917203,1861
1782334057.918484,1878
1782334057.9184902,1858
1782334057.919759,1834
1782334057.9210398,1829
1782334057.922317,1800
1782334057.9223402,1807
1782334057.9236128,1805
1782334057.924882,1806
1782334057.926162,1810
1782334057.9274518,1835
1782334057.927459,1852
1782334057.9287412,1893
1782334057.928747,1888
1782334057.930208,1878
1782334057.931689,1875
1782334057.9316978,1870
1782334057.933008,1876
1782334057.9343412,1844
1782334057.9343638,1835
1782334057.935672,1871
1782334057.936969,1822
1782334057.938265,1806
1782334057.939559,1837
1782334057.939567,1832
1782334057.940855,1831
1782334057.942126,1823
1782334057.943416,1834
1782334057.943427,1826
1782334057.944743,1834
1782334057.945994,1835
1782334057.947277,1811
1782334057.948558,1804
1782334057.9485629,1807
1782334057.949846,1803
1782334057.951138,1799
1782334057.952446,1786
1782334057.9524531,1806
1782334057.9537458,1818
1782334057.955035,1824
1782334057.9563231,1833
1782334057.956363,1847
1782334057.9576561,1864
1782334057.958935,1871
1782334057.9602408,1866
1782334057.962084,1753
1782334057.962093,1752
1782334057.963392,1834
1782334057.9634,1854
1782334057.964694,1849
1782334057.965981,1861
1782334057.9672809,1859
1782334057.968568,1815
1782334057.9685729,1845
1782334057.9698648,1860
1782334057.97119,1871
1782334057.97247,1900
1782334057.9724748,1906
1782334057.973769,1893
1782334057.975075,1874
1782334057.976386,1889
1782334057.976395,1885
1782334057.977495,1870
1782334057.978797,1867
1782334057.980085,1846
1782334057.981367,1823
1782334057.981375,1814
1782334057.982655,1788
1782334057.983945,1806
1782334057.9852421,1818
1782334057.9865348,1836
1782334057.9865441,1839
1782334057.987838,1844
1782334057.989124,1862
1782334057.990405,1832
1782334057.990412,1844
1782334057.991874,1844
1782334057.9943712,1868
1782334057.994383,1869
1782334057.994386,1834
1782334057.995671,1859
1782334057.996966,1846
1782334057.998262,1862
1782334057.999542,1862
1782334057.999548,1880
1782334058.00083,1843
1782334058.0021088,1845
1782334058.003385,1839
1782334058.0033898,1807
1782334058.0046568,1843
1782334058.005929,1846
1782334058.0072021,1839
1782334058.008472,1848
1782334058.008476,1854
1782334058.009747,1853
1782334058.011016,1830
1782334058.012286,1739
1782334058.013581,1885
1782334058.0135949,1917
1782334058.014891,1953
1782334058.016178,1939
1782334058.0174751,1926
1782334058.017482,1909
1782334058.0187762,1870
1782334058.020077,1863
1782334058.022381,1861
1782334058.022398,1827
1782334058.022403,1839
1782334058.0252118,1828
1782334058.0252202,1831
1782334058.026509,1861
1782334058.026515,1857
1782334058.027667,1855
1782334058.028756,1800
1782334058.03003,1819
1782334058.0313249,1839
1782334058.032636,1830
1782334058.032647,1824
1782334058.033854,1796
1782334058.0351691,1811
1782334058.036482,1828
1782334058.036494,1815
1782334058.037825,1819
1782334058.039104,1822
1782334058.0404081,1829
1782334058.04042,1815
1782334058.041735,1815
1782334058.043038,1802
1782334058.044338,1825
1782334058.044377,1827
1782334058.04566,1834
1782334058.046954,1853
1782334058.0482419,1839
1782334058.049547,1828
1782334058.049558,1812
1782334058.0506701,1817
1782334058.0521479,1828
1782334058.055445,1864
1782334058.0554528,1882
1782334058.055456,1867
1782334058.055459,1836
1782334058.056737,1858
1782334058.056743,1817
1782334058.058028,1822
1782334058.0593238,1815
1782334058.059356,1806
1782334058.060642,1735
1782334058.061918,1858
1782334058.063212,1877
1782334058.0644941,1895
1782334058.064498,1885
1782334058.065773,1877
1782334058.067043,1879
1782334058.0684512,1881
1782334058.068461,1864
1782334058.0697548,1864
1782334058.071018,1849
1782334058.072293,1862
1782334058.073573,1863
1782334058.073578,1865
1782334058.07487,1887
1782334058.076201,1889
1782334058.0775151,1883
1782334058.077523,1877
1782334058.078825,1848
1782334058.0801349,1828
1782334058.0826628,1831
1782334058.082669,1837
1782334058.08267,1844
1782334058.083945,1854
1782334058.085008,1883
1782334058.086297,1892
1782334058.0875762,1898
1782334058.087581,1892
1782334058.088856,1878
1782334058.0901382,1842
1782334058.0913339,1860
1782334058.0913658,1847
1782334058.092669,1819
1782334058.093966,1854
1782334058.0952802,1860
1782334058.096566,1860
1782334058.096571,1864
1782334058.097844,1864
1782334058.099117,1845
1782334058.100415,1807
1782334058.100426,1828
1782334058.1017332,1849
1782334058.103023,1863
1782334058.104324,1866
1782334058.1056361,1861
1782334058.105642,1868
1782334058.106922,1862
1782334058.108194,1845
1782334058.1094909,1826
1782334058.109503,1787
1782334058.1107972,1721
1782334058.1136289,1770
1782334058.113657,1837
1782334058.113659,1838
1782334058.11493,1850
1782334058.116199,1838
1782334058.117474,1816
1782334058.11748,1806
1782334058.1187541,1812
1782334058.120049,1806
1782334058.121367,1823
1782334058.121383,1831
1782334058.122668,1842
1782334058.123966,1847
1782334058.1252851,1857
1782334058.1265879,1858
1782334058.126601,1838
1782334058.1279092,1839
1782334058.1292071,1839
1782334058.1304882,1860
1782334058.130492,1888
1782334058.131788,1894
1782334058.133089,1874
1782334058.134391,1875
1782334058.134402,1868
1782334058.135722,1874
1782334058.1370208,1896
1782334058.138346,1880
1782334058.138381,1866
1782334058.139678,1844
1782334058.140975,1850
1782334058.142275,1845
1782334058.1445172,1848
1782334058.1445272,1839
1782334058.144531,1820
1782334058.14774,1819
1782334058.1477509,1809
1782334058.147754,1815
1782334058.149036,1801
1782334058.150338,1784
1782334058.150375,1775
1782334058.151655,1755
1782334058.15293,1768
1782334058.1542048,1793
1782334058.155495,1854
1782334058.1555068,1860
1782334058.156839,1836
1782334058.158112,1816
1782334058.159391,1832
1782334058.1593962,1833
1782334058.160695,1798
1782334058.162005,1707
1782334058.16329,1855
1782334058.164567,1879
1782334058.164578,1895
1782334058.165876,1884
1782334058.167181,1850
1782334058.168488,1852
1782334058.1685,1839
1782334058.1697989,1839
1782334058.171125,1890
1782334058.1724072,1887
1782334058.1724129,1870
1782334058.173534,1869
1782334058.176178,1839
1782334058.1761842,1867
1782334058.17746,1838
1782334058.1774652,1820
1782334058.178733,1828
1782334058.179907,1843
1782334058.1811872,1861
1782334058.182486,1830
1782334058.1824992,1863
1782334058.183817,1852
1782334058.185148,1857
1782334058.186471,1858
1782334058.1864882,1862
1782334058.187783,1823
1782334058.1877902,1839
1782334058.189086,1862
1782334058.19037,1870
1782334058.190376,1876
1782334058.191672,1885
1782334058.192978,1858
1782334058.194321,1868
1782334058.195649,1871
1782334058.1956558,1855
1782334058.1969569,1829
1782334058.198262,1836
1782334058.1995862,1828
1782334058.1995919,1821
1782334058.20067,1868
1782334058.201816,1864
1782334058.203124,1838
1782334058.205846,1868
1782334058.205854,1847
1782334058.205856,1843
1782334058.2071328,1856
1782334058.208404,1847
1782334058.208408,1838
1782334058.2096949,1846
1782334058.210996,1727
1782334058.212312,1830
1782334058.213619,1873
1782334058.2136252,1881
1782334058.214922,1885
1782334058.216224,1865
1782334058.217526,1868
1782334058.217538,1883
1782334058.2188349,1871
1782334058.2214122,1866
1782334058.221417,1855
1782334058.221419,1855
1782334058.222709,1858
1782334058.224003,1871
1782334058.2251809,1829
1782334058.226488,1830
1782334058.2265,1842
1782334058.227795,1834
1782334058.229098,1837
1782334058.230332,1828
1782334058.2303722,1830
1782334058.231679,1828
1782334058.23297,1839
1782334058.2345479,1834
1782334058.234557,1851
1782334058.236604,1825
1782334058.236613,1807
1782334058.2379038,1827
1782334058.239182,1835
1782334058.240458,1846
1782334058.240463,1838
1782334058.241759,1883
1782334058.2430599,1888
1782334058.2443762,1898
1782334058.244401,1902
1782334058.245697,1870
1782334058.2469308,1858
1782334058.248217,1831
1782334058.249513,1834
1782334058.249523,1858
1782334058.250695,1871
1782334058.251998,1880
1782334058.253314,1870
1782334058.2546291,1866
1782334058.254637,1864
1782334058.255924,1851
1782334058.257219,1864
1782334058.258519,1839
1782334058.258529,1837
1782334058.259843,1827
1782334058.260983,1778
1782334058.2622879,1780
1782334058.264161,1833
1782334058.264172,1827
1782334058.2667441,1839
1782334058.266752,1823
1782334058.266755,1858
1782334058.268037,1858
1782334058.269323,1868
1782334058.269341,1854
1782334058.270612,1864
1782334058.2718909,1843
1782334058.2731662,1848
1782334058.274459,1860
1782334058.2744708,1856
1782334058.275682,1822
1782334058.277001,1823
1782334058.2783182,1851
1782334058.278343,1828
1782334058.2796319,1854
1782334058.2809181,1857
1782334058.2822132,1830
1782334058.283516,1828
1782334058.283527,1849
1782334058.2848241,1863
1782334058.28613,1843
1782334058.2874298,1839
1782334058.287439,1855
1782334058.2886,1881
1782334058.2898948,1910
1782334058.2911959,1887
1782334058.292347,1871
1782334058.292407,1884
1782334058.293709,1866
1782334058.2950249,1836
1782334058.2966888,1814
1782334058.2967029,1835
1782334058.2994308,1843
1782334058.299438,1834
1782334058.2994401,1839
1782334058.30065,1845
1782334058.3019352,1868
1782334058.303207,1859
1782334058.3043032,1850
1782334058.305574,1874
1782334058.305578,1869
1782334058.30685,1871
1782334058.30814,1868
1782334058.3094451,1880
1782334058.3094559,1874
1782334058.3107688,1864
1782334058.312086,1756
1782334058.3133929,1844
1782334058.3134038,1829
1782334058.314681,1875
1782334058.315974,1865
1782334058.317277,1839
1782334058.3185978,1849
1782334058.318613,1824
1782334058.31862,1848
1782334058.3199492,1837
1782334058.3212569,1807
1782334058.322541,1814
1782334058.322546,1839
1782334058.32384,1851
1782334058.32488,1869
1782334058.326603,1839
1782334058.3266098,1810
1782334058.329275,1812
1782334058.329281,1805
1782334058.3303208,1797
1782334058.330351,1796
1782334058.33163,1825
1782334058.332767,1855
1782334058.334063,1834
1782334058.3353732,1833
1782334058.335403,1857
1782334058.3367019,1843
1782334058.338006,1814
1782334058.339299,1823
1782334058.340597,1843
1782334058.340609,1865
1782334058.34193,1842
1782334058.343227,1839
1782334058.344557,1843
1782334058.344567,1837
1782334058.345881,1829
1782334058.347164,1830
1782334058.3484428,1799
1782334058.348449,1800
1782334058.3497212,1830
1782334058.350993,1837
1782334058.352278,1857
1782334058.361621,1859
1782334058.36164,1848
1782334058.361642,1849
1782334058.361643,1839
1782334058.361645,1857
1782334058.3616462,1854
1782334058.361648,1839
1782334058.3616488,1823
1782334058.361651,1739
1782334058.361652,1804
1782334058.362976,1860
1782334058.36428,1902
1782334058.3655639,1868
1782334058.36557,1851
1782334058.366848,1836
1782334058.3681111,1829
1782334058.3694148,1831
1782334058.3694239,1815
1782334058.370704,1815
1782334058.372024,1833
1782334058.373319,1852
1782334058.373448,1858
1782334058.3747468,1844
1782334058.376023,1844
1782334058.3773131,1833
1782334058.377334,1816
1782334058.37862,1842
1782334058.379914,1837
1782334058.3813179,1862
1782334058.3826182,1881
1782334058.382627,1860
1782334058.383915,1860
1782334058.385203,1839
1782334058.3869178,1844
1782334058.386921,1843
1782334058.3881862,1825
1782334058.389471,1828
1782334058.390761,1837
1782334058.390767,1853
1782334058.392052,1878
1782334058.393346,1888
1782334058.3933609,1883
1782334058.394669,1892
1782334058.39596,1880
1782334058.397232,1860
1782334058.398518,1839
1782334058.398525,1827
1782334058.39981,1826
1782334058.401094,1818
1782334058.40238,1864
1782334058.402386,1860
1782334058.40367,1871
1782334058.4049568,1880
1782334058.406244,1878
1782334058.407531,1858
1782334058.407537,1861
1782334058.408821,1831
1782334058.4101079,1807
1782334058.411393,1739
1782334058.411399,1743
1782334058.41268,1796
1782334058.4139562,1837
1782334058.415479,1846
1782334058.415483,1878
1782334058.416872,1836
1782334058.418139,1838
1782334058.419412,1862
1782334058.419415,1874
1782334058.420696,1889
1782334058.421969,1885
1782334058.423249,1871
1782334058.4245372,1854
1782334058.424543,1855
1782334058.425822,1839
1782334058.4271061,1839
1782334058.428389,1807
1782334058.428395,1839
1782334058.429675,1864
1782334058.430965,1829
1782334058.432253,1837
1782334058.433541,1839
1782334058.433547,1869
1782334058.4348319,1846
1782334058.436119,1854
1782334058.437406,1853
1782334058.437412,1842
1782334058.438684,1830
1782334058.43997,1836
1782334058.44126,1826
1782334058.4425468,1815
1782334058.442553,1827
1782334058.443839,1836
1782334058.445123,1815
1782334058.446408,1849
1782334058.446414,1847
1782334058.447961,1849
1782334058.449656,1847
1782334058.4496598,1846
1782334058.449662,1839
1782334058.450929,1830
1782334058.452201,1841
1782334058.453483,1864
1782334058.4534888,1847
1782334058.454773,1842
1782334058.456061,1874
1782334058.457346,1870
1782334058.457352,1879
1782334058.458636,1877
1782334058.459917,1839
1782334058.4611998,1764
1782334058.462487,1850
1782334058.462493,1884
1782334058.463766,1862
1782334058.4650502,1858
1782334058.466332,1858
1782334058.467625,1881
1782334058.467631,1822
1782334058.468915,1809
1782334058.4702022,1814
1782334058.4714901,1827
1782334058.471497,1827
1782334058.472783,1829
1782334058.47407,1831
1782334058.4753542,1847
1782334058.47536,1849
1782334058.476637,1849
1782334058.479139,1857
1782334058.479143,1867
1782334058.480412,1867
1782334058.480416,1870
1782334058.481688,1854
1782334058.482971,1833
1782334058.484253,1830
1782334058.485536,1824
1782334058.4855418,1836
1782334058.486818,1838
1782334058.488102,1837
1782334058.489385,1858
1782334058.489391,1860
1782334058.4906769,1846
1782334058.491959,1852
1782334058.493236,1883
1782334058.4945211,1856
1782334058.494528,1868
1782334058.495809,1865
1782334058.4970949,1851
1782334058.49838,1834
1782334058.498386,1855
1782334058.499669,1837
1782334058.5009558,1857
1782334058.502244,1867
1782334058.503527,1862
1782334058.5035331,1831
1782334058.50491,1853
1782334058.506026,1828
1782334058.507218,1821
1782334058.509519,1839
1782334058.509526,1870
1782334058.509527,1854
1782334058.5108218,1754
1782334058.5120971,1798
1782334058.513377,1832
1782334058.513383,1829
1782334058.514665,1829
1782334058.5159528,1860
1782334058.51724,1867
1782334058.518524,1881
1782334058.5185301,1863
1782334058.519809,1874
1782334058.521098,1850
1782334058.522455,1869
1782334058.522471,1853
1782334058.523777,1828
1782334058.5250869,1851
1782334058.526388,1846
1782334058.526399,1852
1782334058.527715,1847
1782334058.5290198,1871
1782334058.5303261,1871
1782334058.531633,1850
1782334058.5316439,1861
1782334058.532951,1838
1782334058.53426,1830
1782334058.535566,1850
1782334058.535577,1853
1782334058.536884,1849
1782334058.5381892,1839
1782334058.5396008,1869
1782334058.539605,1854
1782334058.541439,1815
1782334058.541445,1831
1782334058.542717,1858
1782334058.543995,1894
1782334058.54528,1878
1782334058.546577,1832
1782334058.546589,1837
1782334058.54787,1836
1782334058.549161,1866
1782334058.5504699,1881
1782334058.55048,1902
1782334058.551779,1869
1782334058.553092,1853
1782334058.55439,1873
1782334058.554402,1876
1782334058.555721,1869
1782334058.5570061,1869
1782334058.558311,1849
1782334058.559616,1855
1782334058.559627,1826
1782334058.5609238,1765
1782334058.5622249,1758
1782334058.563547,1824
1782334058.563553,1831
1782334058.564852,1839
1782334058.566153,1849
1782334058.567462,1850
1782334058.5674748,1839
1782334058.568785,1822
1782334058.570528,1805
1782334058.570533,1804
1782334058.572744,1775
1782334058.5727518,1798
1782334058.574065,1839
1782334058.575159,1871
1782334058.576458,1862
1782334058.576465,1801
1782334058.5777678,1804
1782334058.579088,1855
1782334058.5791,1823
1782334058.580389,1805
1782334058.580399,1805
1782334058.5814688,1802
1782334058.582766,1807
1782334058.584054,1822
1782334058.585365,1832
1782334058.585372,1860
1782334058.5866702,1849
1782334058.58797,1838
1782334058.589248,1867
1782334058.590535,1856
1782334058.590542,1855
1782334058.591837,1864
1782334058.593139,1844
1782334058.5944262,1838
1782334058.594432,1853
1782334058.5957298,1875
1782334058.596805,1833
1782334058.598082,1832
1782334058.599359,1856
1782334058.599364,1812
1782334058.600648,1821
1782334058.602531,1804
1782334058.602541,1803
1782334058.603832,1807
1782334058.6051211,1823
1782334058.606422,1869
1782334058.606431,1833
1782334058.6077209,1811
1782334058.609031,1830
1782334058.610352,1814
1782334058.610383,1734
1782334058.611706,1820
1782334058.6130729,1884
1782334058.614368,1919
1782334058.6143758,1925
1782334058.615669,1927
1782334058.616825,1909
1782334058.6181388,1878
1782334058.619445,1855
1782334058.619454,1889
1782334058.6207418,1890
1782334058.6220438,1884
1782334058.6233568,1897
1782334058.623368,1874
1782334058.624684,1833
1782334058.626004,1854
1782334058.627326,1885
1782334058.6273751,1871
1782334058.628684,1876
1782334058.6301901,1855
1782334058.632394,1864
1782334058.632402,1851
1782334058.6324039,1847
1782334058.633491,1828
1782334058.6347861,1847
1782334058.636082,1850
1782334058.6373918,1858
1782334058.637401,1844
1782334058.638674,1838
1782334058.6399438,1839
1782334058.641254,1850
1782334058.642594,1847
1782334058.642606,1860
1782334058.643938,1838
1782334058.64531,1822
1782334058.646657,1833
1782334058.646664,1807
1782334058.647949,1785
1782334058.649269,1775
1782334058.650573,1775
1782334058.6505852,1799
1782334058.6518888,1839
1782334058.6531892,1831
1782334058.654498,1866
1782334058.65451,1846
1782334058.655809,1861
1782334058.657106,1851
1782334058.658439,1831
1782334058.658449,1832
1782334058.661406,1848
1782334058.661443,1761
1782334058.6614468,1818
1782334058.662735,1878
1782334058.664018,1874
1782334058.665319,1865
1782334058.665347,1861
1782334058.6666722,1855
1782334058.668011,1863
1782334058.669344,1870
1782334058.669363,1850
1782334058.670677,1850
1782334058.671972,1864
1782334058.673258,1837
1782334058.67457,1826
1782334058.674577,1828
1782334058.6756322,1834
1782334058.676934,1852
1782334058.678237,1887
1782334058.679543,1892
1782334058.679554,1912
1782334058.6808472,1899
1782334058.682152,1861
1782334058.683464,1887
1782334058.683476,1902
1782334058.68477,1874
1782334058.686093,1842
1782334058.687372,1842
1782334058.687378,1813
1782334058.6886668,1797
1782334058.689966,1814
1782334058.691234,1810
1782334058.692514,1845
1782334058.69252,1850
1782334058.694344,1828
1782334058.694376,1820
1782334058.6956742,1858
1782334058.6969652,1903
1782334058.6982589,1862
1782334058.69956,1825
1782334058.69957,1822
1782334058.70068,1816
1782334058.701966,1804
1782334058.703234,1813
1782334058.704536,1824
1782334058.704546,1843
1782334058.705835,1832
1782334058.707113,1829
1782334058.708404,1816
1782334058.7084138,1832
1782334058.709727,1822
1782334058.711006,1740
1782334058.71101,1771
1782334058.712308,1866
1782334058.713645,1879
1782334058.713653,1884
1782334058.714923,1869
1782334058.716214,1871
1782334058.71751,1859
1782334058.717519,1860
1782334058.7187982,1847
1782334058.7201018,1853
1782334058.7216132,1866
1782334058.721618,1853
1782334058.724094,1853
1782334058.724103,1847
1782334058.725135,1856
1782334058.726433,1866
1782334058.726442,1844
1782334058.7290041,1820
1782334058.729011,1807
1782334058.73031,1823
1782334058.73162,1812
1782334058.731628,1839
1782334058.732922,1825
1782334058.7342222,1813
1782334058.735552,1833
1782334058.735561,1847
1782334058.736886,1871
1782334058.738196,1846
1782334058.739512,1848
1782334058.739521,1844
1782334058.7408168,1830
1782334058.742113,1839
1782334058.743406,1820
1782334058.743417,1844
1782334058.744735,1859
1782334058.746047,1871
1782334058.747357,1863
1782334058.747373,1858
1782334058.748658,1871
1782334058.749951,1847
1782334058.751318,1816
1782334058.751372,1829
1782334058.7541142,1842
1782334058.754124,1847
1782334058.755417,1839
1782334058.755425,1829
1782334058.756712,1854
1782334058.7580109,1875
1782334058.759294,1917
1782334058.76059,1900
1782334058.760601,1814
1782334058.7618911,1864
1782334058.763225,1898
1782334058.7645519,1894
1782334058.76456,1903
1782334058.765836,1903
1782334058.767128,1880
1782334058.768451,1866
1782334058.7684631,1863
1782334058.769533,1838
1782334058.770834,1874
1782334058.772133,1847
1782334058.773459,1854
1782334058.773474,1862
1782334058.774791,1850
1782334058.776119,1848
1782334058.777459,1853
1782334058.777478,1830
1782334058.7788239,1814
1782334058.780131,1794
1782334058.7829142,1804
1782334058.782929,1801
1782334058.782934,1813
1782334058.786317,1850
1782334058.786324,1848
1782334058.786326,1844
1782334058.786355,1833
1782334058.7876449,1831
1782334058.788936,1836
1782334058.7901309,1821
1782334058.791423,1830
1782334058.79143,1847
1782334058.792732,1843
1782334058.7940311,1839
1782334058.7953448,1853
1782334058.7953632,1850
1782334058.796648,1858
1782334058.797934,1828
1782334058.799228,1796
1782334058.8005319,1806
1782334058.800541,1836
1782334058.8018339,1848
1782334058.803118,1813
1782334058.804317,1812
1782334058.804343,1815
1782334058.80563,1828
1782334058.806931,1831
1782334058.808237,1852
1782334058.809386,1881
1782334058.809398,1880
1782334058.810715,1764
1782334058.812074,1812
1782334058.814823,1823
1782334058.814831,1847
1782334058.8148339,1866
1782334058.816135,1864
1782334058.8174279,1856
1782334058.8174348,1843
1782334058.818721,1827
1782334058.8200371,1804
1782334058.821335,1823
1782334058.821344,1825
1782334058.8226402,1824
1782334058.8239172,1838
1782334058.825185,1869
1782334058.826475,1876
1782334058.826484,1858
1782334058.827788,1868
1782334058.829083,1876
1782334058.830391,1864
1782334058.830399,1868
1782334058.8316941,1871
1782334058.833023,1871
1782334058.834307,1864
1782334058.835608,1860
1782334058.835618,1859
1782334058.83691,1837
1782334058.838208,1832
1782334058.839502,1807
1782334058.839512,1822
1782334058.840812,1834
1782334058.842108,1861
1782334058.842117,1869
1782334058.8444102,1866
1782334058.8444228,1850
1782334058.844428,1866
1782334058.8479922,1879
1782334058.848002,1862
1782334058.848005,1864
1782334058.8493068,1876
1782334058.84933,1855
1782334058.8506188,1839
1782334058.851907,1787
1782334058.853191,1780
1782334058.854483,1774
1782334058.854493,1819
1782334058.855792,1848
1782334058.85712,1864
1782334058.858453,1882
1782334058.858463,1877
1782334058.859801,1852
1782334058.861109,1855
1782334058.8624718,1848
1782334058.862491,1844
1782334058.863827,1852
1782334058.865144,1838
1782334058.8664498,1828
1782334058.866459,1831
1782334058.867771,1830
1782334058.869059,1836
1782334058.870374,1818
1782334058.870398,1821
1782334058.87168,1832
1782334058.873764,1825
1782334058.87377,1820
1782334058.876218,1826
1782334058.8762271,1826
1782334058.8775191,1816
1782334058.877526,1821
1782334058.878808,1839
1782334058.8801038,1829
1782334058.8813992,1791
1782334058.881406,1790
1782334058.882698,1796
1782334058.8839822,1811
1782334058.885271,1802
1782334058.886581,1814
1782334058.8865979,1791
1782334058.887918,1815
1782334058.889222,1853
1782334058.890501,1854
1782334058.890505,1864
1782334058.891794,1881
1782334058.893111,1880
1782334058.894411,1890
1782334058.894421,1912
1782334058.8957171,1918
1782334058.897022,1903
1782334058.8996239,1888
1782334058.8996322,1874
1782334058.8996348,1836
1782334058.900921,1850
1782334058.9022248,1865
1782334058.9035351,1879
1782334058.90355,1870
1782334058.9064698,1882
1782334058.906495,1866
1782334058.906498,1863
1782334058.907776,1835
1782334058.909054,1844
1782334058.910344,1830
1782334058.9103518,1834
1782334058.911652,1827
1782334058.912947,1820
1782334058.91427,1836
1782334058.915565,1829
1782334058.915575,1820
1782334058.916873,1807
1782334058.918169,1803
1782334058.9194822,1815
1782334058.91949,1834
1782334058.920798,1839
1782334058.9221241,1822
1782334058.923224,1833
1782334058.924515,1850
1782334058.924525,1816
1782334058.9258199,1843
1782334058.927148,1832
1782334058.928448,1826
1782334058.9284601,1833
1782334058.929748,1830
1782334058.931029,1848
1782334058.932311,1850
1782334058.9343731,1861
1782334058.934379,1832
1782334058.934382,1838
1782334058.936957,1830
1782334058.936967,1847
1782334058.938251,1827
1782334058.93954,1849
1782334058.939546,1856
1782334058.940825,1864
1782334058.942115,1867
1782334058.943396,1868
1782334058.9434,1851
1782334058.944704,1846
1782334058.9460008,1827
1782334058.947306,1832
1782334058.948513,1816
1782334058.94852,1805
1782334058.9498298,1796
1782334058.951114,1810
1782334058.952397,1843
1782334058.952404,1836
1782334058.95371,1855
1782334058.955004,1863
1782334058.956307,1862
1782334058.957628,1822
1782334058.957634,1814
1782334058.958931,1839
1782334058.960245,1836
1782334058.961525,1854
1782334058.9615302,1886
1782334058.964274,1878
1782334058.9642859,1885
1782334058.9682,1894
1782334058.9682078,1913
1782334058.96821,1902
1782334058.968212,1871
1782334058.969501,1871
1782334058.9695091,1838
1782334058.970794,1835
1782334058.972067,1846
1782334058.973367,1839
1782334058.973377,1852
1782334058.9733791,1846
1782334058.974709,1850
1782334058.9760041,1852
1782334058.977324,1838
1782334058.977358,1846
1782334058.9786618,1832
1782334058.979952,1827
1782334058.981228,1839
1782334058.982517,1832
1782334058.982527,1889
1782334058.983835,1893
1782334058.985121,1900
1782334058.986416,1881
1782334058.986426,1876
1782334058.987711,1871
1782334058.989008,1846
1782334058.990303,1852
1782334058.991596,1881
1782334058.991606,1871
1782334058.992919,1852
1782334058.9942322,1836
1782334058.996896,1851
1782334058.996907,1850
1782334058.9969122,1871
1782334059.000562,1846
1782334059.00057,1859
1782334059.000572,1879
1782334059.0005739,1870
1782334059.0018601,1857
1782334059.003146,1871
1782334059.0043,1861
1782334059.005578,1842
1782334059.0055838,1845
1782334059.00685,1858
1782334059.008116,1852
1782334059.009432,1843
1782334059.00944,1847
1782334059.010746,1848
1782334059.012052,1848
1782334059.013389,1852
1782334059.0134,1861
1782334059.014706,1848
1782334059.015984,1823
1782334059.0172741,1829
1782334059.0185778,1823
1782334059.0185869,1819
1782334059.0198872,1806
1782334059.021177,1824
1782334059.0224798,1834
1782334059.022491,1850
1782334059.023679,1851
1782334059.026568,1871
1782334059.026581,1807
1782334059.026586,1800
1782334059.030164,1815
1782334059.0301719,1831
1782334059.030175,1850
1782334059.0314538,1853
1782334059.03146,1835
1782334059.032767,1793
1782334059.034056,1791
1782334059.0353432,1791
1782334059.035349,1812
1782334059.036631,1848
1782334059.037927,1832
1782334059.039241,1861
1782334059.040543,1858
1782334059.040554,1847
1782334059.041662,1830
1782334059.0429592,1860
1782334059.04407,1871
1782334059.045388,1862
1782334059.045402,1854
1782334059.046695,1867
1782334059.04798,1882
1782334059.049273,1864
1782334059.050577,1859
1782334059.050585,1858
1782334059.051872,1854
1782334059.053167,1864
1782334059.054461,1877
1782334059.054469,1870
1782334059.056929,1878
1782334059.0569742,1880
1782334059.060009,1862
1782334059.0600178,1880
1782334059.06002,1845
1782334059.06131,1829
1782334059.062613,1829
1782334059.062623,1846
1782334059.0639381,1855
1782334059.065238,1828
1782334059.06654,1848
1782334059.066551,1843
1782334059.067837,1847
1782334059.069124,1834
1782334059.07044,1839
1782334059.070451,1815
1782334059.0717509,1815
1782334059.07306,1818
1782334059.074357,1797
1782334059.074365,1801
1782334059.075441,1831
1782334059.076726,1817
1782334059.078038,1830
1782334059.079349,1820
1782334059.07938,1815
1782334059.080655,1815
1782334059.081968,1818
1782334059.083172,1839
1782334059.084995,1843
1782334059.085001,1867
1782334059.087599,1857
1782334059.087606,1845
1782334059.087608,1839
1782334059.088885,1854
1782334059.090153,1845
1782334059.091425,1859
1782334059.0914292,1868
1782334059.092695,1890
1782334059.093987,1862
1782334059.095308,1851
1782334059.0966232,1835
1782334059.0966332,1851
1782334059.0979059,1848
1782334059.099203,1877
1782334059.100508,1860
1782334059.100519,1867
1782334059.101825,1871
1782334059.103137,1903
1782334059.104334,1900
1782334059.104342,1858
1782334059.1043708,1848
1782334059.105647,1850
1782334059.1069398,1850
1782334059.10824,1845
1782334059.1095428,1825
1782334059.1095538,1831
1782334059.110862,1827
1782334059.11216,1844
1782334059.113458,1839
1782334059.113465,1859
1782334059.114748,1868
1782334059.116145,1865
1782334059.119782,1878
1782334059.1197891,1877
1782334059.1197922,1866
1782334059.119794,1847
1782334059.1209679,1850
1782334059.1222432,1833
1782334059.1235158,1798
1782334059.123521,1813
1782334059.124811,1813
1782334059.126112,1838
1782334059.127404,1833
1782334059.127409,1819
1782334059.1287,1833
1782334059.130029,1850
1782334059.1313322,1832
1782334059.132633,1846
1782334059.1326442,1834
1782334059.133954,1821
1782334059.135257,1845
1782334059.136554,1838
1782334059.136565,1847
1782334059.137863,1838
1782334059.1391659,1854
1782334059.140464,1860
1782334059.140474,1877
1782334059.1417978,1890
1782334059.1430972,1890
1782334059.14431,1871
1782334059.1456451,1825
1782334059.145656,1839
1782334059.146941,1850
1782334059.148375,1852
1782334059.148439,1836
1782334059.152658,1836
1782334059.152686,1844
1782334059.152692,1843
1782334059.152694,1842
1782334059.15397,1846
1782334059.1552472,1871
1782334059.1565309,1893
1782334059.156537,1894
1782334059.1578088,1871
1782334059.159096,1858
1782334059.160388,1854
1782334059.160397,1855
1782334059.161697,1838
1782334059.162976,1838
1782334059.164246,1834
1782334059.165535,1832
1782334059.165546,1828
1782334059.166854,1833
1782334059.168152,1839
1782334059.1694489,1815
1782334059.169457,1807
1782334059.1707468,1821
1782334059.171937,1846
1782334059.173236,1851
1782334059.1745338,1834
1782334059.1745448,1834
1782334059.1758752,1847
1782334059.177084,1814
1782334059.1789389,1791
1782334059.1789498,1807
1782334059.182233,1811
1782334059.18224,1794
1782334059.1822422,1820
1782334059.1834612,1825
1782334059.183467,1814
1782334059.184735,1839
1782334059.1860192,1858
1782334059.187298,1866
1782334059.1885629,1867
1782334059.188568,1848
1782334059.18986,1854
1782334059.1911669,1862
1782334059.1924639,1811
1782334059.1924732,1828
1782334059.19377,1821
1782334059.195067,1822
1782334059.196345,1830
1782334059.1963499,1862
1782334059.197618,1836
1782334059.1988878,1839
1782334059.2001731,1839
1782334059.201468,1835
1782334059.201479,1865
1782334059.202773,1842
1782334059.204072,1842
1782334059.205374,1844
1782334059.205385,1884
1782334059.208462,1879
1782334059.2084732,1865
1782334059.208478,1843
1782334059.212231,1844
1782334059.2122371,1817
1782334059.212239,1851
1782334059.213512,1834
1782334059.213517,1861
1782334059.214798,1855
1782334059.216071,1855
1782334059.217355,1842
1782334059.2173598,1850
1782334059.218648,1839
1782334059.219954,1835
1782334059.2212522,1830
1782334059.222552,1807
1782334059.222563,1813
1782334059.223872,1826
1782334059.225174,1824
1782334059.22647,1839
1782334059.2264771,1839
1782334059.227764,1854
1782334059.229056,1822
1782334059.2303302,1832
1782334059.2303622,1880
1782334059.2316558,1892
1782334059.232955,1895
1782334059.234251,1876
1782334059.23555,1903
1782334059.235561,1868
1782334059.2368839,1867
1782334059.236895,1862
1782334059.238183,1848
1782334059.239485,1858
1782334059.239496,1846
1782334059.241313,1858
1782334059.2444532,1839
1782334059.24446,1835
1782334059.244462,1861
1782334059.2444642,1855
1782334059.245736,1829
1782334059.246898,1798
1782334059.248182,1786
1782334059.249457,1788
1782334059.249461,1798
1782334059.250746,1821
1782334059.252039,1824
1782334059.253238,1834
1782334059.254534,1839
1782334059.254543,1869
1782334059.255841,1859
1782334059.2571242,1830
1782334059.25843,1809
1782334059.2584388,1800
1782334059.259732,1820
1782334059.261018,1812
1782334059.26232,1835
1782334059.2636108,1836
1782334059.2636192,1843
1782334059.264906,1864
1782334059.266203,1855
1782334059.2675068,1857
1782334059.267516,1864
1782334059.268824,1831
1782334059.2713249,1839
1782334059.271339,1833
1782334059.271381,1849
1782334059.27533,1846
1782334059.275344,1835
1782334059.2753458,1848
1782334059.2753642,1871
1782334059.2766669,1860
1782334059.277969,1861
1782334059.2792609,1871
1782334059.280548,1882
1782334059.280555,1862
1782334059.281833,1856
1782334059.2831192,1853
1782334059.284408,1868
1782334059.284416,1850
1782334059.285706,1854
1782334059.287029,1862
1782334059.28833,1884
1782334059.288356,1879
1782334059.289641,1901
1782334059.29092,1935
1782334059.2921972,1924
1782334059.293486,1889
1782334059.293493,1869
1782334059.294776,1833
1782334059.296062,1827
1782334059.297339,1823
1782334059.297344,1835
1782334059.299362,1828
1782334059.299366,1825
1782334059.3017092,1788
1782334059.301717,1802
1782334059.3029919,1796
1782334059.304275,1817
1782334059.305557,1787
1782334059.305563,1799
1782334059.3068511,1807
1782334059.308126,1836
1782334059.309422,1858
1782334059.309431,1869
1782334059.310735,1849
1782334059.312059,1839
1782334059.3133729,1839
1782334059.313385,1823
1782334059.314674,1825
1782334059.316003,1820
1782334059.317301,1820
1782334059.318597,1828
1782334059.318605,1863
1782334059.319893,1857
1782334059.321172,1874
1782334059.3224561,1910
1782334059.322465,1898
1782334059.323745,1875
1782334059.325025,1831
1782334059.3262541,1832
1782334059.327562,1855
1782334059.327571,1827
1782334059.328864,1799
1782334059.3303459,1805
1782334059.330354,1815
1782334059.333087,1807
1782334059.3330948,1801
1782334059.334391,1823
1782334059.334398,1830
1782334059.335676,1820
1782334059.336961,1859
1782334059.3382552,1854
1782334059.339542,1855
1782334059.3395479,1871
1782334059.340821,1895
1782334059.3420968,1902
1782334059.343372,1903
1782334059.343376,1874
1782334059.344666,1855
1782334059.345964,1871
1782334059.347281,1877
1782334059.348585,1843
1782334059.3485959,1831
1782334059.3498921,1847
1782334059.3511739,1854
1782334059.35247,1839
1782334059.352482,1853
1782334059.3537762,1871
1782334059.355076,1883
1782334059.3563561,1843
1782334059.3563619,1829
1782334059.357635,1847
1782334059.359591,1849
1782334059.3595982,1850
1782334059.362445,1855
1782334059.3624508,1871
1782334059.362453,1848
1782334059.3637278,1851
1782334059.3649988,1843
1782334059.3662772,1816
1782334059.366282,1794
1782334059.3675652,1807
1782334059.367572,1807
1782334059.368875,1826
1782334059.370173,1846
1782334059.37147,1828
1782334059.371479,1818
1782334059.3727748,1829
1782334059.374079,1844
1782334059.375152,1870
1782334059.376446,1856
1782334059.3764548,1858
1782334059.377604,1852
1782334059.378907,1871
1782334059.38021,1861
1782334059.3815129,1830
1782334059.381522,1832
1782334059.382814,1854
1782334059.3841112,1836
1782334059.385407,1828
1782334059.385417,1843
1782334059.386719,1860
1782334059.388015,1868
1782334059.3893151,1838
1782334059.390622,1826
1782334059.390632,1866
1782334059.392947,1899
1782334059.3929589,1907
1782334059.397613,1891
1782334059.397623,1871
1782334059.397625,1896
1782334059.3976269,1877
1782334059.397629,1850
1782334059.398904,1868
1782334059.400176,1854
1782334059.4014459,1870
1782334059.401451,1874
1782334059.402745,1863
1782334059.404043,1864
1782334059.4053462,1845
1782334059.4066648,1848
1782334059.406677,1857
1782334059.407974,1864
1782334059.4092731,1871
1782334059.4105659,1855
1782334059.4105752,1866
1782334059.411871,1856
1782334059.4131641,1828
1782334059.4144619,1818
1782334059.414471,1796
1782334059.4157639,1837
1782334059.417058,1833
1782334059.4183831,1823
1782334059.418394,1836
1782334059.41969,1828
1782334059.421024,1828
1782334059.422395,1821
1782334059.422513,1832
1782334059.424001,1821
1782334059.427511,1807
1782334059.427517,1783
1782334059.427519,1801
1782334059.427521,1794
1782334059.4287932,1818
1782334059.430067,1810
1782334059.4313412,1815
1782334059.431346,1845
1782334059.43264,1849
1782334059.433941,1871
1782334059.435204,1890
1782334059.436482,1910
1782334059.436487,1886
1782334059.437631,1903
1782334059.4389162,1886
1782334059.440188,1869
1782334059.4414568,1879
1782334059.441461,1846
1782334059.442734,1860
1782334059.444011,1877
1782334059.445326,1866
1782334059.4453492,1847
1782334059.4466481,1830
1782334059.447736,1827
1782334059.449034,1829
1782334059.4510589,1844
1782334059.4510632,1848
1782334059.453504,1835
1782334059.453509,1833
1782334059.4535098,1837
1782334059.454792,1819
1782334059.456063,1831
1782334059.457341,1829
1782334059.457346,1839
1782334059.458616,1853
1782334059.459925,1855
1782334059.4612281,1857
1782334059.462528,1844
1782334059.462538,1848
1782334059.463844,1829
1782334059.4651468,1817
1782334059.466453,1825
1782334059.466464,1818
1782334059.4677749,1807
1782334059.469059,1845
1782334059.470366,1842
1782334059.470389,1838
1782334059.471692,1830
1782334059.472995,1814
1782334059.47431,1831
1782334059.475617,1810
1782334059.475623,1788
1782334059.476917,1795
1782334059.478206,1817
1782334059.479496,1799
1782334059.4795048,1822
1782334059.480802,1822
1782334059.482243,1846
1782334059.485239,1880
1782334059.485248,1881
1782334059.48525,1893
1782334059.486528,1884
1782334059.4865332,1898
1782334059.487804,1884
1782334059.489084,1887
1782334059.49038,1874
1782334059.490392,1839
1782334059.491694,1843
1782334059.492977,1828
1782334059.494281,1838
1782334059.4956071,1798
1782334059.4956129,1783
1782334059.495615,1778
1782334059.496921,1786
1782334059.498218,1786
1782334059.4995232,1801
1782334059.4995341,1805
1782334059.500839,1824
1782334059.5021398,1842
1782334059.50344,1830
1782334059.5034518,1839
1782334059.50475,1848
1782334059.506047,1838
1782334059.507352,1852
1782334059.507384,1879
1782334059.508681,1883
1782334059.5098062,1871
1782334059.511114,1869
1782334059.513006,1863
1782334059.513016,1850
1782334059.516469,1866
1782334059.516474,1875
1782334059.516476,1824
1782334059.516478,1806
1782334059.517751,1834
1782334059.519022,1834
1782334059.5202932,1836
1782334059.521587,1847
1782334059.5215979,1856
1782334059.522922,1826
1782334059.5241148,1832
1782334059.5254002,1844
1782334059.525409,1868
1782334059.526706,1862
1782334059.528023,1847
1782334059.5293179,1861
1782334059.5306618,1849
1782334059.530669,1851
1782334059.531945,1863
1782334059.533246,1887
1782334059.534531,1908
1782334059.534537,1892
1782334059.5358331,1894
1782334059.537132,1863
1782334059.538431,1852
1782334059.5384388,1839
1782334059.539733,1826
1782334059.5410292,1819
1782334059.542332,1803
1782334059.542368,1827
1782334059.544905,1842
1782334059.544918,1839
1782334059.548824,1818
1782334059.548831,1864
1782334059.548834,1834
1782334059.548835,1819
1782334059.550108,1825
1782334059.55138,1829
1782334059.5513852,1827
1782334059.552656,1818
1782334059.553966,1829
1782334059.55527,1839
1782334059.556588,1830
1782334059.556601,1829
1782334059.5578969,1834
1782334059.558996,1829
1782334059.5603101,1839
1782334059.561652,1847
1782334059.5616581,1854
1782334059.562957,1863
1782334059.564256,1831
1782334059.565566,1844
1782334059.5655732,1877
1782334059.566866,1897
1782334059.5681732,1897
1782334059.569469,1891
1782334059.569477,1874
1782334059.570781,1843
1782334059.572099,1868
1782334059.5740979,1871
1782334059.57411,1887
1782334059.57827,1871
1782334059.5782762,1875
1782334059.578279,1848
1782334059.578281,1826
1782334059.579561,1850
1782334059.579566,1859
1782334059.5808342,1865
1782334059.5821178,1870
1782334059.5834198,1888
1782334059.583433,1869
1782334059.584737,1864
1782334059.586061,1854
1782334059.58737,1834
1782334059.587382,1885
1782334059.588675,1862
1782334059.589976,1839
1782334059.5912771,1789
1782334059.59258,1749
1782334059.5925891,1764
1782334059.593886,1782
1782334059.595187,1807
1782334059.59649,1822
1782334059.596499,1804
1782334059.597791,1843
1782334059.599092,1860
1782334059.600394,1858
1782334059.600406,1866
1782334059.601706,1871
1782334059.6030111,1879
1782334059.6049469,1882
1782334059.604958,1879
1782334059.608563,1860
1782334059.60857,1859
1782334059.608572,1866
1782334059.608574,1830
1782334059.609849,1833
1782334059.611119,1857
1782334059.612246,1836
1782334059.613545,1814
1782334059.613557,1838
1782334059.6148539,1848
1782334059.616135,1850
1782334059.6173189,1862
1782334059.618628,1846
1782334059.618637,1858
1782334059.619945,1865
1782334059.6212401,1864
1782334059.622543,1867
1782334059.622554,1878
1782334059.623853,1854
1782334059.625162,1878
1782334059.626463,1830
1782334059.626472,1829
1782334059.626475,1824
1782334059.6277828,1827
1782334059.629077,1811
1782334059.630371,1819
1782334059.630382,1803
1782334059.631673,1807
1782334059.632969,1814
1782334059.634433,1839
1782334059.634442,1842
1782334059.635842,1839
1782334059.6389802,1834
1782334059.6389859,1826
1782334059.638988,1856
1782334059.640267,1867
1782334059.641543,1852
1782334059.641548,1835
1782334059.642818,1829
1782334059.644089,1824
1782334059.64538,1849
1782334059.645389,1859
1782334059.64668,1860
1782334059.647978,1864
1782334059.649256,1866
1782334059.650541,1859
1782334059.650549,1868
1782334059.6518452,1861
1782334059.653145,1858
1782334059.654423,1848
1782334059.654428,1846
1782334059.6557188,1837
1782334059.6569989,1836
1782334059.6583,1823
1782334059.659604,1829
1782334059.659612,1822
1782334059.660904,1835
1782334059.662198,1827
1782334059.663705,1860
1782334059.663713,1881
1782334059.667076,1857
1782334059.6670809,1878
1782334059.667083,1876
1782334059.6683688,1896
1782334059.668374,1844
1782334059.669643,1848
1782334059.670893,1815
1782334059.672192,1807
1782334059.6734989,1819
1782334059.673511,1829
1782334059.674813,1810
1782334059.676117,1810
1782334059.6774132,1839
1782334059.677422,1807
1782334059.6787179,1780
1782334059.680018,1826
1782334059.681323,1842
1782334059.682627,1834
1782334059.6826382,1832
1782334059.683934,1818
1782334059.685235,1862
1782334059.686538,1854
1782334059.686549,1830
1782334059.687836,1821
1782334059.6891499,1834
1782334059.690455,1848
1782334059.690464,1862
1782334059.69178,1871
1782334059.6930869,1860
1782334059.6943822,1857
1782334059.694392,1836
1782334059.695704,1830
1782334059.697641,1794
1782334059.6977,1815
1782334059.7017658,1804
1782334059.7017741,1816
1782334059.7017758,1823
1782334059.701778,1824
1782334059.703051,1838
1782334059.7043252,1867
1782334059.70433,1871
1782334059.7055979,1876
1782334059.706816,1855
1782334059.7081118,1843
1782334059.709419,1848
1782334059.709429,1843
1782334059.710731,1850
1782334059.712064,1838
1782334059.713377,1823
1782334059.713388,1835
1782334059.714688,1846
1782334059.7159638,1858
1782334059.7172549,1855
1782334059.7185512,1862
1782334059.7185621,1860
1782334059.719856,1865
1782334059.7209868,1846
1782334059.722281,1855
1782334059.723583,1834
1782334059.723593,1852
1782334059.724886,1839
1782334059.72658,1860
1782334059.726592,1864
1782334059.7281,1855
1782334059.73129,1854
1782334059.7312949,1866
1782334059.731298,1868
1782334059.732584,1876
1782334059.732589,1887
1782334059.733859,1842
1782334059.73513,1898
1782334059.7363992,1869
1782334059.736403,1820
1782334059.737686,1862
1782334059.738962,1870
1782334059.740257,1821
1782334059.74156,1833
1782334059.7415712,1839
1782334059.742867,1866
1782334059.7441611,1859
1782334059.745455,1866
1782334059.745464,1862
1782334059.746753,1860
1782334059.7480478,1825
1782334059.749366,1811
1782334059.749393,1818
1782334059.7506828,1813
1782334059.751979,1807
1782334059.7532759,1823
1782334059.755695,1853
1782334059.755706,1845
1782334059.755711,1861
1782334059.75982,1858
1782334059.759851,1834
1782334059.759857,1850
1782334059.7598588,1868
1782334059.759861,1882
1782334059.7610571,1871
1782334059.762342,1880
1782334059.762348,1883
1782334059.763629,1878
1782334059.7649121,1848
1782334059.766208,1834
1782334059.767508,1822
1782334059.767518,1803
1782334059.768807,1824
1782334059.770108,1825
1782334059.771405,1836
1782334059.771415,1817
1782334059.772716,1807
1782334059.774017,1839
1782334059.7753222,1832
1782334059.7766268,1858
1782334059.7766368,1847
1782334059.77793,1855
1782334059.779244,1864
1782334059.7805471,1839
1782334059.780556,1813
1782334059.781848,1827
1782334059.7830012,1858
1782334059.784308,1855
1782334059.786761,1853
1782334059.786772,1855
1782334059.786777,1851
1782334059.790571,1833
1782334059.7905762,1818
1782334059.790578,1835
1782334059.7905788,1851
1782334059.791787,1843
1782334059.793066,1864
1782334059.7943418,1838
1782334059.794346,1854
1782334059.7956412,1863
1782334059.796921,1858
1782334059.798211,1839
1782334059.799514,1804
1782334059.799525,1772
1782334059.800821,1789
1782334059.802125,1791
1782334059.8034308,1794
1782334059.8034408,1788
1782334059.804733,1812
1782334059.806031,1829
1782334059.8073332,1836
1782334059.80736,1858
1782334059.808654,1854
1782334059.809948,1855
1782334059.811248,1836
1782334059.812547,1828
1782334059.812557,1821
1782334059.814403,1822
1782334059.814416,1828
1782334059.817376,1850
1782334059.817384,1824
1782334059.817431,1803
1782334059.820857,1790
1782334059.820862,1790
1782334059.820864,1812
1782334059.8221529,1825
1782334059.823426,1837
1782334059.8234298,1861
1782334059.824702,1881
1782334059.825973,1863
1782334059.8270879,1876
1782334059.828379,1875
1782334059.82839,1868
1782334059.829694,1851
1782334059.830976,1864
1782334059.832266,1860
1782334059.833489,1886
1782334059.8334951,1877
1782334059.834805,1871
1782334059.836086,1846
1782334059.837388,1880
1782334059.837396,1862
1782334059.83869,1839
1782334059.8399858,1846
1782334059.8412821,1832
1782334059.842587,1832
1782334059.842597,1831
1782334059.843888,1832
1782334059.845195,1855
1782334059.8465102,1857
1782334059.8465211,1866
1782334059.847875,1882
1782334059.849558,1888
1782334059.849602,1862
1782334059.8525271,1861
1782334059.852532,1839
1782334059.852534,1871
1782334059.853821,1853
1782334059.855092,1839
1782334059.8563619,1845
1782334059.8563662,1812
1782334059.857656,1827
1782334059.85896,1847
1782334059.860242,1847
1782334059.8615391,1848
1782334059.861554,1823
1782334059.862846,1866
1782334059.864146,1882
1782334059.865429,1885
1782334059.8654342,1889
1782334059.866721,1866
1782334059.8680162,1849
1782334059.869316,1866
1782334059.870616,1856
1782334059.870625,1871
1782334059.871914,1858
1782334059.8732102,1838
1782334059.8745081,1850
1782334059.874518,1839
1782334059.875812,1805
1782334059.877109,1845
1782334059.87974,1863
1782334059.879754,1858
1782334059.8797581,1878
1782334059.884008,1878
1782334059.884013,1855
1782334059.884015,1829
1782334059.884017,1814
1782334059.885292,1815
1782334059.886563,1824
1782334059.8865669,1842
1782334059.8878348,1829
1782334059.8891141,1823
1782334059.889119,1807
1782334059.890414,1833
1782334059.8904262,1851
1782334059.891732,1883
1782334059.893054,1853
1782334059.8943841,1847
1782334059.894397,1869
1782334059.895694,1846
1782334059.896974,1825
1782334059.8982441,1834
1782334059.8995352,1850
1782334059.8995461,1851
1782334059.900865,1847
1782334059.902167,1848
1782334059.903466,1817
1782334059.9034739,1813
1782334059.904784,1804
1782334059.9060779,1832
1782334059.908947,1839
1782334059.9089541,1832
1782334059.908957,1839
1782334059.9124968,1820
1782334059.912504,1854
1782334059.9125068,1859
1782334059.912509,1857
1782334059.915046,1857
1782334059.915051,1854
1782334059.916329,1845
1782334059.916346,1855
1782334059.917614,1862
1782334059.918904,1855
1782334059.920202,1869
1782334059.9215071,1863
1782334059.921518,1861
1782334059.922614,1893
1782334059.923916,1882
1782334059.9252212,1864
1782334059.926539,1867
1782334059.926552,1876
1782334059.9278662,1899
1782334059.929164,1878
1782334059.930449,1865
1782334059.9304562,1830
1782334059.9317482,1804
1782334059.933045,1811
1782334059.934355,1806
1782334059.93441,1802
1782334059.935713,1799
1782334059.937011,1831
1782334059.93831,1839
1782334059.940636,1868
1782334059.9406478,1879
1782334059.940653,1868
1782334059.944555,1853
1782334059.944561,1878
1782334059.944563,1871
1782334059.944565,1842
1782334059.945837,1818
1782334059.947117,1782
1782334059.9483929,1745
1782334059.948398,1782
1782334059.949685,1807
1782334059.950985,1852
1782334059.9522629,1853
1782334059.953557,1832
1782334059.953568,1851
1782334059.9548612,1861
1782334059.9561641,1863
1782334059.957459,1849
1782334059.9574678,1880
1782334059.95877,1913
1782334059.960078,1913
1782334059.9613981,1894
1782334059.96141,1884
1782334059.962719,1894
1782334059.96402,1866
1782334059.965325,1852
1782334059.9653618,1839
1782334059.96666,1837
1782334059.9679518,1804
1782334059.970356,1794
1782334059.970367,1807
1782334059.970415,1839
1782334059.974431,1806
1782334059.974441,1822
1782334059.9744442,1819
1782334059.974446,1818
1782334059.975735,1814
1782334059.9770198,1803
1782334059.978304,1807
1782334059.9795818,1839
1782334059.979588,1825
1782334059.9808571,1836
1782334059.982125,1847
1782334059.983396,1869
1782334059.983401,1860
1782334059.984694,1883
1782334059.9859788,1887
1782334059.987259,1887
1782334059.988537,1879
1782334059.988543,1882
1782334059.989829,1897
1782334059.991107,1902
1782334059.992379,1889
1782334059.992383,1834
1782334059.993668,1845
1782334059.99497,1837
1782334059.996272,1860
1782334059.9975748,1846
1782334059.9975832,1854
1782334059.998881,1816
1782334060.0005739,1830
1782334060.000586,1799
1782334060.003233,1796
1782334060.003244,1791
1782334060.0045571,1822
1782334060.004568,1807
1782334060.005878,1805
1782334060.007165,1796
1782334060.0082371,1803
1782334060.009514,1798
1782334060.009519,1811
1782334060.010797,1837
1782334060.0120819,1827
1782334060.013365,1839
1782334060.013372,1818
1782334060.014678,1817
1782334060.015975,1832
1782334060.0172632,1829
1782334060.018548,1857
1782334060.0185542,1847
1782334060.0185559,1854
1782334060.019659,1848
1782334060.0209448,1832
1782334060.022222,1833
1782334060.023506,1822
1782334060.023513,1830
1782334060.024797,1839
1782334060.026077,1843
1782334060.027354,1844
1782334060.02736,1862
1782334060.028647,1869
1782334060.03041,1894
1782334060.030415,1919
1782334060.033442,1887
1782334060.03345,1860
1782334060.033453,1852
1782334060.03473,1867
1782334060.0360022,1865
1782334060.0372858,1868
1782334060.0385869,1850
1782334060.038599,1835
1782334060.039892,1853
1782334060.041193,1851
1782334060.042497,1858
1782334060.0425081,1836
1782334060.043802,1847
1782334060.045116,1851
1782334060.046405,1847
1782334060.046411,1847
1782334060.0477152,1827
1782334060.0490088,1834
1782334060.050289,1849
1782334060.051584,1879
1782334060.051596,1890
1782334060.052811,1896
1782334060.054113,1882
1782334060.055385,1887
1782334060.05539,1881
1782334060.056683,1861
1782334060.057987,1825
1782334060.059577,1828
1782334060.059593,1871
1782334060.06255,1863
1782334060.0625541,1851
1782334060.0625558,1862
1782334060.0638342,1857
1782334060.065105,1851
1782334060.0663848,1805
1782334060.066391,1810
1782334060.067668,1823
1782334060.068971,1803
1782334060.070273,1789
1782334060.071562,1818
1782334060.071569,1826
1782334060.072845,1831
1782334060.0741389,1849
1782334060.075445,1836
1782334060.075456,1839
1782334060.0767841,1842
1782334060.078096,1827
1782334060.079347,1838
1782334060.079378,1843
1782334060.080658,1849
1782334060.081955,1833
1782334060.0830238,1848
1782334060.08432,1835
1782334060.085631,1854
1782334060.085642,1839
1782334060.086932,1831
1782334060.088248,1838
1782334060.089547,1833
1782334060.089559,1857
1782334060.090872,1844
1782334060.092152,1834
1782334060.094712,1828
1782334060.094717,1819
1782334060.094719,1806
1782334060.096001,1817
1782334060.09727,1824
1782334060.0985448,1833
1782334060.09855,1848
1782334060.099842,1852
1782334060.101147,1857
1782334060.102467,1875
1782334060.102481,1830
1782334060.10379,1847
1782334060.105093,1849
1782334060.1062589,1848
1782334060.10756,1866
1782334060.107572,1848
1782334060.108873,1853
1782334060.110155,1839
1782334060.111449,1839
1782334060.1114612,1819
1782334060.112639,1785
1782334060.11392,1830
1782334060.115211,1834
1782334060.116529,1839
1782334060.116541,1849
1782334060.1178198,1876
1782334060.119112,1858
1782334060.120415,1865
1782334060.120425,1861
1782334060.122025,1830
1782334060.124903,1858
1782334060.1249092,1847
1782334060.124911,1850
1782334060.126187,1861
1782334060.1273532,1863
1782334060.127357,1860
1782334060.128625,1882
1782334060.12975,1876
1782334060.1310441,1860
1782334060.132363,1871
1782334060.1323872,1868
1782334060.133684,1866
1782334060.134992,1844
1782334060.136321,1859
1782334060.137631,1858
1782334060.137644,1828
1782334060.1389189,1833
1782334060.140213,1837
1782334060.141518,1839
1782334060.1415281,1814
1782334060.142824,1785
1782334060.144099,1775
1782334060.145391,1791
1782334060.145403,1798
1782334060.146709,1842
1782334060.147923,1874
1782334060.149216,1864
1782334060.149228,1880
1782334060.151096,1866
1782334060.151102,1881
1782334060.154879,1852
1782334060.1548858,1866
1782334060.154888,1858
1782334060.15489,1855
1782334060.156171,1844
1782334060.157459,1871
1782334060.1574662,1891
1782334060.158748,1858
1782334060.160031,1844
1782334060.16133,1845
1782334060.1626391,1846
1782334060.1626508,1829
1782334060.1639209,1823
1782334060.165204,1830
1782334060.166479,1839
1782334060.166483,1823
1782334060.167776,1801
1782334060.1690822,1791
1782334060.1704168,1785
1782334060.1704252,1774
1782334060.171687,1798
1782334060.1730042,1827
1782334060.1743171,1829
1782334060.175626,1838
1782334060.175637,1850
1782334060.176955,1837
1782334060.178257,1846
1782334060.17958,1839
1782334060.179595,1866
1782334060.180918,1860
1782334060.183709,1855
1782334060.183729,1825
1782334060.184191,1831
1782334060.187684,1842
1782334060.187689,1888
1782334060.187691,1868
1782334060.187694,1850
1782334060.1889658,1870
1782334060.190235,1877
1782334060.191505,1832
1782334060.191509,1847
1782334060.192789,1852
1782334060.194098,1848
1782334060.1953988,1839
1782334060.195411,1858
1782334060.1967082,1886
1782334060.198011,1855
1782334060.1993148,1836
1782334060.20062,1832
1782334060.200633,1839
1782334060.20192,1845
1782334060.203218,1842
1782334060.204551,1855
1782334060.2045598,1854
1782334060.205847,1853
1782334060.2071428,1871
1782334060.20844,1852
1782334060.208451,1851
1782334060.2097878,1828
1782334060.2111008,1845
1782334060.212843,1857
1782334060.212855,1865
1782334060.2175272,1852
1782334060.2175329,1823
1782334060.217536,1838
1782334060.217537,1855
1782334060.217539,1832
1782334060.2188108,1845
1782334060.2200818,1839
1782334060.2213602,1819
1782334060.221366,1834
1782334060.22264,1839
1782334060.2239318,1815
1782334060.225148,1807
1782334060.226445,1826
1782334060.226457,1876
1782334060.227763,1871
1782334060.2290618,1852
1782334060.230259,1838
1782334060.2315562,1832
1782334060.2315671,1837
1782334060.232873,1818
1782334060.234069,1834
1782334060.235371,1821
1782334060.235381,1836
1782334060.236671,1847
1782334060.2379782,1836
1782334060.2392802,1807
1782334060.240586,1807
1782334060.240596,1816
1782334060.241802,1816
1782334060.243105,1825
1782334060.245652,1831
1782334060.245666,1850
1782334060.245728,1810
1782334060.24971,1818
1782334060.2497149,1839
1782334060.249717,1843
1782334060.2497191,1855
1782334060.250989,1876
1782334060.2522612,1862
1782334060.253539,1870
1782334060.2535439,1890
1782334060.254826,1895
1782334060.256122,1884
1782334060.257429,1878
1782334060.257442,1859
1782334060.258772,1862
1782334060.260084,1856
1782334060.261431,1854
1782334060.2614489,1843
1782334060.262757,1816
1782334060.2640672,1860
1782334060.2653692,1843
1782334060.2653818,1839
1782334060.266708,1832
1782334060.268026,1819
1782334060.269351,1820
1782334060.269388,1838
1782334060.270699,1846
1782334060.272018,1821
1782334060.27334,1807
1782334060.2733471,1830
1782334060.274205,1848
1782334060.277925,1849
1782334060.277934,1876
1782334060.2779362,1878
1782334060.277938,1870
1782334060.279209,1902
1782334060.280488,1883
1782334060.280493,1879
1782334060.281763,1899
1782334060.283058,1910
1782334060.284365,1903
1782334060.2843761,1899
1782334060.285672,1903
1782334060.286988,1938
1782334060.2882712,1915
1782334060.289571,1887
1782334060.2895832,1852
1782334060.2908852,1834
1782334060.292187,1824
1782334060.29349,1819
1782334060.293501,1822
1782334060.294801,1824
1782334060.295983,1835
1782334060.297281,1826
1782334060.298594,1831
1782334060.298605,1803
1782334060.299896,1843
1782334060.3012,1846
1782334060.3025012,1846
1782334060.3025112,1837
1782334060.303581,1871
1782334060.305079,1862
1782334060.3088691,1847
1782334060.308874,1855
1782334060.308876,1839
1782334060.3088782,1814
1782334060.310147,1817
1782334060.311417,1819
1782334060.3114219,1815
1782334060.312622,1807
1782334060.3139,1794
1782334060.3151948,1785
1782334060.316502,1785
1782334060.316513,1807
1782334060.3178198,1835
1782334060.319121,1826
1782334060.320427,1832
1782334060.320439,1831
1782334060.321732,1854
1782334060.3230321,1858
1782334060.324338,1883
1782334060.324363,1878
1782334060.3256562,1868
1782334060.326953,1853
1782334060.328253,1852
1782334060.329552,1848
1782334060.3295639,1870
1782334060.330904,1867
1782334060.3322382,1875
1782334060.334028,1860
1782334060.334035,1870
1782334060.3379729,1868
1782334060.3379781,1826
1782334060.3379798,1828
1782334060.337981,1806
1782334060.339252,1817
1782334060.340522,1836
1782334060.3405252,1833
1782334060.341784,1821
1782334060.343059,1839
1782334060.344363,1856
1782334060.344396,1841
1782334060.345695,1843
1782334060.3469949,1856
1782334060.348327,1871
1782334060.348348,1850
1782334060.34965,1839
1782334060.350952,1816
1782334060.352253,1798
1782334060.3535628,1815
1782334060.353575,1832
1782334060.354869,1834
1782334060.356171,1862
1782334060.357476,1856
1782334060.3574882,1839
1782334060.35878,1861
1782334060.3600798,1853
1782334060.36114,1826
1782334060.3624399,1838
1782334060.36245,1857
1782334060.3641112,1850
1782334060.3683462,1846
1782334060.368351,1834
1782334060.3683531,1851
1782334060.368355,1819
1782334060.3683572,1823
1782334060.369628,1819
1782334060.370898,1821
1782334060.372169,1857
1782334060.373466,1851
1782334060.3734772,1812
1782334060.374775,1823
1782334060.376075,1837
1782334060.377389,1820
1782334060.377402,1830
1782334060.3787048,1833
1782334060.3800051,1831
1782334060.38131,1842
1782334060.382613,1820
1782334060.382626,1815
1782334060.383952,1834
1782334060.385254,1826
1782334060.3865569,1842
1782334060.3865678,1839
1782334060.3878798,1839
1782334060.3891761,1814
1782334060.390485,1858
1782334060.390496,1862
1782334060.391798,1881
1782334060.393096,1886
1782334060.394392,1884
1782334060.394402,1875
1782334060.3974452,1855
1782334060.397453,1885
1782334060.397456,1883
1782334060.397519,1870
1782334060.4013498,1863
1782334060.4013572,1859
1782334060.401359,1844
1782334060.401361,1843
1782334060.402634,1891
1782334060.403902,1889
1782334060.405171,1859
1782334060.406464,1876
1782334060.406475,1860
1782334060.4077709,1871
1782334060.4090502,1854
1782334060.4103591,1851
1782334060.410379,1851
1782334060.41167,1857
1782334060.41298,1860
1782334060.414282,1865
1782334060.415591,1884
1782334060.415602,1855
1782334060.4169211,1834
1782334060.418227,1846
1782334060.419532,1852
1782334060.419544,1828
1782334060.420851,1821
1782334060.4234428,1815
1782334060.423452,1800
1782334060.423454,1828
1782334060.424762,1816
1782334060.426126,1793
1782334060.4305952,1795
1782334060.430602,1826
1782334060.4306052,1813
1782334060.430607,1818
1782334060.430609,1804
1782334060.431883,1812
1782334060.433155,1846
1782334060.434442,1843
1782334060.434447,1864
1782334060.43572,1833
1782334060.437032,1819
1782334060.438307,1806
1782334060.438328,1817
1782334060.4396281,1838
1782334060.440931,1870
1782334060.442233,1863
1782334060.4435341,1867
1782334060.443556,1869
1782334060.444891,1863
1782334060.446207,1839
1782334060.447507,1839
1782334060.447519,1835
1782334060.4488142,1844
1782334060.450098,1817
1782334060.4513931,1830
1782334060.451402,1832
1782334060.4527009,1860
1782334060.4540029,1869
1782334060.455311,1845
1782334060.457268,1847
1782334060.45728,1837
1782334060.4616861,1848
1782334060.4616928,1843
1782334060.461695,1839
1782334060.461696,1833
1782334060.461698,1831
1782334060.46297,1816
1782334060.4642491,1832
1782334060.465525,1832
1782334060.4655302,1839
1782334060.4668212,1852
1782334060.468123,1876
1782334060.469444,1884
1782334060.469453,1885
1782334060.470753,1884
1782334060.4720352,1874
1782334060.4733272,1878
1782334060.47337,1903
1782334060.4746659,1876
1782334060.4759622,1865
1782334060.477258,1842
1782334060.478573,1844
1782334060.478583,1863
1782334060.479907,1864
1782334060.481208,1870
1782334060.4825118,1876
1782334060.482524,1874
1782334060.4838479,1871
1782334060.487051,1879
1782334060.487062,1855
1782334060.487067,1851
1782334060.491553,1851
1782334060.49156,1838
1782334060.491562,1836
1782334060.491564,1788
1782334060.4915662,1792
1782334060.492842,1820
1782334060.494115,1830
1782334060.495393,1867
1782334060.495399,1870
1782334060.496696,1855
1782334060.4979992,1842
1782334060.499282,1834
1782334060.50058,1822
1782334060.500591,1839
1782334060.501909,1812
1782334060.50322,1820
1782334060.5043159,1839
1782334060.50434,1869
1782334060.505631,1836
1782334060.506929,1843
1782334060.508228,1832
1782334060.509533,1817
1782334060.509543,1828
1782334060.510832,1830
1782334060.512131,1832
1782334060.513431,1829
1782334060.513441,1807
1782334060.514755,1791
1782334060.5175838,1807
1782334060.5175948,1858
1782334060.517659,1820
1782334060.521534,1831
1782334060.5215402,1828
1782334060.521543,1842
1782334060.521544,1844
1782334060.521546,1855
1782334060.5228171,1832
1782334060.5240881,1784
1782334060.5253592,1775
1782334060.525363,1782
1782334060.526635,1797
1782334060.52793,1811
1782334060.529237,1812
1782334060.53054,1816
1782334060.53055,1812
1782334060.5318751,1837
1782334060.533176,1836
1782334060.534487,1869
1782334060.5345018,1851
1782334060.535796,1862
1782334060.537098,1871
1782334060.53839,1893
1782334060.538396,1901
1782334060.539695,1895
1782334060.5409951,1870
1782334060.542302,1863
1782334060.5436318,1849
1782334060.543644,1839
1782334060.5449579,1849
1782334060.5462642,1857
1782334060.549102,1876
1782334060.5491142,1889
1782334060.549119,1896
1782334060.5505311,1881
1782334060.550547,1870
1782334060.55372,1866
1782334060.553726,1874
1782334060.553728,1862
1782334060.5550048,1862
1782334060.556275,1874
1782334060.557554,1877
1782334060.5575612,1880
1782334060.558859,1870
1782334060.5601778,1871
1782334060.561481,1868
1782334060.561493,1843
1782334060.562637,1845
1782334060.5639381,1839
1782334060.5652401,1835
1782334060.5665438,1848
1782334060.5665548,1848
1782334060.56786,1839
1782334060.569161,1844
1782334060.570461,1822
1782334060.5704699,1821
1782334060.5717618,1838
1782334060.5730681,1830
1782334060.574372,1864
1782334060.5743842,1876
1782334060.575713,1879
1782334060.5770218,1871
1782334060.579349,1868
1782334060.5793622,1855
1782334060.579744,1845
1782334060.583659,1868
1782334060.5836642,1868
1782334060.5836658,1851
1782334060.583668,1869
1782334060.584935,1852
1782334060.586208,1864
1782334060.587477,1861
1782334060.5874822,1867
1782334060.588774,1871
1782334060.5900748,1851
1782334060.5913758,1836
1782334060.59139,1843
1782334060.5927,1847
1782334060.5940301,1850
1782334060.59533,1880
1782334060.5953631,1851
1782334060.596663,1853
1782334060.597964,1837
1782334060.599288,1839
1782334060.600582,1812
1782334060.6005929,1819
1782334060.6018891,1834
1782334060.603189,1820
1782334060.604488,1821
1782334060.604498,1813
1782334060.605809,1812
1782334060.607113,1820
1782334060.609976,1825
1782334060.609987,1816
1782334060.6099908,1834
1782334060.6141498,1817
1782334060.614157,1798
1782334060.614159,1805
1782334060.6141598,1803
1782334060.6154308,1834
1782334060.6154351,1864
1782334060.616703,1861
1782334060.617972,1848
1782334060.619264,1860
1782334060.620565,1839
1782334060.620576,1846
1782334060.6218739,1843
1782334060.6231732,1839
1782334060.624474,1823
1782334060.624485,1818
1782334060.625659,1804
1782334060.6269598,1799
1782334060.628266,1791
1782334060.629591,1779
1782334060.629601,1799
1782334060.630903,1827
1782334060.632203,1812
1782334060.633471,1851
1782334060.6334789,1838
1782334060.634779,1871
1782334060.636075,1855
1782334060.63737,1868
1782334060.6373801,1837
1782334060.638722,1849
1782334060.640946,1853
1782334060.640956,1839
1782334060.642279,1839
1782334060.645535,1855
1782334060.645542,1858
1782334060.645544,1839
1782334060.645546,1833
1782334060.645548,1819
1782334060.646843,1869
1782334060.648149,1898
1782334060.6494489,1879
1782334060.649458,1899
1782334060.650744,1874
1782334060.652032,1879
1782334060.6533172,1909
1782334060.6533499,1911
1782334060.654655,1896
1782334060.6559439,1854
1782334060.6572359,1838
1782334060.658535,1864
1782334060.658543,1845
1782334060.6598258,1861
1782334060.661118,1824
1782334060.66242,1823
1782334060.662428,1837
1782334060.663722,1814
1782334060.665012,1799
1782334060.6662982,1817
1782334060.667597,1837
1782334060.667603,1842
1782334060.6688719,1823
1782334060.6702678,1817
1782334060.6737401,1818
1782334060.67375,1837
1782334060.673752,1838
1782334060.673753,1879
1782334060.675033,1878
1782334060.67631,1880
1782334060.676337,1885
1782334060.677632,1882
1782334060.678916,1850
1782334060.680127,1844
1782334060.681432,1874
1782334060.681441,1842
1782334060.682728,1839
1782334060.68401,1817
1782334060.685913,1806
1782334060.685927,1847
1782334060.687239,1819
1782334060.688548,1834
1782334060.688556,1835
1782334060.6898382,1857
1782334060.6911318,1829
1782334060.69242,1817
1782334060.692428,1850
1782334060.693722,1839
1782334060.6950028,1807
1782334060.69628,1823
1782334060.69756,1839
1782334060.697566,1845
1782334060.698844,1882
1782334060.7005272,1881
1782334060.700534,1847
1782334060.704136,1821
1782334060.704145,1846
1782334060.704146,1862
1782334060.7054348,1858
1782334060.7054431,1839
1782334060.706721,1857
1782334060.7080069,1870
1782334060.709288,1838
1782334060.710567,1871
1782334060.710573,1848
1782334060.711849,1843
1782334060.7131252,1844
1782334060.714419,1820
1782334060.7144299,1837
1782334060.7157278,1857
1782334060.7170298,1828
1782334060.7183318,1816
1782334060.718372,1815
1782334060.719519,1812
1782334060.720834,1814
1782334060.7221608,1819
1782334060.7234402,1822
1782334060.723445,1842
1782334060.724742,1849
1782334060.726045,1877
1782334060.727325,1866
1782334060.727329,1880
1782334060.7286348,1875
1782334060.729918,1878
1782334060.732776,1874
1782334060.7327812,1878
1782334060.732783,1859
1782334060.734067,1848
1782334060.7352,1832
1782334060.7364821,1836
1782334060.7364879,1799
1782334060.7377799,1790
1782334060.739062,1789
1782334060.7403572,1793
1782334060.7403939,1807
1782334060.741698,1804
1782334060.74301,1836
1782334060.744328,1826
1782334060.7443578,1833
1782334060.745665,1847
1782334060.746968,1842
1782334060.748269,1861
1782334060.7496,1886
1782334060.74961,1871
1782334060.750905,1895
1782334060.752206,1852
1782334060.75351,1848
1782334060.753521,1833
1782334060.754833,1838
1782334060.7561119,1835
1782334060.757403,1836
1782334060.7574148,1857
1782334060.758755,1881
1782334060.760054,1871
1782334060.763268,1871
1782334060.763272,1852
1782334060.763274,1886
1782334060.7645571,1864
1782334060.764561,1831
1782334060.765829,1837
1782334060.767114,1857
1782334060.7683961,1865
1782334060.768401,1853
1782334060.769697,1828
1782334060.7710028,1824
1782334060.772321,1831
1782334060.772328,1839
1782334060.772352,1833
1782334060.773654,1839
1782334060.77496,1863
1782334060.776261,1854
1782334060.777575,1855
1782334060.777587,1864
1782334060.778881,1866
1782334060.780184,1874
1782334060.781505,1875
1782334060.781516,1874
1782334060.782816,1880
1782334060.784126,1852
1782334060.785426,1855
1782334060.7854369,1836
1782334060.786735,1837
1782334060.788039,1867
1782334060.7893388,1902
1782334060.789367,1876
1782334060.790668,1844
1782334060.7921221,1827
1782334060.795533,1836
1782334060.795538,1814
1782334060.7955399,1793
1782334060.795542,1802
1782334060.796812,1813
1782334060.7978728,1816
1782334060.799148,1823
1782334060.8004181,1843
1782334060.800423,1852
1782334060.801696,1853
1782334060.8029902,1870
1782334060.804298,1861
1782334060.8056011,1855
1782334060.805612,1876
1782334060.806916,1871
1782334060.808218,1890
1782334060.809519,1896
1782334060.80953,1919
1782334060.810824,1871
1782334060.812128,1883
1782334060.813428,1870
1782334060.813438,1890
1782334060.8147352,1856
1782334060.8160331,1832
1782334060.817334,1867
1782334060.817374,1867
1782334060.818679,1831
1782334060.819993,1839
1782334060.822502,1839
1782334060.822515,1847
1782334060.8225741,1865
1782334060.827019,1830
1782334060.827025,1866
1782334060.8270268,1903
1782334060.827029,1864
1782334060.828307,1830
1782334060.828332,1832
1782334060.829603,1862
1782334060.830873,1871
1782334060.8321679,1833
1782334060.8334742,1850
1782334060.833486,1868
1782334060.834782,1861
1782334060.836094,1852
1782334060.837395,1855
1782334060.8374069,1879
1782334060.8387032,1877
1782334060.8400059,1852
1782334060.841314,1863
1782334060.84264,1876
1782334060.842647,1867
1782334060.8439481,1864
1782334060.845259,1843
1782334060.846572,1846
1782334060.846587,1801
1782334060.847914,1784
1782334060.849229,1807
1782334060.8505468,1847
1782334060.85056,1844
1782334060.853276,1853
1782334060.853288,1819
1782334060.854892,1824
1782334060.854899,1842
1782334060.858631,1854
1782334060.858638,1879
1782334060.858641,1847
1782334060.858643,1854
1782334060.8599339,1845
1782334060.8612192,1844
1782334060.8625011,1862
1782334060.862507,1858
1782334060.863793,1868
1782334060.8650959,1892
1782334060.8663738,1884
1782334060.866379,1861
1782334060.8676522,1828
1782334060.868945,1834
1782334060.870286,1837
1782334060.871597,1816
1782334060.871609,1815
1782334060.8729222,1810
1782334060.8741848,1849
1782334060.875464,1873
1782334060.875469,1821
1782334060.8767612,1820
1782334060.8780422,1828
1782334060.879337,1798
1782334060.8793569,1817
1782334060.8811772,1807
1782334060.8849149,1850
1782334060.8849201,1878
1782334060.884921,1850
1782334060.884923,1839
1782334060.886017,1835
1782334060.887288,1789
1782334060.88856,1805
1782334060.8885639,1784
1782334060.889836,1855
1782334060.891131,1898
1782334060.892416,1858
1782334060.892422,1826
1782334060.893725,1852
1782334060.895036,1839
1782334060.89634,1845
1782334060.896384,1807
1782334060.8976588,1836
1782334060.897664,1871
1782334060.898955,1830
1782334060.900264,1816
1782334060.901546,1844
1782334060.90155,1850
1782334060.902863,1846
1782334060.904166,1844
1782334060.905498,1839
1782334060.905505,1871
1782334060.906813,1861
1782334060.908118,1844
1782334060.909405,1831
1782334060.909411,1847
1782334060.911566,1832
1782334060.9117959,1802
1782334060.91536,1831
1782334060.915366,1844
1782334060.9153678,1832
1782334060.91537,1822
1782334060.916639,1801
1782334060.917908,1822
1782334060.9191759,1831
1782334060.9203231,1839
1782334060.920355,1844
1782334060.921652,1838
1782334060.9229598,1855
1782334060.924264,1829
1782334060.9255822,1843
1782334060.9255989,1833
1782334060.926898,1842
1782334060.92821,1863
1782334060.929315,1832
1782334060.9306428,1844
1782334060.930654,1839
1782334060.931962,1817
1782334060.9332778,1852
1782334060.934564,1845
1782334060.934571,1851
1782334060.9358678,1870
1782334060.937191,1857
1782334060.938485,1889
1782334060.938494,1912
1782334060.939779,1828
1782334060.941077,1830
1782334060.942359,1839
1782334060.942364,1824
1782334060.9436438,1858
1782334060.947055,1831
1782334060.947061,1835
1782334060.947063,1844
1782334060.9483361,1802
1782334060.94834,1771
1782334060.949607,1778
1782334060.95089,1804
1782334060.95221,1823
1782334060.953512,1849
1782334060.9535239,1891
1782334060.9548008,1884
1782334060.9560928,1882
1782334060.957398,1834
1782334060.957409,1831
1782334060.958736,1873
1782334060.9600341,1853
1782334060.9613671,1820
1782334060.961395,1818
1782334060.962701,1820
1782334060.9640079,1775
1782334060.965313,1759
1782334060.966618,1768
1782334060.966628,1797
1782334060.968103,1806
1782334060.969419,1819
1782334060.969431,1856
1782334060.970707,1890
1782334060.97198,1894
1782334060.974516,1861
1782334060.9745212,1860
1782334060.9745228,1845
1782334060.977696,1830
1782334060.977702,1845
1782334060.977704,1805
1782334060.978977,1855
1782334060.980256,1869
1782334060.981529,1865
1782334060.981535,1834
1782334060.9828029,1836
1782334060.984072,1831
1782334060.985367,1851
1782334060.985379,1855
1782334060.9866781,1843
1782334060.9879801,1862
1782334060.9892821,1866
1782334060.9905899,1862
1782334060.9905999,1823
1782334060.991897,1843
1782334060.9931982,1824
1782334060.994503,1864
1782334060.994517,1883
1782334060.9958122,1889
1782334060.9971142,1845
1782334060.9984179,1806
1782334060.9984288,1801
1782334060.999737,1815
1782334061.001041,1836
1782334061.002366,1828
1782334061.002372,1827
1782334061.004232,1876
1782334061.007871,1825
1782334061.0078762,1835
1782334061.0078778,1812
1782334061.00788,1810
1782334061.009151,1822
1782334061.01042,1821
1782334061.0104241,1818
1782334061.0116942,1839
1782334061.01299,1851
1782334061.014293,1836
1782334061.015599,1827
1782334061.015609,1861
1782334061.016907,1843
1782334061.018208,1834
1782334061.0195131,1837
1782334061.019527,1837
1782334061.020823,1851
1782334061.022125,1839
1782334061.0232599,1812
1782334061.024557,1828
1782334061.024569,1839
1782334061.024575,1839
1782334061.0256798,1839
1782334061.026977,1867
1782334061.02829,1877
1782334061.0295959,1882
1782334061.0296068,1864
1782334061.0309079,1842
1782334061.0322099,1837
1782334061.033468,1854
1782334061.03348,1871
1782334061.034752,1876
1782334061.037739,1882
1782334061.037745,1866
1782334061.037747,1852
1782334061.039017,1867
1782334061.04029,1893
1782334061.041562,1897
1782334061.041566,1887
1782334061.042838,1886
1782334061.0441332,1866
1782334061.045442,1811
1782334061.0454552,1792
1782334061.0467331,1813
1782334061.0480058,1807
1782334061.049292,1815
1782334061.050591,1807
1782334061.050604,1838
1782334061.051923,1818
1782334061.053236,1806
1782334061.054268,1806
1782334061.055566,1789
1782334061.055577,1795
1782334061.0568802,1802
1782334061.05818,1828
1782334061.059485,1863
1782334061.059496,1871
1782334061.0608041,1855
1782334061.0621061,1862
1782334061.0635571,1870
1782334061.063561,1871
1782334061.067296,1861
1782334061.067302,1858
1782334061.067304,1863
1782334061.068585,1887
1782334061.0685902,1864
1782334061.0698612,1865
1782334061.071148,1816
1782334061.072426,1822
1782334061.0724301,1841
1782334061.073726,1847
1782334061.075051,1856
1782334061.076371,1853
1782334061.076376,1822
1782334061.077677,1786
1782334061.0790012,1813
1782334061.080323,1860
1782334061.081614,1856
1782334061.081619,1881
1782334061.082897,1896
1782334061.08401,1891
1782334061.085315,1883
1782334061.086623,1855
1782334061.086637,1850
1782334061.0879512,1859
1782334061.0892348,1823
1782334061.090529,1816
1782334061.09054,1817
1782334061.091851,1850
1782334061.093154,1857
1782334061.0944588,1839
1782334061.0944698,1846
1782334061.0959392,1848
1782334061.09922,1856
1782334061.099225,1852
1782334061.099227,1879
1782334061.100505,1889
1782334061.100509,1903
1782334061.1017752,1871
1782334061.103043,1833
1782334061.104372,1851
1782334061.104387,1843
1782334061.105655,1880
1782334061.1069498,1873
1782334061.1082518,1855
1782334061.1095748,1847
1782334061.1095848,1850
1782334061.1109061,1850
1782334061.112211,1842
1782334061.113512,1828
1782334061.1135218,1826
1782334061.114809,1820
1782334061.116102,1850
1782334061.117404,1845
1782334061.117415,1863
1782334061.118725,1890
1782334061.1200268,1867
1782334061.121106,1816
1782334061.122389,1828
1782334061.1223931,1830
1782334061.123687,1826
1782334061.125632,1845
1782334061.125636,1883
1782334061.129121,1882
1782334061.129127,1879
1782334061.129129,1882
1782334061.130291,1858
1782334061.131561,1859
1782334061.131565,1861
1782334061.132842,1852
1782334061.133974,1857
1782334061.135278,1829
1782334061.1364548,1807
1782334061.136459,1812
1782334061.137629,1784
1782334061.138912,1796
1782334061.140213,1828
1782334061.141515,1811
1782334061.141526,1805
1782334061.142805,1839
1782334061.144133,1845
1782334061.145453,1839
1782334061.145468,1839
1782334061.1467478,1832
1782334061.147907,1829
1782334061.149197,1878
1782334061.150501,1917
1782334061.1505122,1874
1782334061.15181,1883
1782334061.15311,1880
1782334061.153121,1877
1782334061.1551769,1894
1782334061.1551812,1874
1782334061.158526,1886
1782334061.1585312,1854
1782334061.158533,1856
1782334061.158535,1850
1782334061.159803,1819
1782334061.161072,1787
1782334061.162344,1772
1782334061.162348,1775
1782334061.163622,1816
1782334061.16492,1816
1782334061.166225,1803
1782334061.167535,1804
1782334061.167546,1801
1782334061.1688719,1813
1782334061.17017,1861
1782334061.171488,1855
1782334061.171494,1869
1782334061.172788,1862
1782334061.174094,1839
1782334061.1753979,1834
1782334061.175412,1824
1782334061.176712,1812
1782334061.178015,1800
1782334061.179306,1806
1782334061.179331,1829
1782334061.180602,1811
1782334061.1818938,1818
1782334061.1831949,1829
1782334061.184499,1806
1782334061.18451,1805
1782334061.186419,1823
1782334061.186424,1849
1782334061.190031,1868
1782334061.190036,1854
1782334061.190037,1858
1782334061.1913202,1853
1782334061.191325,1844
1782334061.1925929,1835
1782334061.193863,1807
1782334061.195146,1799
1782334061.196448,1859
1782334061.19646,1885
1782334061.19776,1875
1782334061.1990411,1886
1782334061.200333,1882
1782334061.2003698,1891
1782334061.201667,1858
1782334061.20299,1838
1782334061.204305,1817
1782334061.205579,1800
1782334061.205583,1827
1782334061.206881,1846
1782334061.208181,1867
1782334061.209486,1876
1782334061.209497,1880
1782334061.210796,1886
1782334061.212096,1890
1782334061.213404,1870
1782334061.213418,1890
1782334061.2147148,1849
1782334061.216801,1845
1782334061.216806,1858
1782334061.220972,1853
1782334061.2209768,1842
1782334061.220979,1862
1782334061.22098,1867
1782334061.22225,1869
1782334061.223519,1845
1782334061.2235231,1839
1782334061.22479,1796
1782334061.226057,1767
1782334061.227372,1759
1782334061.227396,1791
1782334061.22869,1847
1782334061.229989,1858
1782334061.2312949,1866
1782334061.2326012,1856
1782334061.2326121,1869
1782334061.233911,1885
1782334061.235211,1884
1782334061.236313,1849
1782334061.237599,1858
1782334061.2376041,1848
1782334061.238873,1838
1782334061.240149,1813
1782334061.241442,1805
1782334061.2414541,1830
1782334061.242752,1815
1782334061.2440362,1837
1782334061.245326,1838
1782334061.2453592,1842
1782334061.246652,1826
1782334061.248321,1803
1782334061.248377,1826
1782334061.253325,1839
1782334061.25333,1831
1782334061.253333,1838
1782334061.253334,1847
1782334061.253336,1847
1782334061.2546072,1839
1782334061.255877,1829
1782334061.2571452,1838
1782334061.2584372,1831
1782334061.2584472,1828
1782334061.259723,1825
1782334061.261012,1828
1782334061.262314,1846
1782334061.263623,1876
1782334061.263633,1857
1782334061.264951,1880
1782334061.266269,1853
1782334061.267582,1824
1782334061.267595,1818
1782334061.268895,1838
1782334061.2702,1849
1782334061.271519,1871
1782334061.271534,1867
1782334061.2728388,1832
1782334061.2741382,1829
1782334061.275444,1826
1782334061.275456,1855
1782334061.276756,1862
1782334061.278718,1865
1782334061.2791,1877
1782334061.283707,1844
1782334061.283714,1807
1782334061.2837172,1807
1782334061.28372,1818
1782334061.283722,1810
1782334061.283724,1836
1782334061.285001,1846
1782334061.28627,1850
1782334061.287539,1866
1782334061.287543,1885
1782334061.288836,1898
1782334061.290142,1900
1782334061.2912042,1882
1782334061.292329,1850
1782334061.292351,1866
1782334061.293654,1885
1782334061.29496,1876
1782334061.296265,1855
1782334061.297579,1860
1782334061.29759,1856
1782334061.298891,1832
1782334061.3001971,1798
1782334061.301502,1799
1782334061.301513,1836
1782334061.3028212,1838
1782334061.304123,1860
1782334061.305422,1862
1782334061.305433,1854
1782334061.306726,1851
1782334061.309547,1860
1782334061.309559,1860
1782334061.309563,1861
1782334061.314294,1863
1782334061.3142998,1848
1782334061.314303,1853
1782334061.314305,1839
1782334061.315579,1846
1782334061.315583,1839
1782334061.3168519,1846
1782334061.318125,1854
1782334061.319417,1871
1782334061.3194282,1846
1782334061.320727,1829
1782334061.322029,1839
1782334061.323333,1839
1782334061.32336,1818
1782334061.324652,1813
1782334061.325952,1886
1782334061.327252,1919
1782334061.328557,1888
1782334061.328575,1892
1782334061.3298812,1869
1782334061.331179,1849
1782334061.3324769,1849
1782334061.332484,1857
1782334061.333781,1895
1782334061.3350809,1949
1782334061.336413,1924
1782334061.336433,1902
1782334061.337745,1909
1782334061.339062,1890
1782334061.341577,1876
1782334061.3415911,1868
1782334061.341595,1882
1782334061.347009,1883
1782334061.3470201,1848
1782334061.347022,1839
1782334061.347025,1849
1782334061.347028,1836
1782334061.3483148,1844
1782334061.348347,1806
1782334061.349637,1825
1782334061.350925,1858
1782334061.352208,1807
1782334061.353494,1800
1782334061.3535008,1799
1782334061.354781,1805
1782334061.356065,1806
1782334061.357345,1795
1782334061.3573508,1802
1782334061.358638,1819
1782334061.359931,1772
1782334061.361032,1791
1782334061.362171,1775
1782334061.3634508,1819
1782334061.363456,1807
1782334061.364726,1814
1782334061.3659992,1816
1782334061.367276,1839
1782334061.368549,1844
1782334061.368553,1851
1782334061.369889,1879
1782334061.37326,1868
1782334061.373269,1887
1782334061.373271,1902
1782334061.374568,1845
1782334061.3745768,1855
1782334061.375863,1881
1782334061.377166,1868
1782334061.378471,1834
1782334061.378481,1855
1782334061.379762,1847
1782334061.3810601,1839
1782334061.382379,1823
1782334061.382391,1875
1782334061.383682,1909
1782334061.384968,1863
1782334061.386253,1847
1782334061.3875358,1846
1782334061.387543,1813
1782334061.388823,1855
1782334061.3901062,1835
1782334061.391388,1868
1782334061.3913941,1893
1782334061.392842,1879
1782334061.394122,1874
1782334061.395398,1884
1782334061.395403,1894
1782334061.396679,1891
1782334061.397961,1881
1782334061.399241,1925
1782334061.4007092,1966
1782334061.400723,1921
1782334061.404981,1888
1782334061.40499,1868
1782334061.404992,1869
1782334061.404993,1858
1782334061.40628,1794
1782334061.407551,1800
1782334061.407555,1803
1782334061.407556,1750
1782334061.408824,1756
1782334061.410094,1761
1782334061.4113631,1792
1782334061.411367,1793
1782334061.4126341,1834
1782334061.413908,1861
1782334061.415176,1847
1782334061.416448,1832
1782334061.4164522,1831
1782334061.4177191,1848
1782334061.418989,1839
1782334061.4202602,1864
1782334061.42153,1849
1782334061.4215329,1824
1782334061.422797,1824
1782334061.4240751,1857
1782334061.425357,1828
1782334061.4253628,1806
1782334061.426645,1835
1782334061.4279292,1829
1782334061.429607,1854
1782334061.429613,1834
1782334061.4337559,1855
1782334061.43376,1855
1782334061.433762,1830
1782334061.433763,1844
1782334061.435035,1806
1782334061.4363031,1814
1782334061.437584,1855
1782334061.438856,1867
1782334061.43886,1903
1782334061.44014,1921
1782334061.441426,1888
1782334061.441432,1897
1782334061.4427001,1887
1782334061.4439812,1888
1782334061.445261,1892
1782334061.446542,1864
1782334061.446548,1878
1782334061.447828,1888
1782334061.4491131,1843
1782334061.450399,1838
1782334061.4504051,1837
1782334061.451751,1851
1782334061.453084,1865
1782334061.4543722,1846
1782334061.454379,1853
1782334061.455658,1851
1782334061.456945,1801
1782334061.4582279,1770
1782334061.460327,1747
1782334061.460332,1764
1782334061.4640498,1804
1782334061.464053,1775
1782334061.464055,1804
1782334061.464056,1854
1782334061.465322,1816
1782334061.466615,1822
1782334061.466618,1832
1782334061.467965,1830
1782334061.469248,1852
1782334061.47053,1880
1782334061.470536,1882
1782334061.4718149,1895
1782334061.4731011,1892
1782334061.474376,1860
1782334061.474379,1857
1782334061.475662,1868
1782334061.4769459,1867
1782334061.4782348,1842
1782334061.479508,1864
1782334061.479512,1898
1782334061.480793,1858
1782334061.4820778,1836
1782334061.483361,1843
1782334061.483367,1846
1782334061.484641,1852
1782334061.485922,1874
1782334061.487194,1880
1782334061.488477,1887
1782334061.4884832,1892
1782334061.4897642,1839
1782334061.491851,1834
1782334061.4918559,1833
1782334061.495842,1803
1782334061.4958458,1751
1782334061.495847,1748
1782334061.495849,1784
1782334061.497118,1743
1782334061.4984992,1718
1782334061.498503,1749
1782334061.4997818,1773
1782334061.501062,1795
1782334061.502347,1802
1782334061.502353,1791
1782334061.5036218,1846
1782334061.5049012,1803
1782334061.506187,1790
1782334061.5074718,1803
1782334061.507478,1795
1782334061.5087612,1787
1782334061.510041,1810
1782334061.5113258,1807
1782334061.5126138,1829
1782334061.512622,1835
1782334061.5139,1819
1782334061.5151832,1819
1782334061.516469,1812
1782334061.516475,1830
1782334061.517757,1827
1782334061.519053,1816
1782334061.52034,1828
1782334061.5203562,1858
1782334061.521965,1815
1782334061.5255811,1813
1782334061.525586,1806
1782334061.525588,1797
1782334061.525589,1812
1782334061.526861,1797
1782334061.52814,1836
1782334061.529427,1871
1782334061.5294342,1874
1782334061.5307121,1878
1782334061.531994,1870
1782334061.5332742,1869
1782334061.534555,1874
1782334061.534561,1875
1782334061.535839,1908
1782334061.535844,1878
1782334061.5371242,1885
1782334061.5384052,1883
1782334061.538411,1883
1782334061.5396879,1874
1782334061.540968,1868
1782334061.542249,1868
1782334061.5435278,1885
1782334061.543534,1868
1782334061.544811,1854
1782334061.546091,1828
1782334061.5473611,1820
1782334061.5473652,1802
1782334061.548646,1807
1782334061.54993,1825
1782334061.554759,1824
1782334061.554785,1832
1782334061.554789,1859
1782334061.554791,1851
1782334061.554792,1851
1782334061.556076,1851
1782334061.5573492,1826
1782334061.5573518,1855
1782334061.558628,1866
1782334061.5599098,1871
1782334061.56119,1874
1782334061.5624719,1852
1782334061.562478,1846
1782334061.563761,1823
1782334061.565047,1829
1782334061.566328,1838
1782334061.567617,1844
1782334061.567623,1846
1782334061.568904,1874
1782334061.570189,1817
1782334061.571475,1828
1782334061.571481,1852
1782334061.572762,1849
1782334061.574048,1849
1782334061.5753448,1832
1782334061.575357,1854
1782334061.576631,1903
1782334061.577916,1892
1782334061.579191,1893
1782334061.5804741,1854
1782334061.58048,1858
1782334061.5819252,1866
1782334061.5856981,1839
1782334061.5857012,1844
1782334061.585702,1871
1782334061.585703,1859
1782334061.5869708,1846
1782334061.588245,1845
1782334061.589529,1844
1782334061.589536,1813
1782334061.5908139,1802
1782334061.5920992,1828
1782334061.5933802,1844
1782334061.593386,1835
1782334061.594663,1826
1782334061.5959492,1807
1782334061.597234,1843
1782334061.5985181,1863
1782334061.5985239,1850
1782334061.599808,1859
1782334061.601095,1858
1782334061.602381,1845
1782334061.602387,1833
1782334061.603669,1853
1782334061.604954,1849
1782334061.606241,1847
1782334061.6075258,1839
1782334061.607532,1855
1782334061.608811,1827
1782334061.610097,1811
1782334061.6118138,1807
1782334061.611819,1818
1782334061.615535,1822
1782334061.61554,1852
1782334061.615542,1844
1782334061.6155431,1860
1782334061.616808,1879
1782334061.618079,1878
1782334061.619358,1882
1782334061.619364,1849
1782334061.620647,1836
1782334061.621927,1830
1782334061.6232069,1850
1782334061.624487,1839
1782334061.6244931,1826
1782334061.62577,1829
1782334061.62705,1820
1782334061.628337,1807
1782334061.628352,1814
1782334061.6296551,1824
1782334061.63094,1818
1782334061.6322129,1793
1782334061.633491,1807
1782334061.6334982,1847
1782334061.634769,1832
1782334061.6360419,1850
1782334061.637323,1825
1782334061.6386209,1843
1782334061.638627,1846
1782334061.63991,1837
1782334061.641186,1856
1782334061.6424682,1839
1782334061.642475,1839
1782334061.643755,1839
1782334061.648381,1855
1782334061.648384,1870
1782334061.648385,1871
1782334061.648387,1871
1782334061.6483881,1892
1782334061.649656,1882
1782334061.650928,1849
1782334061.6522062,1804
1782334061.653492,1839
1782334061.6534982,1848
1782334061.6547809,1877
1782334061.656066,1896
1782334061.6573498,1883
1782334061.657356,1864
1782334061.658637,1871
1782334061.659918,1884
1782334061.6611981,1855
1782334061.662478,1850
1782334061.662484,1874
1782334061.662487,1886
1782334061.663768,1855
1782334061.665047,1866
1782334061.6663291,1851
1782334061.666344,1850
1782334061.667624,1867
1782334061.668908,1861
1782334061.670183,1860
1782334061.671465,1851
1782334061.671471,1831
1782334061.6727529,1834
1782334061.674552,1851
1782334061.67456,1843
1782334061.678451,1834
1782334061.678457,1810
1782334061.6784582,1823
1782334061.67846,1805
1782334061.67973,1818
1782334061.6810071,1850
1782334061.6822982,1883
1782334061.6835809,1862
1782334061.683588,1871
1782334061.684868,1854
1782334061.6861491,1854
1782334061.68743,1845
1782334061.687436,1820
1782334061.688715,1823
1782334061.689999,1832
1782334061.691282,1813
1782334061.692565,1823
1782334061.6925719,1837
1782334061.6938539,1875
1782334061.69513,1862
1782334061.6964118,1839
1782334061.696418,1877
1782334061.697699,1871
1782334061.6989849,1859
1782334061.700269,1842
1782334061.701555,1814
1782334061.701561,1824
1782334061.702842,1835
1782334061.704126,1820
1782334061.708029,1854
1782334061.7080371,1858
1782334061.7080388,1832
1782334061.70804,1821
1782334061.7093172,1850
1782334061.710612,1861
1782334061.710616,1867
1782334061.7118962,1854
1782334061.713185,1855
1782334061.7144709,1869
1782334061.714478,1861
1782334061.715762,1831
1782334061.7170491,1807
1782334061.718336,1834
1782334061.7183502,1846
1782334061.7196438,1838
1782334061.720926,1850
1782334061.722212,1866
1782334061.7234979,1858
1782334061.723504,1861
1782334061.724787,1848
1782334061.726072,1836
1782334061.727354,1823
1782334061.727361,1826
1782334061.728642,1830
1782334061.729928,1818
1782334061.731201,1818
1782334061.7324831,1804
1782334061.7324889,1799
1782334061.7339451,1803
1782334061.737868,1799
1782334061.737872,1798
1782334061.737874,1783
1782334061.737875,1845
1782334061.739143,1858
1782334061.740416,1847
1782334061.74042,1862
1782334061.741699,1864
1782334061.742979,1889
1782334061.7442582,1858
1782334061.745541,1821
1782334061.745547,1846
1782334061.746829,1853
1782334061.748111,1880
1782334061.749397,1871
1782334061.7494028,1875
1782334061.750684,1876
1782334061.751971,1850
1782334061.753249,1857
1782334061.7545311,1852
1782334061.7545369,1854
1782334061.755819,1835
1782334061.7571049,1847
1782334061.758386,1853
1782334061.758392,1837
1782334061.759674,1868
1782334061.760958,1882
1782334061.762243,1867
1782334061.763521,1853
1782334061.763524,1847
1782334061.767324,1839
1782334061.767328,1817
1782334061.76733,1832
1782334061.76734,1781
1782334061.7686121,1824
1782334061.7698822,1820
1782334061.771163,1818
1782334061.772444,1830
1782334061.77245,1822
1782334061.773731,1833
1782334061.7750149,1852
1782334061.776296,1826
1782334061.777576,1825
1782334061.7775822,1851
1782334061.778859,1858
1782334061.780145,1855
1782334061.7814322,1820
1782334061.781439,1804
1782334061.78272,1804
1782334061.7840052,1812
1782334061.785299,1856
1782334061.786583,1866
1782334061.786589,1867
1782334061.786592,1861
1782334061.787873,1854
1782334061.7891579,1838
1782334061.790443,1816
1782334061.7904482,1825
1782334061.7917252,1849
1782334061.793008,1851
1782334061.7942889,1870
1782334061.795979,1883
1782334061.795983,1876
1782334061.799954,1855
1782334061.799958,1853
1782334061.7999601,1855
1782334061.799961,1863
1782334061.8012319,1839
1782334061.802505,1847
1782334061.802508,1850
1782334061.803788,1820
1782334061.8050728,1824
1782334061.806356,1842
1782334061.8063622,1874
1782334061.807643,1866
1782334061.8089228,1903
1782334061.8102028,1896
1782334061.8114839,1890
1782334061.81149,1881
1782334061.812771,1856
1782334061.814056,1850
1782334061.815338,1853
1782334061.8153448,1855
1782334061.8166249,1850
1782334061.81791,1839
1782334061.819186,1837
1782334061.820468,1867
1782334061.8204741,1853
1782334061.821755,1851
1782334061.823039,1851
1782334061.824319,1844
1782334061.8257768,1822
1782334061.825781,1857
1782334061.829948,1856
1782334061.829952,1856
1782334061.829953,1828
1782334061.829955,1839
1782334061.831226,1849
1782334061.832504,1846
1782334061.832509,1862
1782334061.833792,1837
1782334061.835073,1888
1782334061.836353,1901
1782334061.83636,1878
1782334061.837634,1871
1782334061.838916,1880
1782334061.840203,1887
1782334061.8414888,1903
1782334061.841495,1875
1782334061.842773,1907
1782334061.844055,1889
1782334061.8453472,1865
1782334061.8453581,1880
1782334061.846637,1871
1782334061.847923,1849
1782334061.849208,1839
1782334061.850488,1828
1782334061.850494,1844
1782334061.8517718,1856
1782334061.853057,1839
1782334061.8550029,1852
1782334061.855008,1878
1782334061.859085,1845
1782334061.859089,1832
1782334061.859091,1816
1782334061.859092,1827
1782334061.86036,1859
1782334061.860363,1874
1782334061.861706,1853
1782334061.8629901,1858
1782334061.8642719,1866
1782334061.865552,1864
1782334061.865558,1848
1782334061.866836,1833
1782334061.868116,1850
1782334061.869399,1828
1782334061.8694139,1823
1782334061.870694,1822
1782334061.871979,1826
1782334061.873261,1832
1782334061.8745558,1856
1782334061.874562,1848
1782334061.8759282,1871
1782334061.877197,1875
1782334061.878477,1846
1782334061.878483,1845
1782334061.879764,1865
1782334061.881047,1855
1782334061.882328,1833
1782334061.882345,1839
1782334061.883635,1860
1782334061.885074,1848
1782334061.889035,1853
1782334061.889041,1858
1782334061.889042,1829
1782334061.889044,1822
1782334061.890309,1823
1782334061.8915808,1839
1782334061.891585,1830
1782334061.892854,1855
1782334061.894136,1800
1782334061.895422,1798
1782334061.8954282,1797
1782334061.8967092,1813
1782334061.897995,1834
1782334061.8992798,1791
1782334061.900566,1821
1782334061.900573,1850
1782334061.9018571,1824
1782334061.903142,1877
1782334061.9044302,1853
1782334061.9044359,1827
1782334061.905715,1865
1782334061.906996,1855
1782334061.908278,1862
1782334061.9095628,1908
1782334061.9095669,1911
1782334061.910843,1892
1782334061.912129,1864
1782334061.913414,1881
1782334061.91342,1885
1782334061.914697,1882
1782334061.9147038,1877
1782334061.919561,1914
1782334061.919564,1865
1782334061.919565,1854
1782334061.919567,1834
1782334061.9195678,1832
1782334061.9208372,1832
1782334061.922107,1820
1782334061.9233868,1843
1782334061.923394,1877
1782334061.9246762,1870
1782334061.9259489,1851
1782334061.92723,1857
1782334061.928515,1880
1782334061.9285219,1876
1782334061.929805,1887
1782334061.9311051,1902
1782334061.93238,1922
1782334061.932384,1920
1782334061.933663,1839
1782334061.9349492,1848
1782334061.936238,1833
1782334061.937523,1844
1782334061.937529,1837
1782334061.9388108,1859
1782334061.940083,1871
1782334061.941364,1846
1782334061.94137,1812
1782334061.942646,1797
1782334061.9439292,1828
1782334061.945201,1817
1782334061.9464839,1826
1782334061.94649,1844
1782334061.947798,1867
1782334061.9517,1861
1782334061.951705,1804
1782334061.9517062,1834
1782334061.9517078,1834
1782334061.952977,1830
1782334061.954248,1854
1782334061.9555259,1826
1782334061.955532,1807
1782334061.956817,1814
1782334061.958105,1775
1782334061.959378,1772
1782334061.959382,1775
1782334061.960674,1779
1782334061.961958,1806
1782334061.963243,1812
1782334061.964519,1847
1782334061.964522,1903
1782334061.965802,1829
1782334061.967083,1813
1782334061.96837,1833
1782334061.968378,1860
1782334061.969661,1859
1782334061.970943,1834
1782334061.9722261,1857
1782334061.973514,1856
1782334061.973521,1807
1782334061.974804,1791
1782334061.97679,1814
1782334061.976796,1805
1782334061.980743,1814
1782334061.980748,1849
1782334061.9807491,1859
1782334061.98075,1877
1782334061.9820201,1847
1782334061.983309,1829
1782334061.984591,1830
1782334061.984596,1833
1782334061.985877,1829
1782334061.9871628,1864
1782334061.988439,1879
1782334061.9884422,1859
1782334061.989723,1852
1782334061.991009,1791
1782334061.992301,1803
1782334061.9935849,1792
1782334061.993591,1755
1782334061.994873,1746
1782334061.996153,1783
1782334061.997441,1791
1782334061.997447,1761
1782334061.99873,1735
1782334062.000015,1734
1782334062.0012958,1733
1782334062.00258,1740
1782334062.0025861,1789
1782334062.003865,1803
1782334062.0051389,1801
1782334062.0064168,1810
1782334062.006423,1828
1782334062.0112169,1824
1782334062.011221,1859
1782334062.011223,1836
1782334062.011224,1871
1782334062.012492,1876
1782334062.012495,1876
1782334062.013765,1853
1782334062.015046,1828
1782334062.01634,1832
1782334062.016356,1828
1782334062.017639,1821
1782334062.01892,1825
1782334062.0202,1839
1782334062.021483,1859
1782334062.021489,1846
1782334062.022767,1844
1782334062.0240471,1826
1782334062.025333,1844
1782334062.0253491,1839
1782334062.026651,1848
1782334062.027936,1864
1782334062.029218,1865
1782334062.0305011,1871
1782334062.030507,1835
1782334062.0317838,1837
1782334062.033064,1818
1782334062.034345,1798
1782334062.034351,1831
1782334062.0356271,1847
1782334062.036907,1839
1782334062.038187,1843
1782334062.040535,1812
1782334062.0405388,1820
1782334062.040541,1837
1782334062.040542,1850
1782334062.0418181,1886
1782334062.043745,1871
1782334062.0437498,1881
1782334062.059167,1884
1782334062.05917,1883
1782334062.059171,1889
1782334062.0591722,1867
1782334062.059173,1839
1782334062.0591738,1834
1782334062.059175,1849
1782334062.059177,1881
1782334062.0591779,1897
1782334062.059179,1879
1782334062.05918,1863
1782334062.059181,1845
1782334062.0591822,1822
1782334062.0591831,1800
1782334062.059184,1822
1782334062.060451,1822
1782334062.060454,1837
1782334062.063524,1876
1782334062.063529,1848
1782334062.06353,1850
1782334062.0648189,1875
1782334062.066102,1855
1782334062.0673878,1852
1782334062.067395,1830
1782334062.0686789,1826
1782334062.0702,1848
1782334062.071877,1843
1782334062.0718799,1828
1782334062.083703,1807
1782334062.0837061,1831
1782334062.0837069,1826
1782334062.0837078,1856
1782334062.083709,1899
1782334062.08371,1896
1782334062.08371,1882
1782334062.083711,1869
1782334062.083712,1863
1782334062.083713,1860
1782334062.083714,1839
1782334062.083714,1811
1782334062.08498,1848
1782334062.0862432,1845
1782334062.088711,1830
1782334062.088715,1824
1782334062.088715,1796
1782334062.0899289,1842
1782334062.091209,1877
1782334062.092483,1894
1782334062.0924869,1892
1782334062.093757,1894
1782334062.095027,1867
1782334062.0962958,1860
1782334062.0975711,1855
1782334062.097575,1826
1782334062.098847,1816
1782334062.100578,1807
1782334062.1005812,1809
1782334062.111974,1829
1782334062.1119769,1838
1782334062.111978,1834
1782334062.111979,1813
1782334062.11198,1836
1782334062.1119812,1858
1782334062.1119812,1839
1782334062.111982,1858
1782334062.111983,1851
1782334062.111984,1871
1782334062.111984,1847
1782334062.113258,1862
1782334062.116541,1876
1782334062.116544,1857
1782334062.116545,1903
1782334062.1165462,1867
1782334062.117813,1864
1782334062.119097,1858
1782334062.120382,1839
1782334062.120388,1855
1782334062.1217139,1854
1782334062.122989,1860
1782334062.124274,1871
1782334062.1255739,1839
1782334062.125581,1850
1782334062.1268458,1845
1782334062.1279192,1805
1782334062.129202,1807
1782334062.130929,1820
1782334062.1309319,1818
1782334062.140832,1796
1782334062.140835,1824
1782334062.140836,1837
1782334062.1408372,1874
1782334062.1408372,1857
1782334062.140838,1829
1782334062.1408389,1828
1782334062.1408389,1837
1782334062.14084,1851
1782334062.14084,1834
1782334062.142106,1854
1782334062.145071,1895
1782334062.145076,1850
1782334062.145077,1831
1782334062.146352,1844
1782334062.1463559,1839
1782334062.1476212,1839
1782334062.1488872,1853
1782334062.150151,1847
1782334062.151412,1845
1782334062.151414,1859
1782334062.152673,1867
1782334062.1539369,1881
1782334062.1552262,1863
1782334062.1564941,1838
1782334062.1564958,1867
1782334062.157759,1862
1782334062.1591191,1853
1782334062.170099,1839
1782334062.1701062,1832
1782334062.170107,1815
1782334062.1701078,1822
1782334062.170109,1833
1782334062.17011,1820
1782334062.170111,1852
1782334062.170111,1871
1782334062.170112,1878
1782334062.170113,1871
1782334062.170114,1887
1782334062.170115,1898
1782334062.171378,1854
1782334062.171381,1868
1782334062.174195,1844
1782334062.174198,1863
1782334062.175483,1864
1782334062.175489,1839
1782334062.176773,1834
1782334062.178059,1838
1782334062.179358,1833
1782334062.1793659,1842
1782334062.180631,1807
1782334062.1819148,1823
1782334062.183188,1807
1782334062.184466,1839
1782334062.184472,1825
1782334062.1857522,1828
1782334062.1870358,1824
1782334062.1883242,1803
1782334062.189617,1775
1782334062.189623,1780
1782334062.1909041,1820
1782334062.192534,1799
1782334062.192537,1816
1782334062.201681,1844
1782334062.201684,1836
1782334062.201685,1835
1782334062.201686,1845
1782334062.201687,1866
1782334062.201688,1883
1782334062.201689,1836
1782334062.201689,1829
1782334062.2016902,1847
1782334062.2029529,1844
1782334062.205478,1844
1782334062.205481,1857
1782334062.205482,1880
1782334062.206748,1881
1782334062.208032,1863
1782334062.209318,1870
1782334062.210604,1868
1782334062.2106109,1854
1782334062.2118971,1842
1782334062.213186,1848
1782334062.214473,1837
1782334062.2144792,1849
1782334062.215765,1842
1782334062.2170508,1833
1782334062.218347,1833
1782334062.218362,1857
1782334062.219646,1835
1782334062.220929,1852
1782334062.222465,1864
1782334062.2224672,1834
1782334062.231657,1844
1782334062.231659,1836
1782334062.2316601,1854
1782334062.231661,1839
1782334062.231662,1822
1782334062.231662,1845
1782334062.231663,1848
1782334062.2316642,1839
1782334062.231665,1858
1782334062.232934,1865
1782334062.2355971,1847
1782334062.235599,1884
1782334062.2355998,1915
1782334062.236866,1900
1782334062.2381482,1898
1782334062.239435,1910
1782334062.2394419,1896
1782334062.240726,1863
1782334062.242014,1867
1782334062.243295,1880
1782334062.2445781,1844
1782334062.2445838,1850
1782334062.245866,1880
1782334062.247138,1852
1782334062.24842,1847
1782334062.248427,1853
1782334062.249713,1844
1782334062.2510011,1827
1782334062.2522712,1804
1782334062.2621388,1806
1782334062.262142,1829
1782334062.262143,1828
1782334062.262144,1854
1782334062.262145,1868
1782334062.262145,1863
1782334062.262146,1844
1782334062.2621472,1818
1782334062.2621481,1839
1782334062.262149,1846
1782334062.263413,1824
1782334062.263415,1839
1782334062.265889,1830
1782334062.265891,1829
1782334062.267182,1817
1782334062.268474,1829
1782334062.268481,1807
1782334062.269771,1780
1782334062.271057,1811
1782334062.272344,1839
1782334062.2723598,1839
1782334062.273646,1829
1782334062.274935,1843
1782334062.276219,1877
1782334062.277506,1860
1782334062.277513,1853
1782334062.278795,1839
1782334062.280084,1862
1782334062.2815192,1870
1782334062.281522,1836
1782334062.291837,1823
1782334062.291839,1816
1782334062.29184,1834
1782334062.291841,1834
1782334062.291841,1832
1782334062.291842,1859
1782334062.2918432,1815
1782334062.2918432,1807
1782334062.2918441,1807
1782334062.291845,1804
1782334062.293109,1802
1782334062.2956228,1850
1782334062.295627,1849
1782334062.295628,1879
1782334062.296897,1878
1782334062.296899,1879
1782334062.298186,1865
1782334062.299479,1858
1782334062.299486,1854
1782334062.30077,1848
1782334062.302055,1823
1782334062.303343,1829
1782334062.303361,1859
1782334062.304681,1848
1782334062.305973,1826
1782334062.3072598,1839
1782334062.30855,1858
1782334062.308556,1870
1782334062.309841,1866
1782334062.311114,1881
1782334062.3222241,1887
1782334062.322228,1879
1782334062.322228,1834
1782334062.322229,1855
1782334062.32223,1863
1782334062.32223,1877
1782334062.322231,1865
1782334062.322232,1847
1782334062.322232,1853
1782334062.3222332,1817
1782334062.3222342,1836
1782334062.3235068,1839
1782334062.32351,1850
1782334062.325918,1820
1782334062.325921,1798
1782334062.327189,1796
1782334062.328475,1862
1782334062.328481,1866
1782334062.329769,1839
1782334062.33106,1844
1782334062.332352,1839
1782334062.332366,1815
1782334062.3336508,1825
1782334062.3349361,1829
1782334062.3362198,1824
1782334062.3375092,1854
1782334062.337515,1836
1782334062.3388019,1839
1782334062.340092,1850
1782334062.341388,1882
1782334062.341394,1896
1782334062.3426769,1894
1782334062.344486,1901
1782334062.34449,1859
1782334062.3549619,1832
1782334062.354964,1839
1782334062.354965,1826
1782334062.354966,1787
1782334062.354966,1805
1782334062.354967,1812
1782334062.354968,1825
1782334062.354968,1812
1782334062.354969,1774
1782334062.3549702,1740
1782334062.3562398,1770
1782334062.359017,1798
1782334062.359021,1802
1782334062.3590221,1829
1782334062.360287,1877
1782334062.3615732,1875
1782334062.3615801,1830
1782334062.362863,1837
1782334062.364154,1862
1782334062.3654442,1860
1782334062.36545,1855
1782334062.366731,1869
1782334062.368014,1884
1782334062.3692958,1920
1782334062.370594,1903
1782334062.370603,1909
1782334062.371892,1896
1782334062.37318,1912
1782334062.374827,1946
1782334062.37483,1930
1782334062.384694,1922
1782334062.3846982,1916
1782334062.3846989,1903
1782334062.3846998,1893
1782334062.3846998,1868
1782334062.384701,1847
1782334062.384702,1852
1782334062.384702,1858
1782334062.384703,1847
1782334062.384704,1859
1782334062.385966,1844
1782334062.3885682,1805
1782334062.3885708,1814
1782334062.3885708,1827
1782334062.389837,1874
1782334062.391121,1882
1782334062.392391,1870
1782334062.3923929,1874
1782334062.393672,1888
1782334062.394943,1853
1782334062.3962271,1842
1782334062.397517,1831
1782334062.397523,1807
1782334062.398808,1791
1782334062.400092,1788
1782334062.401382,1815
1782334062.401388,1858
1782334062.402673,1852
1782334062.403939,1852
1782334062.4138649,1838
1782334062.413868,1836
1782334062.4138691,1823
1782334062.41387,1821
1782334062.413871,1852
1782334062.4138722,1883
1782334062.413873,1839
1782334062.413873,1834
1782334062.413874,1832
1782334062.4138749,1858
1782334062.4151502,1830
1782334062.417706,1802
1782334062.417709,1839
1782334062.41771,1865
1782334062.4189749,1799
1782334062.420257,1807
1782334062.421549,1789
1782334062.421556,1810
1782334062.422842,1853
1782334062.422849,1850
1782334062.4241312,1894
1782334062.425417,1914
1782334062.4254239,1871
1782334062.4267101,1839
1782334062.4280179,1794
1782334062.429303,1796
1782334062.430588,1807
1782334062.430594,1807
1782334062.4318788,1854
1782334062.43315,1902
1782334062.434421,1871
1782334062.4344242,1850
1782334062.444337,1847
1782334062.444339,1855
1782334062.44434,1850
1782334062.44434,1879
1782334062.444341,1829
1782334062.444342,1803
1782334062.444343,1804
1782334062.444343,1790
1782334062.444344,1805
1782334062.444345,1791
1782334062.445607,1787
1782334062.448095,1804
1782334062.448097,1837
1782334062.449377,1844
1782334062.449384,1881
1782334062.450659,1862
1782334062.4519382,1861
1782334062.453244,1867
1782334062.454537,1863
1782334062.4545438,1868
1782334062.45583,1868
1782334062.457104,1865
1782334062.4583821,1909
1782334062.4583879,1882
1782334062.4596689,1911
1782334062.460953,1914
1782334062.462239,1885
1782334062.463989,1903
1782334062.463991,1855
1782334062.473258,1887
1782334062.47326,1891
1782334062.473261,1879
1782334062.473262,1890
1782334062.473262,1851
1782334062.473263,1847
1782334062.4732642,1864
1782334062.473265,1821
1782334062.473265,1864
1782334062.474535,1871
1782334062.474537,1830
1782334062.4770901,1847
1782334062.4770932,1823
1782334062.4783602,1816
1782334062.478362,1802
1782334062.479645,1806
1782334062.4809139,1828
1782334062.482195,1864
1782334062.48348,1790
1782334062.483486,1813
1782334062.484767,1825
1782334062.486052,1806
1782334062.487335,1826
1782334062.4873412,1805
1782334062.48862,1831
1782334062.489891,1842
1782334062.49117,1826
1782334062.492438,1795
1782334062.49244,1775
1782334062.493719,1793
1782334062.495287,1823
1782334062.505674,1828
1782334062.505677,1845
1782334062.5056782,1847
1782334062.5056791,1843
1782334062.5056791,1813
1782334062.5056798,1766
1782334062.5056808,1797
1782334062.5056808,1818
1782334062.505682,1820
1782334062.505682,1818
1782334062.505683,1851
1782334062.5069492,1823
1782334062.509311,1802
1782334062.509313,1853
1782334062.509314,1838
1782334062.51058,1856
1782334062.511864,1898
1782334062.5131469,1871
1782334062.514435,1878
1782334062.514441,1861
1782334062.515726,1838
1782334062.51701,1861
1782334062.518292,1834
1782334062.519579,1855
1782334062.519586,1884
1782334062.5208662,1878
1782334062.522151,1885
1782334062.5234401,1907
1782334062.523446,1849
1782334062.5247319,1830
1782334062.525999,1849
1782334062.5360792,1844
1782334062.5360808,1827
1782334062.5360808,1803
1782334062.536082,1827
1782334062.536083,1854
1782334062.536084,1823
1782334062.536085,1832
1782334062.536085,1814
1782334062.536086,1820
1782334062.536087,1816
1782334062.537347,1791
1782334062.5373492,1828
1782334062.5399559,1892
1782334062.539959,1847
1782334062.541245,1815
1782334062.542513,1832
1782334062.542515,1839
1782334062.543776,1858
1782334062.545068,1842
1782334062.5463512,1859
1782334062.546357,1887
1782334062.54764,1871
1782334062.548906,1852
1782334062.550184,1836
1782334062.551466,1838
1782334062.5514722,1839
1782334062.5514739,1876
1782334062.552756,1846
1782334062.554026,1847
1782334062.555878,1854
1782334062.5558798,1860
1782334062.56638,1823
1782334062.5663822,1845
1782334062.5663831,1849
1782334062.566384,1839
1782334062.566384,1848
1782334062.5663848,1864
1782334062.566386,1867
1782334062.566386,1833
1782334062.566387,1826
1782334062.566388,1834
1782334062.566388,1878
1782334062.567652,1880
1782334062.5701709,1828
1782334062.570174,1846
1782334062.571438,1864
1782334062.5714402,1853
1782334062.572722,1845
1782334062.5740101,1837
1782334062.575296,1838
1782334062.576579,1846
1782334062.576586,1822
1782334062.5778508,1864
1782334062.579116,1880
1782334062.580395,1848
1782334062.580402,1845
1782334062.581687,1834
1782334062.582968,1849
1782334062.584254,1848
1782334062.585522,1832
1782334062.585524,1855
1782334062.595485,1899
1782334062.595489,1871
1782334062.595489,1858
1782334062.59549,1852
1782334062.5954912,1838
1782334062.5954912,1859
1782334062.5954921,1830
1782334062.595493,1832
1782334062.595493,1857
1782334062.5954938,1837
1782334062.596759,1815
1782334062.5991821,1834
1782334062.5991838,1861
1782334062.6004639,1850
1782334062.60047,1871
1782334062.601753,1887
1782334062.60304,1891
1782334062.6043231,1861
1782334062.604339,1853
1782334062.60567,1844
1782334062.606972,1838
1782334062.6082602,1834
1782334062.609529,1858
1782334062.6095319,1846
1782334062.610812,1878
1782334062.612101,1862
1782334062.613387,1832
1782334062.6133928,1837
1782334062.614603,1845
1782334062.625546,1848
1782334062.625566,1864
1782334062.625568,1871
1782334062.625569,1864
1782334062.62557,1823
1782334062.625571,1798
1782334062.625571,1826
1782334062.6255722,1809
1782334062.6255732,1820
1782334062.6255739,1858
1782334062.6255748,1862
1782334062.626842,1859
1782334062.629333,1856
1782334062.629335,1807
1782334062.629336,1790
1782334062.630601,1813
1782334062.631883,1818
1782334062.63317,1825
1782334062.6344519,1807
1782334062.634458,1856
1782334062.635736,1887
1782334062.637043,1837
1782334062.638336,1824
1782334062.639627,1819
1782334062.639634,1810
1782334062.6409202,1830
1782334062.6422029,1820
1782334062.643486,1854
1782334062.643492,1900
1782334062.6447842,1853
1782334062.646067,1862
1782334062.6570501,1880
1782334062.657054,1857
1782334062.657072,1883
1782334062.6570728,1842
1782334062.657074,1866
1782334062.657075,1910
1782334062.657075,1846
1782334062.657076,1833
1782334062.657077,1837
1782334062.657077,1816
1782334062.657078,1848
1782334062.658342,1829
1782334062.658345,1815
1782334062.660767,1810
1782334062.660769,1775
1782334062.662048,1762
1782334062.663331,1781
1782334062.663337,1797
1782334062.6646159,1792
1782334062.665896,1791
1782334062.6671638,1779
1782334062.668444,1774
1782334062.66845,1765
1782334062.669729,1708
1782334062.670997,1669
1782334062.6722739,1685
1782334062.673555,1691
1782334062.673561,1714
1782334062.6748369,1727
1782334062.676105,1749
1782334062.677498,1782
1782334062.6775,1755
1782334062.688116,1755
1782334062.6881201,1812
1782334062.688122,1832
1782334062.688122,1851
1782334062.688123,1849
1782334062.688124,1883
1782334062.688124,1886
1782334062.688125,1896
1782334062.6881258,1885
1782334062.6881258,1879
1782334062.688127,1899
1782334062.689395,1889
1782334062.689398,1880
1782334062.691991,1883
1782334062.6919942,1894
1782334062.693258,1883
1782334062.694539,1881
1782334062.694546,1882
1782334062.695828,1874
1782334062.697112,1865
1782334062.6983948,1852
1782334062.698401,1871
1782334062.69968,1892
1782334062.700962,1852
1782334062.702243,1876
1782334062.703525,1862
1782334062.703531,1870
1782334062.70481,1859
1782334062.706093,1845
1782334062.707374,1881
1782334062.70738,1887
1782334062.719836,1869
1782334062.71984,1867
1782334062.71984,1879
1782334062.719841,1882
1782334062.719842,1846
1782334062.7198431,1847
1782334062.7198431,1847
1782334062.719844,1862
1782334062.719845,1867
1782334062.719845,1898
1782334062.7198458,1871
1782334062.719847,1874
1782334062.721112,1876
1782334062.723826,1890
1782334062.723829,1894
1782334062.72383,1886
1782334062.725111,1884
1782334062.726387,1839
1782334062.726389,1848
1782334062.7276711,1851
1782334062.72896,1853
1782334062.730245,1852
1782334062.731534,1850
1782334062.73154,1862
1782334062.7328231,1853
1782334062.734099,1862
1782334062.735381,1851
1782334062.7353868,1826
1782334062.736682,1849
1782334062.7379708,1839
1782334062.739296,1832
1782334062.749784,1858
1782334062.7497869,1895
1782334062.7497878,1860
1782334062.749789,1866
1782334062.749789,1847
1782334062.74979,1857
1782334062.74979,1867
1782334062.749791,1895
1782334062.749792,1891
1782334062.749792,1899
1782334062.749793,1851
1782334062.751059,1838
1782334062.753831,1834
1782334062.753834,1807
1782334062.753835,1796
1782334062.755098,1811
1782334062.756386,1811
1782334062.756393,1849
1782334062.7576761,1827
1782334062.758968,1833
1782334062.760253,1839
1782334062.7615402,1825
1782334062.761546,1824
1782334062.762828,1836
1782334062.764114,1852
1782334062.765399,1867
1782334062.765405,1883
1782334062.766686,1842
1782334062.76797,1814
1782334062.769869,1823
1782334062.769872,1807
1782334062.780159,1780
1782334062.7801611,1817
1782334062.780162,1839
1782334062.780163,1819
1782334062.780163,1850
1782334062.780164,1852
1782334062.7801652,1854
1782334062.7801652,1867
1782334062.780166,1846
1782334062.7801669,1858
1782334062.781433,1866
1782334062.7814348,1813
1782334062.784248,1800
1782334062.784251,1833
1782334062.785516,1822
1782334062.7855182,1866
1782334062.786798,1882
1782334062.788085,1860
1782334062.78937,1868
1782334062.789376,1826
1782334062.790658,1807
1782334062.791942,1807
1782334062.794506,1830
1782334062.7945118,1845
1782334062.794515,1853
1782334062.7957811,1863
1782334062.797059,1877
1782334062.798343,1869
1782334062.7983491,1828
1782334062.799614,1820
1782334062.809697,1829
1782334062.8097,1795
1782334062.8097012,1817
1782334062.809702,1816
1782334062.809702,1836
1782334062.8097029,1843
1782334062.8097038,1826
1782334062.8097038,1831
1782334062.809705,1799
1782334062.809706,1829
1782334062.809706,1830
1782334062.810973,1838
1782334062.8134232,1855
1782334062.8134248,1868
1782334062.813426,1874
1782334062.814687,1876
1782334062.815973,1848
1782334062.817259,1838
1782334062.8185449,1853
1782334062.818552,1835
1782334062.819834,1846
1782334062.821125,1874
1782334062.822409,1861
1782334062.8224158,1854
1782334062.823701,1853
1782334062.8249888,1849
1782334062.8262742,1848
1782334062.827559,1853
1782334062.827565,1858
1782334062.828851,1837
1782334062.8301282,1814
1782334062.840241,1832
1782334062.840244,1830
1782334062.840245,1805
1782334062.840246,1831
1782334062.840246,1845
1782334062.8402472,1870
1782334062.840248,1871
1782334062.840248,1888
1782334062.840249,1859
1782334062.84025,1835
1782334062.841516,1845
1782334062.8415182,1853
1782334062.843997,1859
1782334062.844,1858
1782334062.845263,1839
1782334062.8465421,1833
1782334062.846549,1841
1782334062.84783,1812
1782334062.8491142,1826
1782334062.8503969,1850
1782334062.850403,1847
1782334062.8516831,1861
1782334062.852965,1864
1782334062.854248,1886
1782334062.855532,1876
1782334062.855538,1847
1782334062.856816,1861
1782334062.858098,1867
1782334062.8593652,1887
1782334062.859367,1907
1782334062.869427,1891
1782334062.86943,1879
1782334062.86943,1833
1782334062.869431,1821
1782334062.869432,1835
1782334062.869432,1863
1782334062.8694332,1839
1782334062.869434,1839
1782334062.869434,1828
1782334062.8694348,1864
1782334062.8706949,1800
1782334062.873462,1827
1782334062.873465,1829
1782334062.873467,1810
1782334062.874767,1811
1782334062.876041,1823
1782334062.877321,1837
1782334062.87861,1861
1782334062.878616,1835
1782334062.879901,1817
1782334062.881189,1834
1782334062.882476,1837
1782334062.882483,1844
1782334062.8837671,1830
1782334062.88505,1826
1782334062.886337,1848
1782334062.8863418,1850
1782334062.887624,1853
1782334062.888911,1844
1782334062.890195,1855
1782334062.891466,1845
1782334062.891468,1814
1782334062.9022,1810
1782334062.9022028,1839
1782334062.9022038,1839
1782334062.902205,1803
1782334062.902206,1812
1782334062.902206,1839
1782334062.902207,1818
1782334062.902208,1807
1782334062.902208,1826
1782334062.902209,1831
1782334062.903475,1859
1782334062.903477,1852
1782334062.9061592,1837
1782334062.906163,1838
1782334062.907431,1831
1782334062.907433,1810
1782334062.908718,1831
1782334062.910003,1859
1782334062.911288,1869
1782334062.912572,1870
1782334062.912579,1890
1782334062.9138649,1903
1782334062.9151528,1871
1782334062.9164412,1842
1782334062.916448,1833
1782334062.917732,1855
1782334062.919019,1866
1782334062.920301,1835
1782334062.921677,1855
1782334062.92168,1877
1782334062.9323268,1869
1782334062.93233,1862
1782334062.932331,1858
1782334062.932331,1850
1782334062.932332,1887
1782334062.932333,1858
1782334062.932333,1843
1782334062.9323342,1854
1782334062.9323351,1854
1782334062.9323351,1836
1782334062.932336,1854
1782334062.933598,1855
1782334062.9361868,1869
1782334062.936189,1877
1782334062.937459,1867
1782334062.937461,1865
1782334062.9387462,1877
1782334062.938752,1866
1782334062.9400399,1842
1782334062.941337,1861
1782334062.941352,1865
1782334062.942632,1839
1782334062.943916,1839
1782334062.9452002,1843
1782334062.94649,1835
1782334062.946496,1839
1782334062.947561,1832
1782334062.948856,1868
1782334062.950142,1875
1782334062.9517891,1858
1782334062.951791,1859
1782334062.9624598,1823
1782334062.962463,1851
1782334062.962464,1857
1782334062.962465,1835
1782334062.962465,1834
1782334062.962466,1859
1782334062.962467,1867
1782334062.962467,1855
1782334062.9624681,1852
1782334062.962469,1846
1782334062.962469,1832
1782334062.963731,1849
1782334062.966187,1851
1782334062.96619,1836
1782334062.9674509,1835
1782334062.967453,1815
1782334062.9687328,1794
1782334062.970023,1786
1782334062.971307,1797
1782334062.972594,1814
1782334062.9726,1797
1782334062.973886,1829
1782334062.975153,1820
1782334062.9764311,1805
1782334062.976438,1818
1782334062.977718,1832
1782334062.979007,1822
1782334062.980288,1858
1782334062.981567,1871
1782334062.981569,1910
1782334062.99212,1907
1782334062.9921238,1891
1782334062.9921238,1860
1782334062.992125,1844
1782334062.992126,1839
1782334062.992126,1828
1782334062.992127,1814
1782334062.992128,1818
1782334062.992128,1884
1782334062.992129,1868
1782334062.993398,1829
1782334062.993401,1848
1782334062.995907,1898
1782334062.9959092,1885
1782334062.997178,1867
1782334062.998456,1887
1782334062.998462,1927
1782334062.999746,1878
1782334063.001029,1837
1782334063.002311,1831
1782334063.0036,1839
1782334063.003606,1843
1782334063.004891,1852
1782334063.006176,1884
1782334063.007464,1890
1782334063.0074701,1897
1782334063.008754,1874
1782334063.010039,1833
1782334063.011331,1863
1782334063.011353,1845
1782334063.022431,1881
1782334063.022434,1853
1782334063.0224352,1870
1782334063.0224361,1869
1782334063.022437,1842
1782334063.022437,1859
1782334063.0224378,1882
1782334063.022439,1857
1782334063.022439,1846
1782334063.02244,1834
1782334063.022441,1844
1782334063.0237231,1831
1782334063.0262358,1785
1782334063.026238,1823
1782334063.0275042,1828
1782334063.0275059,1825
1782334063.028784,1816
1782334063.0300531,1820
1782334063.031337,1832
1782334063.031353,1821
1782334063.032694,1788
1782334063.0339909,1804
1782334063.035268,1796
1782334063.036554,1800
1782334063.036559,1846
1782334063.037844,1820
1782334063.039115,1839
1782334063.0403972,1883
1782334063.040404,1833
1782334063.041688,1856
1782334063.04299,1859
1782334063.0535018,1876
1782334063.0535061,1878
1782334063.053507,1874
1782334063.053507,1866
1782334063.053508,1910
1782334063.0535092,1877
1782334063.05351,1869
1782334063.05351,1890
1782334063.053511,1879
1782334063.0535119,1871
1782334063.053513,1832
1782334063.0547788,1894
1782334063.05763,1919
1782334063.057633,1848
1782334063.057634,1844
1782334063.058913,1858
1782334063.0602062,1861
1782334063.061491,1844
1782334063.061497,1826
1782334063.0627599,1851
1782334063.064043,1870
1782334063.064049,1844
1782334063.065332,1806
1782334063.065347,1820
1782334063.0666308,1812
1782334063.067901,1801
1782334063.069163,1822
1782334063.070442,1839
1782334063.0704482,1881
1782334063.071734,1900
1782334063.0730162,1870
1782334063.084487,1871
1782334063.084491,1839
1782334063.084492,1842
1782334063.0844932,1851
1782334063.084494,1837
1782334063.084494,1881
1782334063.084495,1939
1782334063.0844958,1892
1782334063.0844958,1848
1782334063.084497,1852
1782334063.084498,1871
1782334063.084498,1915
1782334063.0857651,1871
1782334063.088655,1879
1782334063.088659,1886
1782334063.08866,1860
1782334063.089938,1836
1782334063.0912268,1826
1782334063.092292,1839
1782334063.093577,1839
1782334063.0935838,1805
1782334063.0948648,1805
1782334063.095965,1853
1782334063.0972621,1799
1782334063.0985532,1810
1782334063.098559,1798
1782334063.099844,1807
1782334063.101129,1833
1782334063.102413,1815
1782334063.102419,1838
1782334063.1039271,1871
1782334063.114282,1842
1782334063.114284,1791
1782334063.114285,1807
1782334063.1142862,1800
1782334063.1142871,1807
1782334063.114288,1807
1782334063.1142888,1839
1782334063.1142888,1868
1782334063.11429,1871
1782334063.114291,1833
1782334063.11556,1850
1782334063.115562,1828
1782334063.1182,1858
1782334063.118203,1832
1782334063.119467,1782
1782334063.119468,1832
1782334063.1207502,1886
1782334063.1219041,1855
1782334063.123204,1865
1782334063.124496,1923
1782334063.124502,1935
1782334063.125768,1958
1782334063.1270468,1931
1782334063.128327,1901
1782334063.1283321,1887
1782334063.12961,1846
1782334063.130899,1822
1782334063.1321821,1822
1782334063.1334789,1824
1782334063.133489,1837
1782334063.1446831,1818
1782334063.144704,1854
1782334063.144705,1881
1782334063.144706,1830
1782334063.144706,1833
1782334063.144707,1839
1782334063.1447082,1816
1782334063.1447082,1839
1782334063.144709,1824
1782334063.1447098,1866
1782334063.1447098,1903
1782334063.1459782,1896
1782334063.148554,1883
1782334063.148556,1864
1782334063.148557,1852
1782334063.149824,1853
1782334063.151086,1806
1782334063.152368,1813
1782334063.152388,1850
1782334063.153677,1838
1782334063.154966,1834
1782334063.156251,1844
1782334063.1575391,1854
1782334063.1575449,1832
1782334063.158829,1774
1782334063.1601129,1830
1782334063.161385,1862
1782334063.161387,1835
1782334063.162689,1821
1782334063.173228,1817
1782334063.1732311,1850
1782334063.173232,1857
1782334063.1732328,1878
1782334063.1732328,1907
1782334063.173234,1935
1782334063.173235,1875
1782334063.173235,1839
1782334063.173236,1791
1782334063.173237,1813
1782334063.17451,1803
1782334063.1745129,1792
1782334063.176982,1803
1782334063.176985,1821
1782334063.178252,1849
1782334063.179553,1852
1782334063.179564,1818
1782334063.180852,1866
1782334063.182144,1887
1782334063.183429,1890
1782334063.183435,1869
1782334063.1847181,1880
1782334063.1860049,1873
1782334063.187283,1812
1782334063.188559,1797
1782334063.188565,1805
1782334063.188568,1802
1782334063.1898508,1832
1782334063.191139,1811
1782334063.192426,1863
1782334063.1924322,1878
1782334063.193717,1871
1782334063.195005,1882
1782334063.196651,1834
1782334063.1966531,1820
1782334063.206271,1861
1782334063.2062762,1797
1782334063.2062762,1822
1782334063.2062771,1863
1782334063.2062778,1819
1782334063.2062778,1837
1782334063.2062788,1825
1782334063.20628,1854
1782334063.206281,1862
1782334063.207542,1799
1782334063.2075431,1803
1782334063.2099898,1843
1782334063.209992,1804
1782334063.211257,1791
1782334063.212538,1800
1782334063.212545,1831
1782334063.2138119,1851
1782334063.215096,1821
1782334063.216384,1842
1782334063.21639,1853
1782334063.21767,1810
1782334063.218954,1795
1782334063.2202408,1800
1782334063.221544,1854
1782334063.2215521,1875
1782334063.222858,1860
1782334063.2241468,1885
1782334063.225999,1901
1782334063.226002,1901
1782334063.2362392,1858
1782334063.236243,1835
1782334063.236244,1867
1782334063.236244,1894
1782334063.236245,1871
1782334063.236246,1854
1782334063.236247,1870
1782334063.236247,1853
1782334063.236248,1846
1782334063.236249,1811
1782334063.237517,1841
1782334063.23752,1845
1782334063.24003,1866
1782334063.240032,1853
1782334063.24131,1839
1782334063.2426171,1851
1782334063.2426188,1832
1782334063.2438989,1820
1782334063.245188,1823
1782334063.246474,1815
1782334063.24648,1843
1782334063.247759,1839
1782334063.249045,1874
1782334063.250334,1890
1782334063.25035,1836
1782334063.251668,1799
1782334063.252959,1809
1782334063.254246,1786
1782334063.265375,1767
1782334063.265377,1759
1782334063.265394,1804
1782334063.2653959,1842
1782334063.265397,1807
1782334063.265397,1806
1782334063.265398,1825
1782334063.265399,1850
1782334063.265399,1882
1782334063.2654002,1860
1782334063.2654011,1855
1782334063.2654011,1883
1782334063.2666712,1864
1782334063.269268,1865
1782334063.2692711,1876
1782334063.270538,1875
1782334063.270541,1860
1782334063.271818,1818
1782334063.2731059,1836
1782334063.274401,1870
1782334063.274407,1839
1782334063.275687,1812
1782334063.276971,1820
1782334063.2782562,1807
1782334063.27954,1805
1782334063.279546,1807
1782334063.2808251,1832
1782334063.2821078,1839
1782334063.283392,1817
1782334063.283398,1795
1782334063.2846808,1851
1782334063.296024,1869
1782334063.2960262,1861
1782334063.296053,1870
1782334063.296055,1877
1782334063.296056,1885
1782334063.296057,1890
1782334063.2960582,1846
1782334063.2960582,1818
1782334063.296059,1819
1782334063.2960598,1838
1782334063.2960598,1832
1782334063.297329,1843
1782334063.297332,1846
1782334063.2998998,1861
1782334063.299903,1856
1782334063.3024452,1862
1782334063.3024518,1834
1782334063.302454,1823
1782334063.303736,1807
1782334063.305019,1789
1782334063.306303,1818
1782334063.307592,1857
1782334063.307598,1829
1782334063.3088791,1820
1782334063.3101618,1839
1782334063.3114429,1825
1782334063.311449,1832
1782334063.3127291,1804
1782334063.3140118,1810
1782334063.314018,1807
1782334063.315296,1803
1782334063.326002,1822
1782334063.326006,1807
1782334063.326006,1798
1782334063.3260071,1788
1782334063.326008,1780
1782334063.326009,1807
1782334063.326009,1835
1782334063.3260102,1805
1782334063.326011,1784
1782334063.326011,1799
1782334063.326012,1805
1782334063.327282,1813
1782334063.3301911,1772
1782334063.330195,1774
1782334063.330196,1800
1782334063.3314612,1767
1782334063.3314629,1742
1782334063.332725,1743
1782334063.3340049,1772
1782334063.335291,1770
1782334063.3365738,1799
1782334063.336579,1829
1782334063.337858,1850
1782334063.3391411,1857
1782334063.3404229,1871
1782334063.340429,1886
1782334063.3417091,1861
1782334063.342991,1863
1782334063.3442738,1871
1782334063.345557,1880
1782334063.345563,1909
1782334063.346825,1898
1782334063.3568,1857
1782334063.3568032,1858
1782334063.3568041,1874
1782334063.3568041,1860
1782334063.356805,1832
1782334063.3568058,1851
1782334063.3568058,1854
1782334063.356807,1839
1782334063.356808,1831
1782334063.356808,1839
1782334063.358078,1855
1782334063.3607628,1848
1782334063.360767,1862
1782334063.360768,1883
1782334063.3620281,1903
1782334063.363298,1875
1782334063.3645701,1862
1782334063.364574,1852
1782334063.365848,1879
1782334063.367119,1885
1782334063.368394,1861
1782334063.3683982,1861
1782334063.369677,1866
1782334063.3709629,1869
1782334063.372254,1842
1782334063.373539,1849
1782334063.373545,1855
1782334063.37483,1861
1782334063.376117,1860
1782334063.377405,1826
1782334063.3774111,1871
1782334063.378679,1902
1782334063.3888772,1892
1782334063.388881,1876
1782334063.388882,1865
1782334063.388882,1845
1782334063.3888829,1866
1782334063.388884,1878
1782334063.388885,1871
1782334063.388886,1889
1782334063.388886,1880
1782334063.388887,1858
1782334063.390153,1857
1782334063.393149,1869
1782334063.393152,1862
1782334063.393153,1860
1782334063.39442,1870
1782334063.394423,1875
1782334063.395701,1858
1782334063.396986,1838
1782334063.398269,1824
1782334063.399553,1844
1782334063.399559,1850
1782334063.40084,1845
1782334063.402124,1883
1782334063.40341,1887
1782334063.4034162,1832
1782334063.4046981,1837
1782334063.405982,1818
1782334063.407692,1796
1782334063.407694,1788
1782334063.418339,1810
1782334063.4183419,1813
1782334063.4183428,1802
1782334063.418344,1802
1782334063.418345,1799
1782334063.418345,1798
1782334063.418346,1785
1782334063.4183471,1796
1782334063.4183471,1798
1782334063.418348,1818
1782334063.418349,1806
1782334063.4196138,1838
1782334063.4225159,1846
1782334063.422519,1857
1782334063.422519,1874
1782334063.423785,1858
1782334063.425065,1857
1782334063.426352,1878
1782334063.426358,1856
1782334063.427639,1870
1782334063.428926,1868
1782334063.4302132,1877
1782334063.431502,1887
1782334063.431509,1847
1782334063.4327931,1871
1782334063.43408,1874
1782334063.4353652,1871
1782334063.435372,1892
1782334063.436657,1878
1782334063.437943,1860
1782334063.439546,1842
1782334063.439548,1854
1782334063.439549,1863
1782334063.450037,1875
1782334063.45004,1871
1782334063.450041,1868
1782334063.450042,1855
1782334063.450042,1842
1782334063.450043,1829
1782334063.450044,1857
1782334063.450044,1858
1782334063.4500449,1871
1782334063.450046,1876
1782334063.451312,1859
1782334063.451314,1830
1782334063.454119,1837
1782334063.4541209,1829
1782334063.455389,1850
1782334063.455391,1848
1782334063.456673,1851
1782334063.457957,1828
1782334063.459241,1855
1782334063.460523,1847
1782334063.4605289,1855
1782334063.4618082,1832
1782334063.463095,1807
1782334063.464382,1812
1782334063.4643881,1804
1782334063.465672,1797
1782334063.466957,1800
1782334063.468244,1796
1782334063.469989,1807
1782334063.480653,1811
1782334063.4806552,1836
1782334063.480656,1859
1782334063.4806569,1868
1782334063.4806569,1853
1782334063.4806578,1869
1782334063.480659,1869
1782334063.480659,1870
1782334063.48066,1860
1782334063.480661,1863
1782334063.480661,1878
1782334063.480662,1871
1782334063.481926,1887
1782334063.484452,1898
1782334063.4844558,1899
1782334063.484457,1895
1782334063.485749,1897
1782334063.48704,1883
1782334063.4883342,1886
1782334063.4883509,1860
1782334063.489664,1830
1782334063.4909382,1827
1782334063.492216,1831
1782334063.493501,1831
1782334063.4935071,1820
1782334063.494787,1816
1782334063.496073,1786
1782334063.497356,1790
1782334063.497362,1793
1782334063.498647,1802
1782334063.499912,1838
1782334063.510062,1823
1782334063.5100648,1786
1782334063.510066,1821
1782334063.510067,1803
1782334063.510067,1826
1782334063.510068,1848
1782334063.510069,1871
1782334063.510069,1852
1782334063.51007,1850
1782334063.510071,1852
1782334063.5113358,1855
1782334063.511338,1846
1782334063.514234,1855
1782334063.514237,1820
1782334063.5155048,1814
1782334063.515507,1839
1782334063.516787,1857
1782334063.51807,1839
1782334063.519354,1831
1782334063.519361,1806
1782334063.520643,1773
1782334063.52193,1781
1782334063.523215,1799
1782334063.524503,1810
1782334063.524509,1822
1782334063.525794,1791
1782334063.527078,1799
1782334063.528363,1812
1782334063.528369,1836
1782334063.5299,1875
1782334063.5403469,1886
1782334063.540349,1896
1782334063.54035,1903
1782334063.540351,1864
1782334063.540352,1862
1782334063.540352,1850
1782334063.540353,1866
1782334063.540354,1871
1782334063.540354,1887
1782334063.540355,1883
1782334063.5403562,1866
1782334063.5416162,1833
1782334063.544139,1803
1782334063.544141,1805
1782334063.545409,1823
1782334063.545411,1814
1782334063.5466921,1787
1782334063.547978,1801
1782334063.549262,1834
1782334063.550529,1817
1782334063.5505311,1851
1782334063.551806,1879
1782334063.553092,1862
1782334063.55438,1845
1782334063.554386,1834
1782334063.55567,1842
1782334063.556959,1844
1782334063.558246,1857
1782334063.559516,1839
1782334063.5595179,1850
1782334063.5696,1843
1782334063.569602,1869
1782334063.569603,1878
1782334063.569603,1860
1782334063.5696042,1861
1782334063.569605,1876
1782334063.569605,1864
1782334063.5696058,1844
1782334063.569607,1847
1782334063.569607,1832
1782334063.569608,1838
1782334063.570872,1826
1782334063.573511,1839
1782334063.573515,1859
1782334063.5735161,1848
1782334063.574801,1843
1782334063.576073,1830
1782334063.5773509,1847
1782334063.577357,1842
1782334063.578639,1839
1782334063.5799282,1838
1782334063.581213,1832
1782334063.582496,1798
1782334063.582502,1788
1782334063.583786,1803
1782334063.585069,1816
1782334063.586336,1853
1782334063.586338,1858
1782334063.587616,1870
1782334063.588904,1874
1782334063.5901911,1869
1782334063.591778,1891
1782334063.5917802,1874
1782334063.602263,1822
1782334063.6022668,1800
1782334063.602268,1831
1782334063.602268,1870
1782334063.602269,1882
1782334063.60227,1868
1782334063.602271,1851
1782334063.602271,1848
1782334063.602272,1843
1782334063.602277,1844
1782334063.603539,1844
1782334063.603541,1830
1782334063.606064,1855
1782334063.606066,1821
1782334063.6073349,1797
1782334063.607337,1809
1782334063.608622,1843
1782334063.6099079,1836
1782334063.6111941,1822
1782334063.612483,1841
1782334063.61249,1851
1782334063.613776,1854
1782334063.6150641,1837
1782334063.616351,1850
1782334063.616357,1837
1782334063.617642,1849
1782334063.6189299,1877
1782334063.6202009,1867
1782334063.621517,1890
1782334063.621519,1876
1782334063.632203,1883
1782334063.632206,1871
1782334063.6322072,1859
1782334063.6322072,1849
1782334063.6322079,1845
1782334063.6322088,1856
1782334063.6322088,1870
1782334063.63221,1869
1782334063.632211,1871
1782334063.632212,1867
1782334063.6334789,1863
1782334063.633482,1860
1782334063.636259,1871
1782334063.636263,1859
1782334063.637534,1851
1782334063.637536,1850
1782334063.6388211,1864
1782334063.640106,1871
1782334063.6413949,1860
1782334063.641402,1859
1782334063.6426828,1855
1782334063.643967,1846
1782334063.645248,1864
1782334063.6465359,1869
1782334063.646542,1853
1782334063.647827,1823
1782334063.649111,1846
1782334063.650399,1839
1782334063.6504052,1818
1782334063.652171,1820
1782334063.662909,1826
1782334063.662913,1849
1782334063.662914,1849
1782334063.662915,1835
1782334063.662915,1836
1782334063.6629162,1852
1782334063.6629171,1863
1782334063.6629171,1813
1782334063.6629179,1822
1782334063.6629188,1844
1782334063.6629188,1836
1782334063.664184,1819
1782334063.666946,1810
1782334063.666948,1834
1782334063.666949,1837
1782334063.668216,1834
1782334063.669499,1844
1782334063.669506,1838
1782334063.6707761,1836
1782334063.6720588,1851
1782334063.673344,1844
1782334063.6733499,1847
1782334063.6746361,1861
1782334063.6759198,1830
1782334063.677204,1839
1782334063.678488,1856
1782334063.678494,1855
1782334063.679775,1866
1782334063.681064,1870
1782334063.6823308,1857
1782334063.682333,1813
1782334063.692412,1793
1782334063.692415,1825
1782334063.692416,1852
1782334063.692417,1827
1782334063.692418,1817
1782334063.692418,1855
1782334063.692419,1876
1782334063.69242,1860
1782334063.69242,1857
1782334063.6924212,1834
1782334063.692422,1835
1782334063.693683,1823
1782334063.6962602,1848
1782334063.696262,1833
1782334063.697527,1824
1782334063.697529,1810
1782334063.698812,1789
1782334063.700095,1827
1782334063.7013838,1861
1782334063.70139,1834
1782334063.70267,1851
1782334063.703959,1858
1782334063.705246,1879
1782334063.7065332,1898
1782334063.706539,1893
1782334063.707823,1862
1782334063.7091122,1839
1782334063.710399,1860
1782334063.710405,1810
1782334063.711689,1845
1782334063.722878,1877
1782334063.722881,1866
1782334063.722882,1849
1782334063.722883,1863
1782334063.722883,1860
1782334063.7228842,1875
1782334063.7228851,1869
1782334063.7228851,1871
1782334063.7228858,1862
1782334063.7228868,1849
1782334063.722888,1845
1782334063.7241511,1824
1782334063.7268538,1836
1782334063.726857,1836
1782334063.726858,1826
1782334063.72814,1821
1782334063.72943,1839
1782334063.729436,1846
1782334063.730722,1835
1782334063.732007,1807
1782334063.733291,1814
1782334063.734575,1831
1782334063.734581,1846
1782334063.735863,1843
1782334063.73715,1823
1782334063.738436,1821
1782334063.738442,1830
1782334063.739727,1830
1782334063.741015,1830
1782334063.7422972,1865
1782334063.743903,1869
1782334063.743905,1835
1782334063.754605,1835
1782334063.7546082,1839
1782334063.7546089,1833
1782334063.7546098,1838
1782334063.7546098,1884
1782334063.754611,1871
1782334063.754612,1870
1782334063.754612,1859
1782334063.754613,1839
1782334063.754614,1834
1782334063.754615,1852
1782334063.7558851,1863
1782334063.758582,1853
1782334063.758584,1838
1782334063.758585,1868
1782334063.75985,1855
1782334063.761131,1868
1782334063.76242,1852
1782334063.7624261,1828
1782334063.763711,1835
1782334063.764999,1830
1782334063.7662668,1836
1782334063.767545,1860
1782334063.767551,1862
1782334063.76883,1863
1782334063.770116,1839
1782334063.771425,1855
1782334063.771431,1862
1782334063.772715,1860
1782334063.773987,1884
1782334063.7841122,1891
1782334063.784116,1878
1782334063.784117,1868
1782334063.784117,1828
1782334063.784118,1826
1782334063.7841191,1844
1782334063.7841191,1852
1782334063.78412,1846
1782334063.784121,1854
1782334063.7841222,1866
1782334063.785389,1876
1782334063.785391,1857
1782334063.788016,1843
1782334063.78802,1845
1782334063.7892852,1831
1782334063.790571,1870
1782334063.7905788,1857
1782334063.791866,1823
1782334063.793151,1810
1782334063.794436,1826
1782334063.794442,1807
1782334063.795728,1779
1782334063.797017,1792
1782334063.798302,1818
1782334063.7995908,1838
1782334063.799598,1832
1782334063.800883,1836
1782334063.802172,1819
1782334063.803456,1823
1782334063.8034618,1807
1782334063.814689,1820
1782334063.814707,1823
1782334063.814708,1849
1782334063.814708,1861
1782334063.814709,1868
1782334063.81471,1871
1782334063.81471,1851
1782334063.814711,1844
1782334063.814712,1827
1782334063.814712,1829
1782334063.814713,1855
1782334063.8147142,1868
1782334063.8159769,1877
1782334063.8185909,1894
1782334063.818594,1879
1782334063.8185952,1843
1782334063.819861,1839
1782334063.821146,1839
1782334063.8224351,1838
1782334063.822442,1817
1782334063.8237271,1824
1782334063.825016,1824
1782334063.826298,1823
1782334063.827582,1816
1782334063.827588,1819
1782334063.828873,1829
1782334063.830155,1851
1782334063.8314419,1870
1782334063.831448,1851
1782334063.832725,1844
1782334063.843342,1860
1782334063.843345,1851
1782334063.8433459,1839
1782334063.8433459,1821
1782334063.8433468,1827
1782334063.843348,1837
1782334063.843348,1825
1782334063.843349,1810
1782334063.84335,1833
1782334063.84335,1851
1782334063.8433511,1860
1782334063.844615,1850
1782334063.847031,1839
1782334063.8470342,1860
1782334063.848296,1847
1782334063.849586,1846
1782334063.8495932,1805
1782334063.850875,1839
1782334063.852161,1863
1782334063.853447,1844
1782334063.8534532,1855
1782334063.854738,1814
1782334063.8560262,1821
1782334063.85731,1818
1782334063.858603,1816
1782334063.858609,1849
1782334063.859894,1848
1782334063.861181,1864
1782334063.862467,1892
1782334063.862474,1906
1782334063.864162,1890
1782334063.873686,1887
1782334063.8736901,1883
1782334063.8736908,1874
1782334063.8736918,1867
1782334063.8736918,1845
1782334063.873693,1822
1782334063.873694,1821
1782334063.873694,1871
1782334063.873695,1844
1782334063.873696,1825
1782334063.8749619,1847
1782334063.877557,1799
1782334063.877559,1766
1782334063.8775601,1782
1782334063.878826,1814
1782334063.8801122,1820
1782334063.881401,1818
1782334063.881408,1830
1782334063.882693,1843
1782334063.883978,1849
1782334063.885262,1876
1782334063.8865469,1881
1782334063.886555,1890
1782334063.887842,1897
1782334063.889131,1876
1782334063.890419,1879
1782334063.8904252,1887
1782334063.89171,1875
1782334063.892999,1863
1782334063.894271,1853
1782334063.89569,1861
1782334063.895692,1870
1782334063.9064121,1836
1782334063.906415,1833
1782334063.9064162,1836
1782334063.9064162,1848
1782334063.906417,1830
1782334063.9064178,1826
1782334063.9064178,1807
1782334063.906419,1837
1782334063.90642,1839
1782334063.906421,1862
1782334063.906421,1885
1782334063.9076889,1915
1782334063.9102,1870
1782334063.910202,1846
1782334063.911469,1838
1782334063.9114711,1858
1782334063.9127522,1844
1782334063.914038,1842
1782334063.915332,1835
1782334063.9153469,1828
1782334063.9166331,1839
1782334063.9179149,1830
1782334063.919202,1838
1782334063.920489,1849
1782334063.920495,1845
1782334063.921779,1865
1782334063.9230678,1856
1782334063.92435,1842
1782334063.924356,1844
1782334063.9259279,1850
1782334063.936565,1836
1782334063.936568,1860
1782334063.936568,1852
1782334063.936569,1852
1782334063.9365702,1844
1782334063.936571,1836
1782334063.936571,1832
1782334063.9365718,1836
1782334063.936573,1794
1782334063.936573,1798
1782334063.936574,1832
1782334063.936575,1838
1782334063.937835,1827
1782334063.940394,1853
1782334063.940396,1856
1782334063.940397,1861
1782334063.941675,1855
1782334063.942944,1862
1782334063.9442198,1908
1782334063.945488,1900
1782334063.94549,1890
1782334063.9467661,1878
1782334063.9480488,1890
1782334063.949331,1856
1782334063.949337,1855
1782334063.950617,1858
1782334063.951898,1844
1782334063.953181,1844
1782334063.954463,1841
1782334063.954468,1817
1782334063.956075,1819
1782334063.966248,1796
1782334063.966252,1829
1782334063.966253,1839
1782334063.966253,1886
1782334063.966254,1895
1782334063.9662552,1841
1782334063.9662552,1858
1782334063.9662561,1847
1782334063.9662569,1839
1782334063.9662569,1813
1782334063.967521,1817
1782334063.967523,1822
1782334063.9701471,1826
1782334063.97015,1838
1782334063.971413,1812
1782334063.971415,1821
1782334063.972693,1807
1782334063.9739678,1822
1782334063.975231,1836
1782334063.9765,1831
1782334063.9765031,1839
1782334063.979062,1858
1782334063.97907,1833
1782334063.980351,1824
1782334063.9803572,1831
1782334063.981639,1874
1782334063.982922,1871
1782334063.984205,1850
1782334063.9858801,1895
1782334063.985883,1885
1782334063.995957,1850
1782334063.995959,1839
1782334063.99596,1855
1782334063.9959612,1838
1782334063.9959621,1823
1782334063.9959629,1829
1782334063.9959629,1845
1782334063.9959638,1815
1782334063.995965,1817
1782334063.995966,1834
1782334063.997227,1797
1782334063.999742,1817
1782334063.9997451,1810
1782334063.999746,1819
1782334064.001012,1825
1782334064.002291,1802
1782334064.0035882,1795
1782334064.003594,1783
1782334064.004874,1789
1782334064.006164,1822
1782334064.007442,1834
1782334064.007447,1855
1782334064.0087218,1855
1782334064.009993,1844
1782334064.011265,1857
1782334064.012539,1859
1782334064.012543,1908
1782334064.0138109,1886
1782334064.015081,1884
1782334064.016449,1862
1782334064.0164511,1871
1782334064.027035,1860
1782334064.027039,1834
1782334064.02704,1828
1782334064.027041,1845
1782334064.0270422,1855
1782334064.0270422,1866
1782334064.027043,1882
1782334064.027044,1862
1782334064.027045,1856
1782334064.027046,1860
1782334064.02832,1832
1782334064.028328,1857
1782334064.030912,1848
1782334064.030915,1844
1782334064.032181,1837
1782334064.033461,1835
1782334064.0334668,1854
1782334064.0347478,1874
1782334064.036033,1848
1782334064.037318,1858
1782334064.038615,1839
1782334064.038622,1869
1782334064.0399082,1848
1782334064.041192,1854
1782334064.0424802,1871
1782334064.042486,1857
1782334064.04377,1871
1782334064.045059,1863
1782334064.0463512,1855
1782334064.0463722,1854
1782334064.047934,1807
1782334064.05857,1815
1782334064.058573,1820
1782334064.058574,1830
1782334064.0585752,1850
1782334064.0585759,1858
1782334064.0585759,1849
1782334064.0585768,1852
1782334064.058578,1822
1782334064.058579,1819
1782334064.058579,1834
1782334064.05858,1846
1782334064.059851,1855
1782334064.059853,1855
1782334064.062281,1845
1782334064.062284,1821
1782334064.063553,1811
1782334064.063555,1838
1782334064.0648398,1859
1782334064.0661309,1850
1782334064.0674171,1853
1782334064.067424,1833
1782334064.068706,1858
1782334064.0699918,1843
1782334064.0712771,1810
1782334064.072566,1823
1782334064.072573,1867
1782334064.073858,1884
1782334064.0751429,1907
1782334064.076433,1913
1782334064.0764391,1887
1782334064.077906,1869
1782334064.088453,1859
1782334064.0884569,1856
1782334064.088458,1829
1782334064.088459,1823
1782334064.08846,1820
1782334064.08846,1819
1782334064.0884612,1843
1782334064.088462,1836
1782334064.088463,1855
1782334064.0884638,1845
1782334064.0884638,1881
1782334064.089729,1885
1782334064.0923462,1882
1782334064.0923488,1861
1782334064.09235,1854
1782334064.093621,1864
1782334064.094908,1831
1782334064.096183,1847
1782334064.097457,1864
1782334064.09746,1866
1782334064.098743,1871
1782334064.100032,1864
1782334064.101318,1845
1782334064.102606,1832
1782334064.102612,1811
1782334064.103894,1811
1782334064.1051898,1797
1782334064.106485,1797
1782334064.1064918,1847
1782334064.107758,1848
1782334064.117961,1806
1782334064.117964,1805
1782334064.117965,1825
1782334064.1179662,1833
1782334064.1179671,1826
1782334064.1179678,1836
1782334064.1179688,1835
1782334064.1179688,1836
1782334064.11797,1848
1782334064.117971,1863
1782334064.119243,1850
1782334064.121732,1822
1782334064.121734,1785
1782334064.1217349,1791
1782334064.1230001,1798
1782334064.12429,1810
1782334064.1255748,1813
1782334064.125581,1812
1782334064.126863,1824
1782334064.128146,1820
1782334064.129457,1836
1782334064.1294668,1828
1782334064.130738,1829
1782334064.132025,1829
1782334064.1333098,1834
1782334064.134636,1834
1782334064.134644,1860
1782334064.1359282,1855
1782334064.137215,1821
1782334064.1385028,1847
1782334064.1385112,1855
1782334064.140225,1874
1782334064.150469,1855
1782334064.150472,1844
1782334064.1504729,1864
1782334064.150474,1855
1782334064.150475,1839
1782334064.150475,1860
1782334064.150476,1852
1782334064.1504772,1844
1782334064.1504772,1848
1782334064.1504781,1893
1782334064.150479,1870
1782334064.151744,1850
1782334064.15449,1855
1782334064.154492,1864
1782334064.1544929,1859
1782334064.155756,1853
1782334064.157035,1839
1782334064.158323,1839
1782334064.15834,1853
1782334064.159667,1854
1782334064.160956,1838
1782334064.16224,1868
1782334064.1635242,1895
1782334064.163535,1882
1782334064.1648152,1863
1782334064.1660979,1829
1782334064.167381,1847
1782334064.1673868,1822
1782334064.1686668,1826
1782334064.169936,1830
1782334064.179819,1856
1782334064.179822,1856
1782334064.179822,1831
1782334064.1798232,1861
1782334064.179824,1838
1782334064.1798248,1831
1782334064.1798248,1830
1782334064.179826,1822
1782334064.179827,1862
1782334064.179827,1832
1782334064.181088,1816
1782334064.183672,1839
1782334064.1836748,1839
1782334064.1836748,1823
1782334064.183676,1797
1782334064.1849449,1805
1782334064.1862159,1852
1782334064.18749,1855
1782334064.1874938,1844
1782334064.188756,1874
1782334064.190023,1898
1782334064.191298,1860
1782334064.192569,1848
1782334064.1925728,1870
1782334064.19384,1876
1782334064.1951098,1876
1782334064.1963892,1847
1782334064.196395,1849
1782334064.197665,1839
1782334064.1989372,1845
1782334064.200491,1839
1782334064.200494,1839
1782334064.212478,1845
1782334064.212482,1882
1782334064.2124832,1848
1782334064.2124841,1839
1782334064.212485,1854
1782334064.212485,1868
1782334064.2124858,1855
1782334064.2124858,1839
1782334064.212487,1851
1782334064.212488,1831
1782334064.212489,1834
1782334064.212489,1848
1782334064.2137558,1863
1782334064.21646,1850
1782334064.216463,1835
1782334064.2164638,1827
1782334064.217726,1846
1782334064.218996,1846
1782334064.220261,1817
1782334064.221528,1801
1782334064.2215302,1819
1782334064.222796,1819
1782334064.224067,1834
1782334064.225348,1838
1782334064.225354,1854
1782334064.226635,1876
1782334064.2279198,1876
1782334064.229207,1897
1782334064.240465,1886
1782334064.240468,1882
1782334064.240469,1859
1782334064.240469,1844
1782334064.24047,1856
1782334064.2404711,1875
1782334064.2404711,1850
1782334064.240472,1823
1782334064.240473,1822
1782334064.240473,1827
1782334064.2404742,1848
1782334064.240475,1871
1782334064.2417438,1868
1782334064.244282,1881
1782334064.244284,1894
1782334064.2455812,1896
1782334064.2455869,1902
1782334064.246857,1878
1782334064.2481291,1875
1782334064.249394,1871
1782334064.249396,1857
1782334064.2506728,1848
1782334064.251956,1868
1782334064.25324,1869
1782334064.254516,1853
1782334064.2545202,1860
1782334064.255789,1839
1782334064.25707,1850
1782334064.258355,1855
1782334064.258361,1879
1782334064.269494,1865
1782334064.2695029,1800
1782334064.269504,1798
1782334064.269504,1816
1782334064.269505,1810
1782334064.269506,1783
1782334064.269506,1789
1782334064.2695072,1804
1782334064.2695081,1825
1782334064.2695081,1803
1782334064.269509,1799
1782334064.2707741,1821
1782334064.273529,1825
1782334064.273531,1819
1782334064.273532,1797
1782334064.274812,1810
1782334064.276087,1836
1782334064.2773771,1828
1782334064.2773829,1832
1782334064.2786639,1820
1782334064.2799518,1825
1782334064.2812421,1836
1782334064.282529,1832
1782334064.2825348,1852
1782334064.283821,1839
1782334064.285104,1835
1782334064.2863889,1810
1782334064.2863948,1835
1782334064.287681,1848
1782334064.288964,1829
1782334064.2902532,1807
1782334064.291615,1825
1782334064.291617,1832
1782334064.302232,1835
1782334064.3022358,1811
1782334064.302237,1816
1782334064.302238,1826
1782334064.302239,1834
1782334064.30224,1863
1782334064.30224,1887
1782334064.302241,1879
1782334064.302242,1876
1782334064.302242,1855
1782334064.303515,1843
1782334064.303518,1853
1782334064.306068,1866
1782334064.30607,1837
1782334064.3073332,1871
1782334064.307335,1874
1782334064.308613,1887
1782334064.3098822,1850
1782334064.311162,1832
1782334064.311168,1837
1782334064.312449,1828
1782334064.312455,1816
1782334064.313735,1837
1782334064.315019,1859
1782334064.317566,1845
1782334064.317568,1839
1782334064.317569,1834
1782334064.3188312,1831
1782334064.320114,1852
1782334064.3215659,1861
1782334064.321569,1843
1782334064.33216,1876
1782334064.332163,1903
1782334064.332164,1893
1782334064.332165,1855
1782334064.332166,1852
1782334064.332166,1860
1782334064.332167,1860
1782334064.3321679,1861
1782334064.332169,1837
1782334064.332169,1831
1782334064.333432,1819
1782334064.3334348,1807
1782334064.335962,1805
1782334064.335964,1768
1782334064.3372319,1788
1782334064.338516,1807
1782334064.3385222,1819
1782334064.3398101,1859
1782334064.3411,1864
1782334064.3423848,1880
1782334064.342391,1858
1782334064.343675,1844
1782334064.344961,1845
1782334064.346246,1848
1782334064.3475358,1853
1782334064.347543,1871
1782334064.3488278,1883
1782334064.350113,1892
1782334064.3514,1887
1782334064.351406,1847
1782334064.352674,1865
1782334064.3629131,1862
1782334064.362916,1882
1782334064.3629172,1891
1782334064.362918,1852
1782334064.3629189,1839
1782334064.3629189,1823
1782334064.36292,1787
1782334064.362921,1814
1782334064.362921,1828
1782334064.362922,1838
1782334064.3641999,1837
1782334064.366893,1858
1782334064.3668952,1826
1782334064.3668962,1842
1782334064.368185,1839
1782334064.3694751,1822
1782334064.3694808,1822
1782334064.3707678,1826
1782334064.3720582,1816
1782334064.373343,1789
1782334064.3733592,1772
1782334064.374641,1802
1782334064.3759239,1812
1782334064.377207,1842
1782334064.378491,1849
1782334064.3784971,1883
1782334064.37978,1910
1782334064.381068,1897
1782334064.382335,1891
1782334064.382337,1876
1782334064.392342,1866
1782334064.3923461,1890
1782334064.3923469,1865
1782334064.3923469,1860
1782334064.3923478,1894
1782334064.392349,1928
1782334064.392349,1903
1782334064.39235,1892
1782334064.392351,1903
1782334064.392352,1885
1782334064.39362,1865
1782334064.39621,1871
1782334064.3962119,1868
1782334064.3974788,1851
1782334064.397481,1826
1782334064.3987641,1849
1782334064.400048,1821
1782334064.401335,1806
1782334064.401341,1839
1782334064.402622,1819
1782334064.4039092,1852
1782334064.405194,1917
1782334064.406482,1903
1782334064.4064882,1871
1782334064.4077718,1838
1782334064.40906,1858
1782334064.410868,1828
1782334064.410871,1834
1782334064.4209259,1839
1782334064.420929,1838
1782334064.4209301,1838
1782334064.4209301,1812
1782334064.420931,1789
1782334064.420932,1772
1782334064.420933,1780
1782334064.420933,1775
1782334064.420934,1779
1782334064.420935,1805
1782334064.4222069,1842
1782334064.4246452,1829
1782334064.4246469,1812
1782334064.424648,1804
1782334064.4259179,1797
1782334064.4272032,1845
1782334064.4284952,1837
1782334064.428501,1839
1782334064.4297879,1850
1782334064.431079,1852
1782334064.4323661,1855
1782334064.432373,1839
1782334064.4336572,1806
1782334064.434943,1810
1782334064.436227,1816
1782334064.437515,1879
1782334064.437522,1866
1782334064.437524,1871
1782334064.4388108,1883
1782334064.4401019,1845
1782334064.44139,1839
1782334064.441396,1823
1782334064.442682,1863
1782334064.444515,1835
1782334064.4445372,1858
1782334064.4550998,1828
1782334064.455103,1833
1782334064.455104,1828
1782334064.455105,1844
1782334064.455106,1850
1782334064.455106,1862
1782334064.455107,1886
1782334064.4551082,1890
1782334064.4551091,1874
1782334064.4551091,1839
1782334064.456373,1859
1782334064.4563751,1860
1782334064.45929,1844
1782334064.459293,1827
1782334064.460562,1835
1782334064.460564,1833
1782334064.461848,1829
1782334064.463139,1838
1782334064.4644322,1828
1782334064.4644392,1854
1782334064.465722,1868
1782334064.4670122,1845
1782334064.468297,1858
1782334064.46958,1855
1782334064.469586,1853
1782334064.4708722,1874
1782334064.472163,1861
1782334064.473444,1823
1782334064.47345,1839
1782334064.484509,1821
1782334064.484541,1834
1782334064.484542,1839
1782334064.484543,1880
1782334064.484544,1853
1782334064.484545,1823
1782334064.484545,1809
1782334064.484546,1800
1782334064.4845471,1806
1782334064.4845471,1819
1782334064.484548,1845
1782334064.488252,1870
1782334064.488255,1854
1782334064.488255,1832
1782334064.4895391,1837
1782334064.489546,1825
1782334064.490829,1830
1782334064.492098,1836
1782334064.4933739,1845
1782334064.493376,1867
1782334064.494654,1871
1782334064.495939,1848
1782334064.497213,1870
1782334064.4984949,1884
1782334064.4985018,1873
1782334064.499786,1839
1782334064.501073,1839
1782334064.5023592,1871
1782334064.502364,1868
1782334064.5039518,1889
1782334064.514401,1839
1782334064.514404,1821
1782334064.514405,1848
1782334064.514405,1818
1782334064.514406,1828
1782334064.514407,1826
1782334064.514407,1805
1782334064.5144079,1800
1782334064.514409,1826
1782334064.51441,1828
1782334064.51441,1827
1782334064.51568,1812
1782334064.518145,1782
1782334064.518147,1784
1782334064.519412,1775
1782334064.519414,1825
1782334064.520695,1830
1782334064.521983,1814
1782334064.52327,1824
1782334064.524568,1819
1782334064.524574,1835
1782334064.525855,1865
1782334064.527138,1871
1782334064.5284271,1874
1782334064.5284328,1856
1782334064.529713,1861
1782334064.530998,1868
1782334064.532287,1858
1782334064.533647,1862
1782334064.533649,1881
1782334064.543919,1870
1782334064.543923,1870
1782334064.5439239,1861
1782334064.543925,1876
1782334064.543925,1838
1782334064.543926,1838
1782334064.543927,1849
1782334064.5439281,1885
1782334064.5439281,1871
1782334064.543929,1858
1782334064.545195,1887
1782334064.547659,1893
1782334064.547662,1885
1782334064.5476632,1846
1782334064.5489259,1839
1782334064.550205,1826
1782334064.551488,1838
1782334064.551494,1821
1782334064.552774,1833
1782334064.554056,1859
1782334064.555338,1852
1782334064.5553439,1842
1782334064.5566232,1832
1782334064.557905,1839
1782334064.559187,1846
1782334064.56047,1819
1782334064.5604758,1814
1782334064.561755,1823
1782334064.5634181,1816
1782334064.563444,1838
1782334064.5736902,1830
1782334064.573693,1839
1782334064.573694,1848
1782334064.573694,1841
1782334064.573695,1825
1782334064.573696,1826
1782334064.573696,1835
1782334064.573697,1844
1782334064.573697,1821
1782334064.573698,1860
1782334064.573699,1884
1782334064.5749671,1878
1782334064.5773451,1887
1782334064.577348,1869
1782334064.5773492,1861
1782334064.5786119,1851
1782334064.579891,1844
1782334064.581172,1838
1782334064.582229,1847
1782334064.583491,1863
1782334064.583494,1892
1782334064.5847628,1909
1782334064.5860422,1909
1782334064.58732,1892
1782334064.587324,1874
1782334064.588607,1860
1782334064.5898829,1858
1782334064.59116,1871
1782334064.592434,1875
1782334064.592438,1834
1782334064.593718,1813
1782334064.595003,1812
1782334064.5962691,1807
1782334064.606188,1803
1782334064.606192,1775
1782334064.6061928,1771
1782334064.6061928,1789
1782334064.606194,1818
1782334064.606195,1811
1782334064.606195,1820
1782334064.606196,1830
1782334064.6061969,1794
1782334064.6061969,1824
1782334064.6074638,1855
1782334064.607466,1858
1782334064.610107,1858
1782334064.610111,1868
1782334064.6113741,1870
1782334064.611376,1856
1782334064.612663,1831
1782334064.6139462,1842
1782334064.615222,1874
1782334064.616496,1877
1782334064.6165,1875
1782334064.61777,1869
1782334064.61904,1833
1782334064.620312,1867
1782334064.6203158,1852
1782334064.621587,1831
1782334064.622859,1856
1782334064.62414,1848
1782334064.625556,1832
1782334064.625559,1851
1782334064.636124,1853
1782334064.636127,1833
1782334064.636128,1817
1782334064.6361291,1839
1782334064.63613,1823
1782334064.636131,1807
1782334064.636131,1803
1782334064.636132,1803
1782334064.6361332,1842
1782334064.636134,1868
1782334064.637407,1867
1782334064.637409,1880
1782334064.640037,1874
1782334064.64004,1865
1782334064.641322,1868
1782334064.64134,1857
1782334064.642627,1819
1782334064.64391,1847
1782334064.645195,1822
1782334064.646483,1862
1782334064.64649,1871
1782334064.647776,1899
1782334064.649062,1871
1782334064.6503491,1823
1782334064.6503549,1829
1782334064.651635,1844
1782334064.65292,1828
1782334064.654207,1854
1782334064.655494,1881
1782334064.6555011,1863
1782334064.656768,1829
1782334064.666925,1807
1782334064.66693,1806
1782334064.666931,1812
1782334064.6669319,1802
1782334064.6669319,1807
1782334064.666933,1848
1782334064.666934,1859
1782334064.666935,1846
1782334064.6669362,1849
1782334064.6669362,1815
1782334064.668204,1818
1782334064.670752,1846
1782334064.670756,1834
1782334064.670757,1847
1782334064.6720252,1890
1782334064.6733062,1874
1782334064.674595,1843
1782334064.674602,1852
1782334064.675884,1830
1782334064.67717,1851
1782334064.678454,1856
1782334064.67846,1874
1782334064.679747,1874
1782334064.681036,1867
1782334064.6823318,1844
1782334064.682347,1830
1782334064.6836429,1791
1782334064.684931,1782
1782334064.686201,1791
1782334064.696197,1807
1782334064.6962008,1864
1782334064.696202,1837
1782334064.696203,1858
1782334064.696203,1848
1782334064.696204,1854
1782334064.6962051,1854
1782334064.696206,1836
1782334064.696207,1829
1782334064.696207,1844
1782334064.6962078,1848
1782334064.697477,1838
1782334064.69748,1851
1782334064.700057,1861
1782334064.70006,1874
1782334064.701329,1878
1782334064.701331,1862
1782334064.702611,1838
1782334064.703897,1859
1782334064.7051818,1869
1782334064.7064672,1839
1782334064.706474,1827
1782334064.707755,1842
1782334064.7090392,1844
1782334064.710308,1835
1782334064.711605,1863
1782334064.7116108,1850
1782334064.712893,1813
1782334064.71418,1812
1782334064.715816,1807
1782334064.7158191,1817
1782334064.726113,1810
1782334064.726115,1851
1782334064.7261162,1868
1782334064.7261171,1857
1782334064.7261178,1860
1782334064.7261178,1860
1782334064.7261188,1864
1782334064.72612,1902
1782334064.72612,1864
1782334064.726121,1878
1782334064.727385,1911
1782334064.727387,1914
1782334064.72988,1891
1782334064.729883,1857
1782334064.731148,1856
1782334064.732432,1848
1782334064.732438,1870
1782334064.733726,1870
1782334064.735012,1849
1782334064.736297,1844
1782334064.737582,1821
1782334064.737589,1814
1782334064.738871,1839
1782334064.740156,1824
1782334064.74144,1845
1782334064.7414458,1864
1782334064.742728,1859
1782334064.744014,1843
1782334064.7453,1862
1782334064.746596,1854
1782334064.746602,1836
1782334064.747879,1824
1782334064.757922,1843
1782334064.757924,1849
1782334064.757925,1853
1782334064.757926,1839
1782334064.757927,1822
1782334064.757927,1803
1782334064.757928,1794
1782334064.7579288,1822
1782334064.75793,1837
1782334064.75793,1854
1782334064.759192,1871
1782334064.7619221,1880
1782334064.7619252,1871
1782334064.7619252,1886
1782334064.763191,1877
1782334064.7644732,1879
1782334064.76448,1884
1782334064.7657611,1886
1782334064.767051,1879
1782334064.768335,1859
1782334064.768341,1854
1782334064.769622,1826
1782334064.7709062,1862
1782334064.7721899,1861
1782334064.773482,1875
1782334064.773489,1845
1782334064.774773,1780
1782334064.7760582,1802
1782334064.7773418,1848
1782334064.777348,1824
1782334064.778614,1839
1782334064.788801,1838
1782334064.788805,1848
1782334064.788806,1842
1782334064.788807,1807
1782334064.788807,1854
1782334064.7888079,1889
1782334064.788809,1892
1782334064.788809,1883
1782334064.78881,1839
1782334064.788811,1834
1782334064.790078,1838
1782334064.7928011,1827
1782334064.792803,1811
1782334064.792804,1814
1782334064.7940679,1831
1782334064.795351,1831
1782334064.795358,1860
1782334064.796641,1850
1782334064.797929,1820
1782334064.799218,1828
1782334064.8005068,1811
1782334064.800513,1810
1782334064.801795,1791
1782334064.803079,1796
1782334064.804364,1803
1782334064.80437,1828
1782334064.80565,1827
1782334064.806937,1794
1782334064.8082051,1796
1782334064.818115,1819
1782334064.8181179,1799
1782334064.8181188,1786
1782334064.81812,1807
1782334064.81812,1826
1782334064.818121,1847
1782334064.818122,1879
1782334064.818123,1871
1782334064.818123,1852
1782334064.818124,1843
1782334064.818125,1869
1782334064.819394,1858
1782334064.819398,1853
1782334064.821971,1831
1782334064.821974,1842
1782334064.8232372,1831
1782334064.824519,1835
1782334064.824526,1845
1782334064.82581,1858
1782334064.8270779,1877
1782334064.8283389,1884
1782334064.828341,1859
1782334064.829602,1824
1782334064.830865,1820
1782334064.832146,1838
1782334064.833432,1838
1782334064.833438,1855
1782334064.834718,1842
1782334064.836004,1861
1782334064.8372889,1861
1782334064.8385751,1868
1782334064.838581,1849
1782334064.839849,1813
1782334064.8498392,1838
1782334064.8498418,1831
1782334064.849843,1817
1782334064.849844,1832
1782334064.849845,1858
1782334064.849845,1877
1782334064.8498461,1846
1782334064.849847,1856
1782334064.849847,1871
1782334064.849848,1870
1782334064.851119,1879
1782334064.853506,1870
1782334064.853508,1857
1782334064.853508,1835
1782334064.8547761,1807
1782334064.8560588,1831
1782334064.857344,1847
1782334064.8573499,1832
1782334064.858634,1835
1782334064.859918,1831
1782334064.861202,1839
1782334064.862487,1839
1782334064.862493,1864
1782334064.863776,1866
1782334064.865062,1862
1782334064.866343,1836
1782334064.866349,1846
1782334064.86763,1851
1782334064.8689148,1857
1782334064.8702238,1824
1782334064.880773,1807
1782334064.880776,1826
1782334064.880777,1858
1782334064.880778,1874
1782334064.880779,1885
1782334064.880779,1859
1782334064.88078,1866
1782334064.8807812,1851
1782334064.8807821,1848
1782334064.880783,1842
1782334064.880783,1828
1782334064.882051,1855
1782334064.88464,1828
1782334064.8846421,1839
1782334064.884643,1810
1782334064.88591,1807
1782334064.8871958,1839
1782334064.888486,1818
1782334064.888492,1851
1782334064.889777,1906
1782334064.891068,1890
1782334064.892354,1865
1782334064.89236,1864
1782334064.89364,1876
1782334064.894927,1884
1782334064.896218,1844
1782334064.8975072,1842
1782334064.897513,1838
1782334064.8988001,1826
1782334064.9000661,1858
1782334064.910252,1852
1782334064.9102552,1826
1782334064.9102561,1819
1782334064.9102569,1803
1782334064.9102569,1810
1782334064.9102578,1819
1782334064.910259,1801
1782334064.910259,1773
1782334064.91026,1786
1782334064.910261,1813
1782334064.911523,1832
1782334064.911525,1839
1782334064.91431,1889
1782334064.914312,1903
1782334064.914313,1853
1782334064.9155788,1832
1782334064.916862,1828
1782334064.9181461,1799
1782334064.9194298,1837
1782334064.9194372,1819
1782334064.920723,1803
1782334064.922007,1821
1782334064.9233012,1820
1782334064.924622,1844
1782334064.924628,1839
1782334064.92591,1870
1782334064.927194,1870
1782334064.928483,1839
1782334064.928489,1835
1782334064.929916,1834
1782334064.9405901,1825
1782334064.940594,1844
1782334064.940595,1863
1782334064.9405959,1858
1782334064.9405959,1849
1782334064.940597,1854
1782334064.940598,1857
1782334064.940599,1855
1782334064.940599,1882
1782334064.9406002,1892
1782334064.940601,1871
1782334064.941874,1864
1782334064.944661,1858
1782334064.944664,1830
1782334064.9446652,1831
1782334064.945931,1846
1782334064.9472141,1851
1782334064.94722,1846
1782334064.9485078,1884
1782334064.948514,1890
1782334064.949801,1871
1782334064.9510841,1874
1782334064.952367,1875
1782334064.952374,1889
1782334064.9536672,1882
1782334064.954954,1864
1782334064.9562418,1866
1782334064.95753,1871
1782334064.957536,1862
1782334064.95882,1850
1782334064.960087,1833
1782334064.9701602,1836
1782334064.970162,1856
1782334064.9701629,1843
1782334064.970164,1829
1782334064.970165,1822
1782334064.970165,1806
1782334064.970166,1780
1782334064.970167,1798
1782334064.970167,1791
1782334064.970168,1795
1782334064.971435,1807
1782334064.971437,1791
1782334064.9740002,1835
1782334064.9740028,1834
1782334064.975287,1824
1782334064.9765718,1839
1782334064.976578,1859
1782334064.977865,1867
1782334064.979153,1836
1782334064.9804401,1820
1782334064.9804459,1830
1782334064.98173,1852
1782334064.983018,1857
1782334064.984301,1844
1782334064.985583,1867
1782334064.985589,1881
1782334064.9868731,1862
1782334064.988159,1849
1782334064.9894452,1855
1782334064.9894521,1863
1782334064.990737,1838
1782334064.9922292,1853
1782334065.002909,1856
1782334065.002911,1884
1782334065.002912,1884
1782334065.002913,1861
1782334065.002914,1842
1782334065.002914,1839
1782334065.0029151,1839
1782334065.002916,1830
1782334065.002916,1822
1782334065.002917,1846
1782334065.002917,1847
1782334065.00418,1836
1782334065.006777,1844
1782334065.00678,1851
1782334065.00678,1830
1782334065.008043,1832
1782334065.0093062,1833
1782334065.0093079,1844
1782334065.0105898,1836
1782334065.011874,1837
1782334065.013162,1836
1782334065.0144498,1856
1782334065.014456,1850
1782334065.01574,1864
1782334065.017028,1862
1782334065.018311,1884
1782334065.0196521,1877
1782334065.0196621,1869
1782334065.020948,1849
1782334065.022224,1860
1782334065.032193,1871
1782334065.032196,1834
1782334065.0321972,1812
1782334065.0321972,1810
1782334065.032198,1832
1782334065.032199,1842
1782334065.032199,1866
1782334065.0321999,1853
1782334065.032201,1830
1782334065.032201,1837
1782334065.033469,1824
1782334065.033472,1812
1782334065.036296,1834
1782334065.036299,1821
1782334065.036305,1820
1782334065.037571,1810
1782334065.0388548,1849
1782334065.040143,1831
1782334065.04143,1839
1782334065.041437,1867
1782334065.042735,1887
1782334065.0440278,1884
1782334065.045315,1824
1782334065.0466099,1819
1782334065.046616,1847
1782334065.0479,1871
1782334065.049186,1877
1782334065.050453,1890
1782334065.050456,1885
1782334065.052296,1864
1782334065.062935,1856
1782334065.0629382,1864
1782334065.062939,1886
1782334065.06294,1866
1782334065.06294,1855
1782334065.0629408,1859
1782334065.062942,1844
1782334065.062942,1865
1782334065.062943,1855
1782334065.062944,1859
1782334065.062944,1846
1782334065.064214,1846
1782334065.0667388,1873
1782334065.066742,1879
1782334065.0667431,1865
1782334065.068008,1866
1782334065.06929,1847
1782334065.070564,1838
1782334065.070566,1824
1782334065.0718489,1820
1782334065.0731351,1819
1782334065.0744221,1801
1782334065.074429,1806
1782334065.07571,1827
1782334065.076992,1818
1782334065.078274,1834
1782334065.07828,1834
1782334065.079562,1848
1782334065.079568,1859
1782334065.080853,1844
1782334065.082293,1845
1782334065.092868,1858
1782334065.092872,1863
1782334065.0928729,1861
1782334065.092874,1862
1782334065.092874,1866
1782334065.092875,1836
1782334065.092876,1815
1782334065.0928771,1842
1782334065.0928771,1870
1782334065.092878,1851
1782334065.092879,1843
1782334065.0941482,1848
1782334065.09708,1862
1782334065.0970938,1858
1782334065.0971022,1864
1782334065.098388,1870
1782334065.098392,1881
1782334065.099676,1867
1782334065.10096,1839
1782334065.1022441,1846
1782334065.10353,1846
1782334065.1035361,1898
1782334065.104835,1879
1782334065.1061308,1875
1782334065.107424,1858
1782334065.107431,1853
1782334065.108717,1853
1782334065.110006,1826
1782334065.1120698,1830
1782334065.112072,1825
1782334065.122411,1819
1782334065.122415,1834
1782334065.122415,1832
1782334065.122416,1863
1782334065.122417,1836
1782334065.122417,1826
1782334065.122418,1826
1782334065.122418,1807
1782334065.1224189,1800
1782334065.12242,1770
1782334065.12242,1805
1782334065.12369,1815
1782334065.126218,1827
1782334065.126221,1800
1782334065.127487,1799
1782334065.12749,1787
1782334065.12877,1795
1782334065.130059,1822
1782334065.1313448,1832
1782334065.131351,1869
1782334065.132637,1819
1782334065.133922,1823
1782334065.135204,1822
1782334065.136491,1818
1782334065.1364968,1814
1782334065.137782,1798
1782334065.1390588,1826
1782334065.140348,1845
1782334065.140367,1845
1782334065.141663,1829
1782334065.143237,1831
1782334065.153549,1814
1782334065.1535518,1819
1782334065.153553,1812
1782334065.153553,1826
1782334065.153554,1854
1782334065.153555,1849
1782334065.1535559,1810
1782334065.1535559,1825
1782334065.153557,1847
1782334065.153558,1827
1782334065.153558,1828
1782334065.154825,1843
1782334065.157302,1857
1782334065.157304,1856
1782334065.157305,1860
1782334065.158587,1845
1782334065.159872,1855
1782334065.161161,1862
1782334065.1624472,1861
1782334065.162453,1884
1782334065.1637208,1898
1782334065.165004,1884
1782334065.1662872,1855
1782334065.1675699,1850
1782334065.167576,1859
1782334065.1688561,1882
1782334065.170142,1864
1782334065.171448,1844
1782334065.171456,1871
1782334065.172728,1870
1782334065.174001,1882
1782334065.184034,1865
1782334065.1840372,1855
1782334065.184038,1860
1782334065.184038,1834
1782334065.1840389,1802
1782334065.1840398,1805
1782334065.1840398,1838
1782334065.184041,1850
1782334065.184042,1820
1782334065.184042,1831
1782334065.185305,1829
1782334065.187946,1834
1782334065.187949,1845
1782334065.1879501,1845
1782334065.189216,1838
1782334065.1905012,1830
1782334065.1905081,1836
1782334065.191792,1835
1782334065.193078,1833
1782334065.1943629,1837
1782334065.194369,1823
1782334065.1956558,1845
1782334065.1968782,1862
1782334065.1981702,1834
1782334065.1994612,1857
1782334065.1994681,1853
1782334065.200732,1865
1782334065.2020118,1875
1782334065.203281,1880
1782334065.204546,1868
1782334065.2045481,1871
1782334065.214794,1855
1782334065.214797,1842
1782334065.214798,1839
1782334065.2147992,1799
1782334065.2147992,1799
1782334065.2148,1820
1782334065.2148008,1859
1782334065.2148008,1866
1782334065.214802,1889
1782334065.214803,1871
1782334065.214803,1875
1782334065.216071,1901
1782334065.2185001,1885
1782334065.218501,1885
1782334065.2185018,1850
1782334065.219765,1860
1782334065.22106,1828
1782334065.222337,1795
1782334065.2223392,1800
1782334065.223624,1791
1782334065.224913,1804
1782334065.226198,1823
1782334065.2274828,1839
1782334065.227489,1884
1782334065.228773,1907
1782334065.230058,1885
1782334065.231342,1870
1782334065.231349,1862
1782334065.232629,1850
1782334065.233896,1868
1782334065.2440069,1866
1782334065.244009,1847
1782334065.24401,1879
1782334065.244011,1861
1782334065.244011,1856
1782334065.244012,1855
1782334065.244013,1850
1782334065.244014,1858
1782334065.2440152,1860
1782334065.2440162,1851
1782334065.245278,1878
1782334065.247713,1893
1782334065.2477162,1871
1782334065.2477171,1868
1782334065.2489789,1864
1782334065.2502568,1859
1782334065.25154,1819
1782334065.2515469,1834
1782334065.252827,1855
1782334065.254111,1854
1782334065.255213,1814
1782334065.2565062,1804
1782334065.256513,1800
1782334065.257796,1820
1782334065.259082,1832
1782334065.260366,1839
1782334065.260372,1847
1782334065.261653,1855
1782334065.262937,1854
1782334065.264462,1830
1782334065.264464,1823
1782334065.2745972,1828
1782334065.2745988,1855
1782334065.2746,1846
1782334065.274601,1859
1782334065.274602,1838
1782334065.274602,1827
1782334065.274603,1811
1782334065.274604,1795
1782334065.274604,1812
1782334065.274605,1821
1782334065.275866,1814
1782334065.2783418,1837
1782334065.2783449,1869
1782334065.278346,1858
1782334065.2796118,1834
1782334065.280886,1812
1782334065.282152,1828
1782334065.283419,1811
1782334065.283422,1817
1782334065.2847009,1861
1782334065.285985,1876
1782334065.287269,1851
1782334065.288553,1857
1782334065.2885602,1862
1782334065.2898402,1830
1782334065.291127,1789
1782334065.2924118,1791
1782334065.292418,1845
1782334065.293698,1866
1782334065.294982,1878
1782334065.296248,1855
1782334065.306219,1871
1782334065.3062232,1875
1782334065.3062232,1848
1782334065.306224,1824
1782334065.3062248,1839
1782334065.3062248,1836
1782334065.306226,1828
1782334065.306227,1833
1782334065.306228,1818
1782334065.306228,1832
1782334065.3075001,1802
1782334065.307503,1803
1782334065.310196,1852
1782334065.310198,1880
1782334065.311469,1857
1782334065.3114722,1871
1782334065.3127449,1851
1782334065.3140218,1880
1782334065.315295,1885
1782334065.3165681,1856
1782334065.316572,1845
1782334065.317843,1839
1782334065.319107,1862
1782334065.320386,1862
1782334065.320392,1879
1782334065.3216782,1893
1782334065.322966,1890
1782334065.324255,1855
1782334065.325639,1881
1782334065.325643,1870
1782334065.336311,1850
1782334065.3363142,1855
1782334065.3363142,1821
1782334065.336315,1830
1782334065.3363159,1824
1782334065.3363168,1814
1782334065.3363168,1807
1782334065.336318,1802
1782334065.336319,1801
1782334065.33632,1822
1782334065.336321,1839
1782334065.3363268,1836
1782334065.337589,1830
1782334065.34043,1843
1782334065.340432,1828
1782334065.340433,1857
1782334065.341713,1876
1782334065.3429818,1889
1782334065.344301,1912
1782334065.345597,1838
1782334065.3456042,1789
1782334065.34689,1810
1782334065.348181,1834
1782334065.349469,1869
1782334065.349476,1839
1782334065.350754,1818
1782334065.3520372,1791
1782334065.353323,1796
1782334065.354615,1813
1782334065.354621,1834
1782334065.356441,1806
1782334065.356443,1823
1782334065.3668869,1857
1782334065.366889,1858
1782334065.36689,1860
1782334065.366891,1851
1782334065.366891,1839
1782334065.366892,1863
1782334065.366893,1870
1782334065.366893,1871
1782334065.366894,1861
1782334065.3668952,1843
1782334065.368164,1861
1782334065.3705962,1859
1782334065.3705978,1868
1782334065.3705988,1866
1782334065.3718662,1847
1782334065.373149,1837
1782334065.374437,1825
1782334065.374443,1821
1782334065.375724,1807
1782334065.377006,1838
1782334065.378272,1857
1782334065.379552,1854
1782334065.3795578,1854
1782334065.380841,1867
1782334065.382126,1861
1782334065.383411,1877
1782334065.3834171,1866
1782334065.384695,1855
1782334065.3863192,1839
1782334065.386336,1820
1782334065.396767,1810
1782334065.39677,1825
1782334065.396771,1831
1782334065.3967721,1843
1782334065.396773,1865
1782334065.396773,1874
1782334065.3967738,1880
1782334065.396775,1891
1782334065.396775,1867
1782334065.396776,1855
1782334065.3980448,1897
1782334065.400501,1895
1782334065.400504,1900
1782334065.400505,1874
1782334065.401771,1871
1782334065.4030552,1869
1782334065.40434,1839
1782334065.404347,1828
1782334065.405633,1871
1782334065.406921,1869
1782334065.4082072,1835
1782334065.409492,1862
1782334065.4094982,1857
1782334065.410777,1826
1782334065.412063,1807
1782334065.4133718,1821
1782334065.413378,1839
1782334065.4146612,1828
1782334065.415948,1830
1782334065.4263492,1839
1782334065.426352,1839
1782334065.426353,1845
1782334065.426354,1837
1782334065.426355,1846
1782334065.426355,1862
1782334065.426356,1866
1782334065.426357,1852
1782334065.426357,1856
1782334065.426358,1850
1782334065.426359,1821
1782334065.4276311,1805
1782334065.4302368,1816
1782334065.430239,1869
1782334065.431509,1853
1782334065.431511,1838
1782334065.4327948,1824
1782334065.434082,1811
1782334065.435369,1844
1782334065.4353762,1850
1782334065.436661,1860
1782334065.437946,1867
1782334065.439233,1837
1782334065.4405172,1835
1782334065.440523,1836
1782334065.441812,1833
1782334065.443097,1851
1782334065.444382,1850
1782334065.444389,1856
1782334065.4456692,1857
1782334065.446939,1861
1782334065.457044,1853
1782334065.457046,1850
1782334065.457047,1837
1782334065.4570482,1833
1782334065.4570491,1848
1782334065.4570491,1836
1782334065.45705,1858
1782334065.4570508,1864
1782334065.4570508,1849
1782334065.457052,1831
1782334065.458312,1850
1782334065.4608881,1829
1782334065.46089,1846
1782334065.4608908,1832
1782334065.462156,1807
1782334065.462158,1786
1782334065.46344,1759
1782334065.463446,1767
1782334065.464727,1788
1782334065.4660149,1787
1782334065.467299,1820
1782334065.468593,1820
1782334065.468599,1807
1782334065.469878,1824
1782334065.471166,1823
1782334065.4724538,1844
1782334065.472461,1856
1782334065.473744,1869
1782334065.47503,1907
1782334065.476313,1882
1782334065.4775932,1894
1782334065.4776,1890
1782334065.478869,1882
1782334065.488986,1875
1782334065.4889889,1842
1782334065.48899,1828
1782334065.48899,1844
1782334065.488991,1855
1782334065.488992,1839
1782334065.488992,1855
1782334065.488993,1869
1782334065.4889941,1868
1782334065.488995,1878
1782334065.4902642,1886
1782334065.492969,1883
1782334065.4929721,1883
1782334065.492973,1880
1782334065.49424,1870
1782334065.4955258,1869
1782334065.495533,1857
1782334065.4968162,1877
1782334065.4981,1864
1782334065.499388,1875
1782334065.4993951,1887
1782334065.500675,1867
1782334065.503235,1875
1782334065.503242,1835
1782334065.5045261,1833
1782334065.5045319,1834
1782334065.505816,1838
1782334065.507089,1837
1782334065.508353,1866
1782334065.5083551,1847
1782334065.518464,1849
1782334065.5184672,1813
1782334065.5184681,1831
1782334065.518469,1842
1782334065.5184698,1839
1782334065.5184698,1839
1782334065.518471,1820
1782334065.518472,1818
1782334065.518472,1815
1782334065.518473,1817
1782334065.5197408,1830
1782334065.522207,1843
1782334065.5222101,1832
1782334065.523474,1810
1782334065.523476,1824
1782334065.524756,1828
1782334065.526043,1846
1782334065.527339,1819
1782334065.527355,1819
1782334065.5286558,1797
1782334065.52994,1782
1782334065.5312169,1815
1782334065.5324821,1847
1782334065.532484,1868
1782334065.533769,1868
1782334065.53506,1847
1782334065.53635,1851
1782334065.5363681,1815
1782334065.537662,1816
1782334065.538947,1820
1782334065.540223,1828
1782334065.550219,1835
1782334065.550223,1850
1782334065.5502238,1844
1782334065.5502238,1836
1782334065.5502248,1849
1782334065.550226,1839
1782334065.550227,1843
1782334065.550227,1858
1782334065.5502279,1861
1782334065.550229,1874
1782334065.551499,1868
1782334065.551502,1839
1782334065.554183,1847
1782334065.5541859,1838
1782334065.555451,1827
1782334065.5554528,1814
1782334065.556736,1812
1782334065.558026,1819
1782334065.5593112,1794
1782334065.560603,1826
1782334065.56061,1860
1782334065.5618901,1883
1782334065.563178,1911
1782334065.564466,1911
1782334065.564472,1885
1782334065.565757,1880
1782334065.567043,1895
1782334065.568337,1846
1782334065.568352,1834
1782334065.569637,1838
1782334065.570903,1830
1782334065.5807848,1794
1782334065.580787,1790
1782334065.580787,1847
1782334065.580788,1845
1782334065.580789,1828
1782334065.580789,1848
1782334065.58079,1847
1782334065.580791,1855
1782334065.580792,1861
1782334065.580792,1858
1782334065.582054,1834
1782334065.5847092,1822
1782334065.5847108,1846
1782334065.584712,1826
1782334065.585979,1828
1782334065.587262,1850
1782334065.588546,1865
1782334065.588552,1870
1782334065.5898361,1881
1782334065.5911198,1886
1782334065.592403,1848
1782334065.5924091,1835
1782334065.592412,1810
1782334065.5936909,1822
1782334065.5949728,1817
1782334065.596262,1829
1782334065.5975838,1866
1782334065.59759,1881
1782334065.5988731,1877
1782334065.6001558,1867
1782334065.61054,1862
1782334065.610543,1876
1782334065.6105442,1892
1782334065.610545,1882
1782334065.6105459,1885
1782334065.6105459,1884
1782334065.6105468,1859
1782334065.610548,1838
1782334065.610549,1813
1782334065.610549,1823
1782334065.61055,1843
1782334065.611818,1834
1782334065.614393,1850
1782334065.614395,1839
1782334065.6143959,1844
1782334065.6156611,1834
1782334065.6169379,1846
1782334065.618221,1847
1782334065.619506,1839
1782334065.619512,1788
1782334065.6207948,1804
1782334065.6220832,1807
1782334065.62337,1837
1782334065.623376,1824
1782334065.624659,1820
1782334065.625947,1837
1782334065.627234,1846
1782334065.6285188,1839
1782334065.628526,1852
1782334065.629791,1877
1782334065.6400378,1866
1782334065.6400409,1842
1782334065.640042,1856
1782334065.640043,1854
1782334065.640044,1862
1782334065.640044,1846
1782334065.6400452,1825
1782334065.6400461,1842
1782334065.6400461,1858
1782334065.640047,1844
1782334065.6413188,1857
1782334065.6413271,1822
1782334065.643679,1810
1782334065.643682,1815
1782334065.644949,1803
1782334065.6462321,1823
1782334065.647521,1830
1782334065.647528,1847
1782334065.648812,1851
1782334065.6500978,1874
1782334065.651387,1852
1782334065.651393,1871
1782334065.652674,1860
1782334065.653961,1818
1782334065.655241,1825
1782334065.65653,1832
1782334065.656536,1833
1782334065.657822,1858
1782334065.659109,1852
1782334065.66038,1869
1782334065.660382,1853
1782334065.670351,1848
1782334065.670353,1842
1782334065.670354,1839
1782334065.6703548,1859
1782334065.670356,1852
1782334065.670356,1860
1782334065.670357,1839
1782334065.670358,1862
1782334065.6703591,1827
1782334065.6703591,1839
1782334065.6716201,1848
1782334065.673853,1847
1782334065.673855,1894
1782334065.675138,1883
1782334065.676424,1875
1782334065.67643,1890
1782334065.677716,1865
1782334065.679004,1837
1782334065.6802912,1836
1782334065.681579,1838
1782334065.6815848,1836
1782334065.682867,1839
1782334065.684151,1832
1782334065.685434,1815
1782334065.68544,1813
1782334065.686721,1839
1782334065.688009,1851
1782334065.689295,1862
1782334065.690583,1862
1782334065.690589,1866
1782334065.691853,1846
1782334065.701856,1817
1782334065.7018602,1804
1782334065.7018602,1830
1782334065.7018611,1862
1782334065.7018619,1817
1782334065.7018628,1845
1782334065.7018628,1836
1782334065.701864,1835
1782334065.701865,1856
1782334065.701865,1863
1782334065.703132,1871
1782334065.705694,1917
1782334065.705697,1915
1782334065.705697,1886
1782334065.706965,1894
1782334065.70825,1838
1782334065.709537,1829
1782334065.709544,1796
1782334065.710826,1818
1782334065.7121122,1861
1782334065.713397,1863
1782334065.713404,1912
1782334065.714689,1938
1782334065.715979,1914
1782334065.717249,1919
1782334065.718533,1871
1782334065.71854,1897
1782334065.719826,1886
1782334065.7215831,1855
1782334065.7215848,1844
1782334065.721586,1881
1782334065.7321432,1865
1782334065.732147,1850
1782334065.732148,1839
1782334065.732148,1869
1782334065.732149,1871
1782334065.73215,1863
1782334065.73215,1864
1782334065.732151,1852
1782334065.732152,1854
1782334065.732152,1828
1782334065.733415,1845
1782334065.733418,1848
1782334065.7359009,1839
1782334065.735904,1852
1782334065.737171,1850
1782334065.738442,1876
1782334065.738443,1901
1782334065.739729,1831
1782334065.74102,1849
1782334065.742305,1856
1782334065.743623,1828
1782334065.743629,1819
1782334065.744909,1782
1782334065.746198,1807
1782334065.747488,1849
1782334065.747495,1832
1782334065.748781,1814
1782334065.7500648,1825
1782334065.751351,1847
1782334065.751356,1852
1782334065.752623,1803
1782334065.76289,1816
1782334065.762892,1851
1782334065.762893,1823
1782334065.7628942,1852
1782334065.762895,1852
1782334065.762895,1829
1782334065.7628958,1802
1782334065.762897,1743
1782334065.762897,1794
1782334065.762898,1864
1782334065.764159,1849
1782334065.76678,1848
1782334065.766782,1843
1782334065.766783,1854
1782334065.768045,1884
1782334065.7693288,1851
1782334065.769345,1877
1782334065.7706518,1885
1782334065.7719412,1839
1782334065.7732291,1836
1782334065.774518,1821
1782334065.774525,1834
1782334065.775806,1852
1782334065.77709,1824
1782334065.778375,1850
1782334065.778382,1865
1782334065.779667,1846
1782334065.7809548,1844
1782334065.782233,1860
1782334065.792568,1849
1782334065.792572,1829
1782334065.792572,1850
1782334065.792573,1824
1782334065.792574,1842
1782334065.792574,1862
1782334065.792575,1853
1782334065.792576,1828
1782334065.792576,1852
1782334065.792577,1845
1782334065.792578,1863
1782334065.7938392,1862
1782334065.796347,1871
1782334065.7963488,1900
1782334065.79635,1875
1782334065.797617,1878
1782334065.798902,1868
1782334065.800192,1866
1782334065.801476,1884
1782334065.801483,1854
1782334065.802764,1882
1782334065.804054,1903
1782334065.805341,1857
1782334065.805357,1850
1782334065.8066409,1829
1782334065.8079302,1862
1782334065.8092191,1880
1782334065.8105059,1876
1782334065.8105118,1865
1782334065.811855,1874
1782334065.822446,1815
1782334065.822449,1833
1782334065.82245,1806
1782334065.8224509,1785
1782334065.822452,1839
1782334065.822452,1796
1782334065.822453,1815
1782334065.822454,1871
1782334065.822454,1842
1782334065.822455,1864
1782334065.8224561,1879
1782334065.82372,1877
1782334065.826188,1868
1782334065.826192,1842
1782334065.827462,1834
1782334065.8274639,1868
1782334065.8287501,1823
1782334065.8300228,1814
1782334065.831303,1815
1782334065.832599,1831
1782334065.8326058,1842
1782334065.833889,1830
1782334065.8351731,1831
1782334065.8364701,1821
1782334065.8364758,1793
1782334065.837761,1800
1782334065.83905,1805
1782334065.8403342,1824
1782334065.84035,1814
1782334065.841641,1834
1782334065.842925,1805
1782334065.854113,1851
1782334065.8541162,1864
1782334065.8541381,1856
1782334065.8541389,1843
1782334065.8541398,1852
1782334065.854141,1833
1782334065.854141,1846
1782334065.854142,1813
1782334065.854142,1846
1782334065.854143,1881
1782334065.854144,1879
1782334065.854145,1910
1782334065.855409,1880
1782334065.855411,1862
1782334065.858114,1892
1782334065.8581161,1865
1782334065.859382,1856
1782334065.859384,1870
1782334065.860668,1802
1782334065.861952,1835
1782334065.863241,1858
1782334065.864532,1852
1782334065.8645382,1876
1782334065.865821,1822
1782334065.867112,1833
1782334065.868396,1844
1782334065.868402,1816
1782334065.869684,1837
1782334065.87097,1833
1782334065.872256,1857
1782334065.8735402,1880
1782334065.873546,1825
1782334065.8748102,1829
1782334065.884969,1868
1782334065.884971,1875
1782334065.884972,1855
1782334065.884973,1849
1782334065.884973,1856
1782334065.884974,1894
1782334065.8849752,1870
1782334065.8849752,1850
1782334065.8849761,1871
1782334065.8849769,1845
1782334065.8862422,1822
1782334065.888847,1805
1782334065.88885,1796
1782334065.888851,1831
1782334065.890141,1794
1782334065.891415,1821
1782334065.891417,1855
1782334065.8926961,1871
1782334065.893982,1860
1782334065.895266,1853
1782334065.896553,1871
1782334065.896559,1871
1782334065.89784,1864
1782334065.899126,1826
1782334065.900415,1852
1782334065.9004211,1871
1782334065.901706,1843
1782334065.903807,1817
1782334065.903809,1827
1782334065.914162,1836
1782334065.914164,1855
1782334065.914165,1836
1782334065.914166,1858
1782334065.914166,1871
1782334065.914167,1849
1782334065.9141681,1836
1782334065.9141681,1814
1782334065.914169,1827
1782334065.91417,1812
1782334065.9154382,1798
1782334065.9154408,1807
1782334065.918047,1870
1782334065.918049,1806
1782334065.919313,1800
1782334065.9193149,1772
1782334065.920599,1772
1782334065.921888,1823
1782334065.92317,1789
1782334065.924459,1826
1782334065.924465,1861
1782334065.925747,1834
1782334065.927031,1836
1782334065.9283142,1843
1782334065.928332,1839
1782334065.9296389,1875
1782334065.930926,1809
1782334065.932213,1861
1782334065.9343302,1893
1782334065.934332,1852
1782334065.9343328,1857
1782334065.944577,1825
1782334065.9445791,1860
1782334065.94458,1871
1782334065.944581,1822
1782334065.944582,1823
1782334065.944582,1879
1782334065.944583,1878
1782334065.944584,1898
1782334065.944584,1858
1782334065.9445848,1864
1782334065.9458492,1860
1782334065.9485598,1814
1782334065.948562,1820
1782334065.9485629,1824
1782334065.9498398,1832
1782334065.951107,1809
1782334065.952385,1823
1782334065.952391,1843
1782334065.953672,1861
1782334065.954954,1883
1782334065.956237,1843
1782334065.957519,1858
1782334065.957525,1867
1782334065.958804,1816
1782334065.960086,1820
1782334065.961369,1850
1782334065.961375,1853
1782334065.963443,1854
1782334065.963445,1818
1782334065.973942,1859
1782334065.973946,1867
1782334065.9739468,1846
1782334065.9739468,1846
1782334065.973948,1839
1782334065.973949,1853
1782334065.973949,1870
1782334065.97395,1821
1782334065.9739509,1817
1782334065.9739509,1846
1782334065.975225,1798
1782334065.977948,1831
1782334065.977952,1819
1782334065.977953,1843
1782334065.9779541,1868
1782334065.9792168,1817
1782334065.9805,1848
1782334065.980507,1885
1782334065.981791,1858
1782334065.983076,1811
1782334065.984362,1839
1782334065.984368,1837
1782334065.9856498,1816
1782334065.9869351,1794
1782334065.98822,1845
1782334065.989505,1888
1782334065.989511,1839
1782334065.99079,1839
1782334065.992073,1817
1782334065.9933681,1798
1782334065.9933739,1772
1782334065.994654,1746
1782334065.996275,1787
1782334066.006531,1846
1782334066.0065339,1809
1782334066.0065348,1788
1782334066.006536,1791
1782334066.006537,1816
1782334066.006537,1818
1782334066.006538,1803
1782334066.006539,1810
1782334066.00654,1842
1782334066.00654,1829
1782334066.006541,1837
1782334066.007809,1817
1782334066.010598,1830
1782334066.010601,1841
1782334066.010602,1836
1782334066.011866,1855
1782334066.013133,1865
1782334066.014414,1867
1782334066.014421,1859
1782334066.015706,1891
1782334066.016994,1892
1782334066.018278,1893
1782334066.019566,1865
1782334066.019573,1815
1782334066.020836,1825
1782334066.0221188,1849
1782334066.0234072,1838
1782334066.0234141,1869
1782334066.024697,1868
1782334066.026028,1874
1782334066.035879,1899
1782334066.035882,1847
1782334066.035883,1868
1782334066.035883,1899
1782334066.0358841,1833
1782334066.035885,1813
1782334066.035885,1819
1782334066.035886,1832
1782334066.035887,1826
1782334066.035887,1784
1782334066.037156,1842
1782334066.039896,1869
1782334066.0398989,1858
1782334066.0398989,1874
1782334066.041179,1870
1782334066.0424461,1883
1782334066.0424478,1883
1782334066.043726,1862
1782334066.044993,1857
1782334066.04627,1883
1782334066.047553,1844
1782334066.047559,1844
1782334066.0488389,1866
1782334066.050122,1887
1782334066.0513878,1871
1782334066.05139,1863
1782334066.052667,1877
1782334066.0539331,1887
1782334066.056136,1879
1782334066.056138,1870
1782334066.067335,1868
1782334066.067338,1862
1782334066.067338,1901
1782334066.067339,1892
1782334066.0673401,1882
1782334066.0673401,1903
1782334066.067341,1865
1782334066.067342,1826
1782334066.067342,1816
1782334066.067343,1823
1782334066.067343,1820
1782334066.067344,1855
1782334066.068615,1839
1782334066.0712588,1819
1782334066.071262,1826
1782334066.072531,1816
1782334066.072533,1813
1782334066.073815,1825
1782334066.0751,1817
1782334066.076385,1824
1782334066.076392,1810
1782334066.077674,1812
1782334066.078958,1812
1782334066.08023,1804
1782334066.081514,1800
1782334066.08152,1807
1782334066.082804,1828
1782334066.0840929,1869
1782334066.085427,1829
1782334066.085429,1860
1782334066.095863,1910
1782334066.095867,1880
1782334066.0958688,1864
1782334066.0958688,1871
1782334066.09587,1857
1782334066.095871,1854
1782334066.095872,1820
1782334066.095873,1813
1782334066.095874,1878
1782334066.095875,1861
1782334066.097153,1839
1782334066.100095,1839
1782334066.1000981,1860
1782334066.100099,1880
1782334066.101365,1869
1782334066.101367,1901
1782334066.101368,1944
1782334066.102647,1892
1782334066.103915,1861
1782334066.105197,1847
1782334066.1064699,1839
1782334066.106472,1850
1782334066.107755,1828
1782334066.109022,1824
1782334066.1102998,1862
1782334066.111597,1858
1782334066.111603,1876
1782334066.112884,1866
1782334066.114157,1869
1782334066.115422,1861
1782334066.115424,1876
1782334066.125799,1846
1782334066.125803,1855
1782334066.125804,1826
1782334066.1258051,1806
1782334066.1258051,1790
1782334066.125806,1812
1782334066.125807,1836
1782334066.1258082,1849
1782334066.125809,1838
1782334066.125809,1842
1782334066.1270761,1816
1782334066.129876,1748
1782334066.129878,1775
1782334066.129879,1807
1782334066.13114,1819
1782334066.132406,1855
1782334066.1324081,1843
1782334066.133686,1845
1782334066.134977,1845
1782334066.136286,1833
1782334066.137573,1837
1782334066.13758,1823
1782334066.138845,1830
1782334066.140123,1871
1782334066.141407,1829
1782334066.1414132,1828
1782334066.142677,1848
1782334066.1439412,1817
1782334066.1452212,1824
1782334066.1465302,1833
1782334066.14654,1846
1782334066.148148,1855
1782334066.15889,1860
1782334066.158894,1866
1782334066.1589131,1899
1782334066.158916,1870
1782334066.1589172,1856
1782334066.158918,1836
1782334066.158918,1835
1782334066.1589189,1865
1782334066.15892,1838
1782334066.158921,1853
1782334066.158922,1881
1782334066.160189,1854
1782334066.162761,1852
1782334066.162763,1852
1782334066.162764,1825
1782334066.164026,1812
1782334066.165306,1790
1782334066.166604,1851
1782334066.16661,1859
1782334066.167875,1846
1782334066.169153,1847
1782334066.1704378,1833
1782334066.170444,1798
1782334066.171743,1829
1782334066.173038,1843
1782334066.174315,1826
1782334066.174321,1845
1782334066.1756082,1851
1782334066.176894,1836
1782334066.178328,1839
1782334066.178334,1860
1782334066.18852,1856
1782334066.188523,1866
1782334066.188524,1871
1782334066.188525,1890
1782334066.1885262,1893
1782334066.188527,1880
1782334066.188528,1853
1782334066.188529,1862
1782334066.188529,1888
1782334066.18853,1870
1782334066.1897979,1832
1782334066.19221,1837
1782334066.1922119,1833
1782334066.1934772,1800
1782334066.1934788,1796
1782334066.1947598,1784
1782334066.196063,1833
1782334066.197341,1862
1782334066.1973429,1828
1782334066.1986098,1853
1782334066.19989,1906
1782334066.201159,1856
1782334066.2024388,1843
1782334066.202446,1844
1782334066.2037299,1855
1782334066.2050219,1871
1782334066.207058,1829
1782334066.2070599,1858
1782334066.21741,1881
1782334066.2174132,1813
1782334066.217414,1779
1782334066.2174149,1748
1782334066.217416,1762
1782334066.217417,1821
1782334066.217417,1794
1782334066.217418,1827
1782334066.217419,1892
1782334066.21742,1828
1782334066.217421,1856
1782334066.218697,1842
1782334066.221399,1863
1782334066.221401,1860
1782334066.2214022,1820
1782334066.22267,1839
1782334066.223957,1853
1782334066.22525,1849
1782334066.226537,1877
1782334066.2265441,1879
1782334066.227829,1866
1782334066.229121,1871
1782334066.229127,1895
1782334066.2303941,1886
1782334066.2303958,1919
1782334066.231678,1897
1782334066.2329679,1871
1782334066.23424,1836
1782334066.2355242,1865
1782334066.235531,1850
1782334066.236817,1842
1782334066.2381,1803
1782334066.239386,1812
1782334066.239393,1826
1782334066.2406678,1798
1782334066.250805,1775
1782334066.250807,1796
1782334066.250808,1839
1782334066.2508092,1871
1782334066.2508101,1836
1782334066.2508109,1860
1782334066.2508118,1878
1782334066.250813,1850
1782334066.250813,1900
1782334066.250814,1890
1782334066.252085,1910
1782334066.254406,1938
1782334066.254409,1893
1782334066.25441,1896
1782334066.2556758,1903
1782334066.256962,1853
1782334066.258254,1839
1782334066.25954,1835
1782334066.259546,1838
1782334066.260828,1861
1782334066.2621171,1807
1782334066.2633889,1824
1782334066.263391,1870
1782334066.264674,1830
1782334066.265963,1874
1782334066.267251,1903
1782334066.26854,1901
1782334066.268547,1903
1782334066.2701418,1860
1782334066.280399,1866
1782334066.280402,1878
1782334066.2804291,1842
1782334066.280431,1846
1782334066.2804322,1825
1782334066.280433,1856
1782334066.280434,1877
1782334066.2804348,1846
1782334066.280436,1830
1782334066.280436,1863
1782334066.280437,1829
1782334066.2817018,1804
1782334066.284273,1803
1782334066.284277,1843
1782334066.285551,1858
1782334066.285553,1798
1782334066.286832,1815
1782334066.288123,1845
1782334066.2894132,1858
1782334066.289419,1835
1782334066.290703,1772
1782334066.291991,1777
1782334066.2932742,1792
1782334066.29456,1836
1782334066.294566,1782
1782334066.2958348,1812
1782334066.2971141,1830
1782334066.298399,1799
1782334066.298406,1813
1782334066.299773,1775
1782334066.3100622,1815
1782334066.310064,1739
1782334066.3100648,1754
1782334066.310066,1779
1782334066.310067,1802
1782334066.310068,1753
1782334066.310068,1750
1782334066.310069,1766
1782334066.31007,1767
1782334066.310071,1768
1782334066.3113332,1780
1782334066.3113348,1798
1782334066.313689,1807
1782334066.3136919,1757
1782334066.314954,1734
