1782334138.824518,1901
1782334138.825665,1899
1782334138.826964,1861
1782334138.828086,1825
1782334138.828129,1803
1782334138.829414,1788
1782334138.830684,1819
1782334138.831969,1863
1782334138.8332732,1876
1782334138.833281,1876
1782334138.834611,1858
1782334138.8359091,1855
1782334138.837198,1867
1782334138.8372061,1874
1782334138.838552,1865
1782334138.839846,1834
1782334138.841125,1847
1782334138.84113,1874
1782334138.842431,1835
1782334138.843723,1858
1782334138.845012,1886
1782334138.846293,1885
1782334138.8462982,1861
1782334138.847829,1874
1782334138.849154,1844
1782334138.8491578,1826
1782334138.850427,1829
1782334138.851697,1849
1782334138.852969,1885
1782334138.8542411,1886
1782334138.854244,1881
1782334138.8555179,1875
1782334138.8568032,1839
1782334138.85809,1807
1782334138.8580961,1791
1782334138.8593678,1807
1782334138.8606458,1827
1782334138.8619268,1828
1782334138.8632078,1839
1782334138.863214,1856
1782334138.8644962,1892
1782334138.865782,1899
1782334138.8670678,1894
1782334138.8670819,1849
1782334138.868397,1836
1782334138.869683,1805
1782334138.870978,1862
1782334138.872262,1869
1782334138.8722692,1857
1782334138.873547,1845
1782334138.8748312,1849
1782334138.876112,1832
1782334138.876118,1819
1782334138.877419,1835
1782334138.87869,1848
1782334138.8799622,1839
1782334138.881243,1834
1782334138.8812501,1823
1782334138.88253,1847
1782334138.8838038,1831
1782334138.885094,1850
1782334138.885105,1858
1782334138.8863811,1860
1782334138.887684,1835
1782334138.888972,1824
1782334138.890259,1841
1782334138.8902662,1836
1782334138.891546,1854
1782334138.89283,1851
1782334138.894115,1818
1782334138.894124,1842
1782334138.895396,1828
1782334138.896668,1814
1782334138.897951,1820
1782334138.899234,1832
1782334138.899241,1835
1782334138.900519,1857
1782334138.9018009,1855
1782334138.903098,1868
1782334138.903109,1858
1782334138.9044101,1850
1782334138.905695,1844
1782334138.907084,1845
1782334138.9070988,1848
1782334138.9083729,1844
1782334138.9096441,1870
1782334138.910924,1871
1782334138.912224,1864
1782334138.9122329,1869
1782334138.913507,1834
1782334138.914785,1819
1782334138.9160588,1819
1782334138.9173398,1842
1782334138.917346,1824
1782334138.918623,1845
1782334138.919905,1848
1782334138.9212,1864
1782334138.9212081,1948
1782334138.922487,1921
1782334138.9237719,1874
1782334138.925162,1842
1782334138.925177,1851
1782334138.9251788,1816
1782334138.926522,1845
1782334138.9278002,1855
1782334138.929101,1864
1782334138.9291441,1861
1782334138.9304352,1847
1782334138.9317062,1807
1782334138.932974,1806
1782334138.934245,1846
1782334138.934249,1848
1782334138.935543,1856
1782334138.936832,1833
1782334138.938109,1805
1782334138.9381142,1791
1782334138.9395552,1795
1782334138.940834,1810
1782334138.9421031,1877
1782334138.9433951,1871
1782334138.943402,1897
1782334138.944683,1834
1782334138.9459698,1812
1782334138.9472451,1807
1782334138.947249,1788
1782334138.948521,1798
1782334138.949792,1837
1782334138.9510632,1880
1782334138.951075,1886
1782334138.9523578,1864
1782334138.953658,1877
1782334138.954932,1860
1782334138.956213,1839
1782334138.956219,1807
1782334138.957502,1796
1782334138.958784,1821
1782334138.960067,1829
1782334138.961356,1804
1782334138.9613628,1830
1782334138.9626398,1849
1782334138.9639199,1836
1782334138.965203,1846
1782334138.965209,1844
1782334138.966487,1835
1782334138.9677691,1863
1782334138.9690518,1857
1782334138.9705222,1806
1782334138.970526,1892
1782334138.971794,1888
1782334138.973064,1867
1782334138.97435,1835
1782334138.974356,1855
1782334138.975633,1831
1782334138.976915,1826
1782334138.978196,1799
1782334138.978202,1820
1782334138.979502,1826
1782334138.9807942,1827
1782334138.9820778,1828
1782334138.982095,1839
1782334138.983391,1850
1782334138.9846761,1858
1782334138.9860852,1839
1782334138.986142,1860
1782334138.9874508,1848
1782334138.988735,1832
1782334138.990025,1853
1782334138.991325,1849
1782334138.991335,1873
1782334138.99264,1844
1782334138.99523,1863
1782334138.99524,1856
1782334138.995258,1843
1782334138.996364,1855
1782334138.997662,1829
1782334138.99939,1835
1782334138.999394,1834
1782334139.00059,1827
1782334139.001868,1850
1782334139.003144,1856
1782334139.003149,1851
1782334139.004438,1839
1782334139.00574,1830
1782334139.007055,1838
1782334139.008348,1865
1782334139.008358,1861
1782334139.0096488,1849
1782334139.0109482,1861
1782334139.012253,1868
1782334139.012265,1881
1782334139.0135648,1878
1782334139.014868,1894
1782334139.016188,1879
1782334139.016204,1815
1782334139.017502,1828
1782334139.01881,1838
1782334139.0200891,1821
1782334139.020093,1882
1782334139.0213928,1871
1782334139.022696,1853
1782334139.023978,1853
1782334139.025267,1835
1782334139.025277,1822
1782334139.026572,1807
1782334139.027854,1791
1782334139.029321,1812
1782334139.029326,1826
1782334139.030617,1846
1782334139.031896,1861
1782334139.0331688,1870
1782334139.033174,1855
1782334139.034456,1871
1782334139.035758,1860
1782334139.03708,1837
1782334139.037106,1784
1782334139.038375,1809
1782334139.0396428,1824
1782334139.0409331,1844
1782334139.042231,1859
1782334139.04224,1895
1782334139.0435278,1916
1782334139.044866,1869
1782334139.0461519,1826
1782334139.046158,1797
1782334139.047435,1799
1782334139.048733,1821
1782334139.05003,1815
1782334139.0513248,1825
1782334139.051336,1847
1782334139.052623,1837
1782334139.053919,1830
1782334139.0552142,1856
1782334139.055223,1831
1782334139.0552268,1858
1782334139.0565279,1862
1782334139.0578291,1870
1782334139.0591412,1880
1782334139.0591528,1871
1782334139.060779,1870
1782334139.062583,1849
1782334139.062599,1845
1782334139.063903,1867
1782334139.065203,1882
1782334139.0652108,1849
1782334139.0665019,1819
1782334139.067795,1830
1782334139.069082,1852
1782334139.0690932,1819
1782334139.0703738,1860
1782334139.0716648,1846
1782334139.0729501,1886
1782334139.074251,1882
1782334139.074262,1862
1782334139.075593,1865
1782334139.076929,1849
1782334139.078281,1812
1782334139.078296,1794
1782334139.079639,1791
1782334139.080954,1800
1782334139.0822651,1818
1782334139.0822752,1852
1782334139.083573,1855
1782334139.0848582,1829
1782334139.086138,1848
1782334139.086145,1853
1782334139.0874429,1841
1782334139.0887349,1820
1782334139.090032,1842
1782334139.0920162,1835
1782334139.092025,1844
1782334139.0935,1824
1782334139.093508,1830
1782334139.094789,1832
1782334139.0960882,1839
1782334139.09612,1837
1782334139.0974069,1837
1782334139.098687,1847
1782334139.099962,1861
1782334139.10126,1856
1782334139.10127,1853
1782334139.102567,1828
1782334139.103858,1850
1782334139.105153,1864
1782334139.105163,1858
1782334139.106451,1858
1782334139.10774,1844
1782334139.109035,1798
1782334139.110338,1817
1782334139.110351,1818
1782334139.111663,1839
1782334139.112991,1850
1782334139.114306,1858
1782334139.114319,1861
1782334139.115654,1862
1782334139.116957,1869
1782334139.118261,1832
1782334139.118272,1839
1782334139.1195672,1826
1782334139.1214762,1909
1782334139.1214879,1885
1782334139.123677,1852
1782334139.1236851,1861
1782334139.1249862,1851
1782334139.1262872,1838
1782334139.126294,1844
1782334139.127573,1845
1782334139.1287198,1860
1782334139.130017,1893
1782334139.131329,1870
1782334139.131338,1849
1782334139.1326258,1838
1782334139.133921,1830
1782334139.135221,1835
1782334139.135232,1856
1782334139.136545,1930
1782334139.13784,1898
1782334139.139136,1869
1782334139.139146,1822
1782334139.14046,1805
1782334139.141761,1754
1782334139.143073,1735
1782334139.143117,1775
1782334139.144417,1772
1782334139.1457121,1773
1782334139.1470048,1804
1782334139.14831,1837
1782334139.148324,1852
1782334139.1496499,1885
1782334139.150957,1869
1782334139.1523788,1876
1782334139.15239,1892
1782334139.154847,1868
1782334139.154853,1869
1782334139.156123,1852
1782334139.156128,1848
1782334139.157397,1838
1782334139.158678,1820
1782334139.1599739,1836
1782334139.161278,1845
1782334139.161289,1829
1782334139.162587,1844
1782334139.163886,1865
1782334139.16519,1839
1782334139.165201,1857
1782334139.166502,1830
1782334139.1678069,1834
1782334139.169111,1860
1782334139.169136,1824
1782334139.170451,1882
1782334139.171795,1881
1782334139.173095,1877
1782334139.173103,1855
1782334139.1744058,1828
1782334139.1757052,1806
1782334139.177001,1807
1782334139.1783009,1826
1782334139.1783109,1823
1782334139.179602,1846
1782334139.180722,1854
1782334139.182295,1849
1782334139.1823092,1819
1782334139.1840901,1825
1782334139.184098,1852
1782334139.184101,1856
1782334139.185396,1871
1782334139.18667,1871
1782334139.187946,1850
1782334139.1892228,1823
1782334139.189227,1824
1782334139.190518,1839
1782334139.191804,1852
1782334139.1930811,1849
1782334139.193086,1847
1782334139.194371,1850
1782334139.195669,1855
1782334139.196971,1868
1782334139.198275,1842
1782334139.198287,1829
1782334139.199572,1861
1782334139.2006521,1864
1782334139.2019432,1831
1782334139.2032452,1834
1782334139.203255,1869
1782334139.204561,1866
1782334139.205858,1861
1782334139.207154,1852
1782334139.2071638,1839
1782334139.20845,1855
1782334139.2097468,1835
1782334139.211639,1826
1782334139.2116501,1829
1782334139.213624,1830
1782334139.213631,1812
1782334139.214907,1818
1782334139.216179,1835
1782334139.216183,1844
1782334139.217469,1856
1782334139.218761,1890
1782334139.2200582,1940
1782334139.221356,1978
1782334139.221364,1954
1782334139.222659,1932
1782334139.223957,1905
1782334139.2250931,1850
1782334139.2251232,1803
1782334139.226411,1773
1782334139.227715,1723
1782334139.229007,1686
1782334139.230307,1775
1782334139.230316,1788
1782334139.231606,1802
1782334139.2329128,1834
1782334139.234211,1846
1782334139.2342222,1855
1782334139.235548,1848
1782334139.2368488,1853
1782334139.2381618,1869
1782334139.238178,1877
1782334139.239496,1865
1782334139.240792,1858
1782334139.242091,1860
1782334139.2421231,1866
1782334139.243989,1854
1782334139.2462752,1836
1782334139.246284,1832
1782334139.246287,1828
1782334139.2475789,1831
1782334139.2488651,1837
1782334139.250159,1851
1782334139.250168,1852
1782334139.2514648,1845
1782334139.252766,1839
1782334139.254068,1851
1782334139.2540958,1848
1782334139.255388,1819
1782334139.2566888,1864
1782334139.257986,1864
1782334139.259043,1857
1782334139.2603369,1839
1782334139.2603478,1815
1782334139.2616692,1826
1782334139.2629492,1853
1782334139.264245,1866
1782334139.264256,1871
1782334139.2655628,1881
1782334139.266861,1884
1782334139.268157,1835
1782334139.268168,1810
1782334139.269481,1794
1782334139.270776,1860
1782334139.272084,1848
1782334139.272137,1839
1782334139.2736158,1862
1782334139.275615,1846
1782334139.275622,1846
1782334139.2768981,1855
1782334139.2781708,1835
1782334139.278176,1811
1782334139.279459,1832
1782334139.280769,1859
1782334139.2820659,1851
1782334139.282105,1855
1782334139.283404,1859
1782334139.284697,1852
1782334139.2859972,1853
1782334139.2870772,1830
1782334139.287116,1831
1782334139.288414,1834
1782334139.28971,1836
1782334139.2908769,1838
1782334139.2921789,1847
1782334139.292189,1832
1782334139.293487,1834
1782334139.294785,1829
1782334139.2960792,1839
1782334139.296128,1836
1782334139.297429,1850
1782334139.2987268,1846
1782334139.30003,1848
1782334139.3013382,1857
1782334139.3013492,1868
1782334139.302668,1839
1782334139.304393,1807
1782334139.3044019,1811
1782334139.3068428,1813
1782334139.3068511,1849
1782334139.308043,1855
1782334139.30933,1862
1782334139.309336,1874
1782334139.3106089,1846
1782334139.311881,1852
1782334139.3131719,1864
1782334139.313183,1876
1782334139.313189,1884
1782334139.31448,1893
1782334139.3157802,1871
1782334139.317078,1887
1782334139.317111,1855
1782334139.318408,1800
1782334139.319711,1871
1782334139.320993,1856
1782334139.3222861,1780
1782334139.322298,1763
1782334139.323634,1780
1782334139.324933,1807
1782334139.326231,1848
1782334139.326241,1851
1782334139.3275368,1833
1782334139.328728,1816
1782334139.330026,1835
1782334139.3313122,1868
1782334139.331318,1856
1782334139.3325891,1842
1782334139.334404,1819
1782334139.334409,1811
1782334139.335912,1820
1782334139.3371892,1839
1782334139.337193,1859
1782334139.3384929,1838
1782334139.339799,1860
1782334139.341117,1903
1782334139.341123,1885
1782334139.342425,1896
1782334139.3437319,1919
1782334139.345043,1852
1782334139.346324,1871
1782334139.346329,1856
1782334139.347605,1837
1782334139.3489048,1826
1782334139.350212,1827
1782334139.3502212,1765
1782334139.351532,1780
1782334139.3528378,1834
1782334139.354157,1851
1782334139.354165,1850
1782334139.355341,1858
1782334139.356637,1843
1782334139.357902,1833
1782334139.359209,1838
1782334139.359222,1868
1782334139.360521,1871
1782334139.361818,1857
1782334139.3633668,1844
1782334139.3633778,1856
1782334139.3659039,1884
1782334139.3659132,1854
1782334139.367058,1817
1782334139.367095,1834
1782334139.368374,1854
1782334139.369646,1844
1782334139.370922,1903
1782334139.3721979,1834
1782334139.372203,1830
1782334139.373495,1821
1782334139.3748019,1826
1782334139.3760839,1838
1782334139.376089,1839
1782334139.377385,1859
1782334139.3786829,1852
1782334139.3799732,1846
1782334139.381269,1829
1782334139.381278,1832
1782334139.382571,1851
1782334139.383853,1851
1782334139.3851469,1856
1782334139.385159,1833
1782334139.386454,1826
1782334139.387754,1837
1782334139.3890738,1841
1782334139.3891442,1830
1782334139.3904572,1830
1782334139.391763,1833
1782334139.3930728,1844
1782334139.393127,1844
1782334139.394429,1869
1782334139.3968298,1844
1782334139.3968441,1839
1782334139.399913,1870
1782334139.399922,1853
1782334139.399925,1818
1782334139.401221,1823
1782334139.401228,1821
1782334139.4025018,1834
1782334139.403709,1818
1782334139.4049878,1842
1782334139.4062872,1836
1782334139.4062998,1863
1782334139.407412,1830
1782334139.408718,1813
1782334139.410039,1834
1782334139.411366,1830
1782334139.4113731,1816
1782334139.41268,1830
1782334139.413959,1886
1782334139.415252,1878
1782334139.415264,1891
1782334139.416538,1890
1782334139.417825,1850
1782334139.4191098,1859
1782334139.419117,1855
1782334139.420403,1943
1782334139.421679,1879
1782334139.422963,1871
1782334139.4242408,1848
1782334139.424246,1839
1782334139.425517,1860
1782334139.427904,1883
1782334139.4279099,1866
1782334139.4292061,1828
1782334139.4292119,1785
1782334139.430507,1727
1782334139.431788,1701
1782334139.433067,1734
1782334139.434348,1763
1782334139.4343529,1810
1782334139.43562,1886
1782334139.4369001,1899
1782334139.4381871,1890
1782334139.438197,1869
1782334139.439471,1868
1782334139.4407449,1887
1782334139.442017,1864
1782334139.443297,1855
1782334139.4433029,1862
1782334139.443306,1864
1782334139.444584,1868
1782334139.445861,1861
1782334139.447148,1863
1782334139.447155,1860
1782334139.448438,1807
1782334139.4497201,1788
1782334139.4510012,1830
1782334139.4522822,1838
1782334139.452289,1866
1782334139.453569,1871
1782334139.454844,1870
1782334139.4572349,1847
1782334139.457242,1834
1782334139.457281,1839
1782334139.458563,1848
1782334139.459841,1887
1782334139.461129,1853
1782334139.4611359,1837
1782334139.462434,1837
1782334139.463725,1836
1782334139.465014,1836
1782334139.466302,1802
1782334139.466309,1804
1782334139.467587,1818
1782334139.468859,1797
1782334139.47014,1877
1782334139.470148,1870
1782334139.4713302,1871
1782334139.472613,1854
1782334139.473894,1852
1782334139.475175,1839
1782334139.475182,1842
1782334139.476459,1858
1782334139.477741,1827
1782334139.479028,1822
1782334139.48031,1807
1782334139.480316,1838
1782334139.481596,1822
1782334139.482878,1814
1782334139.484158,1837
1782334139.484163,1865
1782334139.486261,1854
1782334139.4862661,1847
1782334139.487551,1845
1782334139.488872,1862
1782334139.490151,1859
1782334139.490155,1875
1782334139.491435,1865
1782334139.492725,1866
1782334139.494003,1856
1782334139.495289,1868
1782334139.495296,1855
1782334139.496335,1845
1782334139.497621,1851
1782334139.498903,1835
1782334139.500184,1838
1782334139.50019,1851
1782334139.502746,1874
1782334139.502752,1863
1782334139.504054,1859
1782334139.505334,1857
1782334139.5053382,1835
1782334139.506614,1826
1782334139.507898,1856
1782334139.509181,1864
1782334139.509187,1896
1782334139.510465,1870
1782334139.5117528,1805
1782334139.5129979,1799
1782334139.514285,1825
1782334139.514292,1839
1782334139.515797,1807
1782334139.517205,1810
1782334139.517212,1823
1782334139.518482,1863
1782334139.519757,1854
1782334139.521045,1903
1782334139.5223308,1876
1782334139.522336,1871
1782334139.523618,1861
1782334139.5249028,1845
1782334139.526183,1811
1782334139.526189,1822
1782334139.52747,1842
1782334139.5287628,1848
1782334139.530045,1819
1782334139.53133,1796
1782334139.531337,1816
1782334139.53262,1830
1782334139.533901,1816
1782334139.535184,1857
1782334139.53519,1836
1782334139.536468,1836
1782334139.5377579,1834
1782334139.5390432,1836
1782334139.540318,1838
1782334139.540321,1836
1782334139.541588,1854
1782334139.542858,1842
1782334139.5441432,1846
1782334139.54415,1882
1782334139.545446,1857
1782334139.546726,1852
1782334139.548745,1855
1782334139.548749,1856
1782334139.550016,1887
1782334139.551285,1859
1782334139.5512881,1857
1782334139.552564,1853
1782334139.553865,1831
1782334139.5551481,1819
1782334139.555153,1839
1782334139.5564349,1839
1782334139.5577211,1831
1782334139.5590022,1827
1782334139.560284,1823
1782334139.56029,1842
1782334139.56158,1826
1782334139.562866,1818
1782334139.5641541,1826
1782334139.56416,1841
1782334139.565443,1862
1782334139.566724,1848
1782334139.5680058,1856
1782334139.569291,1857
1782334139.5692968,1832
1782334139.57058,1898
1782334139.571857,1860
1782334139.573139,1889
1782334139.573146,1892
1782334139.5744278,1883
1782334139.575708,1887
1782334139.57699,1890
1782334139.5769951,1865
1782334139.578294,1820
1782334139.578301,1818
1782334139.579574,1843
1782334139.580849,1839
1782334139.582131,1841
1782334139.5821388,1844
1782334139.5834181,1826
1782334139.5846999,1829
1782334139.585983,1799
1782334139.587273,1783
1782334139.587279,1828
1782334139.588554,1830
1782334139.5898309,1851
1782334139.5911129,1844
1782334139.5911198,1823
1782334139.592397,1835
1782334139.5936818,1839
1782334139.594966,1832
1782334139.596274,1859
1782334139.596283,1846
1782334139.597575,1847
1782334139.5988648,1842
1782334139.600147,1865
1782334139.6001542,1871
1782334139.601433,1877
1782334139.602838,1842
1782334139.604193,1845
1782334139.604202,1854
1782334139.605481,1871
1782334139.606785,1913
1782334139.6090891,1906
1782334139.609099,1887
1782334139.609131,1825
1782334139.6104162,1788
1782334139.611695,1805
1782334139.6129742,1790
1782334139.614261,1816
1782334139.6142678,1831
1782334139.61555,1799
1782334139.616831,1805
1782334139.618113,1811
1782334139.618119,1765
1782334139.6194031,1838
1782334139.620691,1822
1782334139.622059,1854
1782334139.622087,1870
1782334139.62339,1876
1782334139.6245801,1853
1782334139.625895,1836
1782334139.6272,1827
1782334139.627212,1853
1782334139.628512,1852
1782334139.629796,1846
1782334139.631084,1858
1782334139.6310909,1839
1782334139.6323872,1858
1782334139.633686,1865
1782334139.635013,1876
1782334139.636318,1890
1782334139.636327,1860
1782334139.637622,1861
1782334139.63908,1877
1782334139.6390882,1871
1782334139.640512,1866
1782334139.6418219,1848
1782334139.643132,1847
1782334139.643141,1832
1782334139.644436,1832
1782334139.645717,1839
1782334139.646993,1858
1782334139.648316,1868
1782334139.648329,1868
1782334139.6495638,1871
1782334139.65087,1841
1782334139.6521668,1853
1782334139.6521752,1858
1782334139.6533399,1847
1782334139.654623,1856
1782334139.655908,1847
1782334139.6571891,1816
1782334139.657195,1842
1782334139.658473,1826
1782334139.659782,1822
1782334139.661097,1814
1782334139.6611059,1797
1782334139.662383,1815
1782334139.663666,1839
1782334139.6649458,1839
1782334139.6662211,1815
1782334139.666225,1819
1782334139.6675,1866
1782334139.668788,1848
1782334139.6711612,1885
1782334139.6711712,1932
1782334139.6724522,1907
1782334139.672457,1863
1782334139.673742,1850
1782334139.675061,1843
1782334139.6750941,1859
1782334139.6764212,1836
1782334139.6777291,1838
1782334139.67905,1823
1782334139.68034,1818
1782334139.680346,1823
1782334139.681618,1835
1782334139.682891,1828
1782334139.684164,1830
1782334139.6841679,1806
1782334139.685438,1839
1782334139.686721,1850
1782334139.688002,1860
1782334139.6892831,1815
1782334139.6892889,1805
1782334139.690569,1805
1782334139.691851,1828
1782334139.693134,1846
1782334139.69314,1875
1782334139.694417,1901
1782334139.695698,1901
1782334139.696971,1889
1782334139.6982489,1871
1782334139.698255,1851
1782334139.700586,1814
1782334139.7005901,1814
1782334139.701857,1846
1782334139.703124,1902
1782334139.703128,1917
1782334139.704397,1916
1782334139.705667,1903
1782334139.706938,1871
1782334139.7082088,1871
1782334139.708213,1855
1782334139.708214,1871
1782334139.709483,1911
1782334139.710751,1906
1782334139.7120209,1883
1782334139.7132921,1864
1782334139.7132952,1825
1782334139.7145631,1756
1782334139.7158341,1710
1782334139.717102,1755
1782334139.7171059,1807
1782334139.71837,1819
1782334139.719641,1894
1782334139.720911,1894
1782334139.72228,1889
1782334139.7222972,1829
1782334139.723592,1775
1782334139.7249012,1768
1782334139.726225,1807
1782334139.7262342,1815
1782334139.7275321,1817
1782334139.7293608,1823
1782334139.729366,1839
1782334139.730838,1818
1782334139.732126,1810
1782334139.7321332,1798
1782334139.733425,1832
1782334139.734723,1852
1782334139.736018,1844
1782334139.7373,1839
1782334139.737306,1834
1782334139.738577,1837
1782334139.739852,1771
1782334139.741142,1760
1782334139.741148,1832
1782334139.742422,1863
1782334139.743798,1876
1782334139.744968,1896
1782334139.7462661,1903
1782334139.7462778,1894
1782334139.747583,1827
1782334139.748885,1793
1782334139.750171,1813
1782334139.750176,1826
1782334139.751458,1829
1782334139.7527559,1839
1782334139.754061,1839
1782334139.7553751,1822
1782334139.755382,1768
1782334139.75669,1762
1782334139.7579882,1767
1782334139.7595809,1832
1782334139.759588,1852
1782334139.761036,1861
1782334139.762321,1879
1782334139.762327,1862
1782334139.7636108,1780
1782334139.764889,1743
1782334139.766185,1756
1782334139.766199,1794
1782334139.7674901,1825
1782334139.768797,1843
1782334139.770108,1930
1782334139.770147,1902
1782334139.771321,1807
1782334139.772626,1767
1782334139.773932,1791
1782334139.775212,1829
1782334139.775216,1849
1782334139.776486,1847
1782334139.7777832,1814
1782334139.779051,1830
1782334139.7803462,1762
1782334139.780352,1717
1782334139.781648,1747
1782334139.7829309,1745
1782334139.784209,1797
1782334139.78422,1867
1782334139.7855139,1890
1782334139.786834,1914
1782334139.788121,1830
1782334139.788126,1726
1782334139.789421,1737
1782334139.790999,1780
1782334139.79273,1842
1782334139.792737,1838
1782334139.794015,1846
1782334139.795286,1893
1782334139.79529,1899
1782334139.796573,1798
1782334139.797887,1765
1782334139.799187,1807
1782334139.799198,1838
1782334139.8004868,1874
1782334139.80179,1918
1782334139.8031092,1928
1782334139.8031292,1845
1782334139.804405,1752
1782334139.805682,1719
1782334139.8069792,1795
1782334139.8082829,1843
1782334139.8082938,1860
1782334139.809621,1896
1782334139.810925,1912
1782334139.812246,1893
1782334139.8122518,1817
1782334139.813531,1796
1782334139.814826,1846
1782334139.816107,1867
1782334139.8161101,1853
1782334139.817388,1881
1782334139.818688,1867
1782334139.8200278,1932
1782334139.821326,1935
1782334139.821332,1861
1782334139.8227031,1862
1782334139.8239832,1882
1782334139.825061,1893
1782334139.825077,1921
1782334139.8263638,1947
1782334139.82764,1929
1782334139.828921,1908
1782334139.830225,1900
1782334139.83023,1922
1782334139.831506,1945
1782334139.832799,1992
1782334139.834103,1967
1782334139.834118,1952
1782334139.835395,1941
1782334139.83667,1924
1782334139.837943,1916
1782334139.839215,1946
1782334139.8392189,1949
1782334139.839221,1963
1782334139.840489,1957
1782334139.841761,1956
1782334139.843041,1933
1782334139.844324,1919
1782334139.84433,1859
1782334139.84561,1870
1782334139.846903,1871
1782334139.8481832,1908
1782334139.848188,1900
1782334139.849468,1895
1782334139.850744,1879
1782334139.852565,1871
1782334139.852569,1851
1782334139.853846,1857
1782334139.8551328,1851
1782334139.855137,1868
1782334139.8564029,1863
1782334139.857674,1870
1782334139.858953,1863
1782334139.860235,1790
1782334139.860242,1756
1782334139.8615198,1782
1782334139.862845,1824
1782334139.8641338,1858
1782334139.864139,1854
1782334139.865411,1855
1782334139.8666902,1870
1782334139.867978,1866
1782334139.869256,1821
1782334139.86926,1885
1782334139.870532,1860
1782334139.8718112,1837
1782334139.8730948,1834
1782334139.8731022,1837
1782334139.874388,1822
1782334139.8756611,1807
1782334139.8769379,1794
1782334139.878219,1801
1782334139.8782248,1836
1782334139.87952,1845
1782334139.8807528,1859
1782334139.882984,1871
1782334139.8829892,1822
1782334139.884255,1818
1782334139.884259,1828
1782334139.885526,1796
1782334139.8868039,1818
1782334139.8879948,1824
1782334139.889281,1858
1782334139.889288,1858
1782334139.890571,1839
1782334139.891853,1869
1782334139.8931332,1827
1782334139.89314,1801
1782334139.894418,1807
1782334139.8957021,1801
1782334139.896977,1796
1782334139.89825,1821
1782334139.898253,1864
1782334139.89953,1853
1782334139.900813,1851
1782334139.902097,1800
1782334139.9021041,1798
1782334139.9033852,1846
1782334139.9046679,1849
1782334139.905946,1850
1782334139.907228,1848
1782334139.907234,1802
1782334139.9084601,1786
1782334139.909746,1813
1782334139.911051,1870
1782334139.9131541,1909
1782334139.913158,1882
1782334139.913159,1849
1782334139.9144251,1807
1782334139.915703,1775
1782334139.916974,1766
1782334139.918255,1766
1782334139.918262,1768
1782334139.919544,1895
1782334139.9208431,1876
1782334139.9221241,1892
1782334139.922128,1883
1782334139.92341,1866
1782334139.924694,1885
1782334139.925976,1850
1782334139.927257,1815
1782334139.927263,1830
1782334139.92856,1841
1782334139.9298382,1838
1782334139.931117,1850
1782334139.931123,1884
1782334139.932406,1856
1782334139.933686,1805
1782334139.934966,1766
1782334139.936247,1778
1782334139.9362528,1803
1782334139.937539,1799
1782334139.938823,1837
1782334139.940109,1848
1782334139.940115,1869
1782334139.941207,1821
1782334139.943848,1807
1782334139.943854,1845
1782334139.9451258,1854
1782334139.945131,1853
1782334139.9463181,1841
1782334139.947587,1831
1782334139.948854,1807
1782334139.950123,1816
1782334139.9501262,1830
1782334139.951391,1839
1782334139.952668,1830
1782334139.953711,1850
1782334139.954983,1854
1782334139.956266,1868
1782334139.9562721,1860
1782334139.9575539,1858
1782334139.958835,1847
1782334139.960117,1836
1782334139.9601228,1823
1782334139.961405,1823
1782334139.962707,1826
1782334139.963991,1852
1782334139.9652789,1856
1782334139.9652858,1843
1782334139.966569,1829
1782334139.967851,1850
1782334139.969138,1822
1782334139.969144,1871
1782334139.969147,1893
1782334139.970431,1862
1782334139.971702,1846
1782334139.972981,1851
1782334139.9756448,1848
1782334139.975649,1818
1782334139.975651,1800
1782334139.976921,1818
1782334139.978047,1846
1782334139.979352,1839
1782334139.9793642,1847
1782334139.9806468,1839
1782334139.9819221,1843
1782334139.983205,1832
1782334139.983212,1838
1782334139.98449,1880
1782334139.98577,1867
1782334139.9870532,1898
1782334139.988279,1855
1782334139.988283,1863
1782334139.989568,1853
1782334139.9908538,1823
1782334139.992138,1854
1782334139.9921439,1871
1782334139.993423,1877
1782334139.99471,1870
1782334139.9959948,1855
1782334139.997277,1847
1782334139.997283,1859
1782334139.9985652,1850
1782334139.99985,1793
1782334140.001133,1759
1782334140.001139,1779
1782334140.0024178,1816
1782334140.005059,1802
1782334140.005064,1802
1782334140.0050719,1822
1782334140.006347,1824
1782334140.007617,1839
1782334140.008886,1824
1782334140.010166,1852
1782334140.010172,1855
1782334140.0114508,1853
1782334140.012755,1854
1782334140.013869,1838
1782334140.015148,1834
1782334140.015153,1821
1782334140.016433,1821
1782334140.017715,1846
1782334140.018997,1859
1782334140.0202801,1916
1782334140.020287,1839
1782334140.021334,1834
1782334140.022659,1828
1782334140.023944,1828
1782334140.025225,1812
1782334140.0252318,1837
1782334140.02651,1837
1782334140.0277948,1821
1782334140.029084,1831
1782334140.029099,1837
1782334140.030383,1852
1782334140.031658,1830
1782334140.033466,1859
1782334140.0334709,1876
1782334140.035176,1848
1782334140.03518,1820
1782334140.036447,1834
1782334140.03773,1829
1782334140.039016,1836
1782334140.0403042,1863
1782334140.040311,1896
1782334140.041595,1897
1782334140.042878,1892
1782334140.04416,1842
1782334140.0441668,1882
1782334140.045464,1903
1782334140.04674,1864
1782334140.0480251,1816
1782334140.049311,1837
1782334140.0493178,1855
1782334140.050596,1827
1782334140.051889,1851
1782334140.053174,1862
1782334140.05318,1844
1782334140.054463,1822
1782334140.055748,1821
1782334140.05704,1844
1782334140.058325,1855
1782334140.0583308,1866
1782334140.0596218,1860
1782334140.060908,1871
1782334140.0621922,1856
1782334140.062199,1832
1782334140.0640361,1825
1782334140.066041,1848
1782334140.066045,1838
1782334140.0673122,1817
1782334140.0673149,1846
1782334140.068587,1810
1782334140.06987,1900
1782334140.0711691,1879
1782334140.071178,1845
1782334140.072451,1851
1782334140.0737338,1852
1782334140.075016,1774
1782334140.076298,1775
1782334140.076304,1794
1782334140.077583,1838
1782334140.078868,1880
1782334140.080148,1882
1782334140.080152,1855
1782334140.081432,1815
1782334140.082714,1787
1782334140.0839958,1770
1782334140.0852768,1791
1782334140.085283,1793
1782334140.086565,1778
1782334140.087847,1822
1782334140.089131,1856
1782334140.0891368,1887
1782334140.090553,1880
1782334140.091885,1874
1782334140.0932102,1882
1782334140.093219,1883
1782334140.09451,1865
1782334140.095891,1837
1782334140.0975401,1829
1782334140.097548,1842
1782334140.0988538,1814
1782334140.098864,1855
1782334140.100136,1902
1782334140.10014,1931
1782334140.10142,1942
1782334140.102707,1935
1782334140.1039941,1866
1782334140.1052842,1863
1782334140.105293,1804
1782334140.106577,1784
1782334140.107859,1775
1782334140.1091409,1797
1782334140.1091478,1847
1782334140.110492,1850
1782334140.1116009,1846
1782334140.112902,1855
1782334140.114201,1873
1782334140.114207,1864
1782334140.1155012,1842
1782334140.1168299,1853
1782334140.1181471,1843
1782334140.118159,1912
1782334140.1192489,1894
1782334140.1205618,1855
1782334140.121851,1826
1782334140.123148,1847
1782334140.1231601,1834
1782334140.124466,1845
1782334140.1273768,1870
1782334140.1274009,1848
1782334140.127403,1850
1782334140.1286771,1871
1782334140.12973,1911
1782334140.1310232,1931
1782334140.132319,1947
1782334140.132326,1934
1782334140.133603,1913
1782334140.134884,1874
1782334140.13616,1819
1782334140.1361642,1791
1782334140.137536,1818
1782334140.1388319,1828
1782334140.140106,1823
1782334140.14011,1847
1782334140.1412039,1852
1782334140.144881,1842
1782334140.144904,1782
1782334140.144906,1760
1782334140.1461902,1799
1782334140.146196,1838
1782334140.1474729,1842
1782334140.148752,1819
1782334140.150104,1837
1782334140.150112,1791
1782334140.151389,1694
1782334140.15271,1679
1782334140.1539881,1764
1782334140.155285,1795
1782334140.155293,1817
1782334140.1573498,1823
1782334140.1573591,1826
1782334140.158707,1826
1782334140.1600242,1754
1782334140.161303,1718
1782334140.1613069,1774
1782334140.1625721,1824
1782334140.163866,1847
1782334140.1651719,1853
1782334140.165177,1879
1782334140.166443,1897
1782334140.167757,1834
1782334140.169112,1746
1782334140.169152,1834
1782334140.1704068,1794
1782334140.1716979,1800
1782334140.172993,1843
1782334140.174283,1855
1782334140.17429,1880
1782334140.1755588,1842
1782334140.1768389,1806
1782334140.178116,1846
1782334140.178119,1902
1782334140.1807082,1925
1782334140.18072,1899
1782334140.182007,1846
1782334140.183292,1820
1782334140.183298,1772
1782334140.184566,1782
1782334140.186696,1816
1782334140.186699,1879
1782334140.1879601,1960
1782334140.1892989,1970
1782334140.189309,2002
1782334140.190596,1980
1782334140.1918662,1839
1782334140.1931279,1757
1782334140.193131,1738
1782334140.194412,1747
1782334140.195701,1794
1782334140.1969762,1848
1782334140.1982589,1924
1782334140.198266,1960
1782334140.199544,1907
1782334140.200827,1863
1782334140.202102,1852
1782334140.202104,1896
1782334140.203386,1919
1782334140.20468,1898
1782334140.2059698,1894
1782334140.207263,1908
1782334140.20727,1874
1782334140.208537,1798
1782334140.209803,1778
1782334140.2110841,1868
1782334140.211091,1926
1782334140.212375,1887
1782334140.2136471,1889
1782334140.214928,1908
1782334140.216908,1910
1782334140.216911,1807
1782334140.218178,1750
1782334140.2181802,1784
1782334140.219459,1932
1782334140.220748,1926
1782334140.222024,1884
1782334140.223304,1880
1782334140.2233112,1890
1782334140.224582,1788
1782334140.2258618,1743
1782334140.227133,1776
1782334140.227136,1851
1782334140.227137,1885
1782334140.2284212,1890
1782334140.229708,1928
1782334140.2309902,1914
1782334140.232278,1792
1782334140.232287,1741
1782334140.233554,1786
1782334140.234826,1836
1782334140.236109,1844
1782334140.236115,1834
1782334140.237399,1826
1782334140.238674,1859
1782334140.2399518,1812
1782334140.241237,1790
1782334140.241243,1804
1782334140.242527,1827
1782334140.24381,1846
1782334140.245095,1825
1782334140.245101,1838
1782334140.246367,1839
1782334140.24834,1845
1782334140.2483442,1816
1782334140.249608,1855
1782334140.2508879,1879
1782334140.252165,1874
1782334140.252168,1842
1782334140.25345,1857
1782334140.254674,1856
1782334140.255957,1829
1782334140.257239,1816
1782334140.2572448,1800
1782334140.2585258,1871
1782334140.259809,1886
1782334140.2610922,1880
1782334140.261098,1882
1782334140.2623842,1871
1782334140.263663,1807
1782334140.2649431,1813
1782334140.266227,1795
1782334140.2662332,1791
1782334140.2675142,1798
1782334140.2687879,1894
1782334140.270067,1907
1782334140.271359,1900
1782334140.271363,1897
1782334140.272641,1849
1782334140.273931,1853
1782334140.2752142,1855
1782334140.27522,1858
1782334140.276501,1866
1782334140.278665,1847
1782334140.278668,1810
1782334140.279932,1807
1782334140.2812119,1786
1782334140.281219,1770
1782334140.2825,1812
1782334140.283784,1810
1782334140.285067,1835
1782334140.286367,1853
1782334140.2863748,1868
1782334140.287659,1893
1782334140.288945,1876
1782334140.290228,1864
1782334140.290234,1855
1782334140.2915142,1864
1782334140.292798,1848
1782334140.294106,1855
1782334140.294115,1846
1782334140.295398,1845
1782334140.29667,1842
1782334140.297951,1829
1782334140.2992342,1851
1782334140.299241,1876
1782334140.30051,1913
1782334140.3017879,1903
1782334140.303073,1868
1782334140.3043652,1830
1782334140.304372,1795
1782334140.305651,1802
1782334140.306935,1787
1782334140.30879,1779
1782334140.308793,1807
1782334140.3100622,1826
1782334140.310069,1828
1782334140.311357,1854
1782334140.312673,1807
1782334140.313956,1832
1782334140.31524,1827
1782334140.315246,1828
1782334140.3165262,1850
1782334140.3178089,1855
1782334140.319094,1835
1782334140.3191,1918
1782334140.3203788,1897
1782334140.321651,1870
1782334140.322932,1855
1782334140.324217,1839
1782334140.324223,1870
1782334140.3255029,1876
1782334140.326786,1868
1782334140.328096,1864
1782334140.328106,1850
1782334140.329393,1804
1782334140.3306801,1807
1782334140.3319628,1839
1782334140.333246,1848
1782334140.3332522,1837
1782334140.334532,1818
1782334140.335813,1832
1782334140.3371,1848
1782334140.337107,1858
1782334140.338374,1836
1782334140.3408241,1838
1782334140.340828,1850
1782334140.342093,1866
1782334140.3420959,1845
1782334140.3433611,1869
1782334140.344636,1853
1782334140.3459141,1826
1782334140.3471968,1832
1782334140.3472042,1823
1782334140.348472,1820
1782334140.349738,1851
1782334140.3510149,1849
1782334140.352295,1832
1782334140.3523011,1801
1782334140.353577,1822
1782334140.354645,1837
1782334140.355926,1864
1782334140.357206,1878
1782334140.3572118,1889
1782334140.357215,1850
1782334140.35838,1821
1782334140.3596559,1868
1782334140.360935,1871
1782334140.3620322,1875
1782334140.363303,1871
1782334140.363306,1871
1782334140.3645859,1860
1782334140.365865,1851
1782334140.36715,1855
1782334140.367156,1867
1782334140.368428,1978
1782334140.370441,1918
1782334140.37045,1900
1782334140.371728,1901
1782334140.373025,1867
1782334140.3742971,1836
1782334140.374301,1814
1782334140.3755672,1791
1782334140.376846,1763
1782334140.378131,1736
1782334140.378137,1731
1782334140.3794298,1786
1782334140.380718,1822
1782334140.3820028,1826
1782334140.383275,1850
1782334140.383279,1832
1782334140.384555,1830
1782334140.385837,1824
1782334140.387133,1813
1782334140.387143,1842
1782334140.3884249,1863
1782334140.389638,1836
1782334140.3909209,1834
1782334140.392203,1839
1782334140.3922088,1848
1782334140.393488,1832
1782334140.394769,1854
1782334140.3960488,1836
1782334140.397356,1838
1782334140.397363,1848
1782334140.398577,1835
1782334140.4008698,1807
1782334140.400875,1823
1782334140.4021409,1847
1782334140.402144,1860
1782334140.403413,1864
1782334140.404644,1870
1782334140.4059148,1869
1782334140.407186,1866
1782334140.40719,1864
1782334140.408459,1845
1782334140.409728,1848
1782334140.4109929,1844
1782334140.412259,1830
1782334140.412263,1849
1782334140.413528,1871
1782334140.414794,1878
1782334140.416072,1877
1782334140.4160798,1864
1782334140.4173598,1846
1782334140.418643,1844
1782334140.419928,1830
1782334140.421216,1874
1782334140.4212239,1874
1782334140.422505,1855
1782334140.423788,1850
1782334140.4250722,1861
1782334140.4263601,1849
1782334140.4263659,1842
1782334140.427646,1842
1782334140.429336,1858
1782334140.4293408,1867
1782334140.4313998,1856
1782334140.431406,1828
1782334140.432673,1822
1782334140.433943,1845
1782334140.435224,1826
1782334140.43523,1834
1782334140.436511,1855
1782334140.437793,1866
1782334140.439102,1857
1782334140.439109,1834
1782334140.440387,1831
1782334140.4416692,1814
1782334140.4429498,1821
1782334140.444232,1804
1782334140.4442382,1816
1782334140.445518,1824
1782334140.4467998,1827
1782334140.448083,1827
1782334140.448094,1816
1782334140.449377,1807
1782334140.45066,1861
1782334140.451943,1908
1782334140.453226,1915
1782334140.453232,1923
1782334140.454519,1878
1782334140.4558022,1839
1782334140.457089,1817
1782334140.457095,1825
1782334140.458376,1794
1782334140.460892,1779
1782334140.460896,1845
1782334140.462019,1875
1782334140.463305,1887
1782334140.463312,1867
1782334140.464597,1875
1782334140.4658859,1890
1782334140.467173,1880
1782334140.467179,1822
1782334140.468462,1812
1782334140.4697468,1855
1782334140.471037,1866
1782334140.472327,1879
1782334140.4723341,1910
1782334140.473614,1892
1782334140.4748979,1832
1782334140.476182,1791
1782334140.476188,1769
1782334140.477469,1787
1782334140.478698,1881
1782334140.47997,1937
1782334140.48125,1946
1782334140.481256,2009
1782334140.482535,1990
1782334140.483818,1924
1782334140.485104,1910
1782334140.48511,1940
1782334140.48639,1951
1782334140.487674,1926
1782334140.48768,1929
1782334140.4888792,1900
1782334140.490229,1887
1782334140.490238,1793
1782334140.4919062,1737
1782334140.493885,1760
1782334140.4938931,1799
1782334140.495177,1798
1782334140.495184,1787
1782334140.4964721,1822
1782334140.497761,1854
1782334140.499048,1752
1782334140.5003362,1685
1782334140.500343,1742
1782334140.501624,1786
1782334140.5029068,1837
1782334140.504192,1842
1782334140.504199,1831
1782334140.505474,1839
1782334140.506755,1758
1782334140.5080361,1707
1782334140.5093188,1781
1782334140.509326,1816
1782334140.510599,1816
1782334140.5118809,1829
1782334140.5131578,1807
1782334140.513163,1811
1782334140.514442,1767
1782334140.515718,1732
1782334140.516992,1775
1782334140.518265,1803
1782334140.51827,1826
1782334140.519546,1813
1782334140.52107,1819
1782334140.5210822,1864
1782334140.5230799,1818
1782334140.523085,1766
1782334140.524353,1823
1782334140.525627,1845
1782334140.5268989,1884
1782334140.528179,1881
1782334140.5281851,1870
1782334140.529463,1915
1782334140.5307462,1855
1782334140.532029,1795
1782334140.533311,1749
1782334140.5333178,1813
1782334140.534587,1879
1782334140.535858,1879
1782334140.5371351,1887
1782334140.537142,1879
1782334140.538412,1835
1782334140.53968,1790
1782334140.540959,1786
1782334140.542231,1794
1782334140.542235,1800
1782334140.5435011,1834
1782334140.5447779,1855
1782334140.5460658,1871
1782334140.5460758,1826
1782334140.547349,1773
1782334140.5486279,1798
1782334140.5499089,1851
1782334140.551193,1906
1782334140.551199,1879
1782334140.553771,1881
1782334140.553776,1886
1782334140.555043,1853
1782334140.556319,1806
1782334140.556324,1799
1782334140.5576022,1828
1782334140.5588748,1834
1782334140.560143,1839
1782334140.560147,1854
1782334140.561422,1887
1782334140.562722,1922
1782334140.5640059,1889
1782334140.56528,1874
1782334140.565283,1951
1782334140.566559,1932
1782334140.567839,1865
1782334140.569124,1798
1782334140.56913,1734
1782334140.570407,1738
1782334140.571677,1701
1782334140.5729458,1692
1782334140.5742238,1790
1782334140.57423,1862
1782334140.5755,1912
1782334140.576768,1934
1782334140.578045,1926
1782334140.5793338,1932
1782334140.57934,1886
1782334140.58062,1822
1782334140.5828009,1852
1782334140.582806,1875
1782334140.584099,1903
1782334140.584105,1883
1782334140.5853708,1867
1782334140.5866492,1897
1782334140.58792,1865
1782334140.5891871,1822
1782334140.58919,1826
1782334140.590466,1867
1782334140.591755,1862
1782334140.593038,1854
1782334140.594311,1874
1782334140.594315,1884
1782334140.595605,1839
1782334140.596878,1800
1782334140.598156,1789
1782334140.598162,1855
1782334140.599444,1846
1782334140.600717,1890
1782334140.601992,1914
1782334140.603262,1938
1782334140.603266,1900
1782334140.604544,1822
1782334140.6058161,1782
1782334140.607084,1825
1782334140.6070871,1876
1782334140.608364,1874
1782334140.609646,1896
1782334140.611437,1901
1782334140.6114402,1875
1782334140.613497,1850
1782334140.6134999,1803
1782334140.614763,1821
1782334140.6160269,1868
1782334140.61603,1886
1782334140.617292,1883
1782334140.617295,1897
1782334140.618568,1910
1782334140.619848,1838
1782334140.6211278,1796
1782334140.621134,1814
1782334140.622414,1844
1782334140.6236951,1843
1782334140.624976,1859
1782334140.626255,1877
1782334140.626261,1911
1782334140.627538,1851
1782334140.628819,1830
1782334140.63009,1815
1782334140.630093,1846
1782334140.631371,1871
1782334140.6326551,1897
1782334140.633936,1891
1782334140.635218,1918
1782334140.635224,1903
1782334140.636491,1829
1782334140.637774,1859
1782334140.639055,1882
1782334140.640349,1887
1782334140.640355,1890
1782334140.641631,1888
1782334140.643958,1871
1782334140.6439612,1846
1782334140.645225,1800
1782334140.6452281,1810
1782334140.646326,1859
1782334140.647605,1839
1782334140.648882,1855
1782334140.650157,1887
1782334140.65016,1888
1782334140.651438,1817
1782334140.652708,1757
1782334140.653995,1773
1782334140.65528,1822
1782334140.655287,1866
1782334140.656565,1885
1782334140.657847,1898
1782334140.65913,1908
1782334140.659137,1864
1782334140.660415,1797
1782334140.661696,1801
1782334140.6629791,1844
1782334140.664259,1882
1782334140.664265,1899
1782334140.6655428,1879
1782334140.6668239,1845
1782334140.668111,1819
1782334140.668118,1758
1782334140.669399,1724
1782334140.670686,1786
1782334140.671957,1839
1782334140.674551,1839
1782334140.6745548,1839
1782334140.674556,1866
1782334140.675818,1857
1782334140.677094,1818
1782334140.6771,1775
1782334140.678389,1828
1782334140.6796741,1837
1782334140.68095,1871
1782334140.6822321,1871
1782334140.6822379,1894
1782334140.683508,1896
1782334140.684785,1818
1782334140.686056,1740
1782334140.687339,1754
1782334140.68861,1810
1782334140.688614,1833
1782334140.689888,1855
1782334140.691169,1871
1782334140.691175,1865
1782334140.692451,1833
1782334140.693722,1788
1782334140.6950002,1813
1782334140.6962812,1858
1782334140.696287,1902
1782334140.697556,1879
1782334140.6988318,1898
1782334140.700106,1891
1782334140.7001102,1825
1782334140.701386,1772
1782334140.7027829,1771
1782334140.7048042,1796
1782334140.704809,1832
1782334140.706075,1827
1782334140.707356,1882
1782334140.707362,1894
1782334140.708631,1886
1782334140.709908,1823
1782334140.711182,1826
1782334140.711186,1869
1782334140.712461,1903
1782334140.7137332,1894
1782334140.715012,1896
1782334140.7162938,1884
1782334140.7163,1851
1782334140.71758,1791
1782334140.718864,1745
1782334140.720136,1804
1782334140.72014,1835
1782334140.7214038,1841
1782334140.72267,1844
1782334140.723938,1879
1782334140.725206,1858
1782334140.7252102,1782
1782334140.726487,1743
1782334140.7277582,1784
1782334140.729035,1846
1782334140.730307,1870
1782334140.730311,1871
1782334140.731585,1868
1782334140.7328682,1868
1782334140.7351968,1790
1782334140.735203,1750
1782334140.735204,1793
1782334140.73647,1874
1782334140.737749,1886
1782334140.739031,1879
1782334140.740315,1898
1782334140.740321,1877
1782334140.7416,1839
1782334140.742881,1778
1782334140.744162,1775
1782334140.744168,1848
1782334140.744171,1940
1782334140.745462,1928
1782334140.746738,1870
1782334140.7480059,1854
1782334140.749284,1737
1782334140.74929,1716
1782334140.7505689,1784
1782334140.751842,1822
1782334140.753128,1867
1782334140.753134,1860
1782334140.7544188,1874
1782334140.755692,1898
1782334140.75697,1853
1782334140.758251,1789
1782334140.758257,1775
1782334140.7595341,1804
1782334140.7608142,1842
1782334140.762103,1875
1782334140.76211,1883
1782334140.7634811,1906
1782334140.765412,1870
1782334140.765416,1800
1782334140.7666829,1802
1782334140.7679539,1829
1782334140.7692358,1860
1782334140.7692428,1865
1782334140.770535,1882
1782334140.771811,1882
1782334140.773083,1858
1782334140.773094,1798
1782334140.7743812,1782
1782334140.775664,1822
1782334140.7769449,1830
1782334140.778225,1811
1782334140.778232,1852
1782334140.779521,1874
1782334140.7808099,1865
1782334140.78209,1830
1782334140.7820952,1832
1782334140.783374,1851
1782334140.7846599,1871
1782334140.785943,1880
1782334140.787225,1871
1782334140.787232,1878
1782334140.788503,1896
1782334140.7897768,1820
1782334140.791053,1746
1782334140.792326,1790
1782334140.792331,1817
1782334140.7936041,1836
1782334140.794806,1869
1782334140.796969,1896
1782334140.7969751,1907
1782334140.798249,1839
1782334140.798254,1783
1782334140.799523,1832
1782334140.800808,1850
1782334140.8020842,1891
1782334140.802094,1870
1782334140.803363,1885
1782334140.804641,1900
1782334140.805909,1816
1782334140.807175,1780
1782334140.807178,1810
1782334140.808442,1814
1782334140.809707,1816
1782334140.81097,1839
1782334140.812234,1860
1782334140.812237,1848
1782334140.813499,1828
1782334140.8147619,1809
1782334140.816024,1843
1782334140.817287,1853
1782334140.81729,1874
1782334140.818551,1866
1782334140.819813,1886
1782334140.821074,1898
1782334140.821077,1885
1782334140.822337,1844
1782334140.8236,1816
1782334140.825043,1865
1782334140.826375,1882
1782334140.8263779,1835
1782334140.827639,1829
1782334140.828906,1845
1782334140.830178,1828
1782334140.8301818,1806
1782334140.8314629,1839
1782334140.832751,1894
1782334140.8340201,1908
1782334140.8352818,1888
1782334140.835284,1862
1782334140.8365629,1867
1782334140.837854,1900
1782334140.839152,1844
1782334140.839159,1835
1782334140.840441,1854
1782334140.841726,1858
1782334140.842994,1802
1782334140.8442729,1811
1782334140.84428,1820
1782334140.845563,1839
1782334140.846834,1817
1782334140.848099,1791
1782334140.8481011,1822
1782334140.849378,1828
1782334140.850654,1818
1782334140.8519402,1817
1782334140.853228,1818
1782334140.8532338,1866
1782334140.854506,1823
1782334140.85645,1798
1782334140.856454,1835
1782334140.857717,1854
1782334140.8589811,1871
1782334140.8602612,1864
1782334140.860267,1856
1782334140.861535,1864
1782334140.8627992,1820
1782334140.864064,1764
1782334140.864067,1786
1782334140.865346,1860
1782334140.8666298,1889
1782334140.867913,1889
1782334140.869196,1892
1782334140.869202,1901
1782334140.870482,1870
1782334140.8717499,1822
1782334140.871752,1829
1782334140.873031,1862
1782334140.8743029,1827
1782334140.874305,1814
1782334140.8755689,1813
1782334140.876846,1832
1782334140.878128,1822
1782334140.878134,1788
1782334140.879414,1810
1782334140.8806982,1852
1782334140.8819818,1859
1782334140.883265,1869
1782334140.883271,1867
1782334140.8845491,1882
1782334140.886594,1836
1782334140.8865988,1768
1782334140.887862,1785
1782334140.8891509,1839
1782334140.889162,1870
1782334140.890445,1864
1782334140.891731,1894
1782334140.893016,1910
1782334140.8943,1901
1782334140.8943071,1800
1782334140.8955882,1765
1782334140.896864,1839
1782334140.898148,1851
1782334140.898154,1836
1782334140.899439,1860
1782334140.900735,1877
1782334140.90202,1896
1782334140.903295,1820
1782334140.903297,1779
1782334140.9045818,1815
1782334140.905864,1825
1782334140.907152,1843
1782334140.907158,1858
1782334140.908428,1886
1782334140.909705,1909
1782334140.910975,1830
1782334140.912257,1805
1782334140.912263,1830
1782334140.913532,1868
1782334140.914814,1861
1782334140.917242,1871
1782334140.917245,1846
1782334140.9172459,1876
1782334140.918508,1862
1782334140.9197922,1803
1782334140.921087,1838
1782334140.921103,1843
1782334140.922405,1855
1782334140.923677,1801
1782334140.924957,1827
1782334140.926244,1930
1782334140.926251,1928
1782334140.927532,1839
1782334140.92882,1817
1782334140.930093,1810
1782334140.9300969,1830
1782334140.931374,1786
1782334140.932656,1788
1782334140.9339268,1831
1782334140.9352052,1813
1782334140.9352121,1797
1782334140.936491,1789
1782334140.937773,1804
1782334140.9390562,1869
1782334140.939073,1894
1782334140.940363,1894
1782334140.9416451,1896
1782334140.94293,1856
1782334140.944215,1805
1782334140.944221,1793
1782334140.9455,1860
1782334140.946775,1900
1782334140.948582,1912
1782334140.948585,1866
1782334140.949847,1831
1782334140.951126,1823
1782334140.9511318,1752
1782334140.952412,1758
1782334140.9536939,1839
1782334140.954963,1889
1782334140.956241,1863
1782334140.956247,1849
1782334140.957528,1862
1782334140.9587998,1876
1782334140.9600692,1842
1782334140.960073,1800
1782334140.961222,1852
1782334140.962502,1857
1782334140.963774,1849
1782334140.965045,1881
1782334140.9663439,1927
1782334140.96635,1884
1782334140.967635,1791
1782334140.968916,1735
1782334140.970198,1788
1782334140.9702048,1848
1782334140.9713569,1857
1782334140.972515,1871
1782334140.973786,1897
1782334140.975067,1903
1782334140.9750881,1806
1782334140.976845,1783
1782334140.9787571,1814
1782334140.97876,1844
1782334140.9800231,1874
1782334140.98129,1881
1782334140.981293,1885
1782334140.98257,1893
1782334140.983841,1826
1782334140.985118,1770
1782334140.985124,1809
1782334140.986403,1861
1782334140.987686,1890
1782334140.988968,1875
1782334140.9902499,1890
1782334140.990256,1907
1782334140.9915361,1854
1782334140.99281,1819
1782334140.994085,1818
1782334140.994089,1838
1782334140.995358,1847
1782334140.996626,1822
1782334140.997898,1822
1782334140.9991722,1823
1782334140.999176,1804
1782334140.999178,1796
1782334141.000443,1800
1782334141.001715,1835
1782334141.002989,1871
1782334141.004261,1870
1782334141.0042639,1871
1782334141.005543,1870
1782334141.006828,1850
1782334141.009523,1810
1782334141.0095282,1803
1782334141.009529,1815
1782334141.010795,1866
1782334141.012012,1854
1782334141.0132859,1846
1782334141.013289,1851
1782334141.014559,1803
1782334141.015844,1799
1782334141.017117,1829
1782334141.01712,1832
1782334141.018399,1825
1782334141.019685,1812
1782334141.020969,1832
1782334141.022248,1860
1782334141.022251,1895
1782334141.023529,1860
1782334141.024817,1798
1782334141.026104,1826
1782334141.02611,1851
1782334141.027394,1854
1782334141.028678,1855
1782334141.029954,1849
1782334141.03124,1857
1782334141.0312462,1839
1782334141.0325298,1876
1782334141.033819,1911
1782334141.035106,1919
1782334141.035112,1903
1782334141.0363982,1815
1782334141.0376709,1761
1782334141.039497,1770
1782334141.0395021,1769
1782334141.041439,1743
1782334141.0414422,1775
1782334141.0427089,1809
1782334141.0439832,1861
1782334141.045269,1858
1782334141.045276,1865
1782334141.046548,1899
1782334141.0478148,1877
1782334141.049102,1825
1782334141.049109,1821
1782334141.050389,1876
1782334141.0516732,1935
1782334141.0529568,1947
1782334141.05427,1919
1782334141.0542772,1897
1782334141.055559,1873
1782334141.056849,1807
1782334141.0581381,1818
1782334141.058144,1830
1782334141.05943,1865
1782334141.0607202,1854
1782334141.062003,1871
1782334141.063282,1911
1782334141.0632849,1887
1782334141.0645561,1786
1782334141.065831,1773
1782334141.067112,1836
1782334141.0671182,1853
1782334141.068403,1871
1782334141.0699599,1902
1782334141.072151,1908
1782334141.072154,1898
1782334141.072155,1842
1782334141.0734239,1802
1782334141.074708,1839
1782334141.075994,1889
1782334141.077282,1880
1782334141.0772889,1890
1782334141.078573,1892
1782334141.079672,1896
1782334141.0809531,1846
1782334141.082242,1779
1782334141.082249,1791
1782334141.083531,1831
1782334141.084816,1829
1782334141.086101,1857
1782334141.0861068,1866
1782334141.087393,1886
1782334141.088678,1803
1782334141.089967,1769
1782334141.091251,1807
1782334141.091257,1856
1782334141.0925388,1866
1782334141.093827,1902
1782334141.0951118,1890
1782334141.095118,1896
1782334141.096388,1845
1782334141.097675,1769
1782334141.100797,1775
1782334141.1008,1815
1782334141.100802,1848
1782334141.1019049,1862
1782334141.103183,1867
1782334141.1031868,1891
1782334141.104476,1858
1782334141.105767,1821
1782334141.107059,1826
1782334141.1083431,1863
1782334141.10835,1885
1782334141.109621,1860
1782334141.110902,1866
1782334141.112193,1883
1782334141.1122,1863
1782334141.1134841,1764
1782334141.114772,1787
1782334141.116054,1811
1782334141.117336,1843
1782334141.117342,1833
1782334141.1186209,1839
1782334141.119904,1864
1782334141.121187,1861
1782334141.121193,1826
1782334141.122472,1746
1782334141.123754,1787
1782334141.1250381,1810
1782334141.126324,1810
1782334141.1263301,1852
1782334141.127614,1880
1782334141.129408,1897
1782334141.1294131,1827
1782334141.1294138,1792
1782334141.1317818,1853
1782334141.1317859,1896
1782334141.133054,1955
1782334141.134326,1975
1782334141.134329,1938
1782334141.135605,1889
1782334141.136887,1738
1782334141.137989,1613
1782334141.1392791,1688
1782334141.139286,1748
1782334141.1405702,1839
1782334141.141851,1871
1782334141.143125,1898
1782334141.1431282,1914
1782334141.144405,1839
1782334141.145686,1779
1782334141.14697,1839
1782334141.1482549,1887
1782334141.148261,1899
1782334141.149539,1893
1782334141.1508238,1919
1782334141.152106,1922
1782334141.1521122,1854
1782334141.153389,1786
1782334141.1546738,1793
1782334141.155961,1856
1782334141.1572459,1917
1782334141.157253,1902
1782334141.1589491,1875
1782334141.161763,1862
1782334141.161769,1791
1782334141.1617699,1761
1782334141.163038,1760
1782334141.164319,1820
1782334141.1643252,1851
1782334141.165604,1853
1782334141.1668851,1875
1782334141.168158,1903
1782334141.168162,1867
1782334141.169437,1775
1782334141.170717,1790
1782334141.171998,1829
1782334141.173285,1856
1782334141.173291,1875
1782334141.174569,1875
1782334141.1758568,1880
1782334141.177139,1864
1782334141.177145,1791
1782334141.178423,1771
1782334141.179706,1816
1782334141.1809862,1857
1782334141.1822689,1837
1782334141.182275,1843
1782334141.183554,1874
1782334141.1848378,1876
1782334141.18612,1812
1782334141.186124,1788
1782334141.187527,1832
1782334141.188881,1876
1782334141.1901839,1890
1782334141.190197,1881
1782334141.193954,1887
1782334141.193964,1903
1782334141.193965,1849
1782334141.1952379,1789
1782334141.1965098,1824
1782334141.1965141,1820
1782334141.19779,1861
1782334141.199072,1868
1782334141.1990871,1881
1782334141.200386,1880
1782334141.20167,1838
1782334141.202954,1775
1782334141.204234,1790
1782334141.2042398,1827
1782334141.205513,1861
1782334141.206794,1850
1782334141.208166,1886
1782334141.208184,1925
1782334141.209514,1847
1782334141.2108018,1795
1782334141.2120981,1812
1782334141.2121248,1871
1782334141.213444,1913
1782334141.214723,1868
1782334141.2160141,1852
1782334141.217346,1848
1782334141.217358,1823
1782334141.218664,1775
1782334141.2199628,1769
1782334141.221248,1832
1782334141.2212539,1885
1782334141.2234838,1881
1782334141.223489,1884
1782334141.224769,1933
1782334141.226051,1841
1782334141.22607,1778
1782334141.227402,1790
1782334141.2286909,1849
1782334141.229972,1844
1782334141.231248,1877
1782334141.231253,1898
1782334141.232529,1925
1782334141.233809,1928
1782334141.235182,1854
1782334141.235199,1800
1782334141.2365131,1801
1782334141.237796,1800
1782334141.2390919,1812
1782334141.239119,1869
1782334141.240416,1893
1782334141.24172,1880
1782334141.2430139,1827
1782334141.2443159,1767
1782334141.244328,1782
1782334141.2456582,1812
1782334141.246958,1797
1782334141.248283,1849
1782334141.248289,1902
1782334141.249571,1925
1782334141.251243,1862
1782334141.25125,1784
1782334141.253559,1834
1782334141.253564,1839
1782334141.254837,1838
1782334141.256107,1867
1782334141.256112,1890
1782334141.257406,1901
1782334141.258689,1818
1782334141.258695,1754
1782334141.259973,1807
1782334141.261257,1828
1782334141.2612631,1865
1782334141.26254,1884
1782334141.263883,1886
1782334141.265196,1919
1782334141.265208,1861
1782334141.266488,1786
1782334141.267785,1795
1782334141.269105,1821
1782334141.269136,1862
1782334141.270438,1884
1782334141.271756,1868
1782334141.273037,1918
1782334141.274344,1871
1782334141.274355,1798
1782334141.2756422,1802
1782334141.276939,1858
1782334141.278262,1893
1782334141.278272,1876
1782334141.279573,1890
1782334141.280755,1876
1782334141.2844741,1828
1782334141.284479,1737
1782334141.284506,1720
1782334141.28451,1796
1782334141.285782,1858
1782334141.2870479,1862
1782334141.287064,1901
1782334141.288337,1899
1782334141.289632,1853
1782334141.290912,1782
1782334141.292182,1764
1782334141.292186,1807
1782334141.293486,1832
1782334141.294791,1852
1782334141.296076,1887
1782334141.2960808,1874
1782334141.297374,1885
1782334141.298681,1791
1782334141.29999,1746
1782334141.3013,1824
1782334141.301315,1867
1782334141.3026361,1885
1782334141.303755,1896
1782334141.3050518,1884
1782334141.3063931,1934
1782334141.306401,1845
1782334141.307703,1732
1782334141.3089821,1791
1782334141.310278,1853
1782334141.310289,1844
1782334141.311566,1843
1782334141.31433,1890
1782334141.3143349,1917
1782334141.314337,1826
1782334141.3156228,1755
1782334141.3169239,1775
1782334141.318229,1823
1782334141.318239,1851
1782334141.3195431,1875
1782334141.320853,1924
1782334141.322162,2020
1782334141.322176,2003
1782334141.3234549,1854
1782334141.3247511,1778
1782334141.326077,1778
1782334141.326145,1804
1782334141.327452,1783
1782334141.328733,1773
1782334141.330034,1812
1782334141.331315,1792
1782334141.331319,1757
1782334141.3326132,1804
1782334141.333906,1854
1782334141.3352299,1849
1782334141.335239,1884
1782334141.336509,1908
1782334141.337784,1910
1782334141.33911,1879
1782334141.339128,1784
1782334141.340427,1750
1782334141.3417442,1836
1782334141.3454,1855
1782334141.3454049,1839
1782334141.345407,1899
1782334141.345408,1879
1782334141.3466802,1885
1782334141.3479512,1797
1782334141.3492239,1754
1782334141.3492281,1854
1782334141.350494,1881
1782334141.351785,1876
1782334141.3530931,1901
1782334141.353111,1903
1782334141.354439,1859
1782334141.355718,1793
1782334141.356989,1719
1782334141.358272,1797
1782334141.358279,1848
1782334141.3595579,1863
1782334141.360864,1855
1782334141.3621519,1864
1782334141.3621602,1865
1782334141.363443,1773
1782334141.364738,1727
1782334141.3660538,1801
1782334141.3673432,1855
1782334141.367347,1839
1782334141.3686411,1884
1782334141.369942,1903
1782334141.371256,1954
1782334141.371264,1833
1782334141.373507,1764
1782334141.373512,1807
1782334141.3764238,1867
1782334141.37643,1869
1782334141.3764322,1880
1782334141.37771,1884
1782334141.378988,1909
1782334141.38027,1831
1782334141.380277,1756
1782334141.381582,1786
1782334141.382889,1861
1782334141.3841941,1860
1782334141.384205,1851
1782334141.3855228,1891
1782334141.386828,1922
1782334141.3881118,1862
1782334141.388122,1788
1782334141.388124,1768
1782334141.389407,1828
1782334141.3907032,1864
1782334141.39201,1876
1782334141.3933241,1907
1782334141.393335,1909
1782334141.394654,1849
1782334141.3959339,1805
1782334141.397239,1781
1782334141.39725,1843
1782334141.398548,1859
1782334141.399864,1830
1782334141.401163,1831
1782334141.401175,1850
1782334141.4035609,1870
1782334141.403567,1783
1782334141.4065092,1769
1782334141.406514,1796
1782334141.406516,1845
1782334141.407786,1875
1782334141.408951,1919
1782334141.4102242,1950
1782334141.410229,1900
1782334141.411529,1791
1782334141.4128141,1711
1782334141.414112,1781
1782334141.4141262,1855
1782334141.415421,1897
1782334141.416724,1887
1782334141.418035,1864
1782334141.4193401,1866
1782334141.419351,1825
1782334141.420635,1743
1782334141.421939,1772
1782334141.423244,1842
1782334141.423255,1818
1782334141.424563,1852
1782334141.4258718,1884
1782334141.4271739,1862
1782334141.4271848,1800
1782334141.428467,1765
1782334141.42976,1864
1782334141.43105,1907
1782334141.431073,1920
1782334141.432367,1900
1782334141.43401,1914
1782334141.437522,1908
1782334141.437529,1812
1782334141.437532,1729
1782334141.4375339,1774
1782334141.438805,1823
1782334141.440075,1890
1782334141.44008,1878
1782334141.441352,1899
1782334141.442626,1903
1782334141.4439418,1828
1782334141.4452548,1742
1782334141.445269,1747
1782334141.4465668,1824
1782334141.44785,1856
1782334141.449142,1865
1782334141.449152,1916
1782334141.450436,1942
1782334141.451756,1902
1782334141.453053,1796
1782334141.4530828,1772
1782334141.454379,1831
1782334141.45568,1844
1782334141.456943,1849
1782334141.458217,1944
1782334141.4582222,1942
1782334141.459511,1870
1782334141.4608052,1769
1782334141.462086,1726
1782334141.4621089,1782
1782334141.465076,1802
1782334141.465089,1821
1782334141.46513,1878
1782334141.469409,1874
1782334141.469415,1891
1782334141.4694169,1791
1782334141.469419,1733
1782334141.470691,1825
1782334141.4719748,1843
1782334141.473248,1856
1782334141.473252,1915
1782334141.474519,1926
1782334141.47581,1915
1782334141.4771168,1811
1782334141.477132,1728
1782334141.4784079,1826
1782334141.479703,1871
1782334141.480986,1898
1782334141.482281,1930
1782334141.482292,1930
1782334141.483593,1942
1782334141.484878,1818
1782334141.4861739,1756
1782334141.486183,1780
1782334141.487479,1817
1782334141.488757,1834
1782334141.49005,1859
1782334141.491346,1890
1782334141.4913568,1919
1782334141.4927008,1849
1782334141.493995,1771
1782334141.495645,1787
1782334141.4956548,1839
1782334141.4995131,1902
1782334141.49952,1912
1782334141.499522,1900
1782334141.499525,1878
1782334141.5008051,1751
1782334141.502076,1722
1782334141.50208,1787
1782334141.503351,1866
1782334141.5046751,1864
1782334141.505952,1867
1782334141.507252,1867
1782334141.507265,1871
1782334141.508595,1829
1782334141.509917,1751
1782334141.511254,1739
1782334141.511265,1838
1782334141.5125718,1853
1782334141.513898,1883
1782334141.515209,1925
1782334141.5152159,1924
1782334141.515218,1855
1782334141.5165172,1786
1782334141.5178082,1768
1782334141.519097,1865
1782334141.5191061,1861
1782334141.520412,1869
1782334141.521494,1930
1782334141.522773,1935
1782334141.524053,1892
1782334141.524072,1790
1782334141.525575,1727
1782334141.5295591,1806
1782334141.529568,1855
1782334141.529571,1859
1782334141.5295732,1889
1782334141.530869,1934
1782334141.532165,1909
1782334141.532171,1789
1782334141.5347478,1727
1782334141.53476,1785
1782334141.536031,1824
1782334141.53732,1845
1782334141.537326,1865
1782334141.538621,1902
1782334141.5398998,1919
1782334141.541182,1804
1782334141.5411892,1711
1782334141.54247,1770
1782334141.5437639,1830
1782334141.545068,1860
1782334141.545098,1876
1782334141.546377,1891
1782334141.547673,1908
1782334141.548981,1800
1782334141.550289,1730
1782334141.5502982,1766
1782334141.551598,1833
1782334141.5528939,1884
1782334141.5541928,1886
1782334141.5542002,1900
1782334141.555488,1898
1782334141.55829,1857
1782334141.558298,1817
1782334141.5583,1819
1782334141.559586,1866
1782334141.560875,1871
1782334141.5621629,1903
1782334141.562171,1916
1782334141.563448,1893
1782334141.564728,1871
1782334141.5660028,1863
1782334141.5672781,1853
1782334141.567283,1839
1782334141.568607,1838
1782334141.569929,1844
1782334141.571232,1844
1782334141.5712378,1822
1782334141.572526,1792
1782334141.5738182,1779
1782334141.575113,1791
1782334141.575121,1791
1782334141.576421,1784
1782334141.577712,1796
1782334141.579009,1815
1782334141.5802932,1814
1782334141.580299,1818
1782334141.5815942,1789
1782334141.5828989,1781
1782334141.584204,1800
1782334141.584214,1818
1782334141.585549,1805
1782334141.588794,1788
1782334141.588799,1819
1782334141.588801,1863
1782334141.5900722,1835
1782334141.590076,1867
1782334141.591208,1863
1782334141.5924768,1822
1782334141.59377,1757
1782334141.595076,1797
1782334141.595118,1831
1782334141.596428,1827
1782334141.597737,1810
1782334141.5990589,1832
1782334141.6003609,1842
1782334141.600369,1847
1782334141.6016672,1855
1782334141.602991,1862
1782334141.604287,1883
1782334141.604299,1862
1782334141.605603,1844
1782334141.6068952,1860
1782334141.608194,1884
1782334141.608205,1850
1782334141.6095092,1826
1782334141.6107898,1860
1782334141.612108,1906
1782334141.612131,1910
1782334141.613431,1911
1782334141.614711,1922
1782334141.6159801,1880
1782334141.618706,1863
1782334141.618711,1837
1782334141.618712,1844
1782334141.619992,1838
1782334141.621262,1829
1782334141.621266,1790
1782334141.6225002,1788
1782334141.6238,1792
1782334141.6251142,1781
1782334141.625122,1821
1782334141.626415,1836
1782334141.627715,1857
1782334141.629013,1864
1782334141.630167,1845
1782334141.6301708,1850
1782334141.6314602,1852
1782334141.632747,1869
1782334141.63403,1871
1782334141.635326,1855
1782334141.6353369,1887
1782334141.636645,1860
1782334141.6379259,1839
1782334141.6392179,1843
1782334141.639231,1839
1782334141.640525,1849
1782334141.641823,1855
1782334141.64312,1849
1782334141.64313,1864
1782334141.643136,1887
1782334141.6444328,1858
1782334141.645731,1839
1782334141.647006,1858
1782334141.649611,1871
1782334141.6496158,1876
1782334141.649618,1863
1782334141.650889,1862
1782334141.652159,1871
1782334141.652163,1863
1782334141.653436,1847
1782334141.654753,1844
1782334141.6560562,1830
1782334141.657362,1847
1782334141.657374,1844
1782334141.658665,1833
1782334141.6599581,1839
1782334141.661255,1816
1782334141.661264,1850
1782334141.66256,1829
1782334141.663861,1823
1782334141.665164,1824
1782334141.665174,1856
1782334141.6664882,1837
1782334141.667794,1815
1782334141.6691,1823
1782334141.669112,1822
1782334141.6704152,1831
1782334141.6717188,1826
1782334141.6729999,1865
1782334141.6742918,1887
1782334141.674303,1859
1782334141.675606,1854
1782334141.677506,1851
1782334141.677512,1851
1782334141.680767,1839
1782334141.680774,1849
1782334141.680776,1860
1782334141.682059,1883
1782334141.682065,1882
1782334141.683305,1864
1782334141.684578,1844
1782334141.6858711,1819
1782334141.687168,1812
1782334141.687177,1838
1782334141.688493,1852
1782334141.6897762,1883
1782334141.691075,1871
1782334141.691128,1900
1782334141.6924212,1855
1782334141.693742,1833
1782334141.695029,1798
1782334141.6963289,1814
1782334141.696341,1822
1782334141.6976151,1856
1782334141.6988869,1845
1782334141.700182,1826
1782334141.700193,1803
1782334141.701497,1850
1782334141.7027981,1854
1782334141.704121,1833
1782334141.70413,1847
1782334141.705417,1835
1782334141.7067251,1847
1782334141.7081048,1839
1782334141.708114,1843
1782334141.711615,1852
1782334141.711624,1869
1782334141.711626,1895
1782334141.712928,1874
1782334141.714203,1846
1782334141.714207,1820
1782334141.71548,1801
1782334141.716749,1807
1782334141.71804,1806
1782334141.719347,1791
1782334141.719358,1822
1782334141.7206578,1836
1782334141.721962,1859
1782334141.7232661,1860
1782334141.723277,1854
1782334141.7245781,1871
1782334141.72586,1886
1782334141.7271528,1884
1782334141.7271638,1862
1782334141.7284648,1850
1782334141.729769,1810
1782334141.731064,1784
1782334141.731086,1822
1782334141.73238,1861
1782334141.73368,1850
1782334141.7349792,1842
1782334141.73628,1858
1782334141.73629,1852
1782334141.737582,1844
1782334141.738883,1850
1782334141.740488,1875
1782334141.740502,1877
1782334141.745752,1852
1782334141.745763,1868
1782334141.7457652,1850
1782334141.7457669,1848
1782334141.7457678,1853
1782334141.747054,1859
1782334141.747081,1859
1782334141.748353,1879
1782334141.749544,1881
1782334141.750821,1869
1782334141.7521238,1845
1782334141.752137,1830
1782334141.753454,1823
1782334141.75473,1823
1782334141.756,1834
1782334141.757288,1848
1782334141.757299,1855
1782334141.7585988,1859
1782334141.759913,1835
1782334141.7612329,1829
1782334141.7612412,1825
1782334141.762534,1828
1782334141.763832,1838
1782334141.765128,1859
1782334141.76514,1877
1782334141.7664378,1839
1782334141.767734,1832
1782334141.769036,1839
1782334141.7709281,1832
1782334141.7709389,1862
1782334141.770945,1871
1782334141.772255,1850
1782334141.772266,1846
1782334141.776027,1824
1782334141.776033,1825
1782334141.776035,1814
1782334141.777322,1821
1782334141.777326,1836
1782334141.778593,1837
1782334141.779862,1815
1782334141.7811341,1839
1782334141.781139,1839
1782334141.782429,1827
1782334141.78373,1804
1782334141.7850292,1829
1782334141.78634,1830
1782334141.7863529,1831
1782334141.787648,1848
1782334141.7889721,1862
1782334141.790287,1853
1782334141.790299,1846
1782334141.7916028,1839
1782334141.792835,1837
1782334141.794127,1855
1782334141.7941382,1875
1782334141.795397,1858
1782334141.796679,1839
1782334141.7979531,1833
1782334141.799248,1843
1782334141.799258,1844
1782334141.80095,1848
1782334141.8052428,1876
1782334141.805249,1884
1782334141.8052511,1900
1782334141.805253,1843
1782334141.805255,1825
1782334141.8065321,1886
1782334141.807801,1898
1782334141.809077,1937
1782334141.809084,1903
1782334141.8104022,1868
1782334141.811701,1807
1782334141.8130088,1762
1782334141.814303,1723
1782334141.814307,1740
1782334141.815596,1775
1782334141.8169112,1817
1782334141.8182158,1846
1782334141.818228,1873
1782334141.81951,1883
1782334141.8207822,1877
1782334141.8220742,1882
1782334141.8221078,1880
1782334141.8234088,1864
1782334141.8245702,1847
1782334141.825852,1845
1782334141.827146,1842
1782334141.827156,1839
1782334141.82845,1844
1782334141.8303201,1832
1782334141.830335,1838
1782334141.834406,1844
1782334141.8344162,1845
1782334141.8344178,1878
1782334141.83442,1850
1782334141.835705,1862
1782334141.836986,1864
1782334141.838259,1870
1782334141.838264,1837
1782334141.8395362,1828
1782334141.840831,1844
1782334141.8421261,1851
1782334141.842135,1882
1782334141.843449,1891
1782334141.844749,1889
1782334141.846059,1871
1782334141.847369,1861
1782334141.847382,1800
1782334141.848685,1750
1782334141.8499808,1731
1782334141.851286,1750
1782334141.8512971,1795
1782334141.852624,1825
1782334141.8537312,1839
1782334141.8550432,1853
1782334141.8563368,1845
1782334141.856349,1849
1782334141.857665,1851
1782334141.858927,1853
1782334141.860391,1859
1782334141.860399,1878
1782334141.861751,1878
1782334141.8654542,1863
1782334141.865462,1847
1782334141.8654652,1845
1782334141.8654668,1819
1782334141.8667798,1861
1782334141.8680692,1863
1782334141.868099,1867
1782334141.869371,1869
1782334141.870655,1865
1782334141.871935,1866
1782334141.873237,1832
1782334141.873248,1831
1782334141.874551,1820
1782334141.8758311,1838
1782334141.877117,1836
1782334141.877126,1871
1782334141.878422,1854
1782334141.8797052,1844
1782334141.880976,1833
1782334141.882271,1839
1782334141.882282,1849
1782334141.883573,1855
1782334141.884872,1838
1782334141.886174,1859
1782334141.886184,1859
1782334141.887491,1834
1782334141.888784,1821
1782334141.890083,1827
1782334141.8901188,1811
1782334141.89271,1833
1782334141.892722,1854
1782334141.897194,1859
1782334141.897202,1845
1782334141.8972049,1843
1782334141.897207,1844
1782334141.8972092,1823
1782334141.8972118,1839
1782334141.898489,1852
1782334141.899765,1867
1782334141.901046,1882
1782334141.90107,1871
1782334141.902174,1864
1782334141.903463,1859
1782334141.9046772,1846
1782334141.9059489,1860
1782334141.907242,1820
1782334141.907254,1807
1782334141.908397,1807
1782334141.9096918,1843
1782334141.9109938,1842
1782334141.91206,1835
1782334141.912096,1863
1782334141.9133708,1871
1782334141.914645,1854
1782334141.915926,1855
1782334141.917206,1866
1782334141.917213,1855
1782334141.918506,1823
1782334141.919797,1847
1782334141.922037,1838
1782334141.922048,1824
1782334141.92734,1862
1782334141.927346,1863
1782334141.927348,1871
1782334141.92735,1887
1782334141.927351,1869
1782334141.9273531,1870
1782334141.9286232,1814
1782334141.929905,1801
1782334141.931179,1815
1782334141.931183,1836
1782334141.9324741,1828
1782334141.933772,1820
1782334141.9350662,1824
1782334141.935103,1841
1782334141.9364,1864
1782334141.9376938,1850
1782334141.938998,1865
1782334141.940301,1864
1782334141.940313,1866
1782334141.94161,1853
1782334141.942902,1876
1782334141.944201,1865
1782334141.944211,1839
1782334141.945396,1821
1782334141.946686,1812
1782334141.947977,1811
1782334141.9492722,1805
1782334141.9492831,1794
1782334141.9506,1814
1782334141.952338,1812
1782334141.952351,1839
1782334141.9539928,1859
1782334141.957624,1877
1782334141.957628,1883
1782334141.9576309,1850
1782334141.957632,1807
1782334141.9589021,1802
1782334141.960171,1785
1782334141.960175,1800
1782334141.961442,1807
1782334141.9627142,1827
1782334141.9638,1868
1782334141.965098,1897
1782334141.965111,1914
1782334141.9664059,1923
1782334141.967718,1924
1782334141.9690309,1906
1782334141.97033,1866
1782334141.97034,1860
1782334141.971633,1865
1782334141.972927,1844
1782334141.974232,1803
1782334141.974242,1725
1782334141.975528,1758
1782334141.976821,1782
1782334141.978121,1783
1782334141.978135,1796
1782334141.9794261,1835
1782334141.98073,1844
1782334141.982075,1857
1782334141.98208,1880
1782334141.986209,1887
1782334141.9862158,1880
1782334141.986218,1845
1782334141.9862201,1825
1782334141.9874911,1854
1782334141.9887612,1884
1782334141.990048,1880
1782334141.990071,1882
1782334141.991232,1871
1782334141.992518,1844
1782334141.99381,1838
1782334141.995104,1822
1782334141.995113,1834
1782334141.9964,1843
1782334141.997699,1831
1782334141.998986,1839
1782334142.0002859,1830
1782334142.000298,1839
1782334142.001845,1863
1782334142.0031471,1860
1782334142.003157,1839
1782334142.004459,1866
1782334142.005762,1858
1782334142.007076,1833
1782334142.007112,1836
1782334142.0084102,1848
1782334142.009717,1852
1782334142.012527,1826
1782334142.012537,1839
1782334142.012543,1839
1782334142.017251,1849
1782334142.017256,1894
1782334142.017258,1835
1782334142.01726,1792
1782334142.017261,1817
1782334142.018532,1830
1782334142.0198,1837
1782334142.0210829,1860
1782334142.021087,1846
1782334142.022377,1864
1782334142.023678,1863
1782334142.024961,1859
1782334142.026273,1871
1782334142.02628,1878
1782334142.026282,1861
1782334142.027586,1879
1782334142.0288901,1839
1782334142.030171,1829
1782334142.030175,1827
1782334142.031465,1863
1782334142.032768,1858
1782334142.034071,1834
1782334142.034111,1826
1782334142.035411,1839
1782334142.036713,1871
1782334142.037992,1866
1782334142.0392919,1854
1782334142.0393019,1843
1782334142.040606,1838
1782334142.0430112,1847
1782334142.043023,1839
1782334142.044516,1834
1782334142.044527,1846
1782334142.04929,1817
1782334142.049296,1830
1782334142.0492978,1839
1782334142.0493,1859
1782334142.049302,1858
1782334142.050573,1850
1782334142.051842,1843
1782334142.0530272,1829
1782334142.054323,1844
1782334142.054333,1833
1782334142.0556319,1861
1782334142.056936,1869
1782334142.058238,1877
1782334142.058248,1871
1782334142.059575,1876
1782334142.0609112,1820
1782334142.062228,1781
1782334142.062241,1789
1782334142.063561,1849
1782334142.0648692,1886
1782334142.066168,1876
1782334142.06618,1883
1782334142.067456,1859
1782334142.068728,1852
1782334142.070018,1918
1782334142.0713332,1930
1782334142.071341,1903
1782334142.072639,1880
1782334142.074135,1833
1782334142.074144,1793
1782334142.0781288,1759
1782334142.078134,1752
1782334142.078136,1757
1782334142.078138,1760
1782334142.0794082,1763
1782334142.080641,1796
1782334142.0819168,1799
1782334142.083213,1837
1782334142.083224,1900
1782334142.084539,1899
1782334142.085846,1875
1782334142.087168,1888
1782334142.087177,1848
1782334142.088492,1836
1782334142.089791,1830
1782334142.091112,1814
1782334142.091121,1825
1782334142.092427,1845
1782334142.093728,1853
1782334142.09504,1866
1782334142.0963461,1885
1782334142.09636,1886
1782334142.097656,1900
1782334142.098956,1868
1782334142.100265,1815
1782334142.100276,1791
1782334142.101591,1770
1782334142.1029062,1801
1782334142.105084,1857
1782334142.105092,1830
1782334142.105336,1839
1782334142.1091142,1842
1782334142.10912,1848
1782334142.109122,1849
1782334142.1091242,1839
1782334142.1103969,1851
1782334142.111667,1839
1782334142.112788,1866
1782334142.1140852,1890
1782334142.114121,1848
1782334142.115415,1852
1782334142.116749,1850
1782334142.1180558,1828
1782334142.1181,1831
1782334142.119405,1874
1782334142.120707,1876
1782334142.122011,1836
1782334142.123334,1807
1782334142.1233459,1824
1782334142.1246772,1826
1782334142.125978,1824
1782334142.127288,1847
1782334142.127299,1853
1782334142.128623,1864
1782334142.129907,1854
1782334142.13119,1883
1782334142.131197,1860
1782334142.1325262,1867
1782334142.134151,1862
1782334142.134412,1832
1782334142.138622,1818
1782334142.1386292,1849
1782334142.1386318,1870
1782334142.138634,1869
1782334142.1399071,1851
1782334142.1411772,1810
1782334142.141181,1820
1782334142.1424582,1835
1782334142.143751,1849
1782334142.145059,1846
1782334142.1463602,1848
1782334142.146365,1849
1782334142.1476579,1835
1782334142.1489642,1828
1782334142.150265,1836
1782334142.1502762,1852
1782334142.1515892,1871
1782334142.1528928,1852
1782334142.154219,1865
1782334142.154231,1837
1782334142.1542342,1838
1782334142.1555321,1831
1782334142.1568372,1848
1782334142.1581361,1833
1782334142.158148,1842
1782334142.159446,1877
1782334142.160747,1847
1782334142.162039,1824
1782334142.1651149,1828
1782334142.1651258,1822
1782334142.16513,1842
1782334142.1655412,1844
1782334142.170321,1854
1782334142.17033,1864
1782334142.170332,1860
1782334142.170335,1890
1782334142.170337,1903
1782334142.1716359,1896
1782334142.1729338,1897
1782334142.1742249,1890
1782334142.1742332,1885
1782334142.1755352,1896
1782334142.1768582,1853
1782334142.178168,1820
1782334142.178178,1814
1782334142.179465,1817
1782334142.1807659,1816
1782334142.1820512,1786
1782334142.182087,1794
1782334142.183378,1826
1782334142.184674,1845
1782334142.1858099,1839
1782334142.187108,1842
1782334142.187118,1836
1782334142.188403,1852
1782334142.189718,1871
1782334142.191006,1860
1782334142.1922848,1858
1782334142.192291,1823
1782334142.193578,1814
1782334142.1948538,1849
1782334142.1962318,1844
1782334142.196237,1868
1782334142.1998441,1862
1782334142.199852,1835
1782334142.199855,1842
1782334142.201142,1822
1782334142.2011468,1807
1782334142.202421,1807
1782334142.2035332,1819
1782334142.2048252,1843
1782334142.20613,1866
1782334142.206141,1870
1782334142.20744,1869
1782334142.208761,1812
1782334142.210098,1814
1782334142.210109,1812
1782334142.212737,1820
1782334142.2127519,1817
1782334142.214047,1835
1782334142.2140732,1847
1782334142.215362,1838
1782334142.216657,1839
1782334142.217963,1845
1782334142.21926,1867
1782334142.21927,1844
1782334142.220385,1839
1782334142.221667,1844
1782334142.2229462,1863
1782334142.2242281,1871
1782334142.2242339,1858
1782334142.225627,1843
1782334142.2291782,1865
1782334142.229187,1845
1782334142.2291892,1835
1782334142.2291908,1848
1782334142.230487,1843
1782334142.231772,1825
1782334142.23305,1826
1782334142.233064,1839
1782334142.234346,1849
1782334142.235661,1865
1782334142.236971,1871
1782334142.238274,1862
1782334142.2382872,1851
1782334142.239587,1850
1782334142.24087,1837
1782334142.2421608,1850
1782334142.242172,1870
1782334142.2434728,1874
1782334142.244779,1864
1782334142.24611,1854
1782334142.2461162,1860
1782334142.2474408,1846
1782334142.248755,1845
1782334142.250054,1848
1782334142.25008,1846
1782334142.251373,1836
1782334142.252678,1830
1782334142.254519,1850
1782334142.254524,1838
1782334142.258283,1812
1782334142.2582889,1818
1782334142.258291,1807
1782334142.258293,1838
1782334142.259562,1815
1782334142.260834,1826
1782334142.262109,1839
1782334142.262115,1846
1782334142.263409,1854
1782334142.2647119,1863
1782334142.266013,1838
1782334142.267324,1845
1782334142.267333,1871
1782334142.26865,1853
1782334142.2699451,1858
1782334142.271272,1869
1782334142.271283,1880
1782334142.2726028,1875
1782334142.2739022,1861
1782334142.275202,1836
1782334142.275211,1848
1782334142.276523,1846
1782334142.277825,1817
1782334142.279121,1852
1782334142.2791302,1849
1782334142.2804348,1883
1782334142.281738,1864
1782334142.283041,1780
1782334142.283051,1799
1782334142.284367,1803
1782334142.2843788,1759
1782334142.285763,1767
1782334142.2890298,1823
1782334142.289035,1862
1782334142.289037,1874
1782334142.290314,1849
1782334142.29032,1855
1782334142.291596,1868
1782334142.2928839,1862
1782334142.294167,1862
1782334142.294173,1871
1782334142.295466,1839
1782334142.296767,1816
1782334142.298058,1833
1782334142.298063,1876
1782334142.299357,1863
1782334142.300656,1860
1782334142.3019679,1860
1782334142.303276,1886
1782334142.303285,1893
1782334142.304584,1876
1782334142.3058891,1874
1782334142.307192,1862
1782334142.307204,1839
1782334142.308505,1839
1782334142.309809,1857
1782334142.311111,1839
1782334142.311122,1874
1782334142.3124218,1869
1782334142.313728,1863
1782334142.315671,1842
1782334142.315676,1827
1782334142.319474,1829
1782334142.319482,1830
1782334142.3194828,1812
1782334142.319485,1813
1782334142.320755,1820
1782334142.322023,1855
1782334142.3233001,1846
1782334142.323304,1827
1782334142.324594,1828
1782334142.325902,1823
1782334142.327232,1818
1782334142.327243,1850
1782334142.3285398,1863
1782334142.329845,1863
1782334142.3311338,1863
1782334142.331139,1852
1782334142.332435,1835
1782334142.33374,1830
1782334142.335029,1829
1782334142.3363268,1811
1782334142.336342,1832
1782334142.337614,1831
1782334142.3389251,1848
1782334142.3402328,1870
1782334142.340245,1864
1782334142.341551,1831
1782334142.342863,1822
1782334142.344168,1850
1782334142.344179,1877
1782334142.3454762,1839
1782334142.34676,1834
1782334142.3480651,1856
1782334142.3480692,1857
1782334142.3514528,1852
1782334142.351459,1844
1782334142.3514612,1858
1782334142.352729,1851
1782334142.3539982,1851
1782334142.355273,1849
1782334142.355277,1836
1782334142.356589,1830
1782334142.357891,1824
1782334142.359205,1858
1782334142.359218,1860
1782334142.360547,1860
1782334142.361852,1855
1782334142.363147,1831
1782334142.363158,1847
1782334142.364445,1817
1782334142.365741,1821
1782334142.367038,1846
1782334142.368343,1902
1782334142.368356,1908
1782334142.369645,1908
1782334142.370944,1878
1782334142.372243,1838
1782334142.372254,1774
1782334142.373548,1797
1782334142.374869,1831
1782334142.37619,1888
1782334142.3761978,1948
1782334142.3774788,1918
1782334142.381248,1830
1782334142.381254,1783
1782334142.381255,1785
1782334142.381257,1746
1782334142.3825269,1726
1782334142.383795,1752
1782334142.385067,1820
1782334142.385074,1828
1782334142.386375,1852
1782334142.3876789,1856
1782334142.388982,1884
1782334142.390286,1894
1782334142.3902972,1889
1782334142.3916008,1859
1782334142.39293,1839
1782334142.394232,1823
1782334142.3942459,1822
1782334142.3954072,1799
1782334142.396706,1859
1782334142.398033,1858
1782334142.39934,1832
1782334142.39935,1838
1782334142.400658,1849
1782334142.4019608,1848
1782334142.4032829,1837
1782334142.403291,1843
1782334142.404597,1835
1782334142.4059122,1854
1782334142.407238,1854
1782334142.4072452,1867
1782334142.408594,1849
1782334142.412629,1876
1782334142.412637,1885
1782334142.412639,1881
1782334142.412641,1886
1782334142.4126441,1860
1782334142.413921,1824
1782334142.415193,1827
1782334142.415197,1838
1782334142.416469,1837
1782334142.417744,1824
1782334142.419051,1837
1782334142.420141,1849
1782334142.420144,1853
1782334142.4214358,1834
1782334142.422739,1824
1782334142.424024,1855
1782334142.425333,1886
1782334142.425343,1886
1782334142.4266372,1876
1782334142.427985,1848
1782334142.429288,1859
1782334142.429301,1848
1782334142.430614,1864
1782334142.43192,1839
1782334142.4332218,1835
1782334142.4332328,1820
1782334142.4345138,1829
1782334142.435796,1838
1782334142.437054,1851
1782334142.438378,1841
1782334142.438387,1828
1782334142.440712,1825
1782334142.440728,1838
1782334142.4456341,1852
1782334142.445641,1862
1782334142.445643,1871
1782334142.445645,1855
1782334142.445647,1819
1782334142.4469178,1814
1782334142.448189,1822
1782334142.448193,1827
1782334142.44947,1849
1782334142.450748,1859
1782334142.452055,1866
1782334142.45336,1850
1782334142.453372,1855
1782334142.454676,1822
1782334142.455977,1809
1782334142.457279,1838
1782334142.45729,1848
1782334142.4583948,1862
1782334142.459697,1853
1782334142.4610078,1880
1782334142.462105,1885
1782334142.46211,1883
1782334142.4633129,1859
1782334142.4646132,1832
1782334142.465908,1874
1782334142.4672132,1850
1782334142.467226,1834
1782334142.46853,1812
1782334142.4712949,1760
1782334142.4713101,1714
1782334142.471314,1730
1782334142.4759738,1775
1782334142.47598,1824
1782334142.4759822,1863
1782334142.4759848,1871
1782334142.477257,1861
1782334142.477262,1869
1782334142.478529,1855
1782334142.479796,1839
1782334142.481066,1844
1782334142.48107,1844
1782334142.4823601,1848
1782334142.48366,1864
1782334142.48496,1868
1782334142.4862778,1839
1782334142.486285,1843
1782334142.487603,1830
1782334142.488904,1863
1782334142.490211,1865
1782334142.4902232,1862
1782334142.491519,1866
1782334142.492817,1870
1782334142.49412,1902
1782334142.4941308,1908
1782334142.495426,1856
1782334142.496723,1818
1782334142.498032,1788
1782334142.499319,1795
1782334142.4993238,1806
1782334142.5007942,1836
1782334142.504724,1903
1782334142.504729,1893
1782334142.504731,1875
1782334142.5047328,1859
1782334142.506001,1828
1782334142.507278,1807
1782334142.507283,1830
1782334142.508352,1833
1782334142.5096462,1834
1782334142.5109591,1835
1782334142.512241,1824
1782334142.512245,1829
1782334142.513537,1855
1782334142.514839,1864
1782334142.51614,1854
1782334142.51615,1878
1782334142.517453,1878
1782334142.518764,1875
1782334142.520067,1833
1782334142.520092,1881
1782334142.521385,1878
1782334142.5226839,1876
1782334142.523984,1863
1782334142.525289,1815
1782334142.5253,1800
1782334142.526597,1812
1782334142.5278919,1802
1782334142.530459,1828
1782334142.53047,1830
1782334142.530475,1863
1782334142.535224,1882
1782334142.5352309,1864
1782334142.535233,1866
1782334142.5352352,1834
1782334142.535237,1823
1782334142.536509,1824
1782334142.5377789,1837
1782334142.537782,1816
1782334142.5390599,1831
1782334142.539066,1855
1782334142.540388,1865
1782334142.541685,1876
1782334142.543009,1829
1782334142.544318,1824
1782334142.544328,1839
1782334142.545405,1838
1782334142.546696,1866
1782334142.5480058,1879
1782334142.549292,1864
1782334142.55057,1833
1782334142.550575,1828
1782334142.5518668,1825
1782334142.553175,1832
1782334142.553186,1839
1782334142.554487,1860
1782334142.555788,1845
1782334142.55709,1827
1782334142.557101,1814
1782334142.558403,1804
1782334142.559791,1822
1782334142.5633621,1827
1782334142.563367,1857
1782334142.563369,1839
1782334142.56337,1846
1782334142.564569,1844
1782334142.565844,1852
1782334142.5671198,1834
1782334142.567126,1869
1782334142.5684218,1884
1782334142.569726,1894
1782334142.57103,1926
1782334142.572334,1949
1782334142.572345,1942
1782334142.5736399,1911
1782334142.574945,1868
1782334142.576247,1818
1782334142.576257,1789
1782334142.577562,1752
1782334142.578878,1770
1782334142.580208,1811
1782334142.5802171,1828
1782334142.581527,1846
1782334142.582832,1858
1782334142.5841122,1843
1782334142.584116,1855
1782334142.585415,1862
1782334142.5867178,1875
1782334142.587998,1864
1782334142.58929,1837
1782334142.5893,1818
1782334142.590611,1819
1782334142.591962,1817
1782334142.5957608,1807
1782334142.595766,1855
1782334142.595767,1846
1782334142.5957692,1828
1782334142.597043,1830
1782334142.597066,1826
1782334142.598336,1834
1782334142.5996091,1836
1782334142.6008818,1834
1782334142.6021729,1865
1782334142.6021829,1883
1782334142.603494,1839
1782334142.604796,1829
1782334142.606101,1838
1782334142.606127,1845
1782334142.60742,1852
1782334142.6087198,1839
1782334142.6100328,1838
1782334142.6113422,1801
1782334142.611352,1839
1782334142.6126468,1860
1782334142.613952,1871
1782334142.615256,1842
1782334142.615267,1848
1782334142.6165729,1858
1782334142.6178749,1854
1782334142.619178,1832
1782334142.619188,1822
1782334142.620388,1845
1782334142.621687,1839
1782334142.625976,1843
1782334142.6259809,1835
1782334142.625983,1835
1782334142.625985,1832
1782334142.627255,1832
1782334142.6272588,1852
1782334142.628525,1864
1782334142.6297972,1868
1782334142.631097,1862
1782334142.6311302,1849
1782334142.632423,1839
1782334142.6337311,1850
1782334142.635092,1855
1782334142.635124,1839
1782334142.6364229,1852
1782334142.637728,1850
1782334142.6390321,1847
1782334142.640337,1839
1782334142.6403468,1824
1782334142.641645,1843
1782334142.642944,1853
1782334142.644247,1841
1782334142.644257,1823
1782334142.645391,1831
1782334142.6466932,1853
1782334142.647976,1857
1782334142.649271,1857
1782334142.649282,1850
1782334142.650591,1849
1782334142.652149,1866
1782334142.652155,1884
1782334142.656943,1892
1782334142.656949,1885
1782334142.6569521,1861
1782334142.656954,1823
1782334142.6582248,1844
1782334142.65823,1830
1782334142.659499,1847
1782334142.66077,1890
1782334142.6620731,1960
1782334142.662099,1926
1782334142.663394,1864
1782334142.6646972,1815
1782334142.6660008,1789
1782334142.6660109,1746
1782334142.6673238,1703
1782334142.667337,1740
1782334142.668662,1766
1782334142.669961,1816
1782334142.671264,1884
1782334142.671275,1878
1782334142.672576,1857
1782334142.673877,1814
1782334142.675178,1829
1782334142.675188,1827
1782334142.676506,1836
1782334142.677804,1878
1782334142.679112,1913
1782334142.6791239,1903
1782334142.6804538,1896
1782334142.683626,1876
1782334142.68364,1848
1782334142.6839209,1845
1782334142.688195,1838
1782334142.688202,1828
1782334142.688204,1863
1782334142.6882062,1876
1782334142.6882079,1838
1782334142.689281,1839
1782334142.69055,1851
1782334142.6918201,1854
1782334142.693111,1851
1782334142.6931221,1855
1782334142.694421,1852
1782334142.695724,1836
1782334142.697029,1826
1782334142.6983309,1829
1782334142.6983418,1852
1782334142.69955,1863
1782334142.700851,1836
1782334142.702013,1819
1782334142.703316,1832
1782334142.703327,1837
1782334142.704622,1832
1782334142.705903,1844
1782334142.7071948,1824
1782334142.707205,1824
1782334142.708506,1854
1782334142.709804,1844
1782334142.711713,1839
1782334142.711721,1807
1782334142.716876,1811
1782334142.716882,1816
1782334142.716885,1835
1782334142.716887,1866
1782334142.716888,1855
1782334142.718158,1836
1782334142.7181618,1837
1782334142.720698,1853
1782334142.720702,1835
1782334142.7218182,1848
1782334142.723115,1861
1782334142.723128,1864
1782334142.724434,1833
1782334142.725746,1871
1782334142.727052,1881
1782334142.728394,1860
1782334142.728401,1844
1782334142.729672,1833
1782334142.730964,1850
1782334142.732265,1868
1782334142.732276,1870
1782334142.7335749,1839
1782334142.734872,1862
1782334142.7361689,1855
1782334142.73618,1850
1782334142.7374878,1834
1782334142.738782,1816
1782334142.740087,1799
1782334142.740138,1807
1782334142.741447,1847
1782334142.7427468,1856
1782334142.7458858,1859
1782334142.745899,1838
1782334142.7459042,1844
1782334142.750753,1813
1782334142.750759,1798
1782334142.750762,1834
1782334142.7507641,1870
1782334142.750766,1934
1782334142.75204,1898
1782334142.752061,1838
1782334142.753331,1802
1782334142.7546,1775
1782334142.755878,1774
1782334142.7571719,1782
1782334142.757184,1793
1782334142.7583969,1814
1782334142.759703,1864
1782334142.761009,1870
1782334142.762337,1899
1782334142.76235,1910
1782334142.763629,1850
1782334142.764899,1834
1782334142.766201,1830
1782334142.766211,1811
1782334142.767318,1815
1782334142.768621,1787
1782334142.769921,1806
1782334142.771221,1838
1782334142.771232,1868
1782334142.772532,1867
1782334142.7740102,1894
1782334142.779271,1907
1782334142.779284,1896
1782334142.7793238,1874
1782334142.779328,1855
1782334142.77933,1857
1782334142.7793322,1836
1782334142.780637,1846
1782334142.781945,1822
1782334142.783251,1845
1782334142.7832608,1850
1782334142.784544,1850
1782334142.7858298,1883
1782334142.7871192,1863
1782334142.787127,1865
1782334142.788418,1837
1782334142.789703,1804
1782334142.790975,1841
1782334142.7922611,1861
1782334142.792269,1850
1782334142.7935581,1854
1782334142.79357,1831
1782334142.7948842,1821
1782334142.7961721,1827
1782334142.7961779,1836
1782334142.797465,1852
1782334142.7987452,1855
1782334142.800027,1848
1782334142.801319,1823
1782334142.801327,1819
1782334142.802464,1820
1782334142.804629,1846
1782334142.8046348,1870
1782334142.8084219,1848
1782334142.8084302,1819
1782334142.808432,1810
1782334142.808434,1806
1782334142.8097112,1814
1782334142.8109848,1819
1782334142.812289,1865
1782334142.8123,1864
1782334142.81359,1823
1782334142.8148968,1858
1782334142.816206,1846
1782334142.816215,1841
1782334142.817558,1821
1782334142.818862,1835
1782334142.820178,1837
1782334142.8201869,1829
1782334142.8214788,1831
1782334142.8227599,1849
1782334142.824051,1857
1782334142.8240771,1869
1782334142.82537,1834
1782334142.826417,1839
1782334142.827699,1859
1782334142.8289988,1866
1782334142.830299,1845
1782334142.8303099,1832
1782334142.831591,1868
1782334142.833868,1886
1782334142.833877,1867
1782334142.837816,1849
1782334142.837825,1839
1782334142.837827,1853
1782334142.8378282,1878
1782334142.8391092,1866
1782334142.839115,1866
1782334142.840402,1847
1782334142.841689,1889
1782334142.842973,1909
1782334142.844254,1847
1782334142.84426,1823
1782334142.8455381,1830
1782334142.8468502,1818
1782334142.848166,1775
1782334142.8481789,1839
1782334142.849489,1858
1782334142.850789,1882
1782334142.852077,1868
1782334142.8520849,1843
1782334142.8534,1825
1782334142.8547058,1807
1782334142.855992,1835
1782334142.857289,1815
1782334142.8573,1790
1782334142.858599,1839
1782334142.8598342,1837
1782334142.861127,1811
1782334142.861139,1836
1782334142.862997,1859
1782334142.8671732,1855
1782334142.867179,1842
1782334142.867181,1860
1782334142.8671832,1877
1782334142.8671842,1883
1782334142.868456,1903
1782334142.86972,1906
1782334142.871016,1871
1782334142.871084,1839
1782334142.8723788,1845
1782334142.873672,1835
1782334142.874961,1820
1782334142.876246,1820
1782334142.8762538,1823
1782334142.877532,1819
1782334142.878814,1837
1782334142.880171,1851
1782334142.880188,1879
1782334142.8815072,1850
1782334142.882805,1837
1782334142.884091,1845
1782334142.884098,1863
1782334142.8853781,1851
1782334142.886662,1855
1782334142.887947,1838
1782334142.8892338,1837
1782334142.88924,1839
1782334142.890607,1836
1782334142.8919208,1867
1782334142.8932328,1848
1782334142.893246,1845
1782334142.894547,1823
1782334142.896378,1826
1782334142.896383,1836
1782334142.9007502,1826
1782334142.9007611,1830
1782334142.9007628,1839
1782334142.900765,1854
1782334142.90204,1848
1782334142.903317,1846
1782334142.9033222,1852
1782334142.9046001,1851
1782334142.905887,1852
1782334142.9071739,1826
1782334142.907181,1814
1782334142.9084601,1843
1782334142.90974,1834
1782334142.911021,1835
1782334142.9123352,1859
1782334142.91234,1815
1782334142.913625,1818
1782334142.914904,1836
1782334142.916183,1829
1782334142.916189,1838
1782334142.917474,1852
1782334142.9187598,1882
1782334142.92005,1868
1782334142.92134,1877
1782334142.9213471,1889
1782334142.9213529,1894
1782334142.92265,1880
1782334142.924025,1867
1782334142.925657,1859
1782334142.925663,1850
1782334142.930141,1828
1782334142.930151,1816
1782334142.930153,1843
1782334142.930154,1848
1782334142.930156,1868
1782334142.9314508,1848
1782334142.932728,1852
1782334142.934005,1816
1782334142.9352891,1794
1782334142.935296,1807
1782334142.936579,1802
1782334142.937869,1804
1782334142.939156,1828
1782334142.939163,1838
1782334142.940447,1855
1782334142.941729,1885
1782334142.943011,1880
1782334142.944291,1853
1782334142.944298,1845
1782334142.945581,1847
1782334142.946866,1862
1782334142.948151,1858
1782334142.9481568,1851
1782334142.949439,1886
1782334142.950797,1885
1782334142.952115,1846
1782334142.952127,1783
1782334142.953428,1760
1782334142.954786,1750
1782334142.958582,1778
1782334142.958591,1805
1782334142.9585931,1843
1782334142.958595,1857
1782334142.9598799,1837
1782334142.961104,1830
1782334142.961109,1839
1782334142.962389,1817
1782334142.963673,1846
1782334142.9649549,1860
1782334142.9662368,1892
1782334142.966244,1892
1782334142.967521,1910
1782334142.968802,1903
1782334142.9700842,1903
1782334142.97009,1882
1782334142.971362,1830
1782334142.972639,1779
1782334142.97392,1795
1782334142.9752,1812
1782334142.975206,1812
1782334142.976483,1831
1782334142.977762,1851
1782334142.979153,1851
1782334142.979168,1842
1782334142.980483,1866
1782334142.981785,1854
1782334142.983118,1867
1782334142.983135,1851
1782334142.984444,1846
1782334142.985889,1878
1782334142.989144,1879
1782334142.989152,1869
1782334142.989154,1862
1782334142.989156,1828
1782334142.990433,1805
1782334142.9917052,1843
1782334142.99299,1839
1782334142.9942772,1827
1782334142.994283,1843
1782334142.995567,1839
1782334142.996844,1849
1782334142.998126,1857
1782334142.998132,1839
1782334142.999415,1839
1782334143.000695,1857
1782334143.001975,1864
1782334143.003256,1856
1782334143.003262,1855
1782334143.004621,1851
1782334143.0059578,1850
1782334143.007262,1854
1782334143.007275,1842
1782334143.008578,1826
1782334143.009883,1846
1782334143.011189,1862
1782334143.0112,1859
1782334143.012527,1860
1782334143.01383,1848
1782334143.015164,1850
1782334143.015169,1854
1782334143.0164568,1839
1782334143.020354,1856
1782334143.020362,1845
1782334143.020364,1842
1782334143.0203662,1844
1782334143.021636,1838
1782334143.022906,1827
1782334143.024189,1823
1782334143.024195,1818
1782334143.025473,1815
1782334143.026753,1833
1782334143.028034,1830
1782334143.029321,1839
1782334143.0293272,1869
1782334143.030606,1883
1782334143.0318878,1893
1782334143.033173,1878
1782334143.0331788,1839
1782334143.034462,1829
1782334143.035745,1826
1782334143.03703,1820
1782334143.038309,1818
1782334143.0383139,1824
1782334143.039677,1839
1782334143.040988,1882
1782334143.042314,1893
1782334143.0423198,1902
1782334143.0435898,1901
1782334143.044889,1887
1782334143.0461938,1871
1782334143.0462039,1879
1782334143.0482712,1815
1782334143.048275,1798
1782334143.048276,1798
1782334143.051689,1801
1782334143.0516942,1799
1782334143.051696,1788
1782334143.052984,1768
1782334143.054265,1810
1782334143.0542688,1844
1782334143.055543,1887
1782334143.056828,1877
1782334143.0581079,1843
1782334143.058115,1859
1782334143.059391,1883
1782334143.060672,1878
1782334143.061952,1922
1782334143.063232,1888
1782334143.063238,1888
1782334143.064515,1848
1782334143.0657952,1803
1782334143.067167,1814
1782334143.067185,1813
1782334143.068498,1804
1782334143.0698082,1815
1782334143.071104,1816
1782334143.0711172,1828
1782334143.072413,1826
1782334143.07372,1839
1782334143.075026,1838
1782334143.0763352,1827
1782334143.076352,1831
1782334143.0782511,1846
1782334143.0784361,1855
1782334143.081951,1852
1782334143.0819619,1853
1782334143.081964,1865
1782334143.083238,1889
1782334143.083243,1882
1782334143.084512,1862
1782334143.085796,1850
1782334143.087081,1831
1782334143.087094,1782
1782334143.0883782,1780
1782334143.089663,1820
1782334143.090948,1850
1782334143.0922291,1848
1782334143.092236,1847
1782334143.093513,1857
1782334143.094864,1858
1782334143.0961869,1871
1782334143.0961988,1870
1782334143.097492,1852
1782334143.098795,1832
1782334143.100127,1842
1782334143.100132,1821
1782334143.1014311,1831
1782334143.102737,1842
1782334143.104044,1845
1782334143.105365,1852
1782334143.105377,1851
1782334143.106696,1833
1782334143.107973,1837
1782334143.111379,1832
1782334143.1113842,1827
1782334143.111386,1854
1782334143.1113868,1845
1782334143.1126559,1825
1782334143.113947,1815
1782334143.115227,1855
1782334143.115232,1855
1782334143.116512,1876
1782334143.117792,1862
1782334143.119075,1845
1782334143.1190882,1827
1782334143.120429,1835
1782334143.121741,1816
1782334143.123051,1830
1782334143.1243572,1877
1782334143.124368,1874
1782334143.125664,1854
1782334143.126963,1858
1782334143.1282718,1844
1782334143.1282828,1844
1782334143.12961,1843
1782334143.13092,1835
1782334143.132232,1855
1782334143.132245,1881
1782334143.133524,1894
1782334143.134819,1903
1782334143.1361248,1895
1782334143.136136,1889
1782334143.137435,1843
1782334143.1387389,1801
1782334143.140023,1789
1782334143.143626,1769
1782334143.1436312,1780
1782334143.143633,1820
1782334143.1436338,1846
1782334143.144903,1854
1782334143.146173,1871
1782334143.146177,1875
1782334143.147351,1855
1782334143.14864,1822
1782334143.149965,1829
1782334143.151295,1842
1782334143.151307,1820
1782334143.1526132,1846
1782334143.15392,1863
1782334143.155207,1854
1782334143.155213,1844
1782334143.156511,1852
1782334143.1578171,1887
1782334143.159095,1877
1782334143.1590981,1871
1782334143.160388,1871
1782334143.161694,1860
1782334143.162975,1837
1782334143.164269,1819
1782334143.1642802,1807
1782334143.1655838,1799
1782334143.166889,1828
1782334143.168215,1870
1782334143.168223,1870
1782334143.169502,1857
1782334143.173109,1837
1782334143.1731148,1788
1782334143.173117,1817
1782334143.1731179,1839
1782334143.174386,1848
1782334143.175654,1855
1782334143.176961,1852
1782334143.178252,1881
1782334143.178258,1870
1782334143.178261,1865
1782334143.179539,1871
1782334143.180819,1856
1782334143.182102,1868
1782334143.182108,1876
1782334143.183435,1856
1782334143.1847382,1863
1782334143.186047,1847
1782334143.1873631,1855
1782334143.187374,1816
1782334143.188648,1803
1782334143.1899462,1850
1782334143.191251,1871
1782334143.191262,1844
1782334143.192567,1823
1782334143.193851,1815
1782334143.195144,1778
1782334143.195155,1784
1782334143.1964538,1782
1782334143.197758,1821
1782334143.199403,1852
1782334143.199408,1874
1782334143.203447,1906
1782334143.203454,1898
1782334143.203455,1891
1782334143.203457,1862
1782334143.204745,1861
1782334143.206057,1850
1782334143.2060921,1837
1782334143.2073731,1836
1782334143.208652,1816
1782334143.209931,1855
1782334143.211214,1877
1782334143.21122,1848
1782334143.2124958,1829
1782334143.213772,1845
1782334143.2151198,1844
1782334143.215153,1837
1782334143.216217,1819
1782334143.2175329,1827
1782334143.2188458,1837
1782334143.220146,1829
1782334143.220157,1828
1782334143.221472,1822
1782334143.2227771,1811
1782334143.224086,1822
1782334143.224121,1843
1782334143.225416,1848
1782334143.226719,1863
1782334143.229551,1864
1782334143.229556,1856
1782334143.229558,1855
1782334143.2336798,1842
1782334143.233686,1852
1782334143.233688,1866
1782334143.23369,1838
1782334143.2349591,1857
1782334143.236236,1866
1782334143.2362418,1866
1782334143.2375429,1875
1782334143.238836,1843
1782334143.240125,1810
1782334143.240132,1814
1782334143.241452,1842
1782334143.2427719,1814
1782334143.2440882,1812
1782334143.2441201,1823
1782334143.2453902,1790
1782334143.246697,1820
1782334143.248003,1847
1782334143.249336,1866
1782334143.249347,1862
1782334143.2506418,1856
1782334143.251942,1826
1782334143.253255,1847
1782334143.253265,1854
1782334143.254566,1864
1782334143.255866,1874
1782334143.257171,1839
1782334143.257181,1844
1782334143.258996,1859
1782334143.262728,1826
1782334143.2627342,1815
1782334143.2627358,1797
1782334143.262738,1839
1782334143.2640069,1857
1782334143.265274,1908
1782334143.2652779,1887
1782334143.266549,1843
1782334143.267822,1835
1782334143.2691169,1823
1782334143.269129,1818
1782334143.270387,1829
1782334143.271702,1850
1782334143.273006,1861
1782334143.2743301,1864
1782334143.274345,1850
1782334143.2756538,1845
1782334143.276974,1839
1782334143.278094,1848
1782334143.278118,1830
1782334143.279414,1829
1782334143.280721,1856
1782334143.282032,1866
1782334143.283338,1839
1782334143.283349,1839
1782334143.284657,1863
1782334143.2859578,1854
1782334143.28706,1858
1782334143.287086,1846
1782334143.28838,1828
1782334143.289681,1852
1782334143.290997,1836
1782334143.292277,1851
1782334143.2922812,1838
1782334143.295707,1827
1782334143.295713,1854
1782334143.295715,1863
1782334143.296986,1886
1782334143.298259,1864
1782334143.298263,1807
1782334143.299524,1820
1782334143.300797,1810
1782334143.3021061,1806
1782334143.302121,1785
1782334143.3034282,1806
1782334143.3047118,1858
1782334143.304716,1912
1782334143.306008,1911
1782334143.3073258,1916
1782334143.307337,1902
1782334143.308643,1859
1782334143.309966,1822
1782334143.311279,1791
1782334143.311292,1816
1782334143.312597,1781
1782334143.313899,1839
1782334143.3152041,1864
1782334143.3152142,1863
1782334143.316517,1871
1782334143.3178182,1848
1782334143.31912,1852
1782334143.319131,1837
1782334143.321266,1846
1782334143.3215418,1816
1782334143.325349,1843
1782334143.325355,1844
1782334143.325357,1817
1782334143.3253582,1823
1782334143.326632,1829
1782334143.3279018,1832
1782334143.329173,1839
1782334143.3291771,1849
1782334143.3304691,1853
1782334143.331771,1865
1782334143.332884,1846
1782334143.334192,1827
1782334143.334204,1839
1782334143.335505,1867
1782334143.336823,1877
1782334143.3381262,1861
1782334143.3381371,1862
1782334143.339438,1876
1782334143.3407402,1891
1782334143.3420548,1855
1782334143.3434,1824
1782334143.343406,1816
1782334143.3447092,1775
1782334143.346026,1763
1782334143.347332,1836
1782334143.3473432,1856
1782334143.348655,1860
1782334143.349959,1874
1782334143.35151,1854
1782334143.3515148,1865
1782334143.355484,1848
1782334143.355489,1846
1782334143.3554912,1854
1782334143.355492,1860
1782334143.356761,1853
1782334143.35803,1862
1782334143.359319,1848
1782334143.359324,1826
1782334143.3605928,1821
1782334143.361888,1834
1782334143.3631911,1845
1782334143.3632011,1849
1782334143.3645298,1837
1782334143.365831,1831
1782334143.3671339,1850
1782334143.367149,1850
1782334143.368385,1858
1782334143.369689,1869
1782334143.370995,1865
1782334143.372309,1859
1782334143.372319,1849
1782334143.373611,1835
1782334143.3749151,1814
1782334143.376221,1827
1782334143.376231,1834
1782334143.377536,1818
1782334143.378708,1843
1782334143.380008,1832
1782334143.381418,1839
1782334143.381422,1832
1782334143.385203,1837
1782334143.385209,1851
1782334143.385211,1844
1782334143.385213,1846
1782334143.386483,1821
1782334143.3877518,1825
1782334143.389027,1856
1782334143.3903208,1893
1782334143.390333,1891
1782334143.3916318,1841
1782334143.392951,1818
1782334143.394261,1796
1782334143.394274,1822
1782334143.3955772,1794
1782334143.39688,1807
1782334143.398186,1842
1782334143.398196,1835
1782334143.399495,1870
1782334143.400778,1869
1782334143.402072,1853
1782334143.4021099,1807
1782334143.403403,1818
1782334143.404705,1846
1782334143.406008,1855
1782334143.407331,1869
1782334143.4073431,1879
1782334143.408639,1884
1782334143.409943,1869
1782334143.411263,1849
1782334143.411276,1864
1782334143.416502,1866
1782334143.4165099,1913
1782334143.416512,1943
1782334143.416513,1901
1782334143.416515,1874
1782334143.417789,1828
1782334143.4190578,1791
1782334143.419063,1804
1782334143.4203389,1822
1782334143.421634,1820
1782334143.422934,1860
1782334143.424238,1870
1782334143.4242492,1856
1782334143.425554,1815
1782334143.426878,1811
1782334143.4281778,1804
1782334143.42819,1754
1782334143.429487,1787
1782334143.4294982,1836
1782334143.4308228,1839
1782334143.43212,1851
1782334143.432132,1866
1782334143.4334269,1851
1782334143.434727,1821
1782334143.436032,1833
1782334143.437338,1844
1782334143.437349,1866
1782334143.4386518,1862
1782334143.439957,1845
1782334143.4412649,1844
1782334143.4412758,1839
1782334143.442581,1825
1782334143.443862,1848
1782334143.447627,1876
1782334143.4476318,1864
1782334143.447634,1852
1782334143.447635,1851
1782334143.448907,1854
1782334143.45018,1860
1782334143.4501839,1862
1782334143.451453,1862
1782334143.452723,1881
1782334143.4540238,1864
1782334143.455327,1870
1782334143.455337,1862
1782334143.456635,1865
1782334143.457939,1856
1782334143.459239,1870
1782334143.45925,1843
1782334143.460573,1828
1782334143.461887,1821
1782334143.4632,1820
1782334143.4632142,1837
1782334143.46451,1852
1782334143.465814,1833
1782334143.4671192,1811
1782334143.4671302,1817
1782334143.468426,1837
1782334143.469758,1833
1782334143.471065,1854
1782334143.47238,1868
1782334143.472393,1860
1782334143.473929,1848
1782334143.478007,1862
1782334143.478016,1860
1782334143.478018,1824
1782334143.4780202,1821
1782334143.479309,1854
1782334143.479316,1846
1782334143.480597,1858
1782334143.4818938,1858
1782334143.4832,1884
1782334143.483211,1863
1782334143.484511,1849
1782334143.485887,1823
1782334143.4871838,1822
1782334143.4871922,1793
1782334143.488481,1784
1782334143.4897652,1811
1782334143.4910522,1839
1782334143.491082,1858
1782334143.492382,1871
1782334143.493672,1833
1782334143.4949691,1826
1782334143.4962728,1835
1782334143.496284,1863
1782334143.497609,1847
1782334143.498931,1826
1782334143.5002408,1852
1782334143.500254,1859
1782334143.501556,1837
1782334143.502918,1824
1782334143.507216,1836
1782334143.507221,1839
1782334143.5072231,1867
1782334143.507225,1870
1782334143.5072262,1850
1782334143.5084958,1846
1782334143.5097768,1842
1782334143.511053,1813
1782334143.511057,1817
1782334143.512353,1839
1782334143.513634,1851
1782334143.514923,1855
1782334143.516225,1832
1782334143.516235,1852
1782334143.5175319,1852
1782334143.518837,1839
1782334143.520142,1839
1782334143.520153,1816
1782334143.521451,1828
1782334143.522751,1853
1782334143.524056,1839
1782334143.525368,1854
1782334143.525378,1863
1782334143.5267,1855
1782334143.528001,1852
1782334143.5293171,1854
1782334143.529328,1874
1782334143.530627,1863
1782334143.5319319,1879
1782334143.533816,1845
1782334143.533822,1852
1782334143.538028,1869
1782334143.538034,1858
1782334143.5380359,1848
1782334143.538038,1869
1782334143.539335,1862
1782334143.53934,1884
1782334143.540606,1894
1782334143.541882,1903
1782334143.543186,1879
1782334143.543201,1850
1782334143.5444942,1799
1782334143.545795,1775
1782334143.547124,1772
1782334143.547133,1793
1782334143.5484369,1834
1782334143.5495522,1864
1782334143.550857,1919
1782334143.552186,1900
1782334143.552193,1867
1782334143.553492,1827
1782334143.5547981,1794
1782334143.554809,1761
1782334143.556113,1796
1782334143.556125,1830
1782334143.557431,1823
1782334143.558733,1843
1782334143.5600471,1855
1782334143.561357,1845
1782334143.561368,1846
1782334143.5626738,1857
1782334143.5641541,1859
1782334143.564158,1871
1782334143.5681658,1853
1782334143.568171,1836
1782334143.5681732,1833
1782334143.5681741,1826
1782334143.569452,1822
1782334143.5707269,1838
1782334143.572005,1823
1782334143.573306,1853
1782334143.573318,1882
1782334143.574544,1871
1782334143.575849,1860
1782334143.577161,1831
1782334143.577172,1839
1782334143.578465,1835
1782334143.579767,1824
1782334143.5810711,1838
1782334143.581099,1860
1782334143.582392,1861
1782334143.583693,1846
1782334143.585024,1862
1782334143.5863209,1878
1782334143.586333,1933
1782334143.5876522,1915
1782334143.588928,1855
1782334143.5902212,1774
1782334143.590233,1762
1782334143.5915399,1720
1782334143.592843,1764
1782334143.594146,1803
1782334143.594156,1871
1782334143.595671,1889
1782334143.599665,1883
1782334143.59967,1862
1782334143.599672,1837
1782334143.5996742,1839
1782334143.600943,1856
1782334143.602218,1851
1782334143.6022232,1844
1782334143.603497,1858
1782334143.604791,1876
1782334143.6060748,1865
1782334143.60608,1877
1782334143.6073742,1871
1782334143.6086771,1846
1782334143.6099992,1834
1782334143.611317,1829
1782334143.611329,1861
1782334143.61262,1842
1782334143.6139252,1850
1782334143.6152298,1866
1782334143.615241,1864
1782334143.616537,1855
1782334143.61784,1844
1782334143.6191418,1848
1782334143.6191528,1830
1782334143.620377,1833
1782334143.62166,1827
1782334143.6229498,1839
1782334143.62406,1833
1782334143.624064,1832
1782334143.625479,1818
1782334143.629774,1823
1782334143.62978,1838
1782334143.629782,1855
1782334143.6297832,1856
1782334143.631052,1859
1782334143.6310558,1902
1782334143.632322,1903
1782334143.633502,1861
1782334143.6347961,1844
1782334143.636118,1815
1782334143.636127,1803
1782334143.6374469,1807
1782334143.638746,1812
1782334143.640053,1818
1782334143.641398,1852
1782334143.6414049,1843
1782334143.64271,1839
1782334143.644039,1860
1782334143.645337,1882
1782334143.645351,1869
1782334143.6466691,1886
1782334143.6479669,1886
1782334143.6492732,1878
1782334143.6492841,1852
1782334143.6505868,1846
1782334143.6518662,1781
1782334143.653158,1793
1782334143.6531682,1820
1782334143.654467,1815
1782334143.655818,1854
1782334143.660309,1869
1782334143.6603148,1864
1782334143.660316,1856
1782334143.660318,1874
1782334143.66032,1839
1782334143.661442,1850
1782334143.662712,1868
1782334143.663746,1849
1782334143.6650271,1852
1782334143.666324,1868
1782334143.6663349,1867
1782334143.667636,1853
1782334143.668947,1859
1782334143.670254,1847
1782334143.6702652,1845
1782334143.6715908,1815
1782334143.672917,1822
1782334143.674232,1867
1782334143.674241,1885
1782334143.675539,1887
1782334143.67682,1856
1782334143.678113,1819
1782334143.678124,1805
1782334143.6794298,1785
1782334143.679441,1790
1782334143.680768,1775
1782334143.682073,1780
1782334143.6821032,1787
1782334143.683415,1791
1782334143.684692,1817
1782334143.685977,1799
1782334143.690121,1826
1782334143.6901262,1869
1782334143.6901278,1913
1782334143.6901288,1915
1782334143.690131,1926
1782334143.6913989,1896
1782334143.692669,1868
1782334143.693942,1819
1782334143.6952372,1807
1782334143.6952488,1826
1782334143.696576,1821
1782334143.6978822,1826
1782334143.69919,1804
1782334143.699201,1820
1782334143.700505,1834
1782334143.70182,1846
1782334143.70313,1862
1782334143.7031412,1868
1782334143.7044559,1877
1782334143.70576,1879
1782334143.7070668,1862
1782334143.707108,1889
1782334143.708408,1892
1782334143.7097092,1868
1782334143.711024,1844
1782334143.7123368,1830
1782334143.71235,1842
1782334143.7136629,1829
1782334143.714974,1814
1782334143.716286,1818
1782334143.71629,1834
1782334143.720578,1848
1782334143.720583,1828
1782334143.720584,1833
1782334143.720586,1839
1782334143.721854,1842
1782334143.723131,1831
1782334143.723136,1851
1782334143.724416,1833
1782334143.7256901,1845
1782334143.7269819,1867
1782334143.728286,1886
1782334143.728296,1874
1782334143.729596,1850
1782334143.730898,1849
1782334143.7322,1857
1782334143.73221,1815
1782334143.733506,1810
1782334143.7348301,1815
1782334143.737342,1836
1782334143.7373571,1857
1782334143.7373598,1846
1782334143.7386382,1856
1782334143.739913,1864
1782334143.7412102,1884
1782334143.7412212,1860
1782334143.74253,1858
1782334143.7438111,1887
1782334143.7451031,1869
1782334143.745119,1857
1782334143.7464252,1820
1782334143.748805,1831
1782334143.748811,1824
1782334143.753657,1804
1782334143.7536619,1814
1782334143.753664,1837
1782334143.7536662,1863
1782334143.753668,1854
1782334143.7549372,1846
1782334143.756205,1863
1782334143.756209,1852
1782334143.7574852,1864
1782334143.758759,1854
1782334143.760056,1871
1782334143.7613928,1871
1782334143.761406,1834
1782334143.762707,1815
1782334143.764012,1823
1782334143.765339,1833
1782334143.765347,1859
1782334143.766641,1877
1782334143.7679412,1906
1782334143.769279,1877
1782334143.769284,1849
1782334143.7705789,1827
1782334143.771883,1790
1782334143.773196,1775
1782334143.773209,1829
1782334143.774503,1843
1782334143.775806,1839
1782334143.778852,1849
1782334143.7788632,1844
1782334143.778867,1830
1782334143.783872,1815
1782334143.7838771,1799
1782334143.7838788,1779
1782334143.783881,1790
1782334143.783883,1791
1782334143.785022,1815
1782334143.786295,1844
1782334143.786299,1862
1782334143.787568,1839
1782334143.788863,1842
1782334143.790166,1821
1782334143.790177,1846
1782334143.79148,1856
1782334143.792792,1867
1782334143.794116,1861
1782334143.794122,1873
1782334143.795419,1839
1782334143.796724,1839
1782334143.798035,1853
1782334143.799335,1865
1782334143.799346,1890
1782334143.800642,1877
1782334143.801942,1870
1782334143.803246,1864
1782334143.803256,1864
1782334143.803262,1868
1782334143.804577,1863
1782334143.805886,1864
1782334143.8073459,1858
1782334143.807351,1828
1782334143.812178,1819
1782334143.812184,1817
1782334143.812186,1807
1782334143.812188,1806
1782334143.8121889,1839
1782334143.813458,1857
1782334143.8146062,1876
1782334143.815878,1876
1782334143.817148,1868
1782334143.817152,1845
1782334143.8184419,1832
1782334143.8197389,1799
1782334143.821044,1791
1782334143.8223581,1791
1782334143.822369,1823
1782334143.823667,1853
1782334143.824969,1876
1782334143.8262668,1856
1782334143.826277,1850
1782334143.8275762,1848
1782334143.8288782,1858
1782334143.8301802,1828
1782334143.8301911,1829
1782334143.831488,1852
1782334143.832788,1845
1782334143.834103,1855
1782334143.834111,1860
1782334143.8354251,1850
1782334143.836739,1853
1782334143.838049,1854
1782334143.839375,1879
1782334143.839387,1854
1782334143.8427598,1850
1782334143.842766,1855
1782334143.842769,1857
1782334143.844076,1846
1782334143.844085,1846
1782334143.845824,1876
1782334143.859794,1871
1782334143.8598,1870
1782334143.859802,1869
1782334143.859804,1852
1782334143.859806,1842
1782334143.859808,1862
1782334143.859809,1850
1782334143.859811,1863
1782334143.8598132,1842
1782334143.859814,1832
1782334143.859823,1836
1782334143.8598242,1812
1782334143.8598258,1814
1782334143.859828,1834
1782334143.8611012,1839
1782334143.861105,1855
1782334143.867578,1849
1782334143.867584,1862
1782334143.8675861,1871
1782334143.867587,1858
1782334143.8675892,1829
1782334143.86759,1798
1782334143.868864,1771
1782334143.870223,1801
1782334143.8702269,1812
1782334143.872302,1807
1782334143.872308,1862
1782334143.887765,1926
1782334143.887773,1908
1782334143.887774,1858
1782334143.887775,1793
1782334143.887776,1835
1782334143.887777,1855
1782334143.887778,1819
1782334143.887779,1803
1782334143.8877802,1820
1782334143.8877811,1852
1782334143.8877819,1839
1782334143.8877828,1794
1782334143.887784,1818
1782334143.887785,1839
1782334143.887785,1839
1782334143.8890612,1835
1782334143.889065,1843
1782334143.890332,1837
1782334143.894754,1825
1782334143.894759,1820
1782334143.89476,1845
1782334143.8947608,1864
1782334143.896029,1887
1782334143.897316,1893
1782334143.897323,1911
1782334143.8986108,1903
1782334143.899885,1851
1782334143.9120362,1811
1782334143.91204,1810
1782334143.912042,1775
1782334143.912042,1814
1782334143.912043,1852
1782334143.912044,1912
1782334143.912045,1903
1782334143.912045,1854
1782334143.9120462,1815
1782334143.9120471,1813
1782334143.912048,1850
1782334143.912048,1836
1782334143.912055,1854
1782334143.9133382,1844
1782334143.916818,1836
1782334143.916821,1847
1782334143.916822,1828
1782334143.918087,1843
1782334143.918089,1839
1782334143.919371,1836
1782334143.9204202,1830
1782334143.9216902,1833
1782334143.922975,1835
1782334143.924264,1854
1782334143.9242702,1853
1782334143.9255512,1864
1782334143.926835,1852
1782334143.9281018,1833
1782334143.928104,1843
1782334143.929444,1844
1782334143.9406872,1854
1782334143.9406898,1855
1782334143.940691,1857
1782334143.940692,1853
1782334143.940693,1867
1782334143.940693,1864
1782334143.940694,1859
1782334143.940695,1868
1782334143.940696,1853
1782334143.940696,1849
1782334143.9406972,1826
1782334143.9406981,1832
1782334143.941965,1828
1782334143.9453912,1804
1782334143.945394,1830
1782334143.945395,1852
1782334143.945396,1831
1782334143.9466581,1821
1782334143.947941,1839
1782334143.9492302,1853
1782334143.949236,1882
1782334143.9505181,1877
1782334143.951801,1890
1782334143.953089,1881
1782334143.953094,1833
1782334143.954391,1806
1782334143.9556868,1817
1782334143.956981,1798
1782334143.958262,1801
1782334143.958268,1803
1782334143.960073,1826
1782334143.960075,1855
1782334143.971078,1861
1782334143.971081,1858
1782334143.971082,1869
1782334143.971083,1868
1782334143.971083,1853
1782334143.971084,1829
1782334143.971085,1807
1782334143.971085,1826
1782334143.971086,1838
1782334143.9710872,1874
1782334143.971088,1920
1782334143.972353,1919
1782334143.9758458,1895
1782334143.975849,1912
1782334143.975849,1864
1782334143.9771168,1839
1782334143.977119,1832
1782334143.9783978,1824
1782334143.979671,1812
1782334143.980972,1754
1782334143.982264,1796
1782334143.982271,1809
1782334143.983556,1827
1782334143.984842,1839
1782334143.9861279,1842
1782334143.986135,1833
1782334143.987432,1831
1782334143.9887218,1846
1782334143.99001,1837
1782334143.991644,1830
1782334143.991646,1823
1782334144.002236,1827
1782334144.002238,1836
1782334144.002239,1837
1782334144.00224,1839
1782334144.0022411,1842
1782334144.0022411,1864
1782334144.002242,1846
1782334144.002243,1864
1782334144.002243,1850
1782334144.002244,1839
1782334144.0022452,1833
1782334144.003506,1839
1782334144.006459,1847
1782334144.0064619,1855
1782334144.006463,1856
1782334144.007741,1847
1782334144.0090072,1852
1782334144.01029,1862
1782334144.010297,1845
1782334144.011578,1838
1782334144.012861,1845
1782334144.0141451,1858
1782334144.014152,1855
1782334144.015431,1876
1782334144.016714,1876
1782334144.017996,1858
1782334144.019278,1844
1782334144.019284,1853
1782334144.0210571,1864
1782334144.0210738,1863
1782334144.031202,1849
1782334144.031204,1858
1782334144.0312052,1839
1782334144.031206,1836
1782334144.0312068,1853
1782334144.031208,1848
1782334144.031208,1849
1782334144.031209,1849
1782334144.03121,1841
1782334144.03121,1839
1782334144.03248,1825
1782334144.0354931,1853
1782334144.035496,1838
1782334144.035497,1839
1782334144.036758,1839
1782334144.038018,1874
1782334144.0392792,1887
1782334144.0392818,1883
1782334144.040552,1842
1782334144.041827,1853
1782334144.0431092,1832
1782334144.043115,1838
1782334144.044397,1791
1782334144.045686,1775
1782334144.0469708,1769
1782334144.048258,1817
1782334144.048265,1822
1782334144.0495439,1838
1782334144.050834,1853
1782334144.062189,1843
1782334144.062193,1870
1782334144.062208,1860
1782334144.06221,1882
1782334144.062211,1894
1782334144.062212,1890
1782334144.062212,1852
1782334144.0622132,1828
1782334144.062214,1829
1782334144.062214,1790
1782334144.0622149,1797
1782334144.062216,1775
1782334144.062217,1818
1782334144.063484,1864
1782334144.066838,1903
1782334144.0668411,1915
1782334144.066842,1885
1782334144.068109,1849
1782334144.0681112,1805
1782334144.069393,1779
1782334144.070678,1806
1782334144.071968,1836
1782334144.073256,1871
1782334144.0745442,1860
1782334144.07455,1848
1782334144.0758321,1844
1782334144.077125,1860
1782334144.077131,1832
1782334144.078413,1855
1782334144.079703,1850
1782334144.080988,1861
1782334144.082258,1854
1782334144.08226,1861
1782334144.0926971,1844
1782334144.0927,1833
1782334144.092701,1843
1782334144.092702,1866
1782334144.0927029,1862
1782334144.092704,1861
1782334144.092705,1852
1782334144.092705,1842
1782334144.092706,1854
1782334144.0927072,1855
1782334144.093982,1828
1782334144.0972748,1817
1782334144.0972779,1833
1782334144.097279,1796
1782334144.09728,1830
1782334144.098546,1819
1782334144.099827,1791
1782334144.101113,1800
1782334144.101119,1821
1782334144.1024,1822
1782334144.1036851,1833
1782334144.1049678,1863
1782334144.106252,1860
1782334144.1062589,1859
1782334144.107543,1860
1782334144.1088278,1854
1782334144.110115,1855
1782334144.110121,1842
1782334144.111763,1855
1782334144.122082,1839
1782334144.1220858,1839
1782334144.122087,1865
1782334144.122088,1865
1782334144.122089,1853
1782334144.12209,1853
1782334144.122091,1848
1782334144.122091,1849
1782334144.122092,1887
1782334144.122093,1910
1782334144.1220942,1896
1782334144.123363,1876
1782334144.1265888,1839
1782334144.126592,1821
1782334144.126593,1807
1782334144.12786,1817
1782334144.1291451,1824
1782334144.129152,1854
1782334144.1304388,1846
1782334144.131732,1847
1782334144.1330209,1875
1782334144.1342878,1879
1782334144.13429,1893
1782334144.135568,1878
1782334144.136857,1860
1782334144.138145,1804
1782334144.138152,1823
1782334144.139435,1795
1782334144.140724,1761
1782334144.1419919,1753
1782334144.143275,1743
1782334144.143282,1790
1782334144.144556,1842
1782334144.154644,1848
1782334144.154647,1879
1782334144.154648,1880
1782334144.154648,1867
1782334144.154649,1853
1782334144.1546502,1851
1782334144.1546502,1853
1782334144.154651,1854
1782334144.1546519,1844
1782334144.1546519,1846
1782334144.155919,1882
1782334144.158745,1892
1782334144.158748,1894
1782334144.1587489,1880
1782334144.160023,1852
1782334144.161303,1799
1782334144.16131,1789
1782334144.162595,1832
1782334144.163881,1877
1782334144.165169,1876
1782334144.1651762,1862
1782334144.1664598,1865
1782334144.167746,1839
1782334144.16903,1815
1782334144.170315,1811
1782334144.170321,1798
1782334144.1715991,1815
1782334144.173585,1833
1782334144.1735868,1832
1782334144.184322,1854
1782334144.1843252,1862
1782334144.1843252,1858
1782334144.184326,1853
1782334144.184327,1867
1782334144.1843278,1886
1782334144.1843278,1884
1782334144.184329,1859
1782334144.18433,1833
1782334144.184331,1819
1782334144.184331,1837
1782334144.1855948,1857
1782334144.188746,1851
1782334144.18875,1858
1782334144.18875,1826
1782334144.190023,1802
1782334144.1900249,1817
1782334144.191308,1839
1782334144.191315,1850
1782334144.192598,1854
1782334144.1938822,1858
1782334144.195167,1855
1782334144.195173,1860
1782334144.196456,1839
1782334144.1977441,1839
1782334144.199012,1844
1782334144.200309,1831
1782334144.200315,1820
1782334144.201598,1811
1782334144.2028701,1836
1782334144.204135,1853
1782334144.2041368,1861
1782334144.214437,1850
1782334144.214441,1856
1782334144.214442,1835
1782334144.214442,1829
1782334144.214443,1848
1782334144.214444,1847
1782334144.214444,1855
1782334144.214445,1855
1782334144.214446,1855
1782334144.214446,1863
1782334144.215722,1860
1782334144.218988,1862
1782334144.21899,1876
1782334144.218991,1850
1782334144.2202618,1834
1782334144.220263,1806
1782334144.221548,1791
1782334144.222839,1839
1782334144.224133,1819
1782334144.22414,1850
1782334144.2254221,1874
1782334144.2267048,1880
1782334144.22799,1855
1782334144.229279,1849
1782334144.229285,1833
1782334144.23057,1850
1782334144.231856,1871
1782334144.2335958,1866
1782334144.233599,1857
1782334144.2440581,1828
1782334144.244062,1797
1782334144.244063,1799
1782334144.244064,1787
1782334144.244064,1839
1782334144.244065,1838
1782334144.244066,1864
1782334144.244066,1870
1782334144.244067,1868
1782334144.2440681,1896
1782334144.244069,1900
1782334144.245337,1838
1782334144.248517,1835
1782334144.24852,1843
1782334144.2485209,1816
1782334144.249805,1826
1782334144.2510998,1845
1782334144.2511082,1837
1782334144.252394,1789
1782334144.253681,1796
1782334144.254975,1811
1782334144.256268,1825
1782334144.256275,1832
1782334144.2575629,1835
1782334144.258848,1849
1782334144.260134,1837
1782334144.26014,1871
1782334144.261426,1863
1782334144.2627149,1878
1782334144.2641122,1871
1782334144.2641191,1882
1782334144.274467,1852
1782334144.2744691,1834
1782334144.2744699,1801
1782334144.2744708,1844
1782334144.274472,1865
1782334144.274472,1882
1782334144.274473,1857
1782334144.274474,1839
1782334144.274475,1855
1782334144.274475,1866
1782334144.275737,1850
1782334144.279011,1858
1782334144.2790139,1838
1782334144.2790148,1832
1782334144.280284,1822
1782334144.280291,1823
1782334144.281576,1823
1782334144.2828622,1823
1782334144.284148,1820
1782334144.284155,1842
1782334144.285438,1821
1782334144.286728,1829
1782334144.2880151,1844
1782334144.289312,1825
1782334144.2893178,1870
1782334144.290602,1882
1782334144.291892,1860
1782334144.2931762,1850
1782334144.293183,1831
1782334144.294462,1815
1782334144.295729,1846
1782334144.306185,1839
1782334144.306187,1838
1782334144.306188,1855
1782334144.306189,1815
1782334144.30619,1806
1782334144.30619,1824
1782334144.3061912,1846
1782334144.306192,1860
1782334144.306192,1848
1782334144.3061929,1855
1782334144.3061938,1894
1782334144.307457,1875
1782334144.3105679,1862
1782334144.3105721,1844
1782334144.310573,1860
1782334144.3118138,1880
1782334144.3130949,1867
1782334144.313102,1867
1782334144.314389,1860
1782334144.315679,1832
1782334144.3169641,1834
1782334144.318248,1829
1782334144.3182552,1833
1782334144.3195388,1827
1782334144.3208268,1829
1782334144.3208342,1836
1782334144.322121,1834
1782334144.3221278,1862
1782334144.323414,1855
1782334144.325257,1866
1782334144.32526,1881
1782334144.3360052,1889
1782334144.3360069,1876
1782334144.3360078,1839
1782334144.336009,1826
1782334144.336009,1837
1782334144.33601,1849
1782334144.336011,1836
1782334144.336011,1829
1782334144.3360121,1832
1782334144.336013,1812
1782334144.337277,1775
1782334144.337279,1795
1782334144.3403552,1843
1782334144.340357,1870
1782334144.3403578,1848
1782334144.3416378,1857
1782334144.342929,1826
1782334144.344217,1814
1782334144.344223,1814
1782334144.3455071,1834
1782334144.346797,1880
1782334144.348085,1908
1782334144.3481002,1891
1782334144.349385,1895
1782334144.350667,1886
1782334144.3519502,1892
1782334144.35324,1876
1782334144.353246,1886
1782334144.35453,1886
1782334144.355797,1850
1782334144.3662488,1839
1782334144.366252,1819
1782334144.3662531,1812
1782334144.366254,1772
1782334144.366255,1787
1782334144.3662562,1801
1782334144.3662562,1822
1782334144.366257,1864
1782334144.366258,1866
1782334144.366258,1845
1782334144.3662589,1854
1782334144.3675241,1822
1782334144.370504,1824
1782334144.370506,1843
1782334144.370507,1855
1782334144.3717718,1844
1782334144.373052,1844
1782334144.374348,1839
1782334144.374354,1839
1782334144.3756359,1852
1782334144.376919,1807
1782334144.378206,1810
1782334144.3782122,1829
1782334144.379497,1835
1782334144.380785,1846
1782334144.382069,1839
1782334144.3820748,1826
1782334144.38336,1812
1782334144.384643,1824
1782334144.395833,1849
1782334144.3958368,1868
1782334144.395856,1858
1782334144.395859,1852
1782334144.39586,1839
1782334144.395861,1831
1782334144.395861,1826
1782334144.395862,1831
1782334144.395863,1839
1782334144.395864,1839
1782334144.395864,1813
1782334144.397134,1824
1782334144.397137,1839
1782334144.399629,1858
1782334144.399632,1866
1782334144.4009018,1858
1782334144.402188,1854
1782334144.402194,1852
1782334144.403463,1878
1782334144.404746,1896
1782334144.4060302,1871
1782334144.407321,1887
1782334144.407327,1839
1782334144.408608,1831
1782334144.40989,1806
1782334144.411176,1816
1782334144.4111822,1791
1782334144.4124658,1803
1782334144.413755,1848
1782334144.4150379,1867
1782334144.416694,1882
1782334144.416697,1860
1782334144.4263449,1864
1782334144.426348,1875
1782334144.4263492,1845
1782334144.4263492,1850
1782334144.42635,1871
1782334144.426351,1884
1782334144.426351,1861
1782334144.426352,1866
1782334144.426352,1871
1782334144.426353,1870
1782334144.427617,1845
1782334144.430115,1851
1782334144.4301178,1830
1782334144.4301188,1863
1782334144.431387,1851
1782334144.432671,1818
1782334144.4339368,1793
1782334144.435215,1812
1782334144.435222,1865
1782334144.436501,1903
1782334144.43779,1922
1782334144.439075,1867
1782334144.439092,1835
1782334144.4404008,1799
1782334144.4416919,1775
1782334144.4429839,1751
1782334144.4442759,1751
1782334144.4442828,1822
1782334144.445568,1864
1782334144.447239,1909
1782334144.447242,1898
1782334144.45798,1871
1782334144.457983,1846
1782334144.457984,1843
1782334144.457985,1824
1782334144.457985,1839
1782334144.457986,1820
1782334144.457987,1829
1782334144.457988,1828
1782334144.4579892,1837
1782334144.4579892,1876
1782334144.45799,1866
1782334144.45926,1837
1782334144.459262,1857
1782334144.462092,1856
1782334144.462094,1863
1782334144.462095,1895
1782334144.463361,1875
1782334144.4646468,1825
1782334144.465934,1828
1782334144.4672189,1839
1782334144.467225,1835
1782334144.468506,1839
1782334144.469793,1827
1782334144.4710898,1850
1782334144.471107,1823
1782334144.472426,1828
1782334144.4737222,1802
1782334144.475008,1816
1782334144.4763331,1849
1782334144.47634,1853
1782334144.477643,1833
1782334144.488251,1865
1782334144.4882529,1868
1782334144.488254,1877
1782334144.488255,1865
1782334144.488256,1851
1782334144.488256,1856
1782334144.488257,1882
1782334144.4882581,1914
1782334144.4882581,1921
1782334144.488259,1891
1782334144.48826,1828
1782334144.4895208,1804
1782334144.49264,1779
1782334144.492644,1791
1782334144.492645,1843
1782334144.493909,1857
1782334144.495193,1848
1782334144.495201,1830
1782334144.496493,1834
1782334144.4977841,1824
1782334144.499061,1839
1782334144.499068,1832
1782334144.5003462,1813
1782334144.50163,1819
1782334144.502914,1839
1782334144.504205,1810
1782334144.504211,1804
1782334144.505497,1844
1782334144.5074391,1868
1782334144.507442,1866
1782334144.5178492,1861
1782334144.5178509,1839
1782334144.5178518,1852
1782334144.517853,1868
1782334144.517854,1870
1782334144.517854,1849
1782334144.517855,1845
1782334144.517856,1839
1782334144.517857,1845
1782334144.517858,1859
1782334144.519122,1849
1782334144.519124,1831
1782334144.5220962,1843
1782334144.5220978,1850
1782334144.522099,1842
1782334144.523366,1850
1782334144.524648,1839
1782334144.5259168,1834
1782334144.527195,1846
1782334144.527201,1908
1782334144.528487,1952
1782334144.5297742,1943
1782334144.5310578,1913
1782334144.532351,1839
1782334144.532358,1768
1782334144.533642,1755
1782334144.53493,1743
1782334144.536217,1730
1782334144.536223,1802
1782334144.537505,1812
1782334144.538794,1822
1782334144.5400681,1829
1782334144.540071,1839
1782334144.550424,1825
1782334144.550427,1871
1782334144.550428,1885
1782334144.550428,1869
1782334144.5504289,1876
1782334144.55043,1869
1782334144.55043,1867
1782334144.550431,1856
1782334144.550432,1847
1782334144.550432,1845
1782334144.5516942,1836
1782334144.5549052,1828
1782334144.5549078,1827
1782334144.554909,1834
1782334144.556048,1836
1782334144.556061,1839
1782334144.5573592,1846
1782334144.558648,1822
1782334144.559933,1844
1782334144.5612202,1856
1782334144.561226,1857
1782334144.5625112,1868
1782334144.5638,1871
1782334144.565088,1866
1782334144.565094,1855
1782334144.5663779,1864
1782334144.567668,1842
1782334144.569418,1834
1782334144.56942,1806
1782334144.579892,1842
1782334144.579895,1860
1782334144.579896,1912
1782334144.5798972,1909
1782334144.579898,1869
1782334144.579898,1850
1782334144.5798988,1844
1782334144.5798998,1807
1782334144.5798998,1807
1782334144.579901,1786
1782334144.581172,1806
1782334144.581175,1854
1782334144.5840158,1860
1782334144.584019,1839
1782334144.584019,1831
1782334144.585283,1830
1782334144.5852852,1846
1782334144.5865679,1851
1782334144.587858,1818
1782334144.589143,1817
1782334144.58915,1837
1782334144.590435,1835
1782334144.5917199,1850
1782334144.593003,1867
1782334144.59429,1868
1782334144.594296,1884
1782334144.5955808,1877
1782334144.596853,1848
1782334144.5981371,1853
1782334144.5981429,1823
1782334144.599777,1832
1782334144.6105978,1824
1782334144.610602,1839
1782334144.610603,1828
1782334144.610603,1828
1782334144.610604,1847
1782334144.610605,1847
1782334144.6106062,1839
1782334144.6106071,1824
1782334144.610608,1820
1782334144.610608,1846
1782334144.6106088,1839
1782334144.6118789,1834
1782334144.6146932,1877
1782334144.6146948,1887
1782334144.614696,1917
1782334144.6159732,1946
1782334144.6172469,1929
1782334144.617249,1871
1782334144.61853,1826
1782334144.6198149,1786
1782334144.6211011,1722
1782334144.6211069,1742
1782334144.622391,1794
1782334144.62368,1863
1782334144.624968,1919
1782334144.626252,1903
1782334144.626258,1836
1782334144.627537,1791
1782334144.629469,1813
1782334144.629473,1817
1782334144.639953,1827
1782334144.639956,1853
1782334144.639957,1870
1782334144.639958,1863
1782334144.639959,1838
1782334144.639959,1828
1782334144.63996,1831
1782334144.639961,1832
1782334144.639961,1820
1782334144.6399622,1847
1782334144.641231,1838
1782334144.641233,1857
1782334144.643807,1868
1782334144.64381,1844
1782334144.645077,1850
1782334144.6450791,1861
1782334144.6463602,1864
1782334144.6476328,1868
1782334144.648916,1855
1782334144.650199,1864
1782334144.6502059,1839
1782334144.651486,1786
1782334144.6527731,1824
1782334144.6541069,1864
1782334144.654117,1844
1782334144.6554072,1852
1782334144.656699,1868
1782334144.65799,1852
1782334144.659277,1862
1782334144.6592839,1875
1782334144.6703749,1848
1782334144.670391,1830
1782334144.6703942,1852
1782334144.6703942,1862
1782334144.670395,1858
1782334144.6703959,1855
1782334144.6703959,1825
1782334144.670397,1824
1782334144.670398,1862
1782334144.670398,1857
1782334144.670399,1861
1782334144.6716669,1858
1782334144.6748328,1861
1782334144.674835,1836
1782334144.674836,1793
1782334144.676105,1792
1782334144.676107,1823
1782334144.677373,1832
1782334144.678654,1830
1782334144.679939,1848
1782334144.681228,1848
1782334144.681234,1866
1782334144.6825202,1870
1782334144.683806,1886
1782334144.6850922,1876
1782334144.685098,1855
1782334144.686383,1839
1782334144.687674,1819
1782334144.6889641,1842
1782334144.690253,1856
1782334144.690259,1850
1782334144.691523,1836
1782334144.702115,1832
1782334144.702118,1854
1782334144.7021189,1855
1782334144.7021198,1828
1782334144.702121,1817
1782334144.702122,1830
1782334144.702122,1842
1782334144.702123,1821
1782334144.702124,1819
1782334144.702124,1845
1782334144.702125,1843
1782334144.703391,1864
1782334144.706193,1910
1782334144.7061949,1983
1782334144.706196,1952
1782334144.7074828,1868
1782334144.708755,1818
1782334144.710033,1785
1782334144.711324,1771
1782334144.71133,1721
1782334144.711333,1729
1782334144.712619,1806
1782334144.7139041,1830
1782334144.715192,1875
1782334144.715199,1887
1782334144.716484,1866
1782334144.7177658,1843
1782334144.71905,1847
1782334144.720336,1848
1782334144.720344,1861
1782334144.731601,1855
1782334144.731624,1839
1782334144.731627,1818
1782334144.731628,1842
1782334144.7316291,1838
1782334144.7316291,1843
1782334144.73163,1836
1782334144.731631,1844
1782334144.7316322,1858
1782334144.7316322,1850
1782334144.731633,1819
1782334144.732903,1823
1782334144.736228,1855
1782334144.73623,1854
1782334144.7362309,1844
1782334144.736232,1832
1782334144.737497,1855
1782334144.73878,1876
1782334144.7400699,1871
1782334144.740084,1881
1782334144.741406,1877
1782334144.742697,1882
1782334144.743983,1855
1782334144.745271,1848
1782334144.745278,1838
1782334144.7465641,1828
1782334144.747853,1834
1782334144.74914,1839
1782334144.7491462,1839
1782334144.750431,1813
1782334144.76208,1815
1782334144.762083,1775
1782334144.762083,1804
1782334144.762084,1819
1782334144.7620852,1851
1782334144.762086,1852
1782334144.762086,1862
1782334144.7620869,1835
1782334144.7620869,1845
1782334144.7620878,1846
1782334144.762089,1846
1782334144.762089,1845
1782334144.76335,1852
1782334144.7659771,1838
1782334144.7659788,1831
1782334144.767244,1822
1782334144.767246,1828
1782334144.768526,1836
1782334144.76981,1852
1782334144.771095,1857
1782334144.771102,1855
1782334144.772386,1868
1782334144.773675,1847
1782334144.774963,1854
1782334144.776246,1857
1782334144.7762518,1868
1782334144.7775328,1859
1782334144.7788212,1844
1782334144.780104,1854
1782334144.7801101,1855
1782334144.7813928,1850
1782334144.7926478,1838
1782334144.792667,1832
1782334144.7926688,1807
1782334144.79267,1822
1782334144.79267,1856
1782334144.792671,1899
1782334144.792672,1922
1782334144.792672,1918
1782334144.792673,1919
1782334144.792674,1898
1782334144.792674,1826
1782334144.793937,1785
1782334144.7965991,1759
1782334144.796601,1751
1782334144.796602,1749
1782334144.797868,1791
1782334144.79915,1837
1782334144.799157,1871
1782334144.800437,1878
1782334144.8017201,1835
1782334144.8030038,1845
1782334144.804302,1859
1782334144.804309,1857
1782334144.8055942,1834
1782334144.806877,1870
1782334144.8081658,1871
1782334144.808172,1862
1782334144.809456,1823
1782334144.810743,1807
1782334144.8221161,1819
1782334144.82212,1810
1782334144.8221388,1827
1782334144.82214,1830
1782334144.822141,1825
1782334144.822141,1844
1782334144.822142,1861
1782334144.822143,1858
1782334144.822143,1847
1782334144.822144,1861
1782334144.822145,1847
1782334144.822145,1851
1782334144.823411,1844
1782334144.826585,1835
1782334144.826587,1839
1782334144.826587,1881
1782334144.8278542,1899
1782334144.829136,1886
1782334144.829143,1851
1782334144.8304288,1807
1782334144.8317199,1807
1782334144.833011,1812
1782334144.8342972,1851
1782334144.834304,1887
1782334144.835586,1893
1782334144.836876,1881
1782334144.838165,1899
1782334144.8381708,1890
1782334144.839455,1848
1782334144.8394618,1824
1782334144.840747,1804
1782334144.8420322,1718
1782334144.843322,1768
1782334144.843328,1829
1782334144.844998,1834
1782334144.854788,1845
1782334144.85479,1868
1782334144.854791,1858
1782334144.854791,1844
1782334144.8547919,1851
1782334144.8547919,1866
1782334144.854793,1864
1782334144.854794,1874
1782334144.854795,1864
1782334144.854795,1864
1782334144.8560581,1853
1782334144.8560598,1848
1782334144.8593102,1815
1782334144.859314,1823
1782334144.859315,1853
1782334144.8605819,1845
1782334144.8618681,1843
1782334144.863157,1831
1782334144.863163,1837
1782334144.864449,1836
1782334144.865738,1815
1782334144.867006,1830
1782334144.868284,1834
1782334144.8682911,1852
1782334144.869571,1823
1782334144.870857,1833
1782334144.872142,1847
1782334144.872148,1867
1782334144.873523,1871
1782334144.884355,1871
1782334144.884358,1804
1782334144.884359,1817
1782334144.8843598,1823
1782334144.884361,1889
1782334144.884362,1928
1782334144.884362,1919
1782334144.884363,1856
1782334144.8843641,1786
1782334144.8843641,1747
1782334144.884365,1737
1782334144.885637,1774
1782334144.888484,1806
1782334144.8884869,1870
1782334144.888488,1893
1782334144.8897548,1887
1782334144.891038,1897
1782334144.8923242,1905
1782334144.8923311,1888
1782334144.893611,1874
1782334144.894895,1859
1782334144.89618,1848
1782334144.896186,1833
1782334144.8974679,1829
1782334144.8987572,1827
1782334144.90003,1860
1782334144.901313,1864
1782334144.90132,1867
1782334144.902606,1858
1782334144.903659,1850
1782334144.914061,1839
1782334144.914064,1823
1782334144.914065,1822
1782334144.9140658,1842
1782334144.9140658,1860
1782334144.914067,1838
1782334144.914068,1827
1782334144.914068,1853
1782334144.914069,1858
1782334144.9140701,1855
1782334144.9140701,1838
1782334144.915342,1845
1782334144.918398,1833
1782334144.918401,1823
1782334144.918402,1790
1782334144.9196658,1802
1782334144.9209569,1844
1782334144.922254,1885
1782334144.9222631,1868
1782334144.923549,1882
1782334144.924844,1839
1782334144.9261281,1862
1782334144.926135,1839
1782334144.9274151,1841
1782334144.9286988,1861
1782334144.929976,1881
1782334144.931263,1894
1782334144.9312708,1889
1782334144.932556,1861
1782334144.933825,1807
1782334144.943585,1797
1782334144.943588,1793
1782334144.9435892,1797
1782334144.9435892,1790
1782334144.94359,1800
1782334144.9435909,1815
1782334144.9435918,1830
1782334144.9435918,1826
1782334144.943593,1825
1782334144.943594,1833
1782334144.9448562,1849
1782334144.947853,1855
1782334144.947856,1885
1782334144.947857,1876
1782334144.949138,1855
1782334144.9491441,1854
1782334144.950409,1857
1782334144.951688,1879
1782334144.9529731,1866
1782334144.954272,1859
1782334144.9542809,1847
1782334144.955564,1800
1782334144.9568489,1828
1782334144.958133,1864
1782334144.958139,1866
1782334144.95942,1871
1782334144.960705,1860
1782334144.9619882,1803
1782334144.963254,1785
1782334144.9632561,1789
1782334144.964907,1889
1782334144.97601,1915
1782334144.976018,1884
1782334144.976019,1821
1782334144.976019,1803
1782334144.9760199,1805
1782334144.976021,1800
1782334144.976022,1782
1782334144.976022,1806
1782334144.976023,1837
1782334144.9760242,1857
1782334144.9760242,1853
1782334144.976025,1869
1782334144.977288,1871
1782334144.97729,1864
1782334144.9806662,1843
1782334144.98067,1837
1782334144.980671,1843
1782334144.981932,1858
1782334144.9832041,1859
1782334144.983207,1854
1782334144.984473,1864
1782334144.985742,1863
1782334144.987009,1880
1782334144.988283,1839
1782334144.9882848,1855
1782334144.989552,1859
1782334144.990814,1870
1782334144.992079,1859
1782334144.9920819,1844
1782334144.9933498,1831
1782334144.994619,1853
1782334144.9958882,1843
1782334145.0070348,1854
1782334145.0070379,1860
1782334145.007039,1859
1782334145.00704,1885
1782334145.00704,1885
1782334145.007041,1883
1782334145.007042,1876
1782334145.007042,1855
1782334145.0070431,1816
1782334145.0070431,1825
1782334145.007044,1820
1782334145.007051,1810
1782334145.0083299,1819
1782334145.011639,1818
1782334145.0116422,1825
1782334145.011643,1801
1782334145.0129201,1778
1782334145.014196,1796
1782334145.014199,1822
1782334145.0154839,1847
1782334145.016771,1851
1782334145.018067,1835
1782334145.018083,1851
1782334145.0193868,1839
1782334145.020673,1841
1782334145.021945,1848
1782334145.023228,1838
1782334145.023235,1858
1782334145.0245178,1848
1782334145.035604,1853
1782334145.035607,1821
1782334145.035608,1837
1782334145.035608,1839
1782334145.035609,1846
1782334145.0356102,1869
1782334145.035611,1892
1782334145.035611,1894
1782334145.0356119,1866
1782334145.0356128,1851
1782334145.035614,1851
1782334145.0368772,1852
1782334145.040085,1845
1782334145.0400882,1856
1782334145.0400891,1871
1782334145.04009,1839
1782334145.041375,1811
1782334145.042666,1810
1782334145.0439591,1816
1782334145.045248,1827
1782334145.045254,1845
1782334145.0465212,1847
1782334145.047803,1839
1782334145.049088,1852
1782334145.049094,1843
1782334145.0503738,1848
1782334145.051657,1859
1782334145.052942,1863
1782334145.054222,1871
1782334145.054226,1834
1782334145.0556438,1838
1782334145.0661151,1833
1782334145.066118,1803
1782334145.066119,1809
1782334145.06612,1821
1782334145.0661209,1826
1782334145.066122,1835
1782334145.066123,1824
1782334145.066124,1847
1782334145.0661252,1860
1782334145.066126,1842
1782334145.066126,1860
1782334145.0674,1871
1782334145.070472,1875
1782334145.070474,1868
1782334145.070475,1880
1782334145.071755,1924
1782334145.073042,1926
1782334145.0743308,1906
1782334145.074338,1848
1782334145.075604,1818
1782334145.076882,1779
1782334145.078169,1760
1782334145.078175,1768
1782334145.0794601,1834
1782334145.080749,1869
1782334145.082036,1864
1782334145.083324,1867
1782334145.0833302,1866
1782334145.084615,1856
1782334145.0862012,1863
1782334145.0862029,1841
1782334145.096809,1833
1782334145.096812,1847
1782334145.096813,1838
1782334145.0968142,1845
1782334145.0968142,1881
1782334145.096815,1849
1782334145.096816,1867
1782334145.0968168,1878
1782334145.096818,1818
1782334145.096818,1794
1782334145.096819,1832
1782334145.098083,1839
1782334145.0980852,1861
1782334145.101058,1844
1782334145.101061,1834
1782334145.1010618,1829
1782334145.102329,1825
1782334145.1036139,1845
1782334145.104901,1838
1782334145.10619,1851
1782334145.106196,1846
1782334145.1074822,1839
1782334145.108767,1853
1782334145.1100538,1851
1782334145.110071,1862
1782334145.111352,1864
1782334145.112641,1863
1782334145.11391,1871
1782334145.1157691,1867
1782334145.1157708,1856
1782334145.1262982,1848
1782334145.1262999,1870
1782334145.1263008,1868
1782334145.126302,1856
1782334145.126302,1854
1782334145.126303,1838
1782334145.126304,1848
1782334145.126305,1844
1782334145.126306,1854
1782334145.126307,1876
1782334145.126307,1878
1782334145.127577,1867
1782334145.1306581,1845
1782334145.130661,1796
1782334145.130662,1775
1782334145.1319308,1798
1782334145.133218,1819
1782334145.133225,1846
1782334145.1345081,1833
1782334145.135778,1845
1782334145.137061,1870
1782334145.137079,1890
1782334145.138387,1885
1782334145.1396768,1844
1782334145.140963,1814
1782334145.142252,1827
1782334145.142258,1799
1782334145.1435452,1767
1782334145.144834,1784
1782334145.1461241,1827
1782334145.1461298,1839
1782334145.147393,1856
1782334145.157836,1858
1782334145.157839,1869
1782334145.1578398,1826
1782334145.1578398,1838
1782334145.157841,1826
1782334145.157842,1830
1782334145.157842,1820
1782334145.1578429,1842
1782334145.157844,1867
1782334145.157845,1870
1782334145.159115,1839
1782334145.1591182,1865
1782334145.16204,1878
1782334145.1620421,1864
1782334145.1620429,1868
1782334145.1633122,1877
1782334145.164597,1868
1782334145.165888,1860
1782334145.1671739,1860
1782334145.167181,1836
1782334145.168462,1810
1782334145.169745,1829
1782334145.171032,1848
1782334145.172321,1839
1782334145.172328,1880
1782334145.173613,1897
1782334145.1749,1874
1782334145.17619,1855
1782334145.176196,1830
1782334145.177686,1824
1782334145.188329,1802
1782334145.1883311,1790
1782334145.188332,1828
1782334145.188333,1850
1782334145.188333,1861
1782334145.188334,1876
1782334145.1883352,1858
1782334145.1883361,1839
1782334145.1883361,1826
1782334145.1883368,1818
1782334145.1883378,1814
1782334145.1896,1785
1782334145.192132,1847
1782334145.192134,1868
1782334145.1921349,1884
1782334145.1934028,1863
1782334145.1946828,1861
1782334145.1959722,1865
1782334145.197261,1855
1782334145.197267,1860
1782334145.1985521,1823
1782334145.199842,1837
1782334145.2011268,1826
1782334145.201134,1848
1782334145.202417,1866
1782334145.203702,1849
1782334145.204992,1848
1782334145.206281,1833
1782334145.2062879,1839
1782334145.207552,1871
1782334145.2177541,1854
1782334145.217757,1835
1782334145.217758,1804
1782334145.217759,1839
1782334145.21776,1848
1782334145.217761,1853
1782334145.217761,1852
1782334145.217762,1871
1782334145.2177632,1899
1782334145.2177632,1878
1782334145.2190259,1856
1782334145.221707,1835
1782334145.221709,1811
1782334145.22171,1813
1782334145.222975,1806
1782334145.224258,1812
1782334145.2242649,1866
1782334145.224268,1871
1782334145.225549,1891
1782334145.2268329,1867
1782334145.228121,1871
1782334145.228127,1831
1782334145.229412,1791
1782334145.230701,1794
1782334145.231989,1804
1782334145.233276,1826
1782334145.233282,1833
1782334145.2345679,1838
1782334145.235855,1831
1782334145.237142,1842
1782334145.237149,1852
1782334145.238434,1861
1782334145.239732,1854
1782334145.250465,1830
1782334145.250468,1855
1782334145.2504692,1850
1782334145.2504692,1842
1782334145.25047,1844
1782334145.2504709,1837
1782334145.2504709,1839
1782334145.2504718,1858
1782334145.250473,1852
1782334145.250473,1844
1782334145.250474,1861
1782334145.251741,1883
1782334145.2551832,1878
1782334145.255185,1836
1782334145.2551858,1862
1782334145.255187,1869
1782334145.2564611,1860
1782334145.2577422,1855
1782334145.2590258,1835
1782334145.2603111,1829
1782334145.2603168,1850
1782334145.261603,1837
1782334145.262891,1842
1782334145.264179,1855
1782334145.2641852,1811
1782334145.2654688,1802
1782334145.266756,1805
1782334145.268023,1862
1782334145.269521,1906
1782334145.269523,1935
1782334145.280071,1908
1782334145.280075,1865
1782334145.280076,1833
1782334145.280077,1752
1782334145.280077,1731
1782334145.2800782,1772
1782334145.2800791,1798
1782334145.2800791,1813
1782334145.2800798,1851
1782334145.2800808,1852
1782334145.280082,1843
1782334145.2813492,1864
1782334145.284406,1844
1782334145.284409,1856
1782334145.28441,1865
1782334145.2856781,1885
1782334145.2869592,1876
1782334145.288249,1864
1782334145.288255,1878
1782334145.289542,1868
1782334145.2908301,1853
1782334145.292115,1850
1782334145.2921212,1843
1782334145.293401,1814
1782334145.294685,1803
1782334145.295975,1816
1782334145.2972631,1834
1782334145.29727,1871
1782334145.2985542,1846
1782334145.2998242,1839
1782334145.310134,1874
1782334145.310137,1866
1782334145.3101382,1833
1782334145.310139,1826
1782334145.31014,1816
1782334145.31014,1818
1782334145.3101408,1796
1782334145.310142,1811
1782334145.310142,1847
1782334145.310143,1879
1782334145.310144,1885
1782334145.311414,1871
1782334145.3145778,1839
1782334145.314581,1848
1782334145.314582,1871
1782334145.315862,1839
1782334145.3171341,1807
1782334145.3171358,1790
1782334145.318418,1790
1782334145.319704,1798
1782334145.3209898,1827
1782334145.3222778,1851
1782334145.322284,1875
1782334145.32357,1903
1782334145.324857,1882
1782334145.3261409,1882
1782334145.326147,1887
1782334145.327426,1862
1782334145.328734,1855
1782334145.330333,1852
1782334145.330336,1851
1782334145.340023,1847
1782334145.3400261,1850
1782334145.3400269,1856
1782334145.3400278,1834
1782334145.340029,1822
1782334145.340029,1843
1782334145.34003,1827
1782334145.340031,1850
1782334145.340032,1862
1782334145.340052,1863
1782334145.3413188,1846
1782334145.343866,1844
1782334145.343869,1822
1782334145.3451362,1875
1782334145.3451378,1891
1782334145.346421,1897
1782334145.34771,1859
1782334145.348999,1824
1782334145.350281,1799
1782334145.350288,1807
1782334145.351568,1803
1782334145.352853,1836
1782334145.354141,1871
1782334145.354147,1879
1782334145.354149,1855
1782334145.355434,1843
1782334145.3567202,1834
1782334145.358009,1828
1782334145.3593001,1835
1782334145.359307,1845
1782334145.370624,1803
1782334145.370641,1810
1782334145.370643,1843
1782334145.3706439,1866
1782334145.370645,1860
1782334145.370646,1851
1782334145.370646,1864
1782334145.370647,1852
1782334145.3706481,1830
1782334145.370649,1798
1782334145.370649,1806
1782334145.3719208,1838
1782334145.3748639,1839
1782334145.374867,1855
1782334145.374868,1845
1782334145.3761358,1836
1782334145.376138,1836
1782334145.37744,1820
1782334145.378735,1794
1782334145.380026,1829
1782334145.3813162,1821
1782334145.381323,1852
1782334145.382608,1854
1782334145.383892,1882
1782334145.3851762,1878
1782334145.385182,1899
1782334145.386465,1892
1782334145.3877518,1858
1782334145.3890371,1824
1782334145.3903239,1826
1782334145.39033,1821
1782334145.3916118,1846
1782334145.402,1895
1782334145.4020019,1876
1782334145.402003,1875
1782334145.402004,1823
1782334145.402005,1823
1782334145.402005,1826
1782334145.402006,1816
1782334145.402007,1810
1782334145.402007,1858
1782334145.402008,1812
1782334145.403282,1812
1782334145.403284,1794
1782334145.405975,1794
1782334145.4059782,1821
1782334145.407264,1837
1782334145.407271,1855
1782334145.408534,1863
1782334145.4098141,1864
1782334145.4111009,1852
1782334145.411107,1871
1782334145.41239,1871
1782334145.413677,1882
1782334145.414963,1889
1782334145.416251,1862
1782334145.416258,1871
1782334145.417537,1881
1782334145.418821,1884
1782334145.420106,1868
1782334145.4201128,1839
1782334145.42138,1821
1782334145.431821,1809
1782334145.431824,1812
1782334145.431825,1847
1782334145.4318259,1873
1782334145.4318259,1884
1782334145.4318268,1858
1782334145.431828,1868
1782334145.431828,1849
1782334145.431829,1863
1782334145.43183,1880
1782334145.433096,1864
1782334145.433099,1864
1782334145.435874,1878
1782334145.435877,1860
1782334145.437141,1815
1782334145.437143,1803
1782334145.438425,1807
1782334145.439712,1835
1782334145.441,1844
1782334145.442286,1856
1782334145.442292,1847
1782334145.443573,1838
1782334145.4448571,1823
1782334145.446142,1778
1782334145.4461482,1800
1782334145.447432,1839
1782334145.44872,1852
1782334145.450007,1838
1782334145.451668,1851
1782334145.45167,1855
1782334145.462353,1846
1782334145.4623559,1835
1782334145.462357,1848
1782334145.462358,1868
1782334145.462358,1864
1782334145.462359,1870
1782334145.4623601,1880
1782334145.462361,1857
1782334145.462361,1848
1782334145.462362,1845
1782334145.4623628,1831
1782334145.4636328,1857
1782334145.466312,1849
1782334145.466314,1860
1782334145.466315,1860
1782334145.467581,1857
1782334145.468865,1866
1782334145.470154,1843
1782334145.4701598,1832
1782334145.471447,1844
1782334145.472735,1859
1782334145.474029,1878
1782334145.4753122,1820
1782334145.475318,1807
1782334145.476599,1833
1782334145.477897,1844
1782334145.4791858,1851
1782334145.479192,1819
1782334145.480476,1811
1782334145.4817421,1815
1782334145.492241,1831
1782334145.492243,1852
1782334145.492244,1838
1782334145.492245,1827
1782334145.492245,1815
1782334145.492246,1832
1782334145.492247,1855
1782334145.492247,1855
1782334145.492248,1866
1782334145.492249,1882
1782334145.492249,1855
1782334145.4922502,1849
1782334145.493524,1826
1782334145.4960608,1824
1782334145.496064,1867
1782334145.4960651,1866
1782334145.497329,1878
1782334145.498612,1821
1782334145.4999008,1827
1782334145.501183,1857
1782334145.50119,1855
1782334145.5024698,1844
1782334145.5037582,1833
1782334145.5050418,1816
1782334145.506328,1817
1782334145.506335,1807
1782334145.50762,1837
1782334145.508907,1844
1782334145.5101938,1857
1782334145.510201,1862
1782334145.511831,1838
1782334145.522667,1820
1782334145.52267,1849
1782334145.5226712,1856
1782334145.5226722,1835
1782334145.522673,1834
1782334145.522673,1839
1782334145.5226738,1829
1782334145.522675,1814
1782334145.522675,1830
1782334145.522676,1857
1782334145.522677,1876
1782334145.52394,1900
1782334145.527056,1880
1782334145.5270588,1851
1782334145.5270588,1831
1782334145.52706,1821
1782334145.5283258,1794
1782334145.529612,1832
1782334145.530903,1863
1782334145.532193,1861
1782334145.5321999,1846
1782334145.533482,1850
1782334145.5347672,1859
1782334145.536051,1862
1782334145.537345,1839
1782334145.537351,1827
1782334145.5386372,1818
1782334145.539923,1823
1782334145.5412102,1845
1782334145.541217,1860
1782334145.5425038,1854
1782334145.543775,1870
1782334145.554158,1870
1782334145.5541608,1868
1782334145.554162,1888
1782334145.554163,1873
1782334145.554163,1867
1782334145.554164,1838
1782334145.554165,1839
1782334145.554165,1799
1782334145.554166,1811
1782334145.554167,1821
1782334145.554167,1835
1782334145.555438,1835
1782334145.5582879,1823
1782334145.558291,1824
1782334145.558292,1856
1782334145.5595589,1874
1782334145.560843,1848
1782334145.562133,1844
1782334145.5621388,1851
1782334145.563425,1828
1782334145.564713,1816
1782334145.5660028,1812
1782334145.567287,1835
1782334145.567293,1833
1782334145.568573,1845
1782334145.569859,1832
1782334145.571147,1853
1782334145.571153,1858
1782334145.5724359,1847
1782334145.574115,1835
1782334145.574118,1850
1782334145.584597,1858
1782334145.5846,1892
1782334145.5846012,1839
1782334145.584602,1855
1782334145.584602,1884
1782334145.5846028,1871
1782334145.5846038,1886
1782334145.584605,1885
1782334145.584605,1831
1782334145.584606,1807
1782334145.585876,1805
1782334145.589098,1796
1782334145.589101,1802
1782334145.5891032,1806
1782334145.5891042,1828
1782334145.590376,1851
1782334145.591656,1844
1782334145.592942,1865
1782334145.594229,1863
1782334145.594236,1871
1782334145.5955222,1855
1782334145.596811,1881
1782334145.5980978,1869
1782334145.599387,1830
1782334145.599394,1807
1782334145.600678,1818
1782334145.601964,1831
1782334145.603877,1848
1782334145.60388,1848
1782334145.6141891,1854
1782334145.614192,1871
1782334145.614193,1883
1782334145.614194,1882
1782334145.6141949,1880
1782334145.6141949,1862
1782334145.614196,1839
1782334145.614197,1839
1782334145.614197,1821
1782334145.614198,1838
1782334145.614199,1862
1782334145.614199,1847
1782334145.615467,1844
1782334145.618027,1832
1782334145.61803,1856
1782334145.6180348,1842
1782334145.619301,1843
1782334145.620587,1854
1782334145.6218612,1843
1782334145.623143,1835
1782334145.62315,1826
1782334145.624435,1823
1782334145.625721,1853
1782334145.627006,1852
1782334145.628293,1835
1782334145.628299,1816
1782334145.6295848,1811
1782334145.6308732,1832
1782334145.632159,1836
1782334145.6321652,1839
1782334145.6334348,1846
1782334145.6439161,1831
1782334145.643919,1821
1782334145.64392,1839
1782334145.64392,1833
1782334145.643921,1839
1782334145.6439219,1839
1782334145.643923,1860
1782334145.643923,1848
1782334145.643924,1852
1782334145.643925,1836
1782334145.645186,1841
1782334145.645188,1837
1782334145.6477299,1829
1782334145.647732,1825
1782334145.649025,1838
1782334145.650303,1848
1782334145.650305,1847
1782334145.651573,1850
1782334145.6528552,1848
1782334145.654141,1828
1782334145.654148,1849
1782334145.655434,1854
1782334145.6567209,1853
1782334145.658006,1848
1782334145.6592891,1838
1782334145.659295,1871
1782334145.660558,1862
1782334145.66184,1828
1782334145.6631281,1834
1782334145.663135,1838
1782334145.664402,1844
1782334145.674457,1848
1782334145.674459,1863
1782334145.674459,1851
1782334145.67446,1843
1782334145.674461,1887
1782334145.6744618,1892
1782334145.6744618,1869
1782334145.674463,1863
1782334145.674464,1852
1782334145.674464,1814
1782334145.675725,1821
1782334145.6789849,1837
1782334145.678988,1868
1782334145.6789892,1885
1782334145.680257,1893
1782334145.680259,1896
1782334145.6815438,1883
1782334145.6828318,1828
1782334145.684122,1764
1782334145.684129,1780
1782334145.68541,1762
1782334145.686699,1803
1782334145.687969,1826
1782334145.6892521,1852
1782334145.689259,1894
1782334145.690541,1862
1782334145.69183,1839
1782334145.693119,1798
1782334145.693125,1764
1782334145.694408,1787
1782334145.695682,1817
1782334145.706188,1813
1782334145.706191,1844
1782334145.7061918,1885
1782334145.7061918,1864
1782334145.706193,1868
1782334145.706194,1871
1782334145.706194,1871
1782334145.7061949,1875
1782334145.706196,1876
1782334145.706197,1832
1782334145.706197,1858
1782334145.7074702,1871
1782334145.710112,1884
1782334145.710115,1871
1782334145.710115,1869
1782334145.7113779,1864
1782334145.71266,1839
1782334145.713946,1844
1782334145.715234,1843
1782334145.71524,1810
1782334145.716525,1812
1782334145.7178082,1823
1782334145.719092,1837
1782334145.7190988,1849
1782334145.7203999,1854
1782334145.7216861,1882
1782334145.722974,1869
1782334145.72426,1836
1782334145.724266,1847
1782334145.7255318,1848
1782334145.735704,1855
1782334145.7357068,1849
1782334145.735708,1853
1782334145.735708,1834
1782334145.735709,1848
1782334145.73571,1848
1782334145.73571,1845
1782334145.7357109,1831
1782334145.735712,1821
1782334145.735713,1816
1782334145.736979,1832
1782334145.739558,1869
1782334145.73956,1865
1782334145.7395608,1858
1782334145.740843,1832
1782334145.7408488,1855
1782334145.7421162,1830
1782334145.742118,1842
1782334145.743385,1807
1782334145.744662,1816
1782334145.74595,1822
1782334145.7472389,1825
1782334145.747245,1845
1782334145.74853,1826
1782334145.7498171,1825
1782334145.7510998,1844
1782334145.751106,1826
1782334145.7523851,1855
1782334145.753669,1859
1782334145.754952,1839
1782334145.766359,1852
1782334145.7663622,1856
1782334145.7663841,1856
1782334145.7663848,1881
1782334145.766386,1869
1782334145.766386,1854
1782334145.766387,1866
1782334145.766388,1871
1782334145.766388,1859
1782334145.766389,1847
1782334145.76639,1882
1782334145.76639,1876
1782334145.770292,1866
1782334145.7702951,1858
1782334145.7702951,1863
1782334145.770296,1853
1782334145.771563,1834
1782334145.7728472,1827
1782334145.774136,1827
1782334145.774143,1797
1782334145.775423,1793
1782334145.7767072,1812
1782334145.777995,1836
1782334145.779281,1854
1782334145.779287,1799
1782334145.780572,1821
1782334145.781857,1818
1782334145.7831419,1860
1782334145.783149,1907
1782334145.784433,1891
1782334145.7862341,1830
1782334145.78624,1806
1782334145.7972429,1814
1782334145.797247,1843
1782334145.797248,1846
1782334145.797249,1838
1782334145.797249,1863
1782334145.79725,1866
1782334145.797251,1855
1782334145.7972522,1842
1782334145.7972522,1853
1782334145.7972531,1876
1782334145.7972538,1880
1782334145.798527,1889
1782334145.8020322,1855
1782334145.802036,1830
1782334145.802037,1819
1782334145.8020532,1821
1782334145.8033211,1792
1782334145.804584,1838
1782334145.805846,1890
1782334145.807106,1866
1782334145.8071082,1852
1782334145.808369,1834
1782334145.809629,1826
1782334145.810889,1839
1782334145.812154,1832
1782334145.812156,1845
1782334145.813418,1842
1782334145.814681,1857
1782334145.8159418,1851
1782334145.827563,1848
1782334145.827568,1829
1782334145.827569,1821
1782334145.82757,1834
1782334145.827571,1827
1782334145.827571,1832
1782334145.8275719,1856
1782334145.827573,1878
1782334145.827574,1851
1782334145.827575,1864
1782334145.827575,1843
1782334145.8275762,1839
1782334145.8288388,1818
1782334145.831976,1825
1782334145.831978,1827
1782334145.831979,1834
1782334145.83326,1863
1782334145.833267,1861
1782334145.834553,1843
1782334145.835844,1835
1782334145.8371332,1865
1782334145.83714,1879
1782334145.838424,1858
1782334145.8397162,1857
1782334145.841001,1855
1782334145.8422852,1851
1782334145.8422909,1838
1782334145.843571,1832
1782334145.844856,1826
1782334145.846144,1839
1782334145.84615,1802
1782334145.847424,1828
1782334145.857464,1842
1782334145.857467,1826
1782334145.857468,1837
1782334145.8574688,1847
1782334145.8574688,1836
1782334145.85747,1845
1782334145.85747,1855
1782334145.857471,1839
1782334145.857472,1853
1782334145.8574731,1849
1782334145.858735,1853
1782334145.861742,1866
1782334145.8617442,1850
1782334145.8617449,1879
1782334145.863015,1899
1782334145.8642979,1924
1782334145.864304,1886
1782334145.865588,1837
1782334145.866875,1816
1782334145.868161,1831
1782334145.868167,1835
1782334145.869451,1820
1782334145.869458,1826
1782334145.870741,1855
1782334145.872027,1874
1782334145.873316,1860
1782334145.873322,1867
1782334145.874588,1832
1782334145.87587,1798
1782334145.877156,1818
1782334145.877163,1815
1782334145.8883,1810
1782334145.888319,1821
1782334145.88832,1845
1782334145.888321,1837
1782334145.888321,1836
1782334145.888322,1839
1782334145.888323,1839
1782334145.888323,1864
1782334145.888324,1834
1782334145.8883252,1804
1782334145.8883252,1821
1782334145.8895948,1819
1782334145.892898,1855
1782334145.8929012,1884
1782334145.892902,1878
1782334145.8941681,1860
1782334145.89417,1886
1782334145.895471,1854
1782334145.896755,1836
1782334145.8980439,1839
1782334145.899334,1830
1782334145.899341,1831
1782334145.9006238,1847
1782334145.901908,1834
1782334145.903192,1847
1782334145.903199,1839
1782334145.904484,1806
1782334145.9057732,1817
1782334145.907381,1835
1782334145.907383,1850
1782334145.918015,1817
1782334145.918018,1835
1782334145.918019,1842
1782334145.91802,1863
1782334145.91802,1850
1782334145.9180212,1861
1782334145.918022,1862
1782334145.9180229,1845
1782334145.9180238,1861
1782334145.9180238,1848
1782334145.919306,1856
1782334145.9193091,1857
1782334145.922585,1857
1782334145.9225879,1878
1782334145.9225888,1875
1782334145.923873,1828
1782334145.92514,1831
1782334145.925141,1850
1782334145.926423,1871
1782334145.927712,1849
1782334145.928998,1829
1782334145.930283,1848
1782334145.9302888,1858
1782334145.931574,1856
1782334145.9328582,1849
1782334145.934141,1861
1782334145.9341471,1846
1782334145.935429,1866
1782334145.93672,1845
1782334145.937997,1839
1782334145.9392798,1880
1782334145.939286,1868
1782334145.9405499,1876
1782334145.950569,1858
1782334145.950573,1810
1782334145.9505742,1813
1782334145.950575,1813
1782334145.950575,1834
1782334145.950576,1833
1782334145.9505768,1832
1782334145.9505768,1835
1782334145.950578,1842
1782334145.950579,1865
1782334145.951848,1870
1782334145.954458,1861
1782334145.954462,1844
1782334145.954463,1800
1782334145.95573,1815
1782334145.957023,1797
1782334145.95831,1811
1782334145.958317,1837
1782334145.959598,1864
1782334145.960883,1858
1782334145.962183,1847
1782334145.9621918,1850
1782334145.963464,1839
1782334145.9647481,1835
1782334145.966034,1812
1782334145.967325,1836
1782334145.9673321,1855
1782334145.968616,1853
1782334145.96989,1903
1782334145.9799948,1914
1782334145.979997,1888
1782334145.9799979,1882
1782334145.979999,1819
1782334145.98,1788
1782334145.98,1774
1782334145.980001,1786
1782334145.9800022,1801
1782334145.980003,1848
1782334145.980004,1875
1782334145.981279,1886
1782334145.981282,1871
1782334145.983798,1849
1782334145.9838002,1837
1782334145.9850712,1822
1782334145.9850738,1815
1782334145.9863539,1806
1782334145.987658,1800
1782334145.988954,1864
1782334145.990243,1884
1782334145.9902499,1871
1782334145.9915361,1853
1782334145.99282,1856
1782334145.994122,1821
1782334145.994129,1844
1782334145.995414,1839
1782334145.9966872,1839
1782334145.9979699,1844
1782334145.999273,1882
1782334145.999275,1886
1782334145.999276,1887
1782334146.009515,1847
1782334146.009517,1838
1782334146.0095181,1831
1782334146.009519,1843
1782334146.009519,1839
1782334146.00952,1813
1782334146.009521,1830
1782334146.009521,1847
1782334146.009522,1853
1782334146.009523,1857
1782334146.010794,1865
1782334146.013315,1849
1782334146.0133178,1860
1782334146.013319,1831
1782334146.0145862,1829
1782334146.015869,1813
1782334146.017154,1843
1782334146.017161,1861
1782334146.018442,1876
1782334146.019729,1848
1782334146.0210261,1862
1782334146.022312,1833
1782334146.022319,1860
1782334146.023603,1839
1782334146.024891,1849
1782334146.026196,1858
1782334146.0262022,1848
1782334146.0274858,1867
1782334146.02926,1857
1782334146.029262,1839
1782334146.039992,1850
1782334146.039995,1822
1782334146.039996,1825
1782334146.0399969,1835
1782334146.0399969,1838
1782334146.039998,1846
1782334146.039999,1851
1782334146.039999,1853
1782334146.04,1859
1782334146.040001,1853
1782334146.04127,1865
1782334146.041273,1831
1782334146.044225,1826
1782334146.044228,1854
1782334146.044229,1883
1782334146.045496,1858
1782334146.046762,1862
1782334146.048042,1832
1782334146.049331,1816
1782334146.0493371,1797
1782334146.0506182,1827
1782334146.051904,1832
1782334146.0531929,1822
1782334146.0531998,1828
1782334146.054485,1845
1782334146.055773,1877
1782334146.05707,1874
1782334146.057085,1892
1782334146.05837,1906
1782334146.0601542,1890
1782334146.060168,1849
1782334146.07059,1826
1782334146.070593,1800
1782334146.070594,1775
1782334146.070595,1768
1782334146.070596,1826
1782334146.0705972,1876
1782334146.0705972,1869
1782334146.070598,1884
1782334146.0705988,1846
1782334146.0706,1838
1782334146.071863,1823
1782334146.0745149,1775
1782334146.074517,1804
1782334146.074518,1842
1782334146.075783,1834
1782334146.07707,1848
1782334146.077085,1855
1782334146.0783691,1871
1782334146.079653,1860
1782334146.0809422,1848
1782334146.08223,1843
1782334146.082237,1824
1782334146.0835168,1853
1782334146.084799,1857
1782334146.0860841,1855
1782334146.08609,1847
1782334146.087397,1834
1782334146.088686,1855
1782334146.089958,1855
1782334146.091614,1851
1782334146.091618,1814
1782334146.102258,1831
1782334146.1022599,1835
1782334146.102261,1850
1782334146.102262,1855
1782334146.102263,1851
1782334146.102263,1836
1782334146.1022642,1827
1782334146.1022651,1850
1782334146.1022651,1825
1782334146.102266,1839
1782334146.1022668,1850
1782334146.1035311,1838
1782334146.106272,1860
1782334146.106275,1857
1782334146.107556,1860
1782334146.107563,1829
1782334146.108833,1847
1782334146.110118,1846
1782334146.110125,1845
1782334146.111407,1842
1782334146.1126962,1821
1782334146.113985,1839
1782334146.115273,1864
1782334146.1152792,1858
1782334146.116564,1839
1782334146.117847,1828
1782334146.1191308,1807
1782334146.119137,1818
1782334146.121226,1842
1782334146.1212292,1823
1782334146.1317902,1829
1782334146.1317918,1815
1782334146.1317928,1839
1782334146.131794,1852
1782334146.131794,1839
1782334146.131795,1875
1782334146.131795,1858
1782334146.131796,1871
1782334146.131797,1864
1782334146.131798,1856
1782334146.131799,1861
1782334146.1330612,1845
1782334146.1330628,1819
1782334146.135723,1851
1782334146.135726,1848
1782334146.1369889,1834
1782334146.138274,1825
1782334146.13828,1828
1782334146.1395662,1826
1782334146.1408541,1847
1782334146.142139,1868
1782334146.142145,1859
1782334146.143426,1824
1782334146.144711,1862
1782334146.145994,1855
1782334146.1472828,1844
1782334146.147289,1835
1782334146.148575,1806
1782334146.1498618,1825
1782334146.1518562,1833
1782334146.1518579,1870
1782334146.162341,1877
1782334146.162344,1898
1782334146.162345,1871
1782334146.162345,1855
1782334146.162346,1800
1782334146.162347,1815
1782334146.162348,1903
1782334146.162348,1976
1782334146.162349,2004
1782334146.1623502,1919
1782334146.1623502,1850
1782334146.163618,1823
1782334146.1665459,1768
1782334146.16655,1716
1782334146.166551,1728
1782334146.16784,1775
1782334146.169135,1801
1782334146.169143,1804
1782334146.17043,1815
1782334146.17172,1827
1782334146.173007,1864
1782334146.174304,1864
1782334146.174311,1859
1782334146.175593,1847
1782334146.176877,1843
1782334146.178165,1868
1782334146.1781719,1876
1782334146.179457,1870
1782334146.180744,1839
1782334146.191962,1883
1782334146.191966,1871
1782334146.191993,1846
1782334146.1919959,1830
1782334146.1919968,1843
1782334146.1919968,1862
1782334146.191998,1847
1782334146.191999,1852
1782334146.191999,1861
1782334146.192,1845
1782334146.192001,1860
1782334146.193269,1871
1782334146.193271,1860
1782334146.1960142,1860
1782334146.1960168,1831
1782334146.197284,1830
1782334146.197286,1806
1782334146.19857,1806
1782334146.1998599,1818
1782334146.201142,1824
1782334146.2011478,1842
1782334146.2024288,1847
1782334146.2037141,1831
1782334146.205,1836
1782334146.2062879,1853
1782334146.206294,1856
1782334146.2075782,1845
1782334146.2088661,1848
1782334146.210155,1844
1782334146.210161,1855
1782334146.2119591,1839
1782334146.2226188,1855
1782334146.222622,1854
1782334146.2226229,1868
1782334146.222624,1882
1782334146.222625,1881
1782334146.222626,1855
1782334146.222626,1853
1782334146.2226272,1836
1782334146.222628,1907
1782334146.222628,1974
1782334146.222629,1984
1782334146.223897,1974
1782334146.22659,1935
1782334146.226593,1975
1782334146.226594,1889
1782334146.2278621,1835
1782334146.229144,1807
1782334146.22915,1796
1782334146.230438,1763
1782334146.2317271,1698
1782334146.233023,1781
1782334146.2343092,1896
1782334146.234315,1899
1782334146.235599,1925
1782334146.236886,1962
1782334146.2381709,1989
1782334146.238178,1869
1782334146.2394629,1727
1782334146.2407491,1752
1782334146.2420359,1758
1782334146.243892,1807
1782334146.243895,1855
1782334146.2546492,1919
1782334146.2546518,1959
1782334146.254653,1855
1782334146.254654,1768
1782334146.254655,1800
1782334146.254655,1817
1782334146.254656,1798
1782334146.254657,1831
1782334146.254657,1879
1782334146.254658,1908
1782334146.2546592,1805
1782334146.255925,1738
1782334146.258776,1752
1782334146.2587788,1774
1782334146.2587788,1846
1782334146.25878,1835
1782334146.26004,1898
1782334146.260042,1951
1782334146.261323,1842
1782334146.262592,1775
1782334146.2638762,1763
1782334146.265167,1800
1782334146.265174,1832
1782334146.266459,1788
1782334146.267744,1828
1782334146.2690308,1907
1782334146.270319,1877
1782334146.270325,1790
1782334146.271616,1758
1782334146.273623,1826
1782334146.2736251,1880
1782334146.2843032,1882
1782334146.2843049,1869
1782334146.2843058,1919
1782334146.284307,1925
1782334146.284307,1816
1782334146.284308,1756
1782334146.284309,1830
1782334146.284309,1845
1782334146.28431,1855
1782334146.284311,1899
1782334146.284311,1907
1782334146.2855759,1906
1782334146.2882829,1814
1782334146.288287,1728
1782334146.288288,1817
1782334146.28956,1844
1782334146.290844,1845
1782334146.292129,1881
1782334146.292136,1885
1782334146.293418,1919
1782334146.294703,1833
1782334146.295989,1730
1782334146.297272,1755
1782334146.297279,1807
1782334146.2985432,1836
1782334146.2998211,1855
1782334146.301107,1889
1782334146.3011131,1939
1782334146.302409,1844
1782334146.303775,1742
1782334146.314348,1796
1782334146.3143501,1858
1782334146.314351,1916
1782334146.314352,1896
1782334146.314353,1935
1782334146.314353,1985
1782334146.314354,1871
1782334146.314355,1758
1782334146.314355,1734
1782334146.3143559,1800
1782334146.314357,1849
1782334146.3156211,1834
1782334146.318231,1866
1782334146.318233,1895
1782334146.3182342,1860
1782334146.3195012,1772
1782334146.3207839,1743
1782334146.322071,1811
1782334146.322077,1876
1782334146.323361,1883
1782334146.324645,1908
1782334146.325928,1932
1782334146.327195,1880
1782334146.3271968,1778
1782334146.328475,1710
1782334146.3297632,1765
1782334146.3310468,1850
1782334146.3323379,1847
1782334146.332344,1882
1782334146.333607,1925
1782334146.3437078,1934
1782334146.343711,1848
1782334146.343712,1752
1782334146.343713,1827
1782334146.343713,1852
1782334146.343714,1835
1782334146.3437152,1849
1782334146.3437161,1890
1782334146.3437161,1881
1782334146.343717,1735
1782334146.344987,1650
1782334146.347431,1747
1782334146.3474329,1826
1782334146.347434,1885
1782334146.3486989,1949
1782334146.3499782,1977
1782334146.351261,2010
1782334146.351268,1865
1782334146.3525472,1732
1782334146.353832,1782
1782334146.355104,1816
1782334146.355105,1846
1782334146.356391,1864
1782334146.35768,1914
1782334146.358965,1924
1782334146.360249,1795
1782334146.360255,1688
1782334146.3615391,1720
1782334146.362813,1820
1782334146.364075,1855
1782334146.364077,1874
1782334146.374184,1886
1782334146.374187,1912
1782334146.374188,1819
1782334146.374188,1768
1782334146.3741891,1778
1782334146.37419,1858
1782334146.37419,1910
1782334146.374191,1877
1782334146.3741922,1886
1782334146.374193,1915
1782334146.375465,1849
1782334146.37831,1789
1782334146.3783119,1759
1782334146.378313,1810
1782334146.379597,1870
1782334146.380885,1886
1782334146.382176,1902
1782334146.3821828,1967
1782334146.383465,1894
1782334146.3847492,1795
1782334146.386032,1743
1782334146.3873222,1778
1782334146.387328,1871
1782334146.388615,1855
1782334146.388621,1912
1782334146.389908,1971
1782334146.391194,1916
1782334146.3912,1801
1782334146.392481,1724
1782334146.393771,1761
1782334146.395273,1802
1782334146.395275,1831
1782334146.406005,1867
1782334146.4060118,1864
1782334146.406013,1888
1782334146.406014,1814
1782334146.406015,1732
1782334146.406016,1775
1782334146.406016,1843
1782334146.406017,1839
1782334146.406018,1885
1782334146.406018,1891
1782334146.4072871,1926
1782334146.4072902,1835
1782334146.4102411,1757
1782334146.410243,1794
1782334146.410244,1843
1782334146.411509,1854
1782334146.41279,1894
1782334146.414075,1869
1782334146.414081,1903
1782334146.415366,1839
1782334146.4166489,1782
1782334146.417933,1807
1782334146.419214,1858
1782334146.419221,1914
1782334146.420505,1926
1782334146.421785,1897
1782334146.423072,1914
1782334146.423077,1886
1782334146.424361,1865
1782334146.425628,1866
1782334146.435771,1846
1782334146.435773,1846
1782334146.435773,1876
1782334146.4357738,1880
1782334146.435775,1880
1782334146.435776,1845
1782334146.435776,1789
1782334146.435777,1766
1782334146.4357781,1751
1782334146.4357781,1701
1782334146.4370391,1677
1782334146.43995,1698
1782334146.439952,1755
1782334146.4399529,1804
1782334146.4412339,1830
1782334146.441241,1823
1782334146.442505,1806
