1782334596.7041721,1853
1782334596.705457,1868
1782334596.70673,1854
1782334596.707999,1824
1782334596.708002,1820
1782334596.70928,1828
1782334596.710565,1839
1782334596.71185,1844
1782334596.7118568,1844
1782334596.7131379,1856
1782334596.7144089,1834
1782334596.715678,1828
1782334596.716959,1757
1782334596.7169652,1796
1782334596.718246,1874
1782334596.7195299,1934
1782334596.726173,1956
1782334596.72618,1946
1782334596.726182,1896
1782334596.726183,1851
1782334596.7261848,1794
1782334596.726186,1811
1782334596.726187,1828
1782334596.727465,1806
1782334596.728735,1826
1782334596.730002,1821
1782334596.730005,1816
1782334596.7312698,1796
1782334596.732536,1824
1782334596.733803,1880
1782334596.735067,1839
1782334596.73507,1826
1782334596.736332,1857
1782334596.7375948,1852
1782334596.738859,1869
1782334596.738861,1839
1782334596.7401211,1832
1782334596.741384,1816
1782334596.742646,1821
1782334596.7439082,1796
1782334596.743911,1811
1782334596.7451708,1855
1782334596.746433,1865
1782334596.747694,1839
1782334596.748966,1845
1782334596.74897,1848
1782334596.750232,1886
1782334596.75152,1885
1782334596.756503,1858
1782334596.7565088,1837
1782334596.756511,1826
1782334596.756512,1824
1782334596.756513,1821
1782334596.757799,1833
1782334596.759082,1847
1782334596.759089,1834
1782334596.759093,1829
1782334596.7603781,1819
1782334596.761663,1832
1782334596.76295,1836
1782334596.762957,1865
1782334596.764261,1882
1782334596.7655349,1857
1782334596.766819,1862
1782334596.7681139,1839
1782334596.76812,1856
1782334596.769402,1813
1782334596.770689,1852
1782334596.7719722,1833
1782334596.771978,1845
1782334596.773259,1835
1782334596.774543,1819
1782334596.775836,1815
1782334596.775852,1858
1782334596.7771552,1853
1782334596.778442,1867
1782334596.779728,1843
1782334596.781278,1823
1782334596.781282,1810
1782334596.785815,1875
1782334596.7858188,1895
1782334596.78582,1879
1782334596.785821,1850
1782334596.785822,1852
1782334596.7870889,1855
1782334596.788367,1832
1782334596.789649,1851
1782334596.7909188,1807
1782334596.790922,1833
1782334596.7922099,1839
1782334596.793493,1851
1782334596.794775,1887
1782334596.796057,1847
1782334596.796063,1878
1782334596.797346,1863
1782334596.798615,1862
1782334596.7998788,1876
1782334596.799882,1847
1782334596.801159,1812
1782334596.80244,1795
1782334596.803722,1780
1782334596.805005,1799
1782334596.8050098,1845
1782334596.806289,1894
1782334596.80757,1927
1782334596.808853,1906
1782334596.8088582,1891
1782334596.810137,1861
1782334596.811696,1851
1782334596.816362,1779
1782334596.8163662,1807
1782334596.8163671,1829
1782334596.816368,1830
1782334596.8163688,1814
1782334596.817638,1825
1782334596.8189042,1837
1782334596.818906,1819
1782334596.820183,1821
1782334596.8214662,1841
1782334596.822763,1843
1782334596.824039,1869
1782334596.824045,1850
1782334596.825325,1819
1782334596.826607,1843
1782334596.827888,1845
1782334596.827894,1839
1782334596.829172,1833
1782334596.830453,1831
1782334596.831739,1884
1782334596.833007,1855
1782334596.83301,1860
1782334596.8342872,1855
1782334596.835569,1858
1782334596.836851,1859
1782334596.836857,1817
1782334596.838138,1827
1782334596.839425,1818
1782334596.840696,1820
1782334596.846731,1821
1782334596.846736,1830
1782334596.846737,1850
1782334596.8467379,1852
1782334596.8467379,1859
1782334596.846739,1850
1782334596.848015,1832
1782334596.8480299,1839
1782334596.84932,1887
1782334596.850608,1836
1782334596.851894,1836
1782334596.8518999,1839
1782334596.853181,1793
1782334596.854465,1807
1782334596.855753,1848
1782334596.857026,1868
1782334596.857028,1895
1782334596.858293,1885
1782334596.859571,1842
1782334596.860856,1862
1782334596.860863,1866
1782334596.862143,1855
1782334596.863426,1824
1782334596.8647091,1804
1782334596.865994,1806
1782334596.866,1819
1782334596.8672798,1801
1782334596.868562,1823
1782334596.869845,1818
1782334596.8698509,1818
1782334596.8711302,1839
1782334596.8778298,1829
1782334596.877833,1849
1782334596.877834,1866
1782334596.877835,1862
1782334596.877836,1866
1782334596.877837,1858
1782334596.8778381,1850
1782334596.879106,1854
1782334596.8803751,1844
1782334596.8816462,1847
1782334596.8829298,1855
1782334596.882936,1854
1782334596.884223,1830
1782334596.885507,1870
1782334596.8867898,1893
1782334596.888076,1879
1782334596.888083,1878
1782334596.888085,1837
1782334596.889366,1845
1782334596.890634,1828
1782334596.8919182,1822
1782334596.891925,1795
1782334596.8932102,1846
1782334596.894497,1861
1782334596.895793,1861
1782334596.897082,1883
1782334596.897088,1887
1782334596.898371,1836
1782334596.899652,1813
1782334596.900938,1839
1782334596.900945,1828
1782334596.902226,1853
1782334596.9035552,1842
1782334596.909138,1831
1782334596.909143,1842
1782334596.9091442,1859
1782334596.909145,1916
1782334596.909146,1870
1782334596.9091468,1846
1782334596.910416,1825
1782334596.9116979,1805
1782334596.912986,1805
1782334596.912992,1807
1782334596.914273,1827
1782334596.91556,1804
1782334596.9168499,1844
1782334596.916865,1849
1782334596.918186,1851
1782334596.919477,1854
1782334596.9207628,1903
1782334596.92204,1871
1782334596.9220428,1862
1782334596.9233139,1837
1782334596.924604,1902
1782334596.9258912,1884
1782334596.925897,1845
1782334596.9271822,1849
1782334596.9284701,1844
1782334596.929754,1839
1782334596.9308438,1850
1782334596.93086,1839
1782334596.932157,1827
1782334596.93345,1855
1782334596.939221,1831
1782334596.939224,1794
1782334596.9392262,1797
1782334596.9392269,1816
1782334596.9392278,1812
1782334596.939229,1794
1782334596.9405031,1823
1782334596.9417841,1849
1782334596.943074,1846
1782334596.943081,1835
1782334596.944362,1838
1782334596.945646,1864
1782334596.946932,1859
1782334596.946938,1848
1782334596.948222,1854
1782334596.949506,1861
1782334596.950793,1842
1782334596.952081,1838
1782334596.952088,1845
1782334596.953372,1839
1782334596.954658,1842
1782334596.9559438,1835
1782334596.9559512,1828
1782334596.957236,1871
1782334596.9585228,1828
1782334596.959796,1859
1782334596.961078,1855
1782334596.9610848,1842
1782334596.962369,1842
1782334596.963718,1852
1782334596.96958,1820
1782334596.9695842,1823
1782334596.969585,1843
1782334596.9695868,1816
1782334596.969588,1804
1782334596.969589,1829
1782334596.970859,1871
1782334596.970865,1892
1782334596.972149,1883
1782334596.9734368,1881
1782334596.9747221,1850
1782334596.976011,1816
1782334596.976017,1853
1782334596.9772968,1862
1782334596.97858,1876
1782334596.979863,1876
1782334596.9798698,1849
1782334596.981153,1882
1782334596.982441,1893
1782334596.983714,1857
1782334596.984994,1814
1782334596.985,1835
1782334596.986284,1878
1782334596.9875698,1813
1782334596.9888551,1812
1782334596.9888608,1823
1782334596.9901462,1839
1782334596.9914281,1871
1782334596.992713,1850
1782334596.998933,1848
1782334596.9989362,1837
1782334596.9989371,1819
1782334596.998938,1811
1782334596.9989388,1827
1782334596.99894,1830
1782334596.998941,1871
1782334597.0002098,1900
1782334597.0014899,1871
1782334597.00276,1858
1782334597.0040388,1838
1782334597.004045,1837
1782334597.005325,1817
1782334597.006609,1824
1782334597.0078778,1783
1782334597.007881,1825
1782334597.009158,1817
1782334597.010442,1834
1782334597.011723,1857
1782334597.013005,1832
1782334597.013011,1821
1782334597.0142899,1821
1782334597.0155709,1831
1782334597.016852,1847
1782334597.016858,1862
1782334597.0181592,1839
1782334597.019443,1859
1782334597.0207272,1854
1782334597.0207329,1846
1782334597.022028,1888
1782334597.022035,1853
1782334597.0292292,1819
1782334597.029232,1813
1782334597.029233,1834
1782334597.029234,1846
1782334597.029235,1847
1782334597.029236,1875
1782334597.029237,1847
1782334597.0305111,1827
1782334597.031795,1775
1782334597.033066,1781
1782334597.0330691,1807
1782334597.0343459,1849
1782334597.03563,1858
1782334597.0369122,1894
1782334597.036918,1895
1782334597.038199,1874
1782334597.039486,1860
1782334597.040771,1850
1782334597.042058,1827
1782334597.042065,1858
1782334597.0433438,1898
1782334597.044627,1884
1782334597.0459142,1866
1782334597.04592,1847
1782334597.047202,1832
1782334597.0484889,1828
1782334597.0497642,1860
1782334597.051046,1811
1782334597.051052,1855
1782334597.0523362,1838
1782334597.053619,1855
1782334597.0549,1871
1782334597.0549061,1848
1782334597.061439,1880
1782334597.061443,1873
1782334597.061444,1843
1782334597.0614452,1809
1782334597.061446,1811
1782334597.061447,1818
1782334597.0627258,1822
1782334597.064013,1828
1782334597.064021,1871
1782334597.0653088,1871
1782334597.066585,1885
1782334597.067866,1869
1782334597.067873,1848
1782334597.069154,1796
1782334597.070436,1802
1782334597.071723,1814
1782334597.073013,1816
1782334597.0730188,1860
1782334597.074303,1864
1782334597.075588,1869
1782334597.076873,1883
1782334597.076879,1874
1782334597.078162,1823
1782334597.0794501,1770
1782334597.080739,1788
1782334597.082026,1823
1782334597.0820322,1824
1782334597.083312,1836
1782334597.084599,1850
1782334597.091323,1831
1782334597.091326,1871
1782334597.091327,1854
1782334597.091328,1875
1782334597.091329,1893
1782334597.09133,1882
1782334597.091331,1868
1782334597.0925949,1831
1782334597.0938702,1826
1782334597.093879,1815
1782334597.095165,1827
1782334597.096452,1843
1782334597.0977411,1839
1782334597.09903,1862
1782334597.099037,1865
1782334597.100318,1845
1782334597.101604,1830
1782334597.1028879,1826
1782334597.102894,1830
1782334597.104173,1847
1782334597.105458,1858
1782334597.106743,1851
1782334597.108031,1858
1782334597.1080372,1884
1782334597.1093209,1871
1782334597.110605,1858
1782334597.1118941,1853
1782334597.1118999,1838
1782334597.113184,1836
1782334597.114471,1863
1782334597.115895,1933
1782334597.1158981,1896
1782334597.12207,1848
1782334597.1220741,1856
1782334597.1220748,1851
1782334597.1220758,1823
1782334597.122077,1803
1782334597.122078,1804
1782334597.123352,1853
1782334597.124639,1834
1782334597.1259258,1806
1782334597.1259332,1828
1782334597.1272151,1832
1782334597.1285,1865
1782334597.129784,1828
1782334597.131072,1850
1782334597.131078,1902
1782334597.132362,1870
1782334597.133646,1829
1782334597.134933,1827
1782334597.134939,1833
1782334597.136223,1825
1782334597.1375098,1835
1782334597.138797,1847
1782334597.140084,1844
1782334597.1400902,1827
1782334597.141372,1849
1782334597.142643,1822
1782334597.143923,1810
1782334597.143929,1823
1782334597.145209,1818
1782334597.146492,1839
1782334597.153654,1864
1782334597.1536582,1855
1782334597.1536589,1858
1782334597.1536598,1839
1782334597.153661,1857
1782334597.153662,1855
1782334597.153663,1855
1782334597.154926,1858
1782334597.154929,1847
1782334597.1549299,1830
1782334597.156209,1797
1782334597.157495,1773
1782334597.1587799,1807
1782334597.160063,1847
1782334597.16007,1855
1782334597.1613498,1842
1782334597.162634,1927
1782334597.163905,1925
1782334597.163907,1902
1782334597.165185,1883
1782334597.166456,1870
1782334597.167736,1846
1782334597.16902,1809
1782334597.169027,1784
1782334597.1703072,1790
1782334597.171595,1787
1782334597.1728861,1797
1782334597.172894,1800
1782334597.174168,1828
1782334597.175453,1834
1782334597.177301,1878
1782334597.177304,1839
1782334597.1836002,1831
1782334597.183603,1864
1782334597.183604,1867
1782334597.183605,1856
1782334597.183606,1928
1782334597.183607,1893
1782334597.1848252,1855
1782334597.1860921,1796
1782334597.186095,1787
1782334597.187376,1833
1782334597.188659,1855
1782334597.1899462,1842
1782334597.189953,1843
1782334597.191231,1835
1782334597.192518,1826
1782334597.193804,1839
1782334597.195086,1848
1782334597.195092,1845
1782334597.1963708,1847
1782334597.197654,1844
1782334597.1989279,1845
1782334597.198931,1853
1782334597.200212,1860
1782334597.201499,1902
1782334597.202771,1853
1782334597.204054,1839
1782334597.204061,1836
1782334597.205343,1839
1782334597.2066188,1837
1782334597.2138162,1826
1782334597.213818,1839
1782334597.21382,1883
1782334597.213821,1869
1782334597.213822,1871
1782334597.213823,1850
1782334597.213824,1830
1782334597.213825,1867
1782334597.215091,1843
1782334597.216369,1839
1782334597.217649,1816
1782334597.218932,1894
1782334597.2189388,1870
1782334597.2202182,1856
1782334597.2215009,1835
1782334597.2227929,1829
1782334597.2240798,1833
1782334597.224086,1807
1782334597.225367,1824
1782334597.2266529,1844
1782334597.2279391,1839
1782334597.2279449,1861
1782334597.229227,1835
1782334597.2305129,1817
1782334597.231796,1831
1782334597.233072,1830
1782334597.233075,1823
1782334597.234356,1839
1782334597.235643,1843
1782334597.2371461,1863
1782334597.237149,1855
1782334597.243479,1850
1782334597.243484,1850
1782334597.243485,1860
1782334597.243486,1891
1782334597.243487,1877
1782334597.243488,1859
1782334597.244677,1895
1782334597.245962,1881
1782334597.247252,1855
1782334597.247259,1848
1782334597.248544,1812
1782334597.249815,1791
1782334597.251096,1843
1782334597.251103,1839
1782334597.252382,1843
1782334597.253665,1834
1782334597.254949,1816
1782334597.254955,1814
1782334597.2562401,1836
1782334597.257529,1838
1782334597.2588,1846
1782334597.260084,1851
1782334597.2600908,1852
1782334597.261375,1826
1782334597.262651,1831
1782334597.263933,1838
1782334597.26394,1855
1782334597.265225,1843
1782334597.266748,1838
1782334597.273212,1871
1782334597.273216,1862
1782334597.273217,1906
1782334597.2732182,1960
1782334597.273219,1898
1782334597.27322,1801
1782334597.273221,1794
1782334597.274488,1850
1782334597.2757728,1866
1782334597.277073,1827
1782334597.277079,1818
1782334597.278359,1839
1782334597.279642,1842
1782334597.28093,1869
1782334597.280936,1887
1782334597.2822201,1859
1782334597.283509,1838
1782334597.284781,1865
1782334597.2860641,1829
1782334597.28607,1825
1782334597.287356,1848
1782334597.287362,1853
1782334597.288631,1839
1782334597.2899148,1839
1782334597.289921,1797
1782334597.2911942,1807
1782334597.292475,1823
1782334597.2937658,1836
1782334597.295052,1824
1782334597.295059,1828
1782334597.296343,1887
1782334597.2976298,1825
1782334597.29915,1839
1782334597.299155,1838
1782334597.3056982,1863
1782334597.305701,1853
1782334597.305702,1845
1782334597.305703,1839
1782334597.3057039,1818
1782334597.305705,1847
1782334597.306983,1853
1782334597.306985,1828
1782334597.308254,1837
1782334597.309537,1846
1782334597.310824,1862
1782334597.310842,1888
1782334597.312138,1874
1782334597.313422,1912
1782334597.31471,1892
1782334597.3159978,1854
1782334597.316004,1854
1782334597.317288,1816
1782334597.3185751,1799
1782334597.31986,1799
1782334597.3198662,1811
1782334597.321145,1836
1782334597.322433,1807
1782334597.323717,1834
1782334597.324992,1834
1782334597.324995,1829
1782334597.326279,1829
1782334597.3275661,1844
1782334597.329115,1870
1782334597.329119,1846
1782334597.335636,1832
1782334597.33564,1837
1782334597.3356411,1826
1782334597.335642,1855
1782334597.3356428,1839
1782334597.335644,1836
1782334597.336928,1859
1782334597.336931,1839
1782334597.338218,1812
1782334597.3394911,1839
1782334597.34076,1856
1782334597.3420448,1844
1782334597.342051,1829
1782334597.343335,1847
1782334597.34462,1870
1782334597.345908,1844
1782334597.3459148,1839
1782334597.347198,1833
1782334597.348486,1798
1782334597.349761,1833
1782334597.351041,1853
1782334597.351048,1853
1782334597.352332,1857
1782334597.35362,1844
1782334597.354908,1818
1782334597.3549151,1825
1782334597.356197,1822
1782334597.357486,1814
1782334597.358764,1831
1782334597.366064,1859
1782334597.366067,1900
1782334597.366068,1933
1782334597.366069,1913
1782334597.36607,1883
1782334597.366071,1871
1782334597.3660722,1780
1782334597.3660731,1816
1782334597.367338,1857
1782334597.368617,1832
1782334597.3699148,1828
1782334597.369921,1856
1782334597.371207,1834
1782334597.372494,1848
1782334597.3737931,1849
1782334597.375081,1797
1782334597.3750882,1791
1782334597.3763719,1825
1782334597.377656,1832
1782334597.3789399,1870
1782334597.378947,1858
1782334597.380231,1870
1782334597.3815198,1893
1782334597.382807,1828
1782334597.384096,1791
1782334597.3841028,1822
1782334597.385389,1867
1782334597.386678,1819
1782334597.387966,1822
1782334597.387972,1842
1782334597.3898392,1846
1782334597.3898509,1825
1782334597.3964531,1838
1782334597.396456,1839
1782334597.396457,1839
1782334597.396458,1837
1782334597.396459,1851
1782334597.39646,1867
1782334597.3977349,1860
1782334597.399019,1858
1782334597.399026,1839
1782334597.40031,1862
1782334597.401597,1855
1782334597.402881,1848
1782334597.4028869,1836
1782334597.404171,1829
1782334597.405459,1842
1782334597.406742,1849
1782334597.408021,1832
1782334597.408023,1854
1782334597.409306,1887
1782334597.41059,1876
1782334597.411872,1862
1782334597.4118788,1835
1782334597.413158,1813
1782334597.414444,1821
1782334597.415732,1839
1782334597.4170198,1866
1782334597.417026,1839
1782334597.4170291,1853
1782334597.4183092,1888
1782334597.425511,1839
1782334597.425515,1836
1782334597.4255161,1839
1782334597.425518,1828
1782334597.425519,1829
1782334597.4255202,1826
1782334597.425521,1838
1782334597.426792,1852
1782334597.428077,1871
1782334597.428084,1893
1782334597.429365,1853
1782334597.430648,1810
1782334597.431932,1812
1782334597.431938,1838
1782334597.433219,1834
1782334597.4345012,1839
1782334597.435772,1807
1782334597.4370492,1816
1782334597.4370549,1826
1782334597.438334,1855
1782334597.439616,1878
1782334597.440898,1879
1782334597.440904,1850
1782334597.442183,1839
1782334597.4434528,1898
1782334597.44473,1892
1782334597.446013,1867
1782334597.4460192,1871
1782334597.447298,1877
1782334597.4485812,1885
1782334597.4498508,1863
1782334597.449853,1853
1782334597.457351,1848
1782334597.457355,1817
1782334597.457356,1802
1782334597.4573572,1798
1782334597.4573581,1848
1782334597.457359,1858
1782334597.4573598,1816
1782334597.458623,1837
1782334597.4598882,1844
1782334597.4598908,1890
1782334597.4611552,1882
1782334597.4624362,1876
1782334597.463708,1884
1782334597.4649758,1803
1782334597.46498,1796
1782334597.4662468,1851
1782334597.467513,1825
1782334597.468792,1835
1782334597.4700742,1860
1782334597.47008,1863
1782334597.471359,1830
1782334597.4726431,1854
1782334597.4739258,1851
1782334597.473932,1892
1782334597.475199,1903
1782334597.476476,1867
1782334597.477758,1903
1782334597.47904,1800
1782334597.4790459,1775
1782334597.4803252,1782
1782334597.487801,1783
1782334597.487805,1832
1782334597.4878058,1823
1782334597.487807,1833
1782334597.487808,1816
1782334597.487809,1829
1782334597.4878101,1846
1782334597.487944,1868
1782334597.489207,1832
1782334597.490475,1839
1782334597.49174,1851
1782334597.493002,1844
1782334597.493004,1824
1782334597.4942698,1826
1782334597.495541,1846
1782334597.496811,1830
1782334597.498081,1857
1782334597.498084,1841
1782334597.4993541,1837
1782334597.500628,1860
1782334597.501899,1836
1782334597.501902,1838
1782334597.503171,1850
1782334597.504444,1867
1782334597.505732,1871
1782334597.507019,1894
1782334597.507025,1867
1782334597.508297,1858
1782334597.509575,1875
1782334597.510858,1864
1782334597.5108638,1839
1782334597.518532,1822
1782334597.5185359,1803
1782334597.518537,1843
1782334597.518538,1854
1782334597.518539,1844
1782334597.5185401,1857
1782334597.518541,1848
1782334597.519805,1839
1782334597.519808,1863
1782334597.5210922,1855
1782334597.522381,1839
1782334597.52367,1842
1782334597.5249438,1814
1782334597.524946,1855
1782334597.526228,1864
1782334597.527512,1870
1782334597.5287948,1887
1782334597.530078,1852
1782334597.5300841,1855
1782334597.5313652,1870
1782334597.53265,1867
1782334597.533937,1850
1782334597.533943,1801
1782334597.5352268,1755
1782334597.536515,1806
1782334597.537785,1843
1782334597.539069,1867
1782334597.5390751,1836
1782334597.54036,1893
1782334597.548007,1820
1782334597.548011,1795
1782334597.548013,1794
1782334597.5480142,1782
1782334597.548015,1787
1782334597.548016,1797
1782334597.5480168,1794
1782334597.548018,1852
1782334597.548019,1856
1782334597.549286,1864
1782334597.550571,1862
1782334597.551858,1848
1782334597.551865,1841
1782334597.5531468,1847
1782334597.554434,1836
1782334597.5557299,1839
1782334597.557018,1852
1782334597.557025,1901
1782334597.558298,1898
1782334597.559582,1940
1782334597.5608692,1916
1782334597.5608761,1890
1782334597.562161,1851
1782334597.56345,1826
1782334597.5647402,1818
1782334597.566028,1810
1782334597.5660338,1835
1782334597.5673192,1839
1782334597.5686028,1871
1782334597.56989,1901
1782334597.569897,1868
1782334597.571177,1805
1782334597.578484,1792
1782334597.5784872,1813
1782334597.578488,1828
1782334597.578489,1871
1782334597.57849,1837
1782334597.578491,1838
1782334597.578492,1846
1782334597.579763,1867
1782334597.581048,1881
1782334597.581056,1897
1782334597.5823429,1862
1782334597.5836349,1807
1782334597.5849228,1845
1782334597.584929,1861
1782334597.58621,1867
1782334597.587492,1880
1782334597.588779,1863
1782334597.590076,1857
1782334597.5900831,1846
1782334597.5913541,1849
1782334597.592633,1855
1782334597.5939069,1839
1782334597.593909,1806
1782334597.59519,1839
1782334597.596477,1839
1782334597.5977669,1849
1782334597.599054,1876
1782334597.59906,1882
1782334597.6003442,1874
1782334597.6016269,1860
1782334597.602912,1867
1782334597.6029189,1836
1782334597.6105092,1834
1782334597.610513,1832
1782334597.610514,1830
1782334597.6105149,1828
1782334597.610516,1835
1782334597.610517,1833
1782334597.610518,1816
1782334597.611785,1846
1782334597.6130629,1846
1782334597.613068,1826
1782334597.614353,1795
1782334597.6156402,1820
1782334597.616927,1843
1782334597.616933,1842
1782334597.618218,1855
1782334597.6195,1870
1782334597.6207821,1861
1782334597.622064,1871
1782334597.62207,1823
1782334597.623349,1816
1782334597.624631,1823
1782334597.625914,1828
1782334597.625921,1845
1782334597.6272042,1864
1782334597.628491,1826
1782334597.629775,1827
1782334597.631058,1839
1782334597.6310642,1828
1782334597.632342,1842
1782334597.633628,1845
1782334597.640985,1847
1782334597.6409888,1853
1782334597.64099,1836
1782334597.640991,1839
1782334597.640992,1835
1782334597.640993,1826
1782334597.640994,1839
1782334597.640995,1824
1782334597.642263,1839
1782334597.643548,1811
1782334597.644841,1837
1782334597.6448581,1843
1782334597.6461499,1828
1782334597.647437,1852
1782334597.648725,1847
1782334597.6500108,1852
1782334597.650018,1866
1782334597.651304,1848
1782334597.652586,1898
1782334597.65387,1924
1782334597.653876,1928
1782334597.655157,1851
1782334597.656445,1806
1782334597.657728,1839
1782334597.659015,1852
1782334597.659022,1814
1782334597.6603048,1839
1782334597.661591,1811
1782334597.66288,1794
1782334597.6628869,1829
1782334597.670775,1853
1782334597.67078,1822
1782334597.670781,1844
1782334597.6707819,1864
1782334597.670783,1862
1782334597.670784,1901
1782334597.670785,1959
1782334597.672052,1897
1782334597.672064,1832
1782334597.6733649,1791
1782334597.673374,1803
1782334597.674665,1787
1782334597.6759539,1772
1782334597.67596,1782
1782334597.677243,1814
1782334597.678528,1822
1782334597.6798131,1834
1782334597.68111,1855
1782334597.6811159,1849
1782334597.682401,1875
1782334597.6836889,1860
1782334597.684973,1897
1782334597.68498,1848
1782334597.686263,1855
1782334597.6875489,1877
1782334597.688836,1878
1782334597.688843,1877
1782334597.6901271,1903
1782334597.691415,1855
1782334597.692704,1833
1782334597.693978,1816
1782334597.693981,1818
1782334597.701152,1817
1782334597.7011561,1846
1782334597.701157,1919
1782334597.7011578,1856
1782334597.701159,1894
1782334597.70116,1911
1782334597.701161,1837
1782334597.702424,1801
1782334597.703703,1793
1782334597.704992,1798
1782334597.7049978,1799
1782334597.706283,1837
1782334597.707571,1842
1782334597.708858,1853
1782334597.708864,1839
1782334597.710149,1860
1782334597.711433,1855
1782334597.712718,1856
1782334597.714002,1860
1782334597.714009,1837
1782334597.715275,1863
1782334597.7165592,1818
1782334597.717846,1865
1782334597.717862,1856
1782334597.71918,1860
1782334597.720475,1851
1782334597.721745,1780
1782334597.723018,1827
1782334597.723022,1864
1782334597.730651,1884
1782334597.730655,1893
1782334597.730657,1874
1782334597.730657,1860
1782334597.730658,1871
1782334597.730659,1871
1782334597.7306602,1846
1782334597.731931,1835
1782334597.731934,1831
1782334597.733202,1837
1782334597.7344708,1852
1782334597.73575,1851
1782334597.737034,1798
1782334597.7370398,1831
1782334597.7383208,1854
1782334597.739606,1858
1782334597.740881,1848
1782334597.740884,1839
1782334597.742165,1850
1782334597.743453,1839
1782334597.744736,1818
1782334597.74602,1825
1782334597.746026,1807
1782334597.7473102,1851
1782334597.7485812,1864
1782334597.749861,1868
1782334597.749866,1871
1782334597.751152,1853
1782334597.752436,1846
1782334597.75372,1822
1782334597.7550058,1814
1782334597.755014,1787
1782334597.7628531,1784
1782334597.762857,1818
1782334597.762859,1810
1782334597.76286,1807
1782334597.762861,1855
1782334597.762861,1861
1782334597.762862,1853
1782334597.7628632,1882
1782334597.764132,1869
1782334597.7654002,1804
1782334597.766667,1838
1782334597.767949,1876
1782334597.767956,1879
1782334597.769237,1870
1782334597.770519,1836
1782334597.771803,1799
1782334597.773105,1819
1782334597.7731142,1850
1782334597.774399,1864
1782334597.775692,1879
1782334597.77698,1855
1782334597.7769868,1839
1782334597.778272,1829
1782334597.779561,1832
1782334597.780843,1815
1782334597.780849,1827
1782334597.782122,1879
1782334597.783405,1865
1782334597.7846909,1876
1782334597.792877,1854
1782334597.792881,1862
1782334597.792882,1828
1782334597.792883,1856
1782334597.7928839,1871
1782334597.792885,1854
1782334597.792886,1825
1782334597.792887,1839
1782334597.7928882,1868
1782334597.794156,1822
1782334597.7954402,1858
1782334597.796731,1862
1782334597.7980201,1844
1782334597.798027,1852
1782334597.799309,1834
1782334597.800596,1853
1782334597.801881,1814
1782334597.801887,1775
1782334597.8031669,1811
1782334597.804449,1818
1782334597.8057358,1828
1782334597.807007,1835
1782334597.807009,1852
1782334597.80701,1824
1782334597.8082922,1838
1782334597.809579,1834
1782334597.810863,1860
1782334597.81087,1882
1782334597.812153,1853
1782334597.813441,1876
1782334597.8147252,1876
1782334597.816054,1877
1782334597.8160572,1885
1782334597.823256,1890
1782334597.8232589,1846
1782334597.8232598,1839
1782334597.823261,1821
1782334597.823262,1847
1782334597.823263,1849
1782334597.823264,1848
1782334597.824536,1848
1782334597.8258162,1864
1782334597.8271139,1867
1782334597.82712,1885
1782334597.8283992,1884
1782334597.8296828,1839
1782334597.8309839,1849
1782334597.830993,1874
1782334597.832265,1839
1782334597.8335512,1821
1782334597.834839,1832
1782334597.834856,1831
1782334597.8361511,1850
1782334597.837439,1848
1782334597.838727,1826
1782334597.840013,1845
1782334597.84002,1848
1782334597.8413062,1838
1782334597.8425941,1827
1782334597.8438778,1851
1782334597.843885,1839
1782334597.845168,1839
1782334597.846455,1806
1782334597.8477309,1793
1782334597.854667,1782
1782334597.85467,1814
1782334597.854671,1854
1782334597.854672,1859
1782334597.854673,1893
1782334597.854673,1912
1782334597.8546739,1931
1782334597.855957,1921
1782334597.855961,1867
1782334597.8572538,1758
1782334597.858546,1718
1782334597.859838,1778
1782334597.8598552,1802
1782334597.86096,1834
1782334597.862248,1861
1782334597.863534,1851
1782334597.8648179,1803
1782334597.8661172,1815
1782334597.866123,1833
1782334597.8674078,1862
1782334597.868695,1879
1782334597.869984,1875
1782334597.8699899,1847
1782334597.871275,1878
1782334597.87256,1876
1782334597.873836,1860
1782334597.873844,1846
1782334597.875125,1815
1782334597.87641,1805
1782334597.884288,1839
1782334597.8842921,1870
1782334597.884293,1877
1782334597.884295,1853
1782334597.884296,1837
1782334597.884297,1850
1782334597.884297,1835
1782334597.884298,1857
1782334597.885491,1859
1782334597.8867881,1871
1782334597.888077,1855
1782334597.888083,1871
1782334597.889368,1848
1782334597.890657,1816
1782334597.891946,1833
1782334597.891952,1830
1782334597.893235,1810
1782334597.894516,1818
1782334597.895797,1845
1782334597.897085,1851
1782334597.8970912,1864
1782334597.898376,1846
1782334597.899667,1830
1782334597.900955,1803
1782334597.900961,1804
1782334597.902245,1820
1782334597.9035342,1859
1782334597.9048178,1834
1782334597.906115,1819
1782334597.906121,1836
1782334597.91446,1825
1782334597.914463,1844
1782334597.914464,1868
1782334597.914465,1895
1782334597.9144661,1879
1782334597.914467,1895
1782334597.914468,1888
1782334597.914469,1880
1782334597.915732,1886
1782334597.917016,1858
1782334597.917022,1857
1782334597.91829,1822
1782334597.91957,1827
1782334597.920853,1818
1782334597.9208598,1815
1782334597.922142,1813
1782334597.923431,1816
1782334597.92472,1815
1782334597.926005,1846
1782334597.9260118,1854
1782334597.927297,1861
1782334597.928586,1885
1782334597.929871,1874
1782334597.929877,1842
1782334597.931162,1830
1782334597.932449,1815
1782334597.933735,1832
1782334597.935019,1869
1782334597.935025,1834
1782334597.936308,1829
1782334597.93779,1825
1782334597.944821,1830
1782334597.944824,1814
1782334597.9448252,1828
1782334597.9448261,1862
1782334597.9448268,1881
1782334597.9448278,1925
1782334597.944829,1919
1782334597.944829,1923
1782334597.9448519,1889
1782334597.946121,1817
1782334597.947407,1801
1782334597.948697,1768
1782334597.9499872,1786
1782334597.949993,1803
1782334597.951278,1866
1782334597.952563,1866
1782334597.9538481,1835
1782334597.953855,1842
1782334597.9551392,1846
1782334597.956415,1891
1782334597.9577012,1868
1782334597.95899,1839
1782334597.958996,1837
1782334597.960265,1832
1782334597.96155,1807
1782334597.9628348,1811
1782334597.962852,1839
1782334597.9641569,1829
1782334597.96545,1853
1782334597.966738,1848
1782334597.975171,1852
1782334597.9751759,1843
1782334597.975177,1868
1782334597.975178,1871
1782334597.975179,1871
1782334597.9751801,1875
1782334597.975181,1883
1782334597.975182,1824
1782334597.975182,1807
1782334597.976448,1819
1782334597.977718,1854
1782334597.979002,1846
1782334597.979008,1868
1782334597.98029,1819
1782334597.981579,1822
1782334597.9828632,1849
1782334597.982869,1852
1782334597.984153,1867
1782334597.985441,1833
1782334597.9867232,1837
1782334597.9880059,1855
1782334597.988012,1867
1782334597.9892962,1818
1782334597.990582,1839
1782334597.991866,1861
1782334597.991872,1871
1782334597.993154,1877
1782334597.994441,1859
1782334597.995727,1854
1782334597.997014,1863
1782334597.99702,1844
1782334597.998304,1832
1782334597.99959,1807
1782334598.007636,1814
1782334598.0076401,1849
1782334598.007641,1855
1782334598.007641,1837
1782334598.007642,1847
1782334598.007643,1851
1782334598.007644,1868
1782334598.007645,1819
1782334598.008917,1839
1782334598.0089211,1847
1782334598.010203,1829
1782334598.01149,1871
1782334598.01279,1874
1782334598.014077,1871
1782334598.014084,1849
1782334598.015369,1831
1782334598.016659,1820
1782334598.017945,1817
1782334598.017952,1830
1782334598.019232,1831
1782334598.0205162,1860
1782334598.0218,1856
1782334598.023089,1850
1782334598.023096,1839
1782334598.02438,1826
1782334598.0256698,1805
1782334598.02696,1795
1782334598.026966,1818
1782334598.028251,1850
1782334598.036138,1830
1782334598.036143,1829
1782334598.036144,1835
1782334598.036145,1855
1782334598.036146,1845
1782334598.0361469,1835
1782334598.036148,1835
1782334598.036149,1802
1782334598.03742,1783
1782334598.038707,1827
1782334598.039995,1858
1782334598.040001,1864
1782334598.041286,1878
1782334598.04256,1845
1782334598.0438452,1819
1782334598.043861,1847
1782334598.04516,1869
1782334598.046443,1883
1782334598.047731,1860
1782334598.0490189,1791
1782334598.049025,1803
1782334598.05031,1858
1782334598.051597,1861
1782334598.052886,1859
1782334598.052893,1882
1782334598.054177,1874
1782334598.055465,1851
1782334598.056735,1845
1782334598.058014,1871
1782334598.05802,1846
1782334598.059458,1843
1782334598.067233,1849
1782334598.0672371,1851
1782334598.0672388,1843
1782334598.0672388,1860
1782334598.06724,1855
1782334598.067241,1855
1782334598.067242,1860
1782334598.067243,1862
1782334598.068511,1852
1782334598.069789,1823
1782334598.071073,1844
1782334598.07108,1847
1782334598.0723588,1901
1782334598.073642,1862
1782334598.074925,1833
1782334598.074931,1839
1782334598.074934,1843
1782334598.076214,1812
1782334598.077496,1832
1782334598.078779,1815
1782334598.080062,1860
1782334598.080068,1866
1782334598.081346,1850
1782334598.0826151,1870
1782334598.083891,1852
1782334598.083898,1860
1782334598.0851772,1852
1782334598.0864582,1843
1782334598.087738,1838
1782334598.0890188,1837
1782334598.089025,1823
1782334598.097131,1850
1782334598.097135,1826
1782334598.097136,1839
1782334598.097137,1816
1782334598.097138,1816
1782334598.097139,1818
1782334598.09714,1825
1782334598.097141,1862
1782334598.098408,1838
1782334598.099688,1845
1782334598.100972,1862
1782334598.1009789,1867
1782334598.102258,1867
1782334598.103529,1854
1782334598.104794,1846
1782334598.106058,1828
1782334598.106061,1833
1782334598.1073222,1844
1782334598.108602,1829
1782334598.1098711,1839
1782334598.1098728,1859
1782334598.11115,1867
1782334598.112434,1864
1782334598.113718,1834
1782334598.115,1825
1782334598.115006,1822
1782334598.116286,1847
1782334598.117569,1827
1782334598.118855,1842
1782334598.118861,1829
1782334598.12026,1846
1782334598.127577,1857
1782334598.12758,1870
1782334598.127581,1828
1782334598.1275818,1796
1782334598.127583,1791
1782334598.127584,1788
1782334598.127584,1791
1782334598.1288462,1798
1782334598.1288478,1797
1782334598.130125,1879
1782334598.131409,1887
1782334598.132693,1895
1782334598.1339781,1889
1782334598.133984,1864
1782334598.135263,1858
1782334598.1365461,1874
1782334598.1378298,1855
1782334598.137836,1820
1782334598.139116,1855
1782334598.140401,1858
1782334598.141685,1886
1782334598.14297,1868
1782334598.142976,1825
1782334598.144259,1802
1782334598.145547,1833
1782334598.1468449,1852
1782334598.146861,1860
1782334598.148153,1842
1782334598.14944,1903
1782334598.150729,1871
1782334598.159085,1833
1782334598.1590889,1818
1782334598.1590898,1828
1782334598.159091,1855
1782334598.159092,1856
1782334598.159093,1883
1782334598.159094,1847
1782334598.159094,1828
1782334598.159095,1827
1782334598.160362,1830
1782334598.161629,1867
1782334598.16291,1842
1782334598.1629162,1820
1782334598.1641972,1900
1782334598.165482,1906
1782334598.166764,1867
1782334598.1680481,1802
1782334598.168054,1791
1782334598.169333,1852
1782334598.170615,1857
1782334598.1718972,1846
1782334598.171903,1851
1782334598.173182,1851
1782334598.174463,1836
1782334598.175745,1833
1782334598.1770282,1836
1782334598.177034,1882
1782334598.178313,1860
1782334598.179595,1828
1782334598.181414,1839
1782334598.181418,1821
1782334598.188716,1829
1782334598.1887202,1853
1782334598.188721,1816
1782334598.188722,1826
1782334598.1887228,1839
1782334598.188724,1835
1782334598.188724,1839
1782334598.189999,1843
1782334598.190003,1855
1782334598.191276,1851
1782334598.19255,1871
1782334598.193834,1839
1782334598.193846,1805
1782334598.1951208,1810
1782334598.1963918,1853
1782334598.197663,1874
1782334598.198934,1876
1782334598.1989381,1864
1782334598.200209,1849
1782334598.201479,1844
1782334598.20276,1837
1782334598.2040498,1857
1782334598.204056,1890
1782334598.205337,1888
1782334598.206621,1867
1782334598.207905,1862
1782334598.207912,1850
1782334598.209196,1861
1782334598.210485,1847
1782334598.210491,1866
1782334598.2119622,1870
1782334598.211966,1875
1782334598.220204,1874
1782334598.2202082,1844
1782334598.2202098,1822
1782334598.2202098,1811
1782334598.220211,1832
1782334598.220212,1830
1782334598.220213,1828
1782334598.2202141,1804
1782334598.221483,1822
1782334598.222764,1831
1782334598.224052,1807
1782334598.2240589,1850
1782334598.225344,1810
1782334598.226614,1817
1782334598.227891,1869
1782334598.2278972,1828
1782334598.229177,1822
1782334598.23046,1818
1782334598.231748,1816
1782334598.233035,1815
1782334598.233042,1810
1782334598.234325,1822
1782334598.2356129,1780
1782334598.2369,1785
1782334598.236907,1846
1782334598.2381902,1910
1782334598.239478,1958
1782334598.2407649,1893
1782334598.249386,1855
1782334598.2493892,1825
1782334598.2493901,1807
1782334598.249391,1826
1782334598.249392,1847
1782334598.249393,1903
1782334598.249394,1917
1782334598.249395,1885
1782334598.249395,1844
1782334598.250659,1855
1782334598.2519412,1860
1782334598.251947,1842
1782334598.253228,1818
1782334598.254517,1815
1782334598.2558022,1796
1782334598.257119,1830
1782334598.2571259,1853
1782334598.258409,1820
1782334598.259697,1824
1782334598.26098,1863
1782334598.260986,1849
1782334598.2635462,1855
1782334598.2635531,1867
1782334598.264839,1856
1782334598.264854,1857
1782334598.266171,1858
1782334598.2674618,1848
1782334598.268747,1834
1782334598.270033,1822
1782334598.27004,1825
1782334598.271321,1846
1782334598.2797608,1859
1782334598.279765,1834
1782334598.279766,1824
1782334598.279767,1839
1782334598.279768,1849
1782334598.279768,1889
1782334598.2797692,1946
1782334598.2797701,1896
1782334598.28104,1883
1782334598.281044,1855
1782334598.282332,1847
1782334598.2836218,1824
1782334598.284912,1797
1782334598.284918,1815
1782334598.286198,1835
1782334598.287483,1842
1782334598.288768,1834
1782334598.290057,1832
1782334598.2900631,1843
1782334598.291347,1848
1782334598.292632,1847
1782334598.29392,1821
1782334598.293926,1842
1782334598.29521,1845
1782334598.2964978,1833
1782334598.297793,1845
1782334598.2990808,1839
1782334598.299087,1842
1782334598.300372,1842
1782334598.301655,1834
1782334598.3032682,1834
1782334598.3032708,1819
1782334598.311212,1821
1782334598.311216,1832
1782334598.3112168,1855
1782334598.311218,1860
1782334598.311219,1870
1782334598.311219,1846
1782334598.31122,1853
1782334598.311221,1876
1782334598.312491,1854
1782334598.313774,1852
1782334598.315073,1839
1782334598.315079,1864
1782334598.316364,1879
1782334598.3176498,1871
1782334598.318934,1817
1782334598.31894,1813
1782334598.320221,1853
1782334598.321506,1834
1782334598.322795,1842
1782334598.3240829,1893
1782334598.324089,1885
1782334598.325373,1879
1782334598.326657,1846
1782334598.32794,1823
1782334598.327946,1832
1782334598.32923,1814
1782334598.330518,1810
1782334598.3318012,1854
1782334598.333279,1835
1782334598.333282,1816
1782334598.3415182,1822
1782334598.3415208,1826
1782334598.341522,1834
1782334598.341523,1836
1782334598.341524,1846
1782334598.341525,1845
1782334598.341525,1831
1782334598.341526,1839
1782334598.3427892,1849
1782334598.344052,1859
1782334598.344054,1855
1782334598.344055,1868
1782334598.345338,1818
1782334598.346611,1832
1782334598.347896,1823
1782334598.347902,1791
1782334598.349189,1799
1782334598.350476,1844
1782334598.3517618,1838
1782334598.353046,1821
1782334598.353052,1829
1782334598.3543308,1860
1782334598.355618,1896
1782334598.356907,1935
1782334598.3569129,1930
1782334598.358197,1845
1782334598.3594859,1793
1782334598.3607738,1817
1782334598.362069,1824
1782334598.3620758,1832
1782334598.363358,1823
1782334598.371787,1836
1782334598.3717911,1838
1782334598.3717918,1860
1782334598.3717928,1867
1782334598.371794,1876
1782334598.371794,1876
1782334598.371795,1863
1782334598.371796,1853
1782334598.373067,1870
1782334598.3730712,1857
1782334598.374357,1892
1782334598.3756428,1854
1782334598.376929,1857
1782334598.376935,1845
1782334598.378214,1844
1782334598.379509,1851
1782334598.380794,1797
1782334598.382081,1805
1782334598.382087,1823
1782334598.383372,1838
1782334598.384659,1807
1782334598.385946,1839
1782334598.385953,1861
1782334598.387236,1847
1782334598.3885272,1870
1782334598.389811,1871
1782334598.391131,1882
1782334598.3911371,1871
1782334598.392423,1884
1782334598.401403,1869
1782334598.401407,1856
1782334598.401408,1839
1782334598.401409,1818
1782334598.401409,1811
1782334598.40141,1839
1782334598.401411,1843
1782334598.401412,1813
1782334598.4014132,1807
1782334598.402677,1823
1782334598.4039638,1837
1782334598.40397,1834
1782334598.405254,1861
1782334598.40654,1869
1782334598.4078379,1871
1782334598.4078562,1876
1782334598.409158,1866
1782334598.41045,1857
1782334598.411735,1853
1782334598.4130208,1846
1782334598.413027,1831
1782334598.414313,1807
1782334598.415603,1824
1782334598.4168918,1839
1782334598.416898,1846
1782334598.4181828,1852
1782334598.419471,1815
1782334598.420758,1850
1782334598.422045,1859
1782334598.422051,1852
1782334598.430838,1839
1782334598.4308422,1811
1782334598.4308429,1837
1782334598.4308438,1864
1782334598.430845,1887
1782334598.430846,1852
1782334598.430847,1817
1782334598.430848,1831
1782334598.430849,1828
1782334598.4333959,1833
1782334598.433405,1832
1782334598.4346912,1839
1782334598.4359748,1846
1782334598.435981,1837
1782334598.437262,1834
1782334598.438549,1836
1782334598.439837,1852
1782334598.439853,1869
1782334598.4411619,1803
1782334598.44243,1818
1782334598.443711,1821
1782334598.44498,1824
1782334598.444982,1806
1782334598.446264,1835
1782334598.4475489,1848
1782334598.448837,1878
1782334598.448853,1860
1782334598.4501371,1839
1782334598.451424,1830
1782334598.452708,1818
1782334598.453995,1799
1782334598.454001,1820
1782334598.4555662,1838
1782334598.463592,1823
1782334598.463595,1866
1782334598.463596,1907
1782334598.463597,1948
1782334598.463598,1906
1782334598.4635992,1871
1782334598.4636002,1842
1782334598.4636009,1810
1782334598.46487,1807
1782334598.464872,1832
1782334598.466156,1886
1782334598.467446,1839
1782334598.4687328,1850
1782334598.470017,1843
1782334598.4700239,1854
1782334598.471304,1856
1782334598.4725912,1845
1782334598.473881,1836
1782334598.473888,1884
1782334598.4751732,1829
1782334598.476458,1807
1782334598.4777422,1833
1782334598.4790258,1843
1782334598.479033,1847
1782334598.479035,1844
1782334598.4803169,1835
1782334598.4816031,1844
1782334598.482888,1855
1782334598.4828942,1856
1782334598.484159,1864
1782334598.485491,1849
1782334598.4936929,1853
1782334598.493697,1865
1782334598.4936981,1879
1782334598.493699,1862
1782334598.4937,1833
1782334598.4937,1832
1782334598.4937012,1852
1782334598.493702,1850
1782334598.494972,1866
1782334598.494975,1850
1782334598.496257,1847
1782334598.4975429,1846
1782334598.4988348,1849
1782334598.498852,1860
1782334598.500163,1846
1782334598.501457,1827
1782334598.502742,1844
1782334598.504027,1875
1782334598.504034,1862
1782334598.505313,1846
1782334598.5065851,1854
1782334598.5078652,1837
1782334598.507872,1837
1782334598.5091572,1787
1782334598.510444,1802
1782334598.51173,1829
1782334598.5130172,1798
1782334598.513023,1810
1782334598.514307,1844
1782334598.515968,1865
1782334598.5159712,1858
1782334598.5244439,1849
1782334598.524448,1841
1782334598.524449,1804
1782334598.52445,1775
1782334598.524451,1798
1782334598.5244522,1820
1782334598.5244532,1845
1782334598.5244539,1889
1782334598.525719,1839
1782334598.5270011,1834
1782334598.527008,1858
1782334598.528289,1844
1782334598.5295758,1854
1782334598.53086,1848
1782334598.5308669,1811
1782334598.532151,1833
1782334598.533439,1850
1782334598.5347111,1853
1782334598.535989,1822
1782334598.5359948,1844
1782334598.5372748,1877
1782334598.5385568,1866
1782334598.539841,1878
1782334598.539847,1906
1782334598.541131,1853
1782334598.542418,1824
1782334598.543707,1792
1782334598.544995,1783
1782334598.545001,1816
1782334598.5462852,1839
1782334598.555686,1855
1782334598.5556889,1871
1782334598.55569,1876
1782334598.555691,1844
1782334598.555692,1787
1782334598.5556931,1820
1782334598.555694,1828
1782334598.555695,1850
1782334598.555696,1880
1782334598.556961,1916
1782334598.5569642,1903
1782334598.5582452,1859
1782334598.559532,1865
1782334598.560816,1849
1782334598.5608351,1854
1782334598.562133,1835
1782334598.563422,1845
1782334598.5647092,1837
1782334598.5659971,1824
1782334598.5660028,1822
1782334598.5672882,1871
1782334598.568576,1895
1782334598.56986,1882
1782334598.569866,1914
1782334598.57115,1870
1782334598.572439,1867
1782334598.5737238,1839
1782334598.575011,1820
1782334598.575017,1790
1782334598.5762959,1775
1782334598.5851898,1807
1782334598.5851939,1851
1782334598.585195,1839
1782334598.585196,1850
1782334598.585197,1867
1782334598.5851982,1867
1782334598.5851982,1857
1782334598.585199,1857
1782334598.5852,1825
1782334598.586473,1825
1782334598.587758,1836
1782334598.589049,1868
1782334598.589055,1858
1782334598.590341,1855
1782334598.591628,1843
1782334598.592917,1851
1782334598.592923,1864
1782334598.594204,1846
1782334598.595488,1871
1782334598.5967739,1850
1782334598.598083,1828
1782334598.598089,1817
1782334598.599374,1810
1782334598.6006489,1834
1782334598.601932,1839
1782334598.601938,1821
1782334598.603221,1850
1782334598.604508,1833
1782334598.605792,1871
1782334598.6074162,1815
1782334598.607418,1789
1782334598.615649,1793
1782334598.615653,1821
1782334598.615654,1842
1782334598.615655,1834
1782334598.615656,1816
1782334598.6156569,1841
1782334598.615658,1873
1782334598.615658,1859
1782334598.615659,1836
1782334598.6169229,1847
1782334598.616926,1832
1782334598.61821,1832
1782334598.6194959,1819
1782334598.6207821,1835
1782334598.622071,1844
1782334598.622077,1853
1782334598.623358,1860
1782334598.624643,1852
1782334598.625927,1850
1782334598.6259332,1849
1782334598.62722,1867
1782334598.6285079,1852
1782334598.629806,1874
1782334598.631103,1882
1782334598.63111,1838
1782334598.632392,1844
1782334598.633676,1862
1782334598.6349618,1885
1782334598.634968,1871
1782334598.636248,1853
1782334598.637897,1831
1782334598.6379788,1782
1782334598.645921,1824
1782334598.645925,1844
1782334598.645926,1851
1782334598.645927,1878
1782334598.645928,1903
1782334598.6459289,1881
1782334598.64593,1894
1782334598.645931,1882
1782334598.647199,1886
1782334598.648469,1901
1782334598.64975,1887
1782334598.6510358,1854
1782334598.651042,1805
1782334598.6523242,1818
1782334598.6536078,1817
1782334598.654892,1796
1782334598.654898,1807
1782334598.656179,1830
1782334598.657461,1850
1782334598.658744,1858
1782334598.6600268,1848
1782334598.660033,1871
1782334598.661312,1822
1782334598.662595,1844
1782334598.663883,1851
1782334598.66389,1886
1782334598.6651762,1886
1782334598.6665878,1887
1782334598.675234,1869
1782334598.6752372,1843
1782334598.675238,1832
1782334598.6752388,1810
1782334598.6752388,1814
1782334598.67524,1814
1782334598.675241,1845
1782334598.675242,1844
1782334598.675243,1807
1782334598.676512,1838
1782334598.677782,1838
1782334598.679067,1839
1782334598.679073,1827
1782334598.680355,1834
1782334598.681639,1836
1782334598.682928,1839
1782334598.682934,1846
1782334598.684216,1844
1782334598.685499,1857
1782334598.68678,1854
1782334598.688062,1848
1782334598.6880682,1867
1782334598.689352,1856
1782334598.6906261,1855
1782334598.6919081,1835
1782334598.691914,1864
1782334598.6931992,1834
1782334598.694484,1859
1782334598.695769,1834
1782334598.697057,1805
1782334598.697063,1798
1782334598.698345,1807
1782334598.699698,1825
1782334598.707489,1828
1782334598.707492,1850
1782334598.7074938,1837
1782334598.7074938,1834
1782334598.707495,1827
1782334598.707496,1831
1782334598.707497,1854
1782334598.707498,1880
1782334598.708768,1855
1782334598.7100549,1844
1782334598.710062,1833
1782334598.71135,1844
1782334598.7126431,1843
1782334598.713928,1833
1782334598.7139351,1818
1782334598.715216,1830
1782334598.716505,1871
1782334598.717791,1866
1782334598.7190762,1865
1782334598.7190819,1863
1782334598.720363,1855
1782334598.721646,1839
1782334598.7229319,1854
1782334598.722938,1854
1782334598.724223,1850
1782334598.725513,1858
1782334598.7268,1828
1782334598.7280881,1846
1782334598.728095,1845
1782334598.7373629,1875
1782334598.737386,1867
1782334598.737387,1828
1782334598.7373881,1817
1782334598.737389,1826
1782334598.73739,1834
1782334598.73739,1832
1782334598.737391,1853
1782334598.7373922,1858
1782334598.7386649,1844
1782334598.739952,1818
1782334598.739959,1855
1782334598.741228,1857
1782334598.7425148,1852
1782334598.743808,1874
1782334598.7451031,1855
1782334598.74511,1807
1782334598.74639,1847
1782334598.7476768,1848
1782334598.748951,1860
1782334598.748987,1851
1782334598.75027,1855
1782334598.75156,1847
1782334598.7515671,1835
1782334598.7528498,1860
1782334598.752857,1887
1782334598.754136,1901
1782334598.755426,1880
1782334598.7567081,1903
1782334598.757993,1855
1782334598.7579992,1792
1782334598.759298,1775
1782334598.7675211,1743
1782334598.7675252,1793
1782334598.767526,1842
1782334598.7675269,1807
1782334598.7675278,1815
1782334598.7675278,1852
1782334598.767529,1847
1782334598.76753,1851
1782334598.768797,1850
1782334598.770061,1839
1782334598.771326,1851
1782334598.771328,1871
1782334598.772588,1861
1782334598.7738528,1863
1782334598.773855,1826
1782334598.7751338,1812
1782334598.776418,1818
1782334598.7777019,1835
1782334598.778986,1832
1782334598.7789922,1839
1782334598.7802722,1834
1782334598.781556,1844
1782334598.782839,1879
1782334598.782845,1890
1782334598.7841249,1843
1782334598.785408,1815
1782334598.78669,1832
1782334598.7879722,1839
1782334598.787978,1871
1782334598.7897,1868
1782334598.797583,1863
1782334598.797587,1854
1782334598.7975879,1874
1782334598.797589,1863
1782334598.79759,1863
1782334598.79759,1854
1782334598.797591,1842
1782334598.7975922,1847
1782334598.7988591,1842
1782334598.798862,1801
1782334598.800132,1835
1782334598.801405,1874
1782334598.802675,1870
1782334598.803947,1858
1782334598.803951,1860
1782334598.805232,1854
1782334598.806506,1832
1782334598.8077781,1839
1782334598.8090508,1829
1782334598.809054,1826
1782334598.810324,1835
1782334598.811604,1845
1782334598.8128908,1849
1782334598.8128982,1853
1782334598.814178,1826
1782334598.815448,1855
1782334598.816711,1876
1782334598.817993,1878
1782334598.8179991,1833
1782334598.827106,1843
1782334598.8271098,1865
1782334598.827111,1839
1782334598.827111,1827
1782334598.827112,1810
1782334598.827113,1817
1782334598.8271139,1848
1782334598.827115,1843
1782334598.827116,1839
1782334598.828383,1829
1782334598.829668,1830
1782334598.830961,1830
1782334598.830967,1828
1782334598.83224,1825
1782334598.8335218,1830
1782334598.8348072,1863
1782334598.836092,1850
1782334598.8360991,1855
1782334598.8373811,1820
1782334598.838665,1833
1782334598.839953,1838
1782334598.83996,1864
1782334598.8412411,1839
1782334598.8425238,1856
1782334598.8438091,1876
1782334598.845101,1833
1782334598.8451068,1832
1782334598.846391,1837
1782334598.8476758,1828
1782334598.84895,1836
1782334598.848953,1828
1782334598.850234,1831
1782334598.8515048,1854
1782334598.8599439,1852
1782334598.859949,1871
1782334598.85995,1864
1782334598.859951,1846
1782334598.8599522,1889
1782334598.8599522,1894
1782334598.859953,1906
1782334598.8599539,1898
1782334598.8599548,1860
1782334598.861223,1801
1782334598.862512,1793
1782334598.8638039,1825
1782334598.865111,1836
1782334598.8651211,1806
1782334598.866424,1839
1782334598.8677099,1837
1782334598.8689961,1813
1782334598.8690019,1857
1782334598.8702831,1813
1782334598.871568,1774
1782334598.8728561,1797
1782334598.8728619,1831
1782334598.874132,1847
1782334598.875415,1846
1782334598.8767009,1846
1782334598.877989,1866
1782334598.877996,1878
1782334598.879282,1871
1782334598.880571,1867
1782334598.8897548,1905
1782334598.889759,1852
1782334598.88976,1851
1782334598.889761,1845
1782334598.8897622,1807
1782334598.889763,1801
1782334598.889764,1839
1782334598.889765,1846
1782334598.889766,1846
1782334598.889766,1852
1782334598.8910332,1888
1782334598.8910358,1895
1782334598.8923168,1851
1782334598.893606,1830
1782334598.89489,1839
1782334598.894896,1847
1782334598.896176,1838
1782334598.897459,1836
1782334598.898734,1825
1782334598.900016,1854
1782334598.900022,1839
1782334598.9013052,1839
1782334598.9025762,1841
1782334598.903856,1832
1782334598.903862,1820
1782334598.9051461,1830
1782334598.906433,1855
1782334598.9077172,1860
1782334598.9090052,1874
1782334598.909011,1898
1782334598.91029,1871
1782334598.911943,1826
1782334598.911947,1802
1782334598.9208891,1816
1782334598.920893,1819
1782334598.920894,1832
1782334598.9208949,1850
1782334598.920896,1860
1782334598.920897,1874
1782334598.920898,1867
1782334598.9208992,1832
1782334598.9208992,1852
1782334598.922168,1863
1782334598.9234529,1857
1782334598.924743,1832
1782334598.9260328,1821
1782334598.9260402,1851
1782334598.9273212,1830
1782334598.928603,1806
1782334598.929887,1806
1782334598.929893,1816
1782334598.931176,1835
1782334598.9324648,1839
1782334598.933749,1846
1782334598.935034,1838
1782334598.935041,1842
1782334598.9363258,1850
1782334598.9376159,1860
1782334598.938905,1834
1782334598.938911,1836
1782334598.941513,1843
1782334598.941515,1867
1782334598.950357,1879
1782334598.950361,1805
1782334598.9503622,1822
1782334598.950363,1859
1782334598.9503639,1853
1782334598.9503648,1870
1782334598.950366,1882
1782334598.950367,1883
1782334598.950368,1875
1782334598.951636,1811
1782334598.952908,1781
1782334598.9529111,1770
1782334598.9541938,1810
1782334598.9554691,1851
1782334598.9567518,1870
1782334598.95804,1866
1782334598.958047,1855
1782334598.959332,1867
1782334598.960615,1839
1782334598.961898,1871
1782334598.961904,1851
1782334598.963184,1816
1782334598.964472,1833
1782334598.965755,1827
1782334598.9670432,1832
1782334598.967048,1849
1782334598.968329,1880
1782334598.96962,1856
1782334598.970908,1881
1782334598.9709141,1868
1782334598.972182,1836
1782334598.980937,1846
1782334598.98094,1857
1782334598.980941,1861
1782334598.980942,1863
1782334598.9809432,1867
1782334598.980944,1839
1782334598.980944,1865
1782334598.9809449,1881
1782334598.9809458,1845
1782334598.982208,1846
1782334598.9834912,1874
1782334598.984788,1847
1782334598.986072,1817
1782334598.986078,1839
1782334598.987357,1830
1782334598.988645,1834
1782334598.989932,1848
1782334598.989938,1842
1782334598.991224,1892
1782334598.992511,1868
1782334598.9937978,1812
1782334598.995084,1824
1782334598.995091,1798
1782334598.996375,1860
1782334598.997663,1831
1782334598.99895,1821
1782334598.998956,1791
1782334599.0002408,1789
1782334599.001528,1820
1782334599.00281,1849
1782334599.004203,1816
1782334599.004205,1817
1782334599.0123851,1818
1782334599.012388,1843
1782334599.0123892,1832
1782334599.01239,1868
1782334599.0123909,1878
1782334599.012392,1887
1782334599.012392,1887
1782334599.012393,1858
1782334599.0136561,1863
1782334599.014942,1875
1782334599.0149481,1863
1782334599.016233,1886
1782334599.017523,1857
1782334599.0188081,1855
1782334599.020104,1870
1782334599.0201101,1853
1782334599.02139,1848
1782334599.022675,1850
1782334599.023962,1852
1782334599.023969,1839
1782334599.023972,1863
1782334599.025258,1814
1782334599.0265448,1811
1782334599.027833,1831
1782334599.02785,1817
1782334599.0291572,1839
1782334599.030447,1829
1782334599.031737,1845
1782334599.033025,1850
1782334599.033031,1828
1782334599.034299,1836
1782334599.043224,1839
1782334599.043228,1920
1782334599.0432289,1933
1782334599.04323,1884
1782334599.043231,1853
1782334599.043231,1810
1782334599.043233,1779
1782334599.043233,1775
1782334599.043234,1814
1782334599.044502,1829
1782334599.045795,1848
1782334599.047083,1828
1782334599.0470889,1820
1782334599.0483751,1816
1782334599.049664,1855
1782334599.0509539,1887
1782334599.0509608,1862
1782334599.0522418,1854
1782334599.053525,1854
1782334599.05481,1849
1782334599.056101,1844
1782334599.056107,1820
1782334599.0573928,1855
1782334599.0586822,1842
1782334599.059967,1826
1782334599.059974,1802
1782334599.061258,1845
1782334599.062547,1855
1782334599.063821,1838
1782334599.063828,1858
1782334599.072885,1853
1782334599.0728881,1837
1782334599.072889,1846
1782334599.072889,1845
1782334599.07289,1863
1782334599.072891,1851
1782334599.072892,1860
1782334599.072893,1856
1782334599.0728939,1849
1782334599.074164,1818
1782334599.075451,1826
1782334599.076738,1832
1782334599.078023,1858
1782334599.07803,1854
1782334599.0793118,1860
1782334599.080595,1831
1782334599.0818849,1816
1782334599.081892,1818
1782334599.083178,1859
1782334599.084461,1835
1782334599.085749,1836
1782334599.087039,1821
1782334599.087046,1822
1782334599.08833,1855
1782334599.089619,1822
1782334599.090909,1795
1782334599.0909162,1797
1782334599.0922,1807
1782334599.093469,1820
1782334599.102294,1818
1782334599.102297,1837
1782334599.102298,1863
1782334599.102299,1855
1782334599.1023,1890
1782334599.102301,1831
1782334599.1023018,1828
1782334599.102303,1812
1782334599.102303,1811
1782334599.1035688,1842
1782334599.1048489,1856
1782334599.104856,1865
1782334599.10614,1877
1782334599.10743,1863
1782334599.108719,1873
1782334599.110005,1867
1782334599.1100109,1896
1782334599.1112928,1894
1782334599.112577,1892
1782334599.113863,1898
1782334599.113869,1882
1782334599.115155,1876
1782334599.116443,1884
1782334599.117728,1858
1782334599.119017,1832
1782334599.119023,1845
1782334599.120308,1836
1782334599.121595,1843
1782334599.123127,1848
1782334599.12313,1875
1782334599.132375,1856
1782334599.1323788,1867
1782334599.13238,1850
1782334599.13238,1805
1782334599.132381,1832
1782334599.132382,1805
1782334599.1323829,1876
1782334599.132384,1860
1782334599.132385,1800
1782334599.133651,1761
1782334599.134939,1787
1782334599.134947,1794
1782334599.136229,1825
1782334599.137515,1846
1782334599.1388018,1852
1782334599.1400902,1856
1782334599.140096,1834
1782334599.1413782,1826
1782334599.1426618,1848
1782334599.143952,1835
1782334599.143959,1869
1782334599.1452422,1842
1782334599.146531,1853
1782334599.147816,1870
1782334599.149112,1862
1782334599.14912,1850
1782334599.1504042,1877
1782334599.15169,1864
1782334599.152978,1862
1782334599.1529841,1844
1782334599.154269,1826
1782334599.155642,1845
1782334599.164879,1844
1782334599.164883,1843
1782334599.1648839,1826
1782334599.164885,1805
1782334599.164886,1798
1782334599.164886,1805
1782334599.164887,1813
1782334599.1648881,1861
1782334599.164889,1851
1782334599.16489,1850
1782334599.1648908,1820
1782334599.166157,1849
1782334599.167445,1869
1782334599.168735,1896
1782334599.17002,1836
1782334599.170026,1791
1782334599.171307,1845
1782334599.1725922,1858
1782334599.173881,1807
1782334599.173888,1839
1782334599.175168,1837
1782334599.176455,1853
1782334599.177739,1871
1782334599.179022,1879
1782334599.179028,1893
1782334599.180309,1884
1782334599.181597,1876
1782334599.182884,1863
1782334599.182891,1859
1782334599.184174,1850
1782334599.1856089,1846
1782334599.195004,1818
1782334599.195008,1830
1782334599.195009,1830
1782334599.19501,1828
1782334599.1950111,1817
1782334599.195012,1807
1782334599.195013,1830
1782334599.195013,1830
1782334599.195014,1842
1782334599.195015,1852
1782334599.196279,1856
1782334599.1975648,1848
1782334599.1988502,1857
1782334599.198857,1851
1782334599.200143,1874
1782334599.201431,1882
1782334599.2027142,1851
1782334599.203997,1880
1782334599.204003,1871
1782334599.205285,1799
1782334599.206568,1796
1782334599.207853,1824
1782334599.207859,1821
1782334599.209146,1838
1782334599.2104168,1871
1782334599.211694,1901
1782334599.212982,1900
1782334599.212988,1913
1782334599.214268,1882
1782334599.215554,1870
1782334599.225452,1860
1782334599.2254562,1847
1782334599.225457,1836
1782334599.225458,1820
1782334599.2254589,1855
1782334599.22546,1845
1782334599.22546,1820
1782334599.225461,1818
1782334599.225462,1828
1782334599.2254632,1830
1782334599.226736,1813
1782334599.228022,1819
1782334599.22803,1833
1782334599.229302,1826
1782334599.2305841,1838
1782334599.231869,1817
1782334599.2318761,1821
1782334599.233161,1839
1782334599.234447,1861
1782334599.235729,1842
1782334599.237012,1830
1782334599.2370188,1844
1782334599.238302,1839
1782334599.23959,1852
1782334599.2408772,1859
1782334599.2408829,1845
1782334599.242166,1853
1782334599.243455,1828
1782334599.2447429,1848
1782334599.2460291,1850
1782334599.246036,1833
1782334599.247642,1870
1782334599.257051,1896
1782334599.2570539,1897
1782334599.257055,1900
1782334599.257056,1884
1782334599.257057,1867
1782334599.2570581,1824
1782334599.257059,1819
1782334599.257059,1793
1782334599.25706,1806
1782334599.257061,1838
1782334599.25833,1844
1782334599.259618,1846
1782334599.260903,1855
1782334599.260909,1867
1782334599.26219,1838
1782334599.263478,1866
1782334599.264766,1820
1782334599.266064,1823
1782334599.266071,1837
1782334599.267356,1845
1782334599.268644,1825
1782334599.269933,1825
1782334599.26994,1837
1782334599.271221,1860
1782334599.272504,1845
1782334599.273791,1837
1782334599.2750778,1844
1782334599.275084,1839
1782334599.276368,1871
1782334599.2777631,1857
1782334599.286238,1857
1782334599.286241,1855
1782334599.286241,1848
1782334599.286242,1851
1782334599.286243,1837
1782334599.2862442,1803
1782334599.286245,1836
1782334599.286245,1835
1782334599.2862458,1846
1782334599.287515,1854
1782334599.288801,1877
1782334599.29009,1886
1782334599.290097,1887
1782334599.291383,1871
1782334599.292672,1839
1782334599.293955,1855
1782334599.293961,1867
1782334599.2939641,1833
1782334599.295244,1814
1782334599.296531,1826
1782334599.2978141,1815
1782334599.299107,1850
1782334599.299113,1830
1782334599.300398,1824
1782334599.301666,1847
1782334599.302947,1848
1782334599.302954,1853
1782334599.304236,1881
1782334599.3055239,1849
1782334599.306807,1839
1782334599.3081222,1833
1782334599.3081238,1866
1782334599.317139,1855
1782334599.317142,1839
1782334599.317143,1853
1782334599.3171442,1851
1782334599.317145,1793
1782334599.317145,1780
1782334599.317146,1781
1782334599.3171468,1814
1782334599.317148,1817
1782334599.3184152,1839
1782334599.319693,1845
1782334599.320982,1879
1782334599.320988,1864
1782334599.32227,1845
1782334599.3235588,1862
1782334599.324845,1854
1782334599.324851,1816
1782334599.3261352,1850
1782334599.3274188,1890
1782334599.328702,1850
1782334599.3299892,1839
1782334599.329996,1842
1782334599.331279,1849
1782334599.332567,1839
1782334599.3338509,1846
1782334599.333857,1874
1782334599.335142,1874
1782334599.336429,1804
1782334599.337698,1829
1782334599.346884,1861
1782334599.3468869,1851
1782334599.3468869,1849
1782334599.3468878,1851
1782334599.346889,1869
1782334599.34689,1864
1782334599.346891,1882
1782334599.346891,1903
1782334599.346892,1905
1782334599.346893,1896
1782334599.348159,1858
1782334599.349441,1812
1782334599.3507268,1781
1782334599.352015,1795
1782334599.352022,1830
1782334599.353301,1875
1782334599.354583,1855
1782334599.355867,1832
1782334599.355873,1800
1782334599.357158,1805
1782334599.3584461,1843
1782334599.3597288,1848
1782334599.361017,1847
1782334599.361023,1864
1782334599.362307,1846
1782334599.3635929,1852
1782334599.3648798,1849
1782334599.364886,1862
1782334599.366169,1862
1782334599.367889,1843
1782334599.367913,1836
1782334599.377377,1862
1782334599.377381,1843
1782334599.3773818,1847
1782334599.377383,1836
1782334599.377384,1854
1782334599.377385,1846
1782334599.377386,1842
1782334599.377386,1815
1782334599.377387,1814
1782334599.378654,1832
1782334599.3799381,1833
1782334599.379945,1786
1782334599.381231,1810
1782334599.38252,1835
1782334599.383805,1819
1782334599.3850932,1824
1782334599.385099,1847
1782334599.3863811,1833
1782334599.3876648,1852
1782334599.388953,1851
1782334599.388959,1880
1782334599.390244,1874
1782334599.391534,1861
1782334599.392818,1878
1782334599.392836,1885
1782334599.39413,1863
1782334599.395419,1850
1782334599.396707,1881
1782334599.397996,1870
1782334599.398002,1868
1782334599.399702,1876
1782334599.4089751,1858
1782334599.408979,1870
1782334599.40898,1863
1782334599.408981,1831
1782334599.408982,1828
1782334599.408983,1844
1782334599.408984,1865
1782334599.408984,1876
1782334599.4089851,1855
1782334599.408986,1855
1782334599.4102569,1849
1782334599.411545,1823
1782334599.412836,1806
1782334599.412843,1831
1782334599.4141262,1830
1782334599.4154181,1823
1782334599.416708,1838
1782334599.4179971,1849
1782334599.418004,1869
1782334599.419285,1818
1782334599.4205701,1819
1782334599.421854,1816
1782334599.4218612,1827
1782334599.423147,1815
1782334599.424431,1837
1782334599.425718,1841
1782334599.4270022,1864
1782334599.427009,1884
1782334599.4282932,1890
1782334599.4283001,1855
1782334599.429587,1831
1782334599.439306,1834
1782334599.43931,1844
1782334599.439311,1871
1782334599.439312,1855
1782334599.439313,1869
1782334599.439314,1903
1782334599.439314,1880
1782334599.4393148,1829
1782334599.439316,1836
1782334599.439317,1829
1782334599.440581,1838
1782334599.441864,1860
1782334599.44187,1839
1782334599.443159,1843
1782334599.4444458,1851
1782334599.445719,1815
1782334599.447005,1823
1782334599.447011,1836
1782334599.449579,1858
1782334599.449585,1838
1782334599.450868,1823
1782334599.450874,1832
1782334599.452159,1821
1782334599.4534469,1828
1782334599.454717,1833
1782334599.456,1830
1782334599.4560058,1839
1782334599.457292,1877
1782334599.4588742,1858
1782334599.4588768,1852
1782334599.468055,1871
1782334599.4680588,1815
1782334599.46806,1855
1782334599.468061,1806
1782334599.468062,1794
1782334599.468062,1806
1782334599.4680629,1832
1782334599.468064,1864
1782334599.468065,1874
1782334599.469335,1832
1782334599.470617,1826
1782334599.471903,1835
1782334599.47191,1866
1782334599.473196,1875
1782334599.4744818,1855
1782334599.4757671,1836
1782334599.477056,1822
1782334599.477062,1815
1782334599.478343,1804
1782334599.479628,1832
1782334599.480917,1855
1782334599.480923,1855
1782334599.482208,1865
1782334599.483497,1877
1782334599.484766,1880
1782334599.486048,1882
1782334599.486054,1863
1782334599.487339,1871
1782334599.488611,1871
1782334599.489975,1855
1782334599.489978,1859
1782334599.4987252,1852
1782334599.4987268,1864
1782334599.498728,1856
1782334599.498729,1874
1782334599.49873,1871
1782334599.498731,1896
1782334599.498731,1839
1782334599.498732,1792
1782334599.499993,1800
1782334599.499995,1818
1782334599.501277,1820
1782334599.502561,1838
1782334599.5038478,1828
1782334599.503855,1816
1782334599.505119,1831
1782334599.5064,1848
1782334599.507686,1867
1782334599.508975,1826
1782334599.508981,1843
1782334599.510261,1837
1782334599.511543,1839
1782334599.512834,1861
1782334599.5128498,1862
1782334599.5141618,1856
1782334599.515457,1862
1782334599.516748,1866
1782334599.518037,1868
1782334599.5180428,1849
1782334599.519328,1839
1782334599.52929,1828
1782334599.529294,1847
1782334599.5292952,1842
1782334599.5292952,1806
1782334599.529296,1817
1782334599.5292969,1871
1782334599.5292978,1887
1782334599.529299,1851
1782334599.529299,1829
1782334599.5293,1839
1782334599.530565,1858
1782334599.531849,1868
1782334599.531855,1876
1782334599.533144,1844
1782334599.534434,1857
1782334599.535718,1880
1782334599.537004,1888
1782334599.53701,1867
1782334599.538293,1865
1782334599.539583,1855
1782334599.5408692,1812
1782334599.5408762,1795
1782334599.542161,1791
1782334599.5434508,1826
1782334599.5447218,1832
1782334599.546005,1859
1782334599.546012,1850
1782334599.547298,1819
1782334599.548586,1858
1782334599.549875,1851
1782334599.5498822,1866
1782334599.5515049,1844
1782334599.56108,1828
1782334599.5610828,1839
1782334599.5610838,1844
1782334599.5610838,1827
1782334599.561085,1836
1782334599.561086,1821
1782334599.561087,1818
1782334599.561088,1835
1782334599.561089,1858
1782334599.561089,1849
1782334599.562356,1844
1782334599.562359,1859
1782334599.563639,1839
1782334599.564929,1822
1782334599.564936,1816
1782334599.566219,1898
1782334599.567508,1863
1782334599.5687912,1845
1782334599.5700748,1846
1782334599.570081,1832
1782334599.5713742,1820
1782334599.572663,1797
1782334599.5739489,1839
1782334599.573956,1839
1782334599.57524,1829
1782334599.5765278,1820
1782334599.5778098,1807
1782334599.5791092,1829
1782334599.579115,1844
1782334599.580396,1830
1782334599.591058,1864
1782334599.5910609,1850
1782334599.591062,1855
1782334599.591063,1870
1782334599.591064,1899
1782334599.591064,1892
1782334599.5910652,1880
1782334599.5910661,1848
1782334599.5910668,1823
1782334599.5910678,1826
1782334599.591069,1836
1782334599.592339,1839
1782334599.593626,1834
1782334599.59492,1824
1782334599.594928,1811
1782334599.596215,1836
1782334599.597503,1852
1782334599.5987892,1879
1782334599.600078,1860
1782334599.600085,1868
1782334599.601372,1867
1782334599.602656,1878
1782334599.6039412,1873
1782334599.603947,1832
1782334599.60523,1832
1782334599.606516,1834
1782334599.6078012,1824
1782334599.60909,1827
1782334599.609097,1830
1782334599.61038,1851
1782334599.612021,1871
1782334599.612025,1869
1782334599.621901,1845
1782334599.6219049,1813
1782334599.6219058,1823
1782334599.6219058,1824
1782334599.621907,1828
1782334599.621908,1837
1782334599.621909,1868
1782334599.62191,1902
1782334599.62191,1875
1782334599.621911,1845
1782334599.623178,1877
1782334599.624467,1867
1782334599.62576,1854
1782334599.627051,1867
1782334599.627058,1812
1782334599.628339,1822
1782334599.6296241,1828
1782334599.630909,1839
1782334599.6309152,1848
1782334599.6322,1870
1782334599.633489,1886
1782334599.634788,1887
1782334599.636075,1864
1782334599.636082,1827
1782334599.637368,1790
1782334599.638657,1775
1782334599.6399438,1829
1782334599.639951,1861
1782334599.6416068,1883
1782334599.6510348,1878
1782334599.651038,1856
1782334599.651039,1865
1782334599.65104,1878
1782334599.651041,1833
1782334599.651041,1865
1782334599.651042,1860
1782334599.6510432,1842
1782334599.6510441,1818
1782334599.651045,1788
1782334599.6523058,1814
1782334599.653586,1828
1782334599.654877,1839
1782334599.654884,1853
1782334599.656168,1823
1782334599.6574569,1839
1782334599.658746,1855
1782334599.660031,1871
1782334599.660038,1855
1782334599.661317,1843
1782334599.662601,1800
1782334599.663889,1800
1782334599.663896,1806
1782334599.665183,1839
1782334599.666471,1826
1782334599.6677618,1847
1782334599.669049,1858
1782334599.669055,1855
1782334599.670342,1858
1782334599.67204,1866
1782334599.672042,1881
1782334599.6815841,1882
1782334599.681587,1873
1782334599.681588,1871
1782334599.681589,1865
1782334599.68159,1795
1782334599.681591,1783
1782334599.681591,1813
1782334599.681592,1821
1782334599.6815932,1850
1782334599.682862,1848
1782334599.6828659,1855
1782334599.6841521,1852
1782334599.685441,1824
1782334599.6867259,1845
1782334599.688011,1844
1782334599.688017,1863
1782334599.689303,1843
1782334599.6905909,1846
1782334599.6918788,1858
1782334599.691885,1862
1782334599.6931689,1830
1782334599.694457,1833
1782334599.695727,1858
1782334599.6970088,1880
1782334599.697015,1870
1782334599.6970172,1847
1782334599.698302,1860
1782334599.699587,1848
1782334599.700875,1844
1782334599.700882,1801
1782334599.702163,1815
1782334599.704011,1852
1782334599.704013,1837
1782334599.7165818,1820
1782334599.7165859,1834
1782334599.716587,1846
1782334599.716588,1876
1782334599.716589,1870
1782334599.7165902,1856
1782334599.7165902,1842
1782334599.7165911,1850
1782334599.716592,1852
1782334599.7165928,1853
1782334599.716594,1830
1782334599.716594,1810
1782334599.7178571,1842
1782334599.717859,1827
1782334599.726665,1832
1782334599.726667,1832
1782334599.7266681,1826
1782334599.726669,1825
1782334599.72667,1839
1782334599.72667,1795
1782334599.7266712,1823
1782334599.726672,1864
1782334599.7279592,1855
1782334599.7279649,1855
1782334599.72925,1838
1782334599.73054,1828
1782334599.7318301,1830
1782334599.7318468,1855
1782334599.7331111,1876
1782334599.744778,1895
1782334599.7448058,1862
1782334599.744808,1855
1782334599.744809,1813
1782334599.7448099,1826
1782334599.744811,1837
1782334599.744811,1864
1782334599.744812,1858
1782334599.744813,1857
1782334599.744813,1836
1782334599.7448142,1843
1782334599.744844,1827
1782334599.74611,1838
1782334599.74737,1838
1782334599.7553751,1859
1782334599.755379,1900
1782334599.75538,1893
1782334599.755381,1893
1782334599.755381,1869
1782334599.755382,1829
1782334599.755383,1783
1782334599.755384,1815
1782334599.756663,1831
1782334599.757956,1821
1782334599.7579641,1829
1782334599.759252,1846
1782334599.7605078,1856
1782334599.761791,1839
1782334599.763076,1824
1782334599.763082,1834
1782334599.764353,1833
1782334599.774702,1836
1782334599.774705,1839
1782334599.774706,1843
1782334599.7747068,1869
1782334599.7747068,1874
1782334599.774708,1890
1782334599.774709,1854
1782334599.774709,1834
1782334599.77471,1799
1782334599.7747111,1825
1782334599.7759712,1864
1782334599.775973,1864
1782334599.7846348,1880
1782334599.784638,1879
1782334599.784639,1852
1782334599.78464,1834
1782334599.784641,1839
1782334599.784642,1851
1782334599.7846432,1849
1782334599.7846441,1853
1782334599.7859142,1868
1782334599.7859159,1854
1782334599.788477,1875
1782334599.7884831,1837
1782334599.7897658,1802
1782334599.791062,1806
1782334599.7910678,1794
1782334599.792353,1839
1782334599.79363,1846
1782334599.803515,1858
1782334599.803518,1836
1782334599.803519,1832
1782334599.80352,1834
1782334599.803521,1823
1782334599.803521,1830
1782334599.803522,1854
1782334599.803522,1847
1782334599.803523,1839
1782334599.803524,1836
1782334599.804786,1854
1782334599.813399,1839
1782334599.813401,1854
1782334599.8134022,1850
1782334599.813403,1865
1782334599.8134038,1850
1782334599.8134038,1871
1782334599.813405,1860
1782334599.813405,1860
1782334599.813406,1855
1782334599.814701,1839
1782334599.815995,1838
1782334599.8160021,1856
1782334599.817272,1871
1782334599.8185558,1848
1782334599.819843,1836
1782334599.81985,1807
1782334599.821131,1807
1782334599.8224158,1832
1782334599.833235,1818
1782334599.833239,1830
1782334599.833264,1866
1782334599.833266,1854
1782334599.833267,1870
1782334599.833267,1831
1782334599.833268,1809
1782334599.833269,1785
1782334599.83327,1802
1782334599.833271,1829
1782334599.833271,1860
1782334599.833272,1858
1782334599.834535,1854
1782334599.843031,1836
1782334599.843035,1861
1782334599.843036,1907
1782334599.843037,1878
1782334599.8430378,1928
1782334599.8430378,1888
1782334599.843039,1834
1782334599.84304,1811
1782334599.843041,1803
1782334599.844307,1827
1782334599.845591,1819
1782334599.8468769,1803
1782334599.846884,1804
1782334599.84817,1825
1782334599.8494651,1836
1782334599.850755,1777
1782334599.852043,1831
1782334599.8520489,1857
1782334599.85333,1866
1782334599.855233,1861
1782334599.855236,1859
1782334599.8652601,1880
1782334599.865262,1873
1782334599.865263,1887
1782334599.8652642,1869
1782334599.8652642,1863
1782334599.865265,1800
1782334599.8652658,1799
1782334599.8652658,1805
1782334599.865267,1814
1782334599.865267,1833
1782334599.866539,1838
1782334599.875283,1842
1782334599.875287,1824
1782334599.875288,1852
1782334599.8752892,1875
1782334599.8752902,1874
1782334599.8752909,1883
1782334599.8752918,1864
1782334599.8752918,1861
1782334599.875293,1863
1782334599.876585,1860
1782334599.877859,1853
1782334599.877861,1848
1782334599.8791418,1855
1782334599.8804312,1855
1782334599.881736,1843
1782334599.8830342,1846
1782334599.883041,1838
1782334599.88433,1857
1782334599.885601,1836
1782334599.895489,1850
1782334599.895493,1839
1782334599.895494,1862
1782334599.895495,1864
1782334599.895496,1860
1782334599.895496,1871
1782334599.8954968,1868
1782334599.895498,1833
1782334599.895499,1804
1782334599.895499,1813
1782334599.896767,1825
1782334599.905261,1843
1782334599.9052641,1876
1782334599.9052641,1858
1782334599.9052649,1848
1782334599.9052658,1839
1782334599.9052658,1839
1782334599.905267,1821
1782334599.905268,1856
1782334599.905268,1864
1782334599.9065511,1844
1782334599.90784,1865
1782334599.907847,1864
1782334599.909131,1831
1782334599.91042,1842
1782334599.911703,1839
1782334599.912987,1859
1782334599.9129941,1836
1782334599.9142778,1844
1782334599.915634,1866
1782334599.9258611,1899
1782334599.925865,1893
1782334599.925866,1896
1782334599.925867,1878
1782334599.925867,1832
1782334599.925868,1843
1782334599.925869,1867
1782334599.9258702,1851
1782334599.9258702,1836
1782334599.9258711,1835
1782334599.925872,1834
1782334599.9271371,1783
1782334599.9356742,1799
1782334599.9356759,1826
1782334599.9356768,1827
1782334599.935678,1802
1782334599.935679,1839
1782334599.93568,1846
1782334599.935681,1859
1782334599.935682,1845
1782334599.9369678,1839
1782334599.936974,1797
1782334599.938262,1810
1782334599.939552,1846
1782334599.9408371,1860
1782334599.940843,1850
1782334599.942129,1849
1782334599.943417,1860
1782334599.944702,1866
1782334599.945986,1855
1782334599.945993,1830
1782334599.947276,1825
1782334599.9580538,1847
1782334599.958057,1833
1782334599.958069,1820
1782334599.958071,1821
1782334599.958072,1839
1782334599.9580731,1860
1782334599.9580731,1855
1782334599.958074,1853
1782334599.958074,1839
1782334599.9580748,1839
1782334599.958076,1835
1782334599.9593441,1854
1782334599.967846,1835
1782334599.96785,1826
1782334599.967851,1827
1782334599.967852,1845
1782334599.967853,1835
1782334599.967854,1820
1782334599.9678552,1835
1782334599.9678552,1837
1782334599.9678562,1836
1782334599.967857,1868
1782334599.969121,1868
1782334599.970409,1875
1782334599.9716969,1857
1782334599.972987,1846
1782334599.972994,1825
1782334599.9742799,1836
1782334599.975565,1843
1782334599.9772859,1828
1782334599.977289,1819
1782334599.9874182,1847
1782334599.987421,1834
1782334599.987422,1820
1782334599.987422,1889
1782334599.987423,1863
1782334599.987424,1839
1782334599.987424,1843
1782334599.987425,1868
1782334599.987426,1848
1782334599.987426,1828
1782334599.9886878,1830
1782334599.997244,1842
1782334599.997248,1826
1782334599.997248,1827
1782334599.9972491,1849
1782334599.99725,1831
1782334599.997251,1836
1782334599.997252,1874
1782334599.9972532,1858
1782334599.997254,1831
1782334599.998537,1839
1782334599.999827,1849
1782334599.999833,1836
1782334600.00112,1852
1782334600.0024052,1839
1782334600.003689,1829
1782334600.0049741,1850
1782334600.0049798,1860
1782334600.0065532,1866
1782334600.0165792,1852
1782334600.0165818,1871
1782334600.016583,1871
1782334600.016584,1854
1782334600.0165849,1850
1782334600.016586,1849
1782334600.016587,1863
1782334600.016588,1853
1782334600.016588,1843
1782334600.0165892,1859
1782334600.017854,1897
1782334600.017856,1903
1782334600.0262778,1930
1782334600.0262809,1898
1782334600.026282,1862
1782334600.026283,1813
1782334600.026284,1770
1782334600.026284,1810
1782334600.0262852,1832
1782334600.0262861,1824
1782334600.027554,1834
1782334600.028838,1852
1782334600.028844,1864
1782334600.030126,1836
1782334600.0314162,1867
1782334600.032705,1860
1782334600.033994,1871
1782334600.034,1838
1782334600.0352871,1854
1782334600.036572,1845
1782334600.038185,1844
1782334600.038188,1826
1782334600.0480661,1845
1782334600.0480692,1903
1782334600.04807,1871
1782334600.048071,1807
1782334600.0480719,1787
1782334600.048073,1804
1782334600.048073,1821
1782334600.048074,1794
1782334600.048075,1814
1782334600.048075,1828
1782334600.0493371,1880
1782334600.05774,1901
1782334600.057743,1879
1782334600.057743,1832
1782334600.0577438,1830
1782334600.057745,1902
1782334600.057746,1880
1782334600.057746,1864
1782334600.057747,1865
1782334600.059032,1856
1782334600.0590389,1838
1782334600.0603259,1843
1782334600.061609,1844
1782334600.062894,1868
1782334600.0629,1855
1782334600.064182,1844
1782334600.0654678,1850
1782334600.066754,1857
1782334600.0776498,1854
1782334600.0776541,1818
1782334600.077673,1828
1782334600.077675,1839
1782334600.077676,1813
1782334600.077676,1835
1782334600.077677,1827
1782334600.077678,1860
1782334600.077678,1853
1782334600.0776792,1836
1782334600.07768,1796
1782334600.0789518,1782
1782334600.078954,1794
1782334600.0872772,1815
1782334600.087281,1830
1782334600.087282,1874
1782334600.087283,1862
1782334600.0872838,1835
1782334600.087285,1819
1782334600.087285,1829
1782334600.087286,1817
1782334600.088576,1783
1782334600.0898712,1834
1782334600.089877,1846
1782334600.0911648,1831
1782334600.0924559,1856
1782334600.093744,1855
1782334600.09503,1862
1782334600.095037,1850
1782334600.09632,1857
1782334600.09761,1865
1782334600.0988958,1854
1782334600.098903,1871
1782334600.10017,1871
1782334600.109835,1870
1782334600.1098392,1849
1782334600.10984,1845
1782334600.10984,1837
1782334600.1098409,1845
1782334600.1098418,1849
1782334600.109843,1858
1782334600.109844,1817
1782334600.109844,1820
1782334600.109845,1842
1782334600.109846,1826
1782334600.111107,1831
1782334600.119516,1821
1782334600.119519,1856
1782334600.11952,1862
1782334600.1195211,1818
1782334600.119522,1814
1782334600.119522,1825
1782334600.119523,1819
1782334600.119524,1820
1782334600.1208131,1818
1782334600.122106,1858
1782334600.122112,1853
1782334600.123395,1822
1782334600.124686,1818
1782334600.125976,1801
1782334600.125982,1807
1782334600.127264,1887
1782334600.1285481,1888
1782334600.129837,1922
1782334600.1298392,1931
1782334600.1400251,1930
1782334600.1400268,1903
1782334600.140028,1826
1782334600.140029,1774
1782334600.14003,1791
1782334600.1400309,1830
1782334600.140032,1848
1782334600.140032,1819
1782334600.140033,1803
1782334600.140034,1835
1782334600.1413,1847
1782334600.1496801,1843
1782334600.149684,1832
1782334600.149685,1857
1782334600.149686,1850
1782334600.149687,1900
1782334600.149688,1886
1782334600.149688,1871
1782334600.1496892,1862
1782334600.150984,1862
1782334600.1509929,1861
1782334600.1522791,1828
1782334600.153566,1805
1782334600.1548538,1812
1782334600.15486,1842
1782334600.1561449,1826
1782334600.157433,1874
1782334600.1587079,1850
1782334600.169489,1852
1782334600.169492,1861
1782334600.169493,1847
1782334600.169493,1851
1782334600.169494,1854
1782334600.169495,1860
1782334600.169496,1846
1782334600.169497,1829
1782334600.169497,1819
1782334600.1694982,1819
1782334600.169499,1844
1782334600.1707678,1867
1782334600.179245,1858
1782334600.1792488,1841
1782334600.17925,1807
1782334600.179251,1819
1782334600.179252,1820
1782334600.179253,1851
1782334600.179253,1845
1782334600.179254,1879
1782334600.179255,1899
1782334600.180558,1846
1782334600.181855,1819
1782334600.1818619,1782
1782334600.183147,1829
1782334600.184434,1848
1782334600.1857212,1843
1782334600.187007,1832
1782334600.1870131,1844
1782334600.1883001,1835
1782334600.189606,1837
1782334600.199897,1838
1782334600.1999009,1842
1782334600.199902,1838
1782334600.199903,1859
1782334600.199904,1850
1782334600.199905,1829
1782334600.199906,1871
1782334600.199906,1839
1782334600.199907,1851
1782334600.199908,1881
1782334600.1999092,1874
1782334600.201178,1864
1782334600.209535,1856
1782334600.209538,1860
1782334600.2095392,1877
1782334600.2095401,1868
1782334600.2095401,1859
1782334600.209541,1828
1782334600.2095418,1826
1782334600.2095418,1852
1782334600.2108061,1834
1782334600.210808,1851
1782334600.212088,1839
1782334600.213377,1853
1782334600.214667,1858
1782334600.215956,1837
1782334600.2159622,1844
1782334600.217246,1832
1782334600.218534,1847
1782334600.220119,1860
1782334600.2201211,1816
1782334600.2293382,1817
1782334600.229339,1824
1782334600.2293398,1836
1782334600.229341,1829
1782334600.229342,1826
1782334600.229343,1848
1782334600.229343,1844
1782334600.229344,1869
1782334600.229345,1880
1782334600.230609,1874
1782334600.239129,1868
1782334600.239133,1845
1782334600.2391338,1804
1782334600.239135,1842
1782334600.239136,1843
1782334600.239137,1839
1782334600.239137,1805
1782334600.2391381,1812
1782334600.239139,1819
1782334600.23914,1830
1782334600.240435,1851
1782334600.2417102,1851
1782334600.2429929,1876
1782334600.243,1901
1782334600.244282,1895
1782334600.245567,1895
1782334600.246853,1867
1782334600.246859,1869
1782334600.2481449,1845
1782334600.249434,1802
1782334600.250722,1811
1782334600.252002,1788
1782334600.252005,1852
1782334600.261625,1908
1782334600.261628,1903
1782334600.2616289,1888
1782334600.26163,1833
1782334600.261631,1788
1782334600.261631,1794
1782334600.261632,1791
1782334600.261632,1781
1782334600.261633,1811
1782334600.262899,1822
1782334600.262902,1838
1782334600.271276,1850
1782334600.271279,1853
1782334600.27128,1852
1782334600.271281,1871
1782334600.271281,1861
1782334600.271282,1860
1782334600.271283,1835
1782334600.271283,1837
1782334600.272567,1859
1782334600.273857,1859
1782334600.273864,1855
1782334600.27515,1857
1782334600.276438,1869
1782334600.277539,1875
1782334600.2788322,1853
1782334600.278848,1823
1782334600.28016,1815
1782334600.281452,1800
1782334600.291413,1789
1782334600.2914171,1818
1782334600.291418,1826
1782334600.2914188,1835
1782334600.29142,1839
1782334600.291421,1850
1782334600.291421,1870
1782334600.291422,1860
1782334600.291423,1850
1782334600.291424,1838
1782334600.292696,1843
1782334600.301253,1827
1782334600.301256,1826
1782334600.301257,1834
1782334600.301258,1841
1782334600.301259,1839
1782334600.301259,1865
1782334600.30126,1861
1782334600.301261,1858
1782334600.3012621,1874
1782334600.302528,1871
1782334600.303809,1871
1782334600.305099,1860
1782334600.305106,1856
1782334600.306391,1852
1782334600.307681,1866
1782334600.308952,1847
1782334600.308954,1856
1782334600.3102348,1855
1782334600.320974,1844
1782334600.320977,1845
1782334600.320977,1801
1782334600.320978,1822
1782334600.3209789,1795
1782334600.32098,1813
1782334600.32098,1800
1782334600.320981,1832
1782334600.320982,1828
1782334600.320982,1847
1782334600.320983,1865
1782334600.3222458,1871
1782334600.3308082,1839
1782334600.330813,1847
1782334600.330814,1871
1782334600.330815,1878
1782334600.330816,1890
1782334600.330816,1866
1782334600.330817,1860
1782334600.330818,1844
1782334600.3308392,1833
1782334600.332129,1832
1782334600.333421,1838
1782334600.334691,1862
1782334600.335971,1874
1782334600.335978,1859
1782334600.337261,1888
1782334600.338548,1863
1782334600.339839,1835
1782334600.3398452,1870
1782334600.341133,1830
1782334600.342421,1821
1782334600.3522692,1870
1782334600.352273,1863
1782334600.352274,1869
1782334600.352275,1831
1782334600.352276,1826
1782334600.352277,1850
1782334600.352277,1863
1782334600.352278,1835
1782334600.352279,1762
1782334600.352279,1790
1782334600.353546,1831
1782334600.362122,1852
1782334600.3621252,1849
1782334600.362126,1803
1782334600.362127,1804
1782334600.3621278,1802
1782334600.362129,1805
1782334600.36213,1816
1782334600.3621309,1846
1782334600.362132,1857
1782334600.363424,1855
1782334600.3647182,1861
1782334600.3660102,1860
1782334600.366016,1869
1782334600.3673,1855
1782334600.368587,1854
1782334600.3698719,1858
1782334600.369879,1846
1782334600.369882,1870
1782334600.37167,1884
1782334600.38178,1869
1782334600.381783,1879
1782334600.381784,1870
1782334600.381784,1837
1782334600.3817852,1832
1782334600.3817852,1788
1782334600.381786,1743
1782334600.3817868,1767
1782334600.3817868,1807
1782334600.381788,1819
1782334600.381805,1834
1782334600.3830762,1847
1782334600.391808,1857
1782334600.391812,1862
1782334600.391813,1875
1782334600.391814,1874
1782334600.391815,1851
1782334600.391816,1855
1782334600.391816,1837
1782334600.3918169,1845
1782334600.391818,1866
1782334600.3931122,1866
1782334600.394384,1861
1782334600.3956668,1862
1782334600.396953,1807
1782334600.39696,1850
1782334600.3982458,1869
1782334600.3995352,1886
1782334600.400827,1870
1782334600.400843,1863
1782334600.40215,1855
1782334600.4034371,1883
1782334600.414003,1867
1782334600.414007,1865
1782334600.414027,1844
1782334600.414028,1857
1782334600.4140291,1862
1782334600.4140291,1829
1782334600.41403,1823
1782334600.41403,1837
1782334600.414031,1854
1782334600.414032,1876
1782334600.414032,1855
1782334600.415296,1839
1782334600.423622,1852
1782334600.423624,1820
1782334600.423625,1812
1782334600.423626,1825
1782334600.423626,1831
1782334600.423627,1832
1782334600.423628,1839
1782334600.423629,1847
1782334600.424916,1827
1782334600.424923,1805
1782334600.426211,1833
1782334600.427499,1839
1782334600.4287848,1815
1782334600.4300869,1836
1782334600.430093,1833
1782334600.4313622,1839
1782334600.432647,1832
1782334600.443489,1827
1782334600.4434931,1836
1782334600.443511,1839
1782334600.443512,1870
1782334600.4435132,1875
1782334600.443514,1846
1782334600.4435148,1848
1782334600.443516,1855
1782334600.443516,1846
1782334600.443517,1809
1782334600.443518,1832
1782334600.4447849,1831
1782334600.453212,1843
1782334600.453215,1827
1782334600.453216,1811
1782334600.453217,1850
1782334600.453218,1826
1782334600.453218,1839
1782334600.4532192,1871
1782334600.4532201,1871
1782334600.453221,1899
1782334600.454506,1842
1782334600.4557939,1838
1782334600.457084,1828
1782334600.457091,1793
1782334600.458378,1826
1782334600.459668,1866
1782334600.460953,1820
1782334600.46096,1829
1782334600.4622421,1833
1782334600.463656,1846
1782334600.4734762,1848
1782334600.4734788,1861
1782334600.47348,1885
1782334600.473481,1906
1782334600.473482,1876
1782334600.473483,1864
1782334600.473483,1875
1782334600.473484,1860
1782334600.473485,1851
1782334600.4734862,1849
1782334600.474748,1830
1782334600.483263,1830
1782334600.483267,1822
1782334600.483267,1818
1782334600.483268,1807
1782334600.4832692,1815
1782334600.48327,1829
1782334600.483271,1800
1782334600.4832718,1852
1782334600.4832718,1868
1782334600.484561,1868
1782334600.48585,1875
1782334600.485856,1871
1782334600.4871402,1868
1782334600.488427,1898
1782334600.4897,1856
1782334600.4909818,1861
1782334600.490989,1828
1782334600.492275,1835
1782334600.493999,1864
1782334600.494003,1876
1782334600.503873,1871
1782334600.5038762,1855
1782334600.5038772,1828
1782334600.5038779,1830
1782334600.5038788,1847
1782334600.50388,1825
1782334600.50388,1823
1782334600.503881,1830
1782334600.503882,1847
1782334600.503882,1862
1782334600.5038831,1867
1782334600.505145,1818
1782334600.513479,1799
1782334600.513483,1812
1782334600.513484,1839
1782334600.513485,1844
1782334600.5134861,1870
1782334600.5134861,1870
1782334600.513487,1839
1782334600.513487,1858
1782334600.514791,1871
1782334600.515872,1812
1782334600.515883,1843
1782334600.517169,1842
1782334600.5184572,1848
1782334600.519742,1839
1782334600.52103,1839
1782334600.521038,1860
1782334600.522325,1838
1782334600.5331168,1852
1782334600.53312,1847
1782334600.533121,1827
1782334600.533122,1832
1782334600.533123,1810
1782334600.533123,1822
1782334600.5331242,1843
1782334600.5331252,1855
1782334600.5331259,1850
1782334600.5331259,1851
1782334600.5331268,1860
1782334600.534388,1854
1782334600.5427032,1855
1782334600.5427048,1851
1782334600.542706,1863
1782334600.542707,1852
1782334600.542708,1814
1782334600.5427089,1842
1782334600.54271,1828
1782334600.542711,1835
1782334600.5439732,1835
1782334600.5439749,1825
1782334600.5452611,1855
1782334600.54655,1858
1782334600.547838,1870
1782334600.5478451,1884
1782334600.549132,1843
1782334600.5504189,1828
1782334600.551708,1861
1782334600.552993,1902
1782334600.553,1925
1782334600.554283,1883
1782334600.555875,1826
1782334600.5558772,1789
1782334600.565068,1775
1782334600.565069,1807
1782334600.5650702,1836
1782334600.565071,1859
1782334600.565071,1877
1782334600.5650718,1882
1782334600.565073,1876
1782334600.565073,1853
1782334600.565074,1883
1782334600.566336,1859
1782334600.5746949,1855
1782334600.574698,1852
1782334600.574699,1849
1782334600.5747,1844
1782334600.574701,1815
1782334600.574701,1839
1782334600.574702,1799
1782334600.5747032,1798
1782334600.5759969,1817
1782334600.5760052,1836
1782334600.577292,1849
1782334600.5785768,1854
1782334600.579864,1865
1782334600.579871,1862
1782334600.5811572,1865
1782334600.582446,1834
1782334600.583733,1829
1782334600.585408,1834
1782334600.585412,1864
1782334600.595372,1864
1782334600.595375,1853
1782334600.595376,1857
1782334600.595377,1861
1782334600.595377,1829
1782334600.595378,1830
1782334600.5953789,1819
1782334600.59538,1820
1782334600.59538,1832
1782334600.595381,1843
1782334600.59664,1837
1782334600.60495,1858
1782334600.604953,1867
1782334600.604954,1885
1782334600.604954,1844
1782334600.604955,1829
1782334600.604956,1814
1782334600.6049569,1804
1782334600.604958,1803
1782334600.604958,1821
1782334600.606242,1845
1782334600.607532,1839
1782334600.608819,1834
1782334600.6088362,1858
1782334600.610174,1830
1782334600.611468,1844
1782334600.612755,1843
1782334600.6140459,1833
1782334600.614052,1813
1782334600.6158872,1845
1782334600.6158888,1856
1782334600.625886,1864
1782334600.625889,1869
1782334600.62589,1869
1782334600.62589,1851
1782334600.625891,1859
1782334600.6258922,1878
1782334600.6258922,1861
1782334600.625893,1825
1782334600.6258938,1822
1782334600.6258938,1834
1782334600.627164,1853
1782334600.635625,1879
1782334600.635629,1886
1782334600.6356301,1922
1782334600.635631,1922
1782334600.635632,1883
1782334600.635633,1843
1782334600.635634,1827
1782334600.635635,1817
1782334600.636927,1822
1782334600.636935,1822
1782334600.636937,1822
1782334600.638224,1798
1782334600.6395159,1835
1782334600.640787,1834
1782334600.64208,1856
1782334600.642087,1820
1782334600.643374,1828
1782334600.644644,1813
1782334600.64593,1852
1782334600.645936,1837
1782334600.64746,1842
1782334600.657347,1823
1782334600.657351,1853
1782334600.657352,1855
1782334600.657353,1892
1782334600.6573539,1886
1782334600.657355,1884
1782334600.657355,1831
1782334600.657356,1804
1782334600.657357,1807
1782334600.6573582,1743
1782334600.658626,1757
1782334600.667069,1830
1782334600.667072,1843
1782334600.667072,1867
1782334600.667073,1899
1782334600.667074,1863
1782334600.667074,1871
1782334600.6670752,1850
1782334600.667076,1880
1782334600.667076,1871
1782334600.6683588,1831
1782334600.669646,1844
1782334600.670937,1870
1782334600.670944,1839
1782334600.672228,1849
1782334600.673515,1821
1782334600.6747992,1838
1782334600.6760871,1853
1782334600.6760929,1839
1782334600.677635,1826
1782334600.68767,1817
1782334600.6876721,1832
1782334600.687673,1818
1782334600.687674,1836
1782334600.687674,1855
1782334600.6876748,1844
1782334600.687676,1860
1782334600.687676,1870
1782334600.687677,1841
1782334600.6876779,1819
1782334600.688944,1830
1782334600.688946,1817
1782334600.697412,1830
1782334600.6974149,1835
1782334600.6974158,1851
1782334600.697417,1868
1782334600.697418,1870
1782334600.697419,1860
1782334600.6974201,1856
1782334600.6974201,1854
1782334600.6987112,1854
1782334600.699999,1836
1782334600.7000058,1820
1782334600.70129,1835
1782334600.702574,1830
1782334600.703858,1839
1782334600.703865,1845
1782334600.70515,1858
1782334600.7064378,1850
1782334600.7083101,1855
1782334600.708313,1854
1782334600.718194,1835
1782334600.718197,1839
1782334600.718198,1855
1782334600.718198,1845
1782334600.718199,1835
1782334600.7182,1828
1782334600.7182012,1830
1782334600.718202,1839
1782334600.718202,1870
1782334600.7182028,1845
1782334600.719469,1855
1782334600.7277598,1880
1782334600.727763,1861
1782334600.727763,1871
1782334600.727764,1879
1782334600.727765,1848
1782334600.72777,1846
1782334600.7277708,1847
1782334600.727772,1868
1782334600.7290611,1882
1782334600.729068,1854
1782334600.730359,1832
1782334600.7316322,1807
1782334600.732915,1799
1782334600.732922,1799
1782334600.734209,1818
1782334600.735494,1835
1782334600.736778,1850
1782334600.7380538,1868
1782334600.738058,1862
1782334600.747714,1837
1782334600.7477188,1865
1782334600.74772,1858
1782334600.747721,1881
1782334600.747722,1836
1782334600.747723,1875
1782334600.747723,1892
1782334600.747724,1892
1782334600.747725,1866
1782334600.749001,1789
1782334600.7490041,1752
1782334600.7578108,1804
1782334600.757817,1845
1782334600.7578182,1862
1782334600.757819,1870
1782334600.75782,1886
1782334600.7578208,1884
1782334600.757822,1887
1782334600.757822,1887
1782334600.757834,1887
1782334600.759122,1875
1782334600.760415,1885
1782334600.761703,1896
1782334600.7629929,1886
1782334600.762999,1862
1782334600.7643,1861
1782334600.765582,1839
1782334600.766863,1833
1782334600.766869,1812
1782334600.768212,1792
1782334600.77838,1801
1782334600.778382,1826
1782334600.778383,1815
1782334600.778384,1823
1782334600.778385,1803
1782334600.7783859,1809
1782334600.7783868,1844
1782334600.7783868,1843
1782334600.778388,1814
1782334600.778389,1807
1782334600.77839,1832
1782334600.779652,1832
1782334600.788147,1830
1782334600.78815,1832
1782334600.788151,1850
1782334600.788152,1826
1782334600.7881532,1830
1782334600.7881532,1802
1782334600.7881541,1849
1782334600.7881548,1859
1782334600.7881558,1869
1782334600.78946,1844
1782334600.790737,1874
1782334600.7920058,1871
1782334600.792008,1866
1782334600.7932868,1847
1782334600.794572,1851
1782334600.79584,1838
1782334600.795842,1829
1782334600.797123,1817
1782334600.798414,1828
1782334600.799813,1846
1782334600.799911,1858
1782334600.809686,1857
1782334600.809689,1847
1782334600.80969,1824
1782334600.809691,1845
1782334600.809692,1847
1782334600.809692,1867
1782334600.8096929,1880
1782334600.809694,1853
1782334600.809694,1845
1782334600.810962,1828
1782334600.810965,1827
1782334600.8192692,1853
1782334600.819273,1865
1782334600.819274,1858
1782334600.819275,1861
1782334600.819276,1849
1782334600.819277,1846
1782334600.819277,1874
1782334600.819278,1885
1782334600.820562,1871
1782334600.82185,1838
1782334600.821857,1822
1782334600.823127,1850
1782334600.824407,1855
1782334600.825697,1853
1782334600.826988,1857
1782334600.826995,1814
1782334600.828276,1754
1782334600.8299441,1768
1782334600.829946,1793
1782334600.8402848,1830
1782334600.840289,1839
1782334600.84029,1887
1782334600.840291,1903
1782334600.840292,1884
1782334600.8402932,1858
1782334600.8402932,1869
1782334600.840294,1892
1782334600.8402948,1814
1782334600.840296,1791
1782334600.8415658,1826
1782334600.849993,1850
1782334600.849997,1857
1782334600.849998,1863
1782334600.849998,1850
1782334600.8499992,1849
1782334600.85,1853
1782334600.85,1832
1782334600.8500009,1835
1782334600.8500018,1839
1782334600.851291,1844
1782334600.8525639,1862
1782334600.853843,1839
1782334600.8538492,1885
1782334600.8551319,1898
1782334600.856408,1881
1782334600.857694,1830
1782334600.858984,1855
1782334600.8589928,1853
1782334600.869566,1849
1782334600.869569,1823
1782334600.86957,1813
1782334600.869571,1814
1782334600.8695722,1834
1782334600.869573,1836
1782334600.8695738,1824
1782334600.8695738,1862
1782334600.869575,1869
1782334600.869576,1892
1782334600.870841,1860
1782334600.870843,1863
1782334600.879243,1865
1782334600.879246,1839
1782334600.8792472,1819
1782334600.879248,1832
1782334600.8792489,1780
1782334600.8792498,1783
1782334600.879251,1805
1782334600.879251,1837
1782334600.880519,1870
1782334600.8817978,1853
1782334600.8831072,1832
1782334600.883114,1855
1782334600.8844001,1848
1782334600.885685,1861
1782334600.88697,1843
1782334600.886976,1861
1782334600.8882592,1883
1782334600.8898811,1881
1782334600.889899,1850
1782334600.8997061,1875
1782334600.89971,1854
1782334600.89971,1826
1782334600.899711,1833
1782334600.899712,1844
1782334600.899713,1833
1782334600.899714,1859
1782334600.8997152,1846
1782334600.8997152,1869
1782334600.9009862,1887
1782334600.9009888,1864
1782334600.909261,1846
1782334600.909266,1825
1782334600.909267,1827
1782334600.909267,1871
1782334600.909268,1864
1782334600.909268,1871
1782334600.909269,1874
1782334600.90927,1847
1782334600.90927,1837
1782334600.910548,1827
1782334600.911833,1850
1782334600.91184,1870
1782334600.913125,1826
1782334600.914429,1819
1782334600.915554,1796
1782334600.916843,1800
1782334600.916849,1786
1782334600.918133,1813
1782334600.919509,1859
1782334600.9292018,1891
1782334600.9292061,1853
1782334600.929207,1832
1782334600.929207,1839
1782334600.929208,1817
1782334600.929209,1787
1782334600.9292102,1797
1782334600.929211,1807
1782334600.9292119,1823
1782334600.9292119,1819
1782334600.9304829,1845
1782334600.9390981,1884
1782334600.939102,1909
1782334600.939103,1933
1782334600.939104,1910
1782334600.939105,1839
1782334600.939106,1836
1782334600.9391072,1824
1782334600.9391072,1834
1782334600.9391081,1834
1782334600.9403799,1829
1782334600.941668,1836
1782334600.942958,1836
1782334600.942964,1853
1782334600.944245,1877
1782334600.945528,1861
1782334600.946816,1854
1782334600.9481118,1860
1782334600.948119,1865
1782334600.949404,1859
1782334600.950676,1869
1782334600.951946,1879
1782334600.951948,1880
1782334600.961689,1884
1782334600.9616928,1852
1782334600.961694,1868
1782334600.961695,1879
1782334600.961696,1822
1782334600.961696,1778
1782334600.961697,1809
1782334600.961698,1834
1782334600.961699,1839
1782334600.962969,1834
1782334600.962971,1838
1782334600.97118,1860
1782334600.971184,1890
1782334600.971185,1881
1782334600.971185,1852
1782334600.971186,1825
1782334600.9711869,1814
1782334600.971188,1836
1782334600.971189,1835
1782334600.972456,1839
1782334600.975022,1848
1782334600.975029,1855
1782334600.975032,1829
1782334600.976317,1839
1782334600.977601,1838
1782334600.978886,1837
1782334600.978893,1836
1782334600.980175,1834
1782334600.981489,1850
1782334600.991435,1850
1782334600.9914382,1851
1782334600.991439,1865
1782334600.9914398,1866
1782334600.991441,1867
1782334600.991442,1860
1782334600.991442,1863
1782334600.991443,1853
1782334600.9914439,1816
1782334600.991445,1814
1782334600.992706,1824
1782334601.0011368,1811
1782334601.001141,1818
1782334601.001142,1859
1782334601.001143,1867
1782334601.0011442,1854
1782334601.0011451,1866
1782334601.001146,1876
1782334601.001146,1865
1782334601.0011468,1855
1782334601.0024161,1874
1782334601.0037,1852
1782334601.0049899,1863
1782334601.004997,1856
1782334601.006285,1838
1782334601.007571,1836
1782334601.008857,1850
1782334601.008863,1847
1782334601.0101519,1833
1782334601.0114188,1812
1782334601.020792,1836
1782334601.0207949,1814
1782334601.0207958,1817
1782334601.020797,1827
1782334601.020798,1855
1782334601.020798,1868
1782334601.020799,1887
1782334601.020799,1865
1782334601.0208,1874
1782334601.0208058,1873
1782334601.022068,1829
1782334601.0264032,1792
1782334601.026405,1785
1782334601.0264058,1766
1782334601.026407,1794
1782334601.0276742,1855
1782334601.028957,1860
1782334601.028963,1881
1782334601.0302458,1902
1782334601.031536,1928
1782334601.032829,1925
1782334601.032845,1868
1782334601.034157,1809
1782334601.035445,1799
1782334601.03673,1811
1782334601.038014,1856
1782334601.038021,1849
1782334601.039308,1871
1782334601.040592,1870
1782334601.042284,1834
1782334601.0422862,1832
1782334601.0525708,1828
1782334601.052573,1807
1782334601.052574,1827
1782334601.0525749,1816
1782334601.0525749,1830
1782334601.052576,1820
1782334601.052577,1823
1782334601.052578,1836
1782334601.0525792,1820
1782334601.0525792,1833
1782334601.05258,1843
1782334601.056618,1839
1782334601.0566201,1823
1782334601.056621,1834
1782334601.056622,1816
1782334601.0579069,1861
1782334601.057913,1874
1782334601.059199,1887
1782334601.0604842,1861
1782334601.0617669,1864
1782334601.063052,1837
1782334601.063058,1842
1782334601.064343,1834
1782334601.065632,1842
1782334601.06692,1836
1782334601.066926,1867
1782334601.06821,1861
1782334601.069497,1855
1782334601.070782,1857
1782334601.0720599,1850
1782334601.072063,1858
1782334601.08175,1866
1782334601.081753,1867
1782334601.081753,1859
1782334601.0817542,1845
1782334601.081755,1854
1782334601.081755,1845
1782334601.0817559,1860
1782334601.0817568,1844
1782334601.0817568,1834
1782334601.083027,1791
1782334601.08303,1796
1782334601.0865018,1795
1782334601.086504,1796
1782334601.086505,1814
1782334601.0877702,1832
1782334601.0890539,1828
1782334601.089061,1846
1782334601.090345,1870
1782334601.0916321,1890
1782334601.092918,1896
1782334601.0929248,1884
1782334601.094205,1887
1782334601.095488,1886
1782334601.0967832,1847
1782334601.098067,1877
1782334601.098073,1869
1782334601.09936,1851
1782334601.1006432,1862
1782334601.10193,1855
1782334601.101936,1863
1782334601.103221,1862
1782334601.104487,1845
1782334601.114858,1849
1782334601.114862,1866
1782334601.1148632,1870
1782334601.114864,1846
1782334601.114864,1802
1782334601.1148648,1799
1782334601.1148648,1779
1782334601.114866,1812
1782334601.114867,1824
1782334601.114867,1811
1782334601.114868,1805
1782334601.116134,1817
1782334601.1197598,1820
1782334601.119762,1816
1782334601.119763,1823
1782334601.1210449,1871
1782334601.121048,1895
1782334601.1223319,1883
1782334601.123625,1839
1782334601.1248991,1796
1782334601.124901,1835
1782334601.1261802,1902
1782334601.1274638,1860
1782334601.1287491,1832
1782334601.130038,1791
1782334601.130044,1804
1782334601.13133,1820
1782334601.132885,1836
1782334601.1328871,1828
1782334601.143274,1804
1782334601.1432772,1837
1782334601.1432781,1871
1782334601.143279,1894
1782334601.14328,1857
1782334601.14328,1839
1782334601.143281,1863
1782334601.143282,1894
1782334601.143283,1914
1782334601.143284,1883
1782334601.144546,1842
1782334601.148118,1822
1782334601.1481202,1839
1782334601.148121,1847
1782334601.148122,1858
1782334601.149389,1866
1782334601.150673,1819
1782334601.151961,1819
1782334601.151968,1839
1782334601.153248,1839
1782334601.154549,1883
1782334601.1558359,1886
1782334601.1558442,1854
1782334601.1571279,1813
1782334601.1584141,1784
1782334601.159703,1807
1782334601.160991,1844
1782334601.1609972,1838
1782334601.162279,1863
1782334601.163584,1850
1782334601.174,1849
1782334601.174004,1857
1782334601.174005,1849
1782334601.174006,1832
1782334601.174006,1853
1782334601.174007,1848
1782334601.1740081,1865
1782334601.1740081,1839
1782334601.174009,1842
1782334601.17401,1857
1782334601.17401,1865
1782334601.175275,1871
1782334601.1787221,1885
1782334601.178725,1869
1782334601.178725,1892
1782334601.1799932,1879
1782334601.1799948,1851
1782334601.1812758,1847
1782334601.181283,1824
1782334601.182567,1834
1782334601.183872,1819
1782334601.183882,1814
1782334601.185169,1821
1782334601.186454,1833
1782334601.187741,1823
1782334601.18903,1812
1782334601.1890361,1817
1782334601.1903229,1836
1782334601.191612,1856
1782334601.1929011,1847
1782334601.192907,1849
1782334601.194174,1821
1782334601.2045481,1822
1782334601.204551,1833
1782334601.204551,1853
1782334601.204552,1837
1782334601.204553,1845
1782334601.204553,1852
1782334601.204554,1846
1782334601.204555,1854
1782334601.204556,1839
1782334601.204557,1851
1782334601.2058182,1856
1782334601.2058198,1853
1782334601.209054,1843
1782334601.209057,1858
1782334601.209057,1876
1782334601.210338,1859
1782334601.21163,1848
1782334601.212925,1836
1782334601.212932,1863
1782334601.214219,1855
1782334601.215509,1832
1782334601.216794,1849
1782334601.2180831,1826
1782334601.2180889,1835
1782334601.21937,1817
1782334601.220654,1867
1782334601.22194,1835
1782334601.221946,1823
1782334601.223231,1835
1782334601.233495,1860
1782334601.2334988,1834
1782334601.2335,1826
1782334601.233501,1845
1782334601.233501,1903
1782334601.233502,1907
1782334601.2335029,1913
1782334601.2335029,1890
1782334601.233504,1816
1782334601.233505,1773
1782334601.2347798,1768
1782334601.237182,1791
1782334601.237185,1819
1782334601.237186,1857
1782334601.2384481,1850
1782334601.239734,1855
1782334601.241027,1834
1782334601.241033,1814
1782334601.242322,1860
1782334601.2436109,1857
1782334601.244896,1827
1782334601.244902,1832
1782334601.246182,1850
1782334601.247469,1852
1782334601.248757,1854
1782334601.250057,1839
1782334601.2500632,1839
1782334601.251349,1831
1782334601.252636,1825
1782334601.2539241,1820
1782334601.253931,1838
1782334601.255782,1850
1782334601.266268,1868
1782334601.266272,1865
1782334601.266272,1860
1782334601.266273,1863
1782334601.266274,1887
1782334601.2662752,1848
1782334601.2662752,1885
1782334601.2662761,1900
1782334601.266277,1886
1782334601.266277,1843
1782334601.2662778,1839
1782334601.2675462,1839
1782334601.270106,1853
1782334601.270108,1868
1782334601.270109,1868
1782334601.2713768,1855
1782334601.272657,1853
1782334601.2739441,1853
1782334601.2739499,1869
1782334601.27523,1866
1782334601.276512,1852
1782334601.277796,1850
1782334601.279091,1837
1782334601.279098,1831
1782334601.2803771,1826
1782334601.281661,1830
1782334601.282945,1829
1782334601.2829509,1815
1782334601.28423,1853
1782334601.2857,1864
1782334601.295754,1870
1782334601.295757,1851
1782334601.295758,1854
1782334601.2957592,1856
1782334601.29576,1834
1782334601.29576,1846
1782334601.2957609,1850
1782334601.2957618,1802
1782334601.2957618,1791
1782334601.295763,1807
1782334601.29703,1794
1782334601.297033,1807
1782334601.299638,1811
1782334601.2996402,1806
1782334601.300904,1819
1782334601.300907,1822
1782334601.3021839,1826
1782334601.303468,1817
1782334601.3047512,1807
1782334601.306033,1841
1782334601.306039,1855
1782334601.307328,1863
1782334601.308612,1864
1782334601.309887,1875
1782334601.309891,1931
1782334601.311162,1886
1782334601.312433,1856
1782334601.313705,1823
1782334601.314976,1847
1782334601.31498,1857
1782334601.316355,1812
1782334601.3279328,1828
1782334601.327936,1833
1782334601.3279371,1839
1782334601.327938,1824
1782334601.327938,1809
1782334601.327939,1807
1782334601.32794,1825
1782334601.32794,1845
1782334601.3279412,1871
1782334601.327942,1871
1782334601.3279428,1849
1782334601.3279428,1852
1782334601.327944,1844
1782334601.329217,1828
1782334601.331858,1845
1782334601.331862,1870
1782334601.331863,1864
1782334601.3331258,1887
1782334601.334393,1880
1782334601.335657,1914
1782334601.33692,1864
1782334601.336923,1825
1782334601.338187,1846
1782334601.339453,1852
1782334601.340721,1836
1782334601.341981,1819
1782334601.341983,1822
1782334601.343245,1835
1782334601.344509,1812
1782334601.345793,1812
1782334601.347081,1815
1782334601.3470871,1834
1782334601.358325,1855
1782334601.358329,1864
1782334601.358351,1866
1782334601.3583539,1855
1782334601.358355,1854
1782334601.358355,1855
1782334601.358356,1844
1782334601.358357,1849
1782334601.358357,1866
1782334601.358358,1878
1782334601.358359,1866
1782334601.359623,1871
1782334601.3622,1875
1782334601.3622022,1852
1782334601.362203,1855
1782334601.363465,1878
1782334601.364749,1838
1782334601.366039,1839
1782334601.366046,1829
1782334601.3673291,1825
1782334601.368618,1830
1782334601.369901,1833
1782334601.369907,1829
1782334601.371192,1844
1782334601.3724768,1835
1782334601.373781,1837
1782334601.375067,1839
1782334601.375073,1839
1782334601.3763578,1823
1782334601.377629,1841
1782334601.3876412,1843
1782334601.3876429,1855
1782334601.3876438,1839
1782334601.387645,1836
1782334601.387645,1839
1782334601.387646,1842
1782334601.387647,1824
1782334601.387647,1831
1782334601.387648,1852
1782334601.387649,1865
1782334601.3889139,1845
1782334601.388916,1835
1782334601.3916008,1834
1782334601.391605,1826
1782334601.3928902,1845
1782334601.3928971,1849
1782334601.394165,1845
1782334601.39545,1862
1782334601.396735,1862
1782334601.398025,1855
1782334601.398032,1831
1782334601.399317,1832
1782334601.400604,1848
1782334601.4018931,1852
1782334601.4019,1862
1782334601.403181,1888
1782334601.404465,1881
1782334601.4057531,1880
1782334601.407042,1854
1782334601.407048,1845
1782334601.408692,1820
1782334601.4183419,1786
1782334601.418345,1821
1782334601.418346,1827
1782334601.418346,1867
1782334601.4183471,1864
1782334601.418348,1819
1782334601.418348,1785
1782334601.418349,1794
1782334601.41835,1807
1782334601.4183512,1839
1782334601.419616,1858
1782334601.4222379,1887
1782334601.422241,1883
1782334601.4222422,1917
1782334601.4235039,1912
1782334601.424785,1893
1782334601.426077,1866
1782334601.426084,1815
1782334601.4273658,1823
1782334601.428651,1856
1782334601.429941,1820
1782334601.4299479,1842
1782334601.4312341,1853
1782334601.432524,1857
1782334601.433794,1883
1782334601.435075,1847
1782334601.435082,1876
1782334601.436368,1836
1782334601.438143,1828
1782334601.438145,1826
1782334601.449013,1838
1782334601.449016,1852
1782334601.449017,1798
1782334601.449018,1839
1782334601.449019,1797
1782334601.44902,1816
1782334601.44902,1829
1782334601.4490209,1836
1782334601.449022,1839
1782334601.449022,1801
1782334601.449023,1812
1782334601.450288,1844
1782334601.452961,1864
1782334601.452964,1867
1782334601.452964,1880
1782334601.452965,1845
1782334601.454231,1849
1782334601.455509,1848
1782334601.456794,1842
1782334601.4580832,1862
1782334601.45809,1850
1782334601.4593751,1851
1782334601.460659,1858
1782334601.461944,1860
1782334601.461951,1839
1782334601.463237,1837
1782334601.4645262,1814
1782334601.465811,1828
1782334601.467103,1871
1782334601.4671092,1884
1782334601.478529,1871
1782334601.478533,1842
1782334601.478534,1844
1782334601.478535,1854
1782334601.478535,1829
1782334601.478536,1820
1782334601.4785368,1838
1782334601.4785368,1835
1782334601.478538,1836
1782334601.478539,1820
1782334601.478539,1866
1782334601.479809,1851
1782334601.479815,1853
1782334601.4821508,1850
1782334601.482153,1867
1782334601.4834208,1852
1782334601.484703,1867
1782334601.4859881,1848
1782334601.485994,1854
1782334601.487276,1830
1782334601.488565,1826
1782334601.489851,1829
1782334601.489857,1846
1782334601.491146,1839
1782334601.492434,1855
1782334601.4937239,1855
1782334601.4950132,1868
1782334601.4950202,1845
1782334601.496306,1800
1782334601.4975948,1778
1782334601.499337,1798
1782334601.499339,1835
1782334601.5099862,1847
1782334601.509989,1853
1782334601.50999,1855
1782334601.509991,1850
1782334601.509992,1861
1782334601.509992,1855
1782334601.509993,1802
1782334601.509994,1837
1782334601.509994,1816
1782334601.509995,1817
1782334601.509996,1861
1782334601.511269,1884
1782334601.513856,1893
1782334601.513859,1903
1782334601.51386,1859
1782334601.515146,1861
1782334601.516438,1830
1782334601.517729,1810
1782334601.5190148,1807
1782334601.519022,1792
1782334601.520302,1822
1782334601.521586,1858
1782334601.5228732,1850
1782334601.522879,1852
1782334601.5241642,1876
1782334601.525453,1870
1782334601.526741,1845
1782334601.52803,1847
1782334601.528036,1881
1782334601.529322,1870
1782334601.530976,1876
1782334601.530978,1896
1782334601.5406091,1903
1782334601.540612,1852
1782334601.5406132,1805
1782334601.540614,1823
1782334601.540614,1855
1782334601.5406148,1816
1782334601.540616,1771
1782334601.540616,1764
1782334601.540617,1821
1782334601.541882,1830
1782334601.541884,1826
1782334601.544427,1825
1782334601.544429,1828
1782334601.545701,1813
1782334601.546988,1823
1782334601.546994,1854
1782334601.548276,1864
1782334601.549566,1858
1782334601.550851,1860
1782334601.550858,1858
1782334601.552138,1856
1782334601.553421,1852
1782334601.554709,1838
1782334601.555997,1866
1782334601.556004,1855
1782334601.557289,1870
1782334601.558576,1848
1782334601.559844,1874
1782334601.5598452,1892
1782334601.5701509,1868
1782334601.570153,1865
1782334601.570154,1854
1782334601.570155,1866
1782334601.570155,1843
1782334601.570156,1854
1782334601.570157,1862
1782334601.570157,1854
1782334601.570158,1858
1782334601.5701592,1811
1782334601.5714188,1828
1782334601.5739741,1846
1782334601.573977,1846
1782334601.5739782,1844
1782334601.575246,1855
1782334601.576525,1851
1782334601.5777972,1846
1782334601.5791,1871
1782334601.579108,1878
1782334601.580395,1849
1782334601.581682,1876
1782334601.5829709,1852
1782334601.582977,1843
1782334601.5842612,1858
1782334601.585548,1836
1782334601.586835,1814
1782334601.586841,1848
1782334601.5868428,1867
1782334601.588126,1856
1782334601.5897112,1871
1782334601.600401,1854
1782334601.600404,1836
1782334601.600405,1843
1782334601.600406,1848
1782334601.600406,1852
1782334601.6004071,1857
1782334601.600408,1878
1782334601.600409,1876
1782334601.600409,1876
1782334601.6004102,1844
1782334601.600411,1833
1782334601.6016798,1806
1782334601.6042728,1823
1782334601.604276,1817
1782334601.604277,1835
1782334601.605546,1842
1782334601.6068292,1839
1782334601.606836,1846
1782334601.608119,1823
1782334601.60941,1849
1782334601.610695,1839
1782334601.6119812,1854
1782334601.6119869,1855
1782334601.613269,1839
1782334601.614558,1817
1782334601.6158268,1838
1782334601.615829,1795
1782334601.61711,1814
1782334601.6188889,1832
1782334601.618892,1871
1782334601.6295922,1867
1782334601.6295948,1786
1782334601.629596,1851
1782334601.629597,1877
1782334601.629598,1884
1782334601.629598,1883
1782334601.629599,1807
1782334601.6296,1768
1782334601.629601,1821
1782334601.629601,1855
1782334601.6308749,1858
1782334601.630878,1854
1782334601.6332932,1877
1782334601.6332958,1871
1782334601.634583,1867
1782334601.635852,1831
1782334601.635854,1802
1782334601.637136,1803
1782334601.638421,1828
1782334601.6397078,1845
1782334601.640996,1850
1782334601.641003,1832
1782334601.6422882,1847
1782334601.643574,1855
1782334601.6448581,1853
1782334601.644864,1868
1782334601.646146,1867
1782334601.647428,1860
1782334601.6487172,1866
1782334601.650004,1857
1782334601.651725,1864
1782334601.651728,1806
1782334601.662346,1807
1782334601.662349,1826
1782334601.6623502,1833
1782334601.6623511,1838
1782334601.6623518,1846
1782334601.6623518,1842
1782334601.6623528,1832
1782334601.662354,1857
1782334601.662354,1822
1782334601.662355,1839
1782334601.662356,1835
1782334601.6636212,1869
1782334601.666124,1836
1782334601.6661272,1815
1782334601.666128,1827
1782334601.667395,1833
1782334601.66868,1850
1782334601.669965,1832
1782334601.669972,1831
1782334601.671253,1855
1782334601.6725419,1839
1782334601.6738281,1871
1782334601.6738439,1856
1782334601.675136,1871
1782334601.676424,1859
1782334601.677709,1860
1782334601.678997,1846
1782334601.6790028,1836
1782334601.680287,1844
1782334601.681553,1849
1782334601.692,1839
1782334601.692003,1850
1782334601.6920042,1832
1782334601.6920052,1832
1782334601.6920052,1850
1782334601.6920059,1844
1782334601.6920068,1850
1782334601.6920068,1854
1782334601.692008,1830
1782334601.692009,1869
1782334601.69201,1835
1782334601.693274,1871
1782334601.695725,1868
1782334601.695727,1864
1782334601.696995,1844
1782334601.6969972,1857
1782334601.6982799,1854
1782334601.6995661,1827
1782334601.700852,1823
1782334601.700858,1813
1782334601.702139,1805
1782334601.7034209,1819
1782334601.704706,1826
1782334601.705993,1838
1782334601.7059991,1842
1782334601.7072818,1883
1782334601.70857,1885
1782334601.709855,1853
1782334601.709861,1845
1782334601.711143,1871
1782334601.7224078,1900
1782334601.722411,1869
1782334601.722412,1848
1782334601.722413,1802
1782334601.722413,1779
1782334601.722414,1820
1782334601.7224152,1831
1782334601.7224152,1842
1782334601.7224162,1854
1782334601.7224169,1868
1782334601.7224169,1859
1782334601.7224178,1846
1782334601.723686,1847
1782334601.7262578,1898
1782334601.72626,1882
1782334601.726261,1870
1782334601.727524,1870
1782334601.728802,1860
1782334601.7300858,1857
1782334601.730092,1790
1782334601.731354,1819
1782334601.732626,1852
1782334601.7338948,1863
1782334601.733898,1855
1782334601.735164,1803
1782334601.7364311,1836
1782334601.737699,1844
1782334601.738963,1835
1782334601.738965,1802
1782334601.7402282,1843
1782334601.7414951,1863
1782334601.753004,1856
1782334601.753013,1870
1782334601.753014,1846
1782334601.753014,1863
1782334601.753015,1829
1782334601.753016,1844
1782334601.7530172,1848
1782334601.7530172,1831
1782334601.7530181,1845
1782334601.7530189,1854
1782334601.7530189,1859
1782334601.7530198,1864
1782334601.754289,1839
1782334601.7555578,1855
1782334601.757632,1827
1782334601.757636,1839
1782334601.758902,1807
1782334601.7589052,1832
1782334601.76019,1829
1782334601.761476,1844
1782334601.7627609,1846
1782334601.7640462,1838
1782334601.764053,1833
1782334601.7653172,1843
1782334601.766602,1866
1782334601.7678878,1839
1782334601.767895,1875
1782334601.7691798,1870
1782334601.77047,1876
1782334601.772136,1879
1782334601.772139,1845
1782334601.7821739,1855
1782334601.782177,1869
1782334601.7821782,1864
1782334601.782179,1859
1782334601.78218,1870
1782334601.78218,1868
1782334601.782181,1871
1782334601.782182,1907
1782334601.782183,1870
1782334601.782184,1855
1782334601.783456,1858
1782334601.785938,1838
1782334601.785942,1823
1782334601.785943,1823
1782334601.787209,1821
1782334601.78849,1836
1782334601.789802,1855
1782334601.7911098,1869
1782334601.7911181,1867
1782334601.792406,1839
1782334601.793696,1837
1782334601.794981,1818
1782334601.794987,1787
1782334601.796269,1779
1782334601.797569,1794
1782334601.798849,1817
1782334601.798851,1838
1782334601.800134,1839
1782334601.801425,1855
1782334601.802696,1860
1782334601.804397,1855
1782334601.8044002,1831
1782334601.813459,1793
1782334601.813462,1825
1782334601.813463,1822
1782334601.8134642,1855
1782334601.813465,1869
1782334601.813465,1843
1782334601.813466,1802
1782334601.813466,1816
1782334601.8134668,1831
1782334601.8147368,1839
1782334601.8171258,1839
1782334601.81713,1850
1782334601.817131,1811
1782334601.818416,1858
1782334601.8197088,1871
1782334601.821001,1885
1782334601.821007,1890
1782334601.8222919,1877
1782334601.823446,1897
1782334601.824735,1852
1782334601.8260229,1821
1782334601.826029,1822
1782334601.827311,1800
1782334601.828594,1796
1782334601.829879,1829
1782334601.829885,1836
1782334601.831179,1838
1782334601.832454,1879
1782334601.83411,1839
1782334601.834114,1818
1782334601.8443542,1780
1782334601.844357,1822
1782334601.844358,1839
1782334601.844358,1854
1782334601.844359,1838
1782334601.8443599,1829
1782334601.8443599,1837
1782334601.844361,1844
1782334601.844362,1847
1782334601.844362,1868
1782334601.845637,1891
1782334601.848023,1882
1782334601.848026,1878
1782334601.848027,1847
1782334601.849293,1854
1782334601.8505778,1866
1782334601.8518689,1835
1782334601.851876,1847
1782334601.853156,1798
1782334601.854442,1850
1782334601.854448,1857
1782334601.855733,1857
1782334601.857004,1903
1782334601.857006,1864
1782334601.858289,1863
1782334601.8595781,1766
1782334601.860867,1755
1782334601.860873,1772
1782334601.862157,1781
1782334601.8635352,1845
1782334601.8741271,1845
1782334601.87413,1796
1782334601.87413,1838
1782334601.874131,1815
1782334601.874132,1832
1782334601.874133,1903
1782334601.874133,1889
1782334601.874134,1886
1782334601.874135,1885
1782334601.874135,1898
1782334601.874136,1915
1782334601.875409,1902
1782334601.877692,1855
1782334601.877694,1837
1782334601.8789608,1819
1782334601.878963,1854
1782334601.880243,1871
1782334601.881533,1877
1782334601.8828201,1861
1782334601.8828359,1851
1782334601.88412,1868
1782334601.885408,1864
1782334601.886692,1886
1782334601.887976,1882
1782334601.887983,1861
1782334601.889268,1847
1782334601.890541,1839
1782334601.891829,1815
1782334601.891844,1821
1782334601.8931289,1807
1782334601.8944,1830
1782334601.9045062,1833
1782334601.90451,1832
1782334601.904511,1846
1782334601.904511,1869
1782334601.904512,1854
1782334601.9045131,1851
1782334601.9045131,1855
1782334601.904514,1849
1782334601.904515,1835
1782334601.904515,1863
1782334601.90578,1879
1782334601.908222,1880
1782334601.908225,1864
1782334601.908226,1868
1782334601.9095092,1830
1782334601.910777,1821
1782334601.912061,1864
1782334601.9120681,1881
1782334601.913354,1903
1782334601.914644,1882
1782334601.915932,1863
1782334601.915939,1821
1782334601.917225,1790
1782334601.9185128,1807
1782334601.919798,1800
1782334601.921087,1802
1782334601.921094,1787
1782334601.922378,1815
1782334601.9241269,1833
1782334601.92413,1844
1782334601.933567,1855
1782334601.933569,1858
1782334601.933569,1866
1782334601.9335701,1855
1782334601.933571,1878
1782334601.933571,1888
1782334601.933572,1866
1782334601.933573,1822
1782334601.933573,1835
1782334601.934839,1844
1782334601.9348412,1842
1782334601.9373739,1825
1782334601.937377,1846
1782334601.9386592,1852
1782334601.93995,1860
1782334601.939956,1862
1782334601.941241,1857
1782334601.942525,1849
1782334601.9437928,1830
1782334601.94507,1862
1782334601.945077,1854
1782334601.9463592,1869
1782334601.9476428,1887
1782334601.948928,1888
1782334601.9489338,1876
1782334601.950218,1856
1782334601.9513128,1757
1782334601.952597,1816
1782334601.9538848,1871
1782334601.953891,1896
1782334601.9556491,1864
1782334601.9664059,1820
1782334601.966409,1773
1782334601.96641,1786
1782334601.966411,1824
1782334601.966411,1821
1782334601.966412,1834
1782334601.966413,1848
1782334601.966413,1864
1782334601.966414,1850
1782334601.9664152,1844
1782334601.9664152,1842
1782334601.9676769,1842
1782334601.970243,1839
1782334601.970247,1871
1782334601.970248,1826
1782334601.971515,1846
1782334601.972797,1855
1782334601.974087,1834
1782334601.974093,1804
1782334601.975381,1806
1782334601.9766688,1844
1782334601.977955,1836
1782334601.977961,1831
1782334601.979243,1836
1782334601.980528,1844
1782334601.9818282,1868
1782334601.981843,1867
1782334601.983128,1871
1782334601.983135,1864
1782334601.98442,1868
1782334601.9856908,1857
1782334601.995937,1858
1782334601.995939,1846
1782334601.9959402,1832
1782334601.9959412,1816
1782334601.9959419,1839
1782334601.9959419,1812
1782334601.9959428,1863
1782334601.995944,1858
1782334601.995945,1885
1782334601.995945,1849
1782334601.995946,1865
1782334601.997211,1842
1782334601.999708,1820
1782334601.999712,1800
1782334602.001,1815
1782334602.0010061,1837
1782334602.002271,1807
1782334602.003538,1863
1782334602.004818,1877
1782334602.004834,1871
1782334602.006162,1833
1782334602.0074618,1810
1782334602.0087528,1818
1782334602.010079,1839
1782334602.0100858,1847
1782334602.0113668,1848
1782334602.012653,1846
1782334602.013943,1855
1782334602.013949,1836
1782334602.015214,1856
1782334602.0251782,1844
1782334602.0251808,1822
1782334602.0251808,1817
1782334602.025182,1839
1782334602.025183,1836
1782334602.025184,1830
1782334602.025184,1832
1782334602.025185,1838
1782334602.025186,1866
1782334602.025187,1856
1782334602.02645,1863
1782334602.0288231,1886
1782334602.028826,1895
1782334602.028827,1868
1782334602.030089,1868
1782334602.0313752,1871
1782334602.0326688,1830
1782334602.033958,1826
1782334602.033965,1854
1782334602.0352519,1827
1782334602.036535,1817
1782334602.037833,1819
1782334602.0378501,1834
1782334602.039157,1864
1782334602.040447,1878
1782334602.041733,1839
1782334602.043021,1844
1782334602.0430279,1845
1782334602.044311,1835
1782334602.045596,1861
1782334602.047436,1845
1782334602.0474398,1885
1782334602.058208,1860
1782334602.058212,1838
1782334602.0582132,1838
1782334602.0582132,1839
1782334602.058214,1842
1782334602.058215,1834
1782334602.058215,1839
1782334602.0582159,1833
1782334602.058217,1834
1782334602.058217,1817
1782334602.058218,1823
1782334602.05948,1820
1782334602.061991,1829
1782334602.061995,1834
1782334602.061996,1846
1782334602.063264,1857
1782334602.064546,1839
1782334602.065835,1863
1782334602.065841,1853
1782334602.067124,1839
1782334602.0684109,1850
1782334602.069695,1852
1782334602.07098,1864
1782334602.070986,1860
1782334602.072269,1857
1782334602.073559,1867
1782334602.074843,1864
1782334602.0748491,1860
1782334602.076133,1847
1782334602.077464,1853
1782334602.0878909,1864
1782334602.087893,1866
1782334602.087894,1876
1782334602.0878952,1871
1782334602.0878952,1857
1782334602.087896,1826
1782334602.087897,1801
1782334602.087897,1829
1782334602.087898,1837
1782334602.087899,1837
1782334602.087899,1869
1782334602.089165,1866
1782334602.0916522,1862
1782334602.0916538,1850
1782334602.092938,1847
1782334602.0929449,1807
1782334602.094214,1769
1782334602.095479,1815
1782334602.096757,1826
1782334602.098046,1822
1782334602.098052,1822
1782334602.0993369,1839
1782334602.100626,1855
1782334602.1019142,1844
1782334602.101921,1837
1782334602.103202,1839
1782334602.104486,1844
1782334602.1057868,1855
1782334602.107075,1862
1782334602.107081,1877
1782334602.108345,1867
1782334602.118477,1847
1782334602.11848,1855
1782334602.118481,1856
1782334602.118481,1869
1782334602.1184819,1871
1782334602.1184828,1850
1782334602.118484,1850
1782334602.118485,1826
1782334602.118485,1854
1782334602.118486,1798
1782334602.1184871,1791
1782334602.1197581,1811
1782334602.122122,1835
1782334602.1221251,1858
1782334602.122126,1823
1782334602.123392,1818
1782334602.1246789,1815
1782334602.125968,1823
1782334602.125974,1832
1782334602.127255,1831
1782334602.1285388,1865
1782334602.129826,1891
1782334602.1298418,1897
1782334602.131132,1898
1782334602.132421,1879
1782334602.133706,1890
1782334602.1349912,1796
1782334602.134997,1833
1782334602.136281,1851
1782334602.137658,1837
1782334602.148161,1882
1782334602.148164,1862
1782334602.1481652,1843
1782334602.148166,1831
1782334602.148167,1816
1782334602.148167,1839
1782334602.1481678,1863
1782334602.1481678,1871
1782334602.148169,1855
1782334602.14817,1860
1782334602.148171,1821
1782334602.1494348,1820
1782334602.1518972,1820
1782334602.1518998,1813
1782334602.151901,1811
1782334602.153166,1815
1782334602.15445,1836
1782334602.155736,1814
1782334602.157025,1826
1782334602.1570308,1839
1782334602.159596,1826
1782334602.1596029,1802
1782334602.160883,1832
1782334602.1608891,1826
1782334602.1621702,1842
1782334602.163458,1846
1782334602.164742,1846
1782334602.1660302,1856
1782334602.166036,1854
1782334602.1673212,1867
1782334602.168592,1859
1782334602.178529,1861
1782334602.1785321,1823
1782334602.178533,1839
1782334602.1785338,1844
1782334602.178535,1845
1782334602.178535,1864
1782334602.178536,1875
1782334602.178537,1894
1782334602.178537,1868
1782334602.178538,1859
1782334602.179803,1860
1782334602.179805,1839
1782334602.182497,1848
1782334602.1824992,1859
1782334602.183765,1856
1782334602.18505,1881
1782334602.185057,1903
1782334602.18634,1883
1782334602.187626,1866
1782334602.188917,1834
1782334602.1889238,1790
1782334602.1902049,1748
1782334602.191494,1806
1782334602.192781,1826
1782334602.19407,1859
1782334602.1940758,1868
1782334602.195362,1845
1782334602.196637,1849
1782334602.197919,1857
1782334602.197925,1860
1782334602.199712,1854
1782334602.210422,1851
1782334602.2104251,1846
1782334602.2104251,1858
1782334602.210426,1869
1782334602.2104268,1870
1782334602.2104268,1850
1782334602.210428,1860
1782334602.210429,1848
1782334602.21043,1890
1782334602.21043,1871
1782334602.2104309,1859
1782334602.2117,1828
1782334602.214117,1822
1782334602.2141209,1815
1782334602.214122,1807
1782334602.215389,1791
1782334602.216672,1815
1782334602.217962,1817
1782334602.217969,1833
1782334602.21925,1839
1782334602.220533,1877
1782334602.221817,1890
1782334602.221833,1890
1782334602.223117,1871
1782334602.2244039,1822
1782334602.2256908,1825
1782334602.226979,1788
1782334602.226985,1775
1782334602.228269,1814
1782334602.2296169,1817
1782334602.240118,1803
1782334602.2401211,1843
1782334602.240122,1837
1782334602.2401228,1838
1782334602.240124,1822
1782334602.240124,1848
1782334602.240125,1845
1782334602.240126,1883
1782334602.240126,1846
1782334602.240127,1855
1782334602.240128,1871
1782334602.240128,1893
1782334602.241399,1901
1782334602.243923,1892
1782334602.243926,1851
1782334602.243927,1850
1782334602.245197,1848
1782334602.246484,1829
1782334602.2477849,1822
1782334602.249075,1858
1782334602.2490811,1853
1782334602.250366,1859
1782334602.2516558,1864
1782334602.252942,1862
1782334602.252948,1839
1782334602.254229,1820
1782334602.255518,1807
1782334602.256802,1828
1782334602.2580988,1839
1782334602.258105,1861
1782334602.259392,1876
1782334602.270758,1878
1782334602.270782,1880
1782334602.270783,1857
1782334602.270784,1855
1782334602.270784,1838
1782334602.270785,1796
1782334602.270786,1805
1782334602.270787,1810
1782334602.270787,1835
1782334602.2707882,1871
1782334602.2707891,1871
1782334602.270794,1855
1782334602.272054,1820
1782334602.274583,1805
1782334602.274585,1839
1782334602.2758532,1839
1782334602.275855,1828
1782334602.277133,1832
1782334602.278416,1846
1782334602.279701,1846
1782334602.28099,1848
1782334602.280996,1861
1782334602.282281,1870
1782334602.2835698,1868
1782334602.284854,1877
1782334602.28486,1875
1782334602.286145,1854
1782334602.287432,1830
1782334602.2891881,1838
1782334602.2891898,1846
1782334602.299722,1845
1782334602.299726,1855
1782334602.299726,1847
1782334602.2997272,1853
1782334602.299728,1850
1782334602.2997289,1834
1782334602.2997289,1827
1782334602.2997298,1853
1782334602.299731,1836
1782334602.299731,1839
1782334602.300993,1827
1782334602.300995,1831
1782334602.303437,1830
1782334602.3034399,1828
1782334602.304707,1850
1782334602.30599,1880
1782334602.305996,1868
1782334602.307283,1845
1782334602.3085709,1820
1782334602.309862,1812
1782334602.309869,1831
1782334602.31115,1820
1782334602.312432,1845
1782334602.313718,1823
1782334602.3150048,1841
1782334602.315011,1839
1782334602.3162959,1853
1782334602.3175838,1839
1782334602.3188832,1830
1782334602.318885,1825
1782334602.3296452,1814
1782334602.329648,1851
1782334602.329649,1859
1782334602.32965,1858
1782334602.32965,1881
1782334602.3296509,1870
1782334602.329652,1855
1782334602.329652,1851
1782334602.329653,1849
1782334602.329654,1835
1782334602.3309178,1812
1782334602.33092,1795
1782334602.333296,1846
1782334602.333298,1856
1782334602.3345861,1853
1782334602.335857,1859
1782334602.335859,1826
1782334602.337141,1854
1782334602.338426,1862
1782334602.339713,1854
1782334602.3409998,1849
1782334602.341006,1855
1782334602.3422909,1864
1782334602.34358,1821
1782334602.344863,1822
1782334602.3448699,1806
1782334602.3461509,1794
1782334602.347435,1810
1782334602.348727,1831
1782334602.350015,1833
1782334602.3500218,1882
1782334602.351286,1893
1782334602.3615098,1885
1782334602.361513,1890
1782334602.361513,1857
1782334602.361514,1826
1782334602.361515,1788
1782334602.361515,1836
1782334602.361516,1858
1782334602.361517,1876
1782334602.361517,1859
1782334602.3615181,1838
1782334602.362786,1849
1782334602.36529,1839
1782334602.365293,1837
1782334602.365294,1844
1782334602.366559,1851
1782334602.367841,1867
1782334602.367847,1834
1782334602.369128,1846
1782334602.3691351,1832
1782334602.3704152,1828
1782334602.3717,1824
1782334602.373004,1823
1782334602.3730109,1864
1782334602.374295,1852
1782334602.3755789,1833
1782334602.376866,1836
1782334602.3768718,1817
1782334602.3781571,1826
1782334602.379445,1859
1782334602.380733,1860
1782334602.3820019,1853
1782334602.382004,1839
1782334602.3919659,1803
1782334602.391969,1839
1782334602.3919702,1823
1782334602.391971,1839
1782334602.391972,1839
1782334602.391972,1868
1782334602.391973,1889
1782334602.391974,1892
1782334602.391974,1887
1782334602.391975,1864
1782334602.3932428,1851
1782334602.395655,1836
1782334602.395657,1851
1782334602.396924,1865
1782334602.396926,1862
1782334602.398216,1857
1782334602.399511,1856
1782334602.400797,1860
1782334602.400813,1883
1782334602.402096,1876
1782334602.403379,1879
1782334602.404663,1878
1782334602.405952,1881
1782334602.405958,1871
1782334602.4072409,1847
1782334602.4085288,1838
1782334602.4098198,1855
1782334602.409833,1832
1782334602.411129,1825
1782334602.412399,1839
1782334602.422549,1810
1782334602.422552,1785
1782334602.422553,1801
1782334602.422554,1850
1782334602.422554,1834
1782334602.422555,1818
1782334602.422556,1849
1782334602.422556,1854
1782334602.4225569,1865
1782334602.422558,1839
1782334602.423823,1816
1782334602.4238248,1838
1782334602.426212,1847
1782334602.426214,1839
1782334602.427478,1867
1782334602.428771,1863
1782334602.430054,1895
1782334602.4300601,1832
1782334602.431346,1807
1782334602.432634,1832
1782334602.433921,1832
1782334602.433928,1860
1782334602.435213,1842
1782334602.436497,1847
1782334602.437779,1829
1782334602.439064,1846
1782334602.43907,1867
1782334602.4403389,1843
1782334602.4416718,1842
1782334602.452231,1836
1782334602.452234,1845
1782334602.452235,1878
1782334602.452236,1855
1782334602.4522371,1815
1782334602.4522371,1773
1782334602.452238,1760
1782334602.452239,1843
1782334602.452239,1865
1782334602.45224,1879
1782334602.452241,1860
1782334602.453511,1870
1782334602.455922,1866
1782334602.455924,1868
1782334602.455925,1874
1782334602.4572,1828
1782334602.458482,1812
1782334602.45978,1807
1782334602.461063,1830
1782334602.461069,1834
1782334602.462349,1835
1782334602.463636,1851
1782334602.4649248,1843
1782334602.464931,1896
1782334602.466215,1938
1782334602.467502,1923
1782334602.468787,1858
1782334602.4700742,1829
1782334602.47008,1848
1782334602.4715788,1854
1782334602.482054,1825
1782334602.4820569,1834
1782334602.482058,1830
1782334602.482059,1833
1782334602.482059,1835
1782334602.48206,1844
1782334602.4820611,1818
1782334602.4820611,1843
1782334602.482062,1860
1782334602.482063,1850
1782334602.482063,1837
1782334602.4833422,1838
1782334602.485644,1811
1782334602.4856472,1813
1782334602.4869142,1827
1782334602.486916,1839
1782334602.488197,1856
1782334602.4894872,1861
1782334602.490774,1864
1782334602.492064,1862
1782334602.49207,1867
1782334602.493357,1859
1782334602.4946408,1849
1782334602.495924,1853
1782334602.4959302,1850
1782334602.4972138,1822
1782334602.4984992,1812
1782334602.4997828,1834
1782334602.5010712,1861
1782334602.501077,1868
1782334602.501079,1886
1782334602.502362,1870
1782334602.504118,1845
1782334602.504121,1807
1782334602.5146828,1822
1782334602.514687,1822
1782334602.514688,1839
1782334602.514689,1839
1782334602.5146902,1848
1782334602.5146902,1838
1782334602.514691,1807
1782334602.514692,1822
1782334602.514692,1837
1782334602.514693,1837
1782334602.515958,1875
1782334602.51596,1858
1782334602.518343,1839
1782334602.518347,1827
1782334602.519613,1811
1782334602.520898,1832
1782334602.520905,1846
1782334602.522187,1878
1782334602.523476,1897
1782334602.5247731,1892
1782334602.526059,1854
1782334602.5260649,1830
1782334602.527346,1832
1782334602.5286322,1880
1782334602.5299141,1880
1782334602.529921,1882
1782334602.5312052,1859
1782334602.532492,1843
1782334602.5340421,1851
1782334602.5340438,1848
1782334602.544563,1807
1782334602.544566,1800
1782334602.544567,1835
1782334602.544568,1836
1782334602.544568,1844
1782334602.544569,1844
1782334602.5445702,1871
1782334602.544571,1821
1782334602.544571,1751
1782334602.5445719,1759
1782334602.5458372,1806
1782334602.545839,1833
1782334602.548226,1869
1782334602.548228,1859
1782334602.549494,1879
1782334602.550776,1885
1782334602.5520651,1853
1782334602.552072,1834
1782334602.5533519,1870
1782334602.554635,1871
1782334602.555923,1861
1782334602.5559301,1844
1782334602.5572119,1835
1782334602.5584981,1846
1782334602.559781,1830
1782334602.561067,1807
1782334602.5610728,1821
1782334602.562357,1847
1782334602.563624,1893
1782334602.573905,1882
1782334602.573909,1845
1782334602.573909,1866
1782334602.57391,1865
1782334602.573911,1835
1782334602.573911,1831
1782334602.5739121,1834
1782334602.573913,1845
1782334602.573914,1842
1782334602.573914,1839
1782334602.5739148,1812
1782334602.575182,1839
1782334602.577583,1845
1782334602.577585,1845
1782334602.578851,1855
1782334602.5788531,1851
1782334602.580129,1860
1782334602.5814168,1865
1782334602.582703,1874
1782334602.58399,1868
1782334602.5839958,1846
1782334602.5852811,1828
1782334602.586565,1839
1782334602.587847,1848
1782334602.587853,1862
1782334602.589138,1846
1782334602.590423,1860
1782334602.591708,1864
1782334602.5929961,1861
1782334602.593002,1839
1782334602.594265,1843
1782334602.6044679,1868
1782334602.604471,1852
1782334602.6044722,1834
1782334602.604473,1828
1782334602.604473,1847
1782334602.604474,1844
1782334602.6044748,1805
1782334602.6044748,1824
1782334602.604476,1857
1782334602.604477,1861
1782334602.605742,1839
1782334602.608333,1833
1782334602.608335,1829
1782334602.608336,1800
1782334602.6096141,1823
1782334602.6108842,1819
1782334602.6108859,1796
1782334602.612167,1810
1782334602.613452,1822
1782334602.614739,1864
1782334602.616022,1853
1782334602.6160278,1866
1782334602.617312,1839
1782334602.618599,1818
1782334602.619881,1850
1782334602.619888,1850
1782334602.6211681,1839
1782334602.622452,1865
1782334602.62414,1887
1782334602.6241438,1870
1782334602.633543,1860
1782334602.633545,1860
1782334602.6335459,1887
1782334602.633547,1871
1782334602.633548,1860
1782334602.633549,1839
1782334602.633549,1887
1782334602.6335502,1884
1782334602.6335511,1859
1782334602.6335511,1829
1782334602.6348128,1784
1782334602.634815,1819
1782334602.6372511,1817
1782334602.637253,1828
1782334602.638517,1866
1782334602.6397948,1870
1782334602.641091,1846
1782334602.641098,1859
1782334602.6423821,1846
1782334602.643668,1899
1782334602.644952,1898
1782334602.644959,1887
1782334602.6462379,1854
1782334602.647524,1806
1782334602.648808,1805
1782334602.650099,1821
1782334602.650105,1839
1782334602.6513898,1854
1782334602.6526778,1823
1782334602.653964,1844
1782334602.65397,1847
1782334602.655293,1855
1782334602.6657522,1852
1782334602.665756,1853
1782334602.665757,1859
1782334602.665758,1858
1782334602.665759,1852
1782334602.665759,1807
1782334602.66576,1815
1782334602.665761,1815
1782334602.665761,1809
1782334602.665762,1794
1782334602.6670258,1803
1782334602.667028,1816
1782334602.669352,1827
1782334602.669355,1835
1782334602.67062,1846
1782334602.6718998,1836
1782334602.671906,1844
1782334602.6731908,1823
1782334602.6744802,1835
1782334602.6757739,1844
1782334602.6770618,1832
1782334602.677068,1851
1782334602.678347,1854
1782334602.679629,1855
1782334602.680917,1863
1782334602.680924,1868
1782334602.6822069,1837
1782334602.6834939,1830
1782334602.6847801,1831
1782334602.686049,1850
1782334602.6860511,1858
1782334602.696104,1856
1782334602.696107,1874
1782334602.696108,1870
1782334602.696108,1846
1782334602.696109,1859
1782334602.69611,1870
1782334602.69611,1888
1782334602.6961112,1863
1782334602.6961122,1866
1782334602.6961129,1870
1782334602.697379,1852
1782334602.6998558,1850
1782334602.699858,1855
1782334602.699859,1839
1782334602.701142,1848
1782334602.702414,1850
1782334602.7036932,1827
1782334602.704981,1816
1782334602.704988,1833
1782334602.70627,1842
1782334602.707558,1862
1782334602.708843,1879
1782334602.70885,1864
1782334602.710133,1839
1782334602.711416,1839
1782334602.712699,1858
1782334602.713985,1848
1782334602.713991,1834
1782334602.7153769,1834
1782334602.725899,1844
1782334602.725903,1851
1782334602.725904,1835
1782334602.725905,1841
1782334602.725906,1839
1782334602.725906,1826
1782334602.7259068,1834
1782334602.725908,1852
1782334602.725908,1871
1782334602.725909,1877
1782334602.72591,1900
1782334602.727177,1894
1782334602.729603,1864
1782334602.729606,1823
1782334602.7308748,1773
1782334602.730877,1746
1782334602.732161,1751
1782334602.733451,1816
1782334602.734743,1817
1782334602.736028,1781
1782334602.7360342,1791
1782334602.7373152,1817
1782334602.738604,1839
1782334602.739896,1869
1782334602.739903,1896
1782334602.74119,1864
1782334602.7424781,1820
1782334602.743775,1839
1782334602.745064,1855
1782334602.7450712,1854
1782334602.746355,1867
1782334602.748357,1869
1782334602.7483609,1875
1782334602.759309,1863
1782334602.7593138,1831
1782334602.759315,1849
1782334602.759315,1846
1782334602.759316,1844
1782334602.759317,1842
1782334602.759318,1849
1782334602.759318,1862
1782334602.759319,1867
1782334602.75932,1867
1782334602.75932,1844
1782334602.760583,1858
1782334602.763343,1850
1782334602.763345,1811
1782334602.763346,1828
1782334602.7646148,1863
1782334602.765876,1852
1782334602.7658792,1828
1782334602.76588,1838
1782334602.767166,1855
1782334602.7684522,1851
1782334602.769737,1839
1782334602.771022,1846
1782334602.771028,1842
1782334602.77231,1854
1782334602.773578,1834
1782334602.774845,1847
1782334602.774847,1864
1782334602.776126,1852
1782334602.777486,1838
1782334602.787771,1846
1782334602.787775,1844
1782334602.787775,1864
1782334602.787776,1854
1782334602.787777,1844
1782334602.7877781,1833
1782334602.787779,1834
1782334602.787779,1861
1782334602.78778,1878
1782334602.7877812,1839
1782334602.787787,1871
1782334602.789052,1875
1782334602.791531,1839
1782334602.7915351,1827
1782334602.79283,1825
1782334602.7928479,1807
1782334602.794121,1795
1782334602.795404,1814
1782334602.796693,1849
1782334602.797996,1871
1782334602.798005,1869
1782334602.799294,1871
1782334602.800585,1852
1782334602.801874,1842
1782334602.8018801,1855
1782334602.8031611,1848
1782334602.804448,1863
1782334602.8057349,1861
1782334602.807009,1848
1782334602.8070111,1855
1782334602.808272,1819
1782334602.818589,1816
1782334602.818592,1830
1782334602.818593,1844
1782334602.818593,1863
1782334602.818594,1894
1782334602.8185952,1850
1782334602.8185952,1865
1782334602.8185961,1849
1782334602.818597,1860
1782334602.818597,1828
1782334602.819867,1807
1782334602.81987,1839
1782334602.8224268,1859
1782334602.82243,1865
1782334602.823691,1830
1782334602.8249578,1811
1782334602.824959,1793
1782334602.826241,1796
1782334602.8275259,1791
1782334602.8288152,1807
1782334602.82883,1855
1782334602.8301399,1853
1782334602.8314319,1874
1782334602.8327198,1868
1782334602.8340092,1863
1782334602.834016,1882
1782334602.835299,1887
1782334602.8378508,1901
1782334602.837853,1896
1782334602.837854,1894
1782334602.8482208,1878
1782334602.848225,1883
1782334602.848226,1846
1782334602.848227,1822
1782334602.848227,1824
1782334602.848228,1825
1782334602.8482292,1813
1782334602.8482292,1819
1782334602.84823,1805
1782334602.8482308,1804
1782334602.849495,1814
1782334602.8518589,1807
1782334602.851862,1821
1782334602.851862,1860
1782334602.853129,1887
1782334602.854409,1876
1782334602.855697,1861
1782334602.8567839,1871
1782334602.8580842,1870
1782334602.858091,1844
1782334602.8593779,1818
1782334602.860666,1810
1782334602.861953,1818
1782334602.861959,1832
1782334602.863241,1844
1782334602.864531,1826
1782334602.865821,1865
1782334602.865838,1853
1782334602.867141,1884
1782334602.868453,1896
1782334602.8787682,1881
1782334602.8787708,1861
1782334602.878772,1862
1782334602.878773,1855
1782334602.878774,1835
1782334602.8787751,1866
1782334602.8787751,1878
1782334602.878776,1854
1782334602.878777,1835
1782334602.878777,1822
1782334602.878784,1836
1782334602.880058,1822
1782334602.882486,1832
1782334602.8824892,1830
1782334602.883754,1832
1782334602.885036,1814
1782334602.885042,1863
1782334602.886323,1876
1782334602.887606,1874
1782334602.888893,1870
1782334602.888899,1855
1782334602.890166,1833
1782334602.891447,1816
1782334602.892731,1804
1782334602.8940191,1816
1782334602.894026,1858
1782334602.895309,1855
1782334602.896597,1814
1782334602.897884,1810
1782334602.89789,1817
1782334602.8978932,1807
1782334602.899172,1832
1782334602.9004438,1850
1782334602.9104269,1861
1782334602.910431,1855
1782334602.910432,1823
1782334602.910432,1836
1782334602.910433,1857
1782334602.910434,1877
1782334602.910434,1845
1782334602.910435,1860
1782334602.9104362,1876
1782334602.9104362,1862
1782334602.911702,1882
1782334602.9141781,1855
1782334602.9141812,1806
1782334602.914182,1791
1782334602.9154491,1813
1782334602.916734,1864
1782334602.9180238,1912
1782334602.9180312,1885
1782334602.9193118,1815
1782334602.920596,1785
1782334602.921866,1818
1782334602.921869,1842
1782334602.923166,1828
1782334602.924458,1828
1782334602.925727,1847
1782334602.927008,1850
1782334602.9270139,1861
1782334602.928298,1855
1782334602.9298189,1861
1782334602.929825,1853
1782334602.940117,1869
1782334602.9401212,1847
1782334602.9401221,1828
1782334602.9401221,1839
1782334602.9401228,1839
1782334602.9401238,1838
1782334602.9401238,1817
1782334602.940125,1812
1782334602.940126,1830
1782334602.940126,1844
1782334602.941391,1870
1782334602.9438012,1858
1782334602.9438028,1880
1782334602.9438038,1862
1782334602.94507,1837
1782334602.946351,1842
1782334602.947639,1852
1782334602.948928,1850
1782334602.9489348,1898
1782334602.950217,1887
1782334602.951502,1896
1782334602.952786,1866
1782334602.954069,1860
1782334602.9540749,1864
1782334602.955359,1796
1782334602.956644,1807
1782334602.95793,1831
1782334602.957936,1827
1782334602.95922,1834
1782334602.960494,1846
1782334602.970946,1869
1782334602.97095,1842
1782334602.9709508,1827
1782334602.970952,1839
1782334602.970952,1828
1782334602.970953,1839
1782334602.970954,1830
1782334602.970954,1843
1782334602.970955,1845
1782334602.970956,1854
1782334602.970956,1852
1782334602.972228,1847
1782334602.9748511,1845
1782334602.974854,1847
1782334602.974855,1837
1782334602.9761379,1853
1782334602.9774039,1844
1782334602.978683,1860
1782334602.979973,1862
1782334602.979979,1858
1782334602.981262,1842
1782334602.98255,1868
1782334602.983835,1866
1782334602.983841,1852
1782334602.985125,1806
1782334602.986409,1814
1782334602.987692,1832
1782334602.9889789,1806
1782334602.988985,1815
1782334603.0002182,1817
1782334603.000237,1828
1782334603.0002391,1833
1782334603.0002391,1827
1782334603.00024,1833
1782334603.0002408,1853
1782334603.0002408,1851
1782334603.000242,1839
1782334603.000243,1818
1782334603.000243,1837
1782334603.000244,1846
1782334603.001508,1882
1782334603.004003,1870
1782334603.0040052,1871
1782334603.004006,1892
1782334603.00527,1871
1782334603.0065532,1865
1782334603.007838,1847
1782334603.0078452,1822
1782334603.009127,1845
1782334603.010415,1843
1782334603.011699,1832
1782334603.012985,1835
1782334603.012991,1806
1782334603.014276,1863
1782334603.015564,1877
1782334603.0168488,1892
1782334603.01686,1869
1782334603.018145,1845
1782334603.019433,1848
1782334603.020701,1829
1782334603.0308359,1871
1782334603.030838,1871
1782334603.030839,1881
1782334603.0308402,1887
1782334603.030841,1884
1782334603.030841,1882
1782334603.030842,1845
1782334603.0308428,1807
1782334603.0308428,1827
1782334603.030844,1832
1782334603.030845,1811
1782334603.0308459,1805
1782334603.032109,1793
1782334603.03454,1812
1782334603.034542,1805
1782334603.0358038,1824
1782334603.035805,1825
1782334603.037086,1855
1782334603.038374,1864
1782334603.0396621,1828
1782334603.04095,1839
1782334603.040956,1852
1782334603.042241,1859
1782334603.043529,1834
1782334603.044815,1838
1782334603.044822,1855
1782334603.046101,1860
1782334603.0473862,1856
1782334603.048671,1871
1782334603.049958,1897
1782334603.049964,1850
1782334603.051244,1805
1782334603.052514,1807
1782334603.062552,1819
1782334603.0625558,1822
1782334603.062557,1830
1782334603.062558,1844
1782334603.062558,1861
1782334603.062559,1842
1782334603.06256,1834
1782334603.06256,1839
1782334603.062561,1834
1782334603.062562,1839
1782334603.063825,1827
1782334603.063827,1830
1782334603.0662599,1828
1782334603.066262,1806
1782334603.067544,1837
1782334603.068833,1867
1782334603.06884,1868
1782334603.070122,1856
1782334603.071408,1835
1782334603.0726988,1836
1782334603.073987,1851
1782334603.073994,1855
1782334603.075279,1826
1782334603.076564,1862
1782334603.0778508,1884
1782334603.077858,1918
1782334603.0791428,1897
1782334603.0804322,1868
1782334603.0817,1859
1782334603.091958,1854
1782334603.091962,1859
1782334603.091962,1849
1782334603.0919628,1843
1782334603.091964,1884
1782334603.091965,1857
1782334603.091966,1838
1782334603.091966,1826
1782334603.0919669,1844
1782334603.091968,1793
1782334603.091968,1827
1782334603.093236,1835
1782334603.095652,1856
1782334603.095655,1863
1782334603.0969229,1839
1782334603.096925,1839
1782334603.098208,1858
1782334603.099496,1857
1782334603.100781,1871
1782334603.102071,1868
1782334603.102077,1850
1782334603.103356,1830
1782334603.10464,1853
1782334603.105928,1855
1782334603.105935,1870
1782334603.107218,1857
1782334603.1085062,1832
1782334603.109789,1836
1782334603.111074,1854
1782334603.11108,1877
1782334603.112344,1893
1782334603.122624,1839
1782334603.1226282,1797
1782334603.1226292,1796
1782334603.12263,1830
1782334603.12263,1806
1782334603.1226308,1806
1782334603.122632,1807
1782334603.122633,1826
1782334603.122634,1851
1782334603.122634,1833
1782334603.123897,1853
1782334603.123899,1854
1782334603.12627,1836
1782334603.126272,1851
1782334603.127535,1849
1782334603.128818,1846
1782334603.128832,1839
1782334603.130121,1862
1782334603.13141,1845
1782334603.1326962,1844
1782334603.133986,1847
1782334603.133992,1851
1782334603.1352792,1848
1782334603.136564,1839
1782334603.137853,1830
1782334603.137859,1832
1782334603.1391418,1839
1782334603.140429,1835
1782334603.1418781,1839
1782334603.141881,1818
1782334603.152315,1896
1782334603.152318,1871
1782334603.152319,1860
1782334603.15232,1853
1782334603.15232,1827
1782334603.152321,1837
1782334603.152322,1807
1782334603.152322,1821
1782334603.152323,1831
1782334603.1523242,1858
1782334603.153589,1844
1782334603.15602,1821
1782334603.156023,1800
1782334603.156023,1820
1782334603.157289,1852
1782334603.1585732,1858
1782334603.159859,1848
1782334603.159866,1849
1782334603.1611469,1871
1782334603.161154,1874
1782334603.162436,1839
1782334603.1637251,1856
1782334603.16501,1852
1782334603.1650162,1853
1782334603.166301,1835
1782334603.16759,1832
1782334603.168876,1850
1782334603.168882,1839
1782334603.170167,1835
1782334603.171652,1847
1782334603.182076,1844
1782334603.182079,1847
1782334603.18208,1854
1782334603.18208,1886
1782334603.182081,1845
1782334603.182082,1842
1782334603.182082,1847
1782334603.1820831,1826
1782334603.182084,1819
1782334603.182084,1790
1782334603.182085,1828
1782334603.18335,1823
1782334603.185802,1826
1782334603.185805,1837
1782334603.185805,1858
1782334603.187086,1815
1782334603.188373,1830
1782334603.189663,1862
1782334603.190933,1865
1782334603.190934,1858
1782334603.1922162,1847
1782334603.193501,1833
1782334603.194784,1825
1782334603.19607,1847
1782334603.196076,1854
1782334603.197363,1887
1782334603.198653,1870
1782334603.1999419,1892
1782334603.199948,1858
1782334603.2012339,1812
1782334603.202522,1807
1782334603.204551,1828
1782334603.204554,1849
1782334603.214926,1842
1782334603.2149289,1800
1782334603.2149298,1817
1782334603.214931,1826
1782334603.214932,1829
1782334603.214932,1854
1782334603.214933,1867
1782334603.214934,1857
1782334603.214934,1836
1782334603.214935,1863
1782334603.214936,1862
1782334603.216207,1846
1782334603.218644,1873
1782334603.218647,1874
1782334603.219914,1866
1782334603.219916,1843
1782334603.221199,1831
1782334603.222485,1839
1782334603.223773,1823
1782334603.2250612,1866
1782334603.225067,1861
1782334603.226351,1879
1782334603.227635,1889
1782334603.228918,1884
1782334603.228925,1882
1782334603.230211,1871
1782334603.231498,1850
1782334603.2327812,1827
1782334603.234221,1810
1782334603.234224,1810
1782334603.244512,1827
1782334603.2445152,1839
1782334603.2445161,1843
1782334603.2445161,1844
1782334603.244517,1860
1782334603.2445178,1862
1782334603.244519,1860
1782334603.244519,1826
1782334603.24452,1819
1782334603.244521,1819
1782334603.245785,1807
1782334603.248136,1782
1782334603.24814,1792
1782334603.248141,1814
1782334603.249408,1827
1782334603.2506921,1834
1782334603.251981,1846
1782334603.251988,1854
1782334603.253269,1863
1782334603.254553,1845
1782334603.2558389,1826
1782334603.255845,1837
1782334603.25713,1850
1782334603.258417,1839
1782334603.259705,1823
1782334603.260993,1839
1782334603.261,1846
1782334603.262284,1824
1782334603.2637498,1843
1782334603.274352,1886
1782334603.274354,1883
1782334603.274355,1880
1782334603.274356,1903
1782334603.274357,1875
1782334603.274357,1856
1782334603.274358,1876
1782334603.274359,1862
1782334603.274359,1850
1782334603.2743602,1860
1782334603.2743611,1871
1782334603.275622,1863
1782334603.277952,1879
1782334603.277954,1877
1782334603.277955,1823
1782334603.279221,1824
1782334603.280504,1780
1782334603.2817879,1783
1782334603.283085,1813
1782334603.2830908,1809
1782334603.284377,1818
1782334603.285662,1823
1782334603.286947,1829
1782334603.286953,1839
1782334603.288234,1862
1782334603.289524,1869
1782334603.2908149,1899
1782334603.290831,1903
1782334603.292116,1892
1782334603.2934232,1896
1782334603.304085,1880
1782334603.304088,1842
1782334603.304089,1813
1782334603.30409,1797
1782334603.30409,1819
1782334603.304091,1807
1782334603.304092,1795
1782334603.304092,1830
1782334603.304093,1866
1782334603.3040938,1861
1782334603.304095,1887
1782334603.304095,1910
1782334603.3053582,1882
1782334603.307681,1839
1782334603.3076842,1797
1782334603.30895,1799
1782334603.308952,1780
1782334603.310229,1805
1782334603.311511,1798
1782334603.312795,1825
1782334603.312813,1851
1782334603.314105,1871
1782334603.3153942,1878
1782334603.316681,1887
1782334603.317968,1871
1782334603.317974,1892
1782334603.3192582,1883
1782334603.320545,1881
1782334603.321829,1871
1782334603.3218439,1835
1782334603.323126,1804
1782334603.324395,1803
1782334603.334871,1818
1782334603.3348749,1832
1782334603.3348758,1827
1782334603.3348758,1828
1782334603.334877,1826
1782334603.334878,1843
1782334603.334879,1853
1782334603.334879,1821
1782334603.33488,1830
1782334603.334881,1833
1782334603.334881,1866
1782334603.3361511,1901
1782334603.338698,1870
1782334603.3387,1858
1782334603.339967,1846
1782334603.339969,1854
1782334603.34125,1856
1782334603.3425338,1816
1782334603.34382,1821
1782334603.345104,1835
1782334603.34511,1829
1782334603.346393,1839
1782334603.34768,1842
1782334603.348968,1844
1782334603.348973,1844
1782334603.350255,1851
1782334603.351543,1850
1782334603.3528278,1845
1782334603.352834,1847
1782334603.3541162,1852
1782334603.355854,1851
1782334603.355856,1822
1782334603.366512,1829
1782334603.366515,1843
1782334603.3665159,1807
1782334603.366517,1830
1782334603.366518,1865
1782334603.366518,1869
1782334603.366519,1857
1782334603.3665202,1833
1782334603.3665202,1857
1782334603.3665211,1884
1782334603.3677871,1871
1782334603.370264,1896
1782334603.370267,1886
1782334603.3702679,1894
1782334603.371534,1838
1782334603.372818,1851
1782334603.372837,1862
1782334603.37413,1851
1782334603.3754182,1854
1782334603.3767061,1844
1782334603.377991,1839
1782334603.3779972,1802
1782334603.379276,1816
1782334603.380564,1826
1782334603.381848,1839
1782334603.381854,1846
1782334603.383138,1843
1782334603.384425,1843
1782334603.385804,1860
1782334603.385822,1852
1782334603.396238,1847
1782334603.396242,1839
1782334603.3962429,1826
1782334603.396244,1825
1782334603.396244,1820
1782334603.396245,1825
1782334603.396246,1846
1782334603.396246,1844
1782334603.3962471,1819
1782334603.396248,1820
1782334603.397519,1839
1782334603.4000509,1849
1782334603.400054,1848
1782334603.400055,1836
1782334603.401334,1876
1782334603.402606,1878
1782334603.403892,1886
1782334603.403898,1887
1782334603.4051788,1885
1782334603.406461,1875
1782334603.407747,1856
1782334603.409036,1813
1782334603.409042,1775
1782334603.4103239,1785
1782334603.411608,1839
1782334603.4128902,1839
1782334603.412896,1838
1782334603.4141781,1877
1782334603.4154649,1876
1782334603.416737,1870
1782334603.4269109,1888
1782334603.426914,1885
1782334603.4269152,1826
1782334603.4269161,1795
1782334603.426917,1803
1782334603.426917,1822
1782334603.4269178,1842
1782334603.426919,1845
1782334603.426919,1820
1782334603.42692,1854
1782334603.426921,1850
1782334603.426921,1834
1782334603.428192,1880
1782334603.430618,1849
1782334603.43062,1826
1782334603.4318862,1838
1782334603.4318871,1864
1782334603.433171,1854
1782334603.434457,1854
1782334603.435741,1842
1782334603.437026,1849
1782334603.437032,1851
1782334603.438314,1816
1782334603.4396029,1829
1782334603.4408908,1838
1782334603.440897,1878
1782334603.442179,1861
1782334603.443467,1855
1782334603.444751,1875
1782334603.446037,1862
1782334603.4460428,1866
1782334603.447965,1859
1782334603.447972,1848
1782334603.458664,1855
1782334603.458667,1846
1782334603.458668,1837
1782334603.458669,1844
1782334603.458669,1807
1782334603.4586701,1796
1782334603.458671,1799
1782334603.458672,1815
1782334603.458672,1835
1782334603.458673,1868
1782334603.459934,1869
1782334603.459936,1886
1782334603.462312,1883
1782334603.462315,1821
1782334603.463582,1786
1782334603.464865,1832
1782334603.464871,1857
1782334603.466155,1824
1782334603.467443,1864
1782334603.468729,1860
1782334603.470012,1863
1782334603.470019,1827
1782334603.4712992,1804
1782334603.472588,1827
1782334603.473881,1862
1782334603.473888,1864
1782334603.4751701,1883
1782334603.476458,1903
1782334603.477725,1881
1782334603.487699,1870
1782334603.487703,1861
1782334603.487704,1878
1782334603.487705,1868
1782334603.487705,1855
1782334603.4877062,1822
1782334603.487707,1789
1782334603.487707,1807
1782334603.4877079,1824
1782334603.487709,1810
1782334603.488977,1802
1782334603.4889789,1805
1782334603.491425,1827
1782334603.4914272,1846
1782334603.4927099,1862
1782334603.493979,1870
1782334603.493981,1833
1782334603.495264,1865
1782334603.4965498,1855
1782334603.497835,1886
1782334603.497841,1889
1782334603.499126,1833
1782334603.500413,1805
1782334603.501701,1791
1782334603.502984,1812
1782334603.50299,1807
1782334603.50427,1814
1782334603.505558,1846
1782334603.5074618,1864
1782334603.507465,1849
1782334603.518118,1813
1782334603.518121,1823
1782334603.518122,1844
1782334603.518122,1825
1782334603.518123,1822
1782334603.518124,1836
1782334603.518124,1866
1782334603.518125,1878
1782334603.518126,1877
1782334603.518126,1860
1782334603.5181272,1861
1782334603.519395,1864
1782334603.521865,1863
1782334603.521867,1878
1782334603.521868,1873
1782334603.523134,1873
1782334603.524412,1860
1782334603.5257,1866
1782334603.526988,1820
1782334603.526995,1814
1782334603.528276,1829
1782334603.529562,1822
1782334603.530847,1839
1782334603.530853,1833
1782334603.532137,1839
1782334603.5334241,1839
1782334603.5347111,1839
1782334603.535999,1859
1782334603.536005,1844
1782334603.537289,1850
1782334603.53856,1836
1782334603.548794,1860
1782334603.548797,1871
1782334603.5487978,1890
1782334603.548799,1867
1782334603.548799,1864
1782334603.5488,1843
1782334603.548801,1856
1782334603.548801,1846
1782334603.5488021,1839
1782334603.548803,1828
1782334603.548803,1834
1782334603.550066,1830
1782334603.552435,1842
1782334603.552437,1822
1782334603.5537012,1843
1782334603.5549839,1836
1782334603.55499,1854
1782334603.556275,1839
1782334603.557562,1847
1782334603.558848,1874
1782334603.5588531,1887
1782334603.5601401,1874
1782334603.561425,1867
1782334603.5627232,1851
1782334603.562729,1831
1782334603.5640142,1834
1782334603.56402,1838
1782334603.565305,1821
1782334603.5665789,1816
1782334603.567914,1802
1782334603.567917,1830
1782334603.578474,1864
1782334603.5784771,1855
1782334603.578478,1859
1782334603.578479,1849
1782334603.5784802,1839
1782334603.5784802,1831
1782334603.578481,1809
1782334603.578482,1837
1782334603.5784829,1820
1782334603.5784829,1824
1782334603.5797539,1853
1782334603.5821598,1863
1782334603.582162,1889
1782334603.5821629,1860
1782334603.5834272,1886
1782334603.5847108,1846
1782334603.585995,1812
1782334603.5860019,1837
1782334603.587282,1843
1782334603.58857,1839
1782334603.589856,1847
1782334603.5898619,1836
1782334603.591146,1846
1782334603.592434,1862
1782334603.59372,1885
1782334603.595003,1916
1782334603.59501,1906
1782334603.5962932,1887
1782334603.59758,1844
1782334603.598868,1784
1782334603.598874,1775
1782334603.60014,1786
1782334603.6102011,1817
1782334603.610205,1843
1782334603.610205,1834
1782334603.610206,1847
1782334603.610207,1876
1782334603.610207,1883
1782334603.610208,1857
1782334603.610209,1860
1782334603.61021,1868
1782334603.61021,1858
1782334603.611479,1871
1782334603.613894,1878
1782334603.613896,1867
1782334603.6138968,1831
1782334603.6151628,1827
1782334603.61644,1820
1782334603.617724,1805
1782334603.619006,1826
1782334603.619012,1844
1782334603.6202922,1805
1782334603.621578,1813
1782334603.6228669,1831
1782334603.622873,1837
1782334603.624157,1846
1782334603.6254451,1832
1782334603.62673,1868
1782334603.6280162,1883
1782334603.628022,1871
1782334603.6293068,1862
1782334603.630579,1842
1782334603.641,1816
1782334603.641004,1789
1782334603.641005,1806
1782334603.641005,1829
1782334603.641006,1832
1782334603.6410072,1826
1782334603.6410072,1855
1782334603.6410081,1849
1782334603.6410089,1867
1782334603.6410098,1839
1782334603.6410098,1807
1782334603.642282,1817
1782334603.6446059,1812
1782334603.644609,1835
1782334603.645877,1832
1782334603.645879,1828
1782334603.647166,1859
1782334603.648457,1842
1782334603.6497421,1828
1782334603.651031,1832
1782334603.651037,1839
1782334603.652318,1842
1782334603.653601,1871
1782334603.6548889,1868
1782334603.654895,1858
1782334603.65618,1865
1782334603.657467,1881
1782334603.659112,1925
1782334603.659114,1930
1782334603.6696808,1894
1782334603.669684,1850
1782334603.669685,1832
1782334603.669686,1821
1782334603.669686,1807
1782334603.669687,1801
1782334603.669688,1838
1782334603.669688,1826
1782334603.6696892,1844
1782334603.6696901,1868
1782334603.6709561,1881
1782334603.670957,1828
1782334603.673301,1807
1782334603.6733031,1825
1782334603.67457,1846
1782334603.67585,1849
1782334603.675861,1845
1782334603.677126,1834
1782334603.678404,1827
1782334603.679688,1832
1782334603.6809752,1839
1782334603.680981,1822
1782334603.6822631,1807
1782334603.684831,1822
1782334603.684837,1851
1782334603.684839,1839
1782334603.686121,1845
1782334603.6874082,1851
1782334603.6886961,1870
1782334603.689983,1865
1782334603.689985,1838
1782334603.700233,1869
1782334603.700237,1886
1782334603.700238,1858
1782334603.700238,1871
1782334603.7002392,1871
1782334603.70024,1851
1782334603.7002409,1818
1782334603.7002409,1823
1782334603.7002418,1836
1782334603.700243,1834
1782334603.700243,1856
1782334603.701515,1853
1782334603.703993,1812
1782334603.703996,1841
1782334603.703997,1832
1782334603.705267,1850
1782334603.706553,1847
1782334603.7078369,1854
1782334603.707844,1850
1782334603.7091289,1887
1782334603.7104168,1899
1782334603.711702,1887
1782334603.7129862,1887
1782334603.712992,1878
1782334603.714278,1874
1782334603.715565,1839
1782334603.716852,1836
1782334603.7168581,1825
1782334603.718143,1827
1782334603.71941,1836
1782334603.729474,1825
1782334603.7294772,1817
1782334603.729478,1845
1782334603.7294788,1839
1782334603.72948,1855
1782334603.72948,1842
1782334603.729481,1822
1782334603.729482,1816
1782334603.729482,1797
1782334603.729483,1814
1782334603.730748,1825
1782334603.733096,1829
1782334603.7331,1880
1782334603.7331,1856
1782334603.734384,1824
1782334603.735651,1836
1782334603.7369332,1826
1782334603.7369401,1858
1782334603.738208,1878
1782334603.7394838,1881
1782334603.740779,1867
1782334603.742066,1888
1782334603.742072,1829
1782334603.743357,1834
1782334603.744639,1843
1782334603.745922,1848
1782334603.745929,1839
1782334603.7472131,1833
1782334603.748501,1858
1782334603.7497861,1848
1782334603.751632,1855
1782334603.751636,1852
1782334603.762582,1880
1782334603.7625878,1851
1782334603.762589,1880
1782334603.76259,1930
1782334603.762591,1922
1782334603.762592,1871
1782334603.762592,1843
1782334603.762593,1827
1782334603.762594,1805
1782334603.762594,1778
1782334603.7625952,1765
1782334603.763863,1806
1782334603.763864,1857
1782334603.766706,1871
1782334603.766711,1866
1782334603.768,1842
1782334603.7680068,1807
1782334603.769274,1807
1782334603.770536,1824
1782334603.771807,1823
1782334603.7718132,1839
1782334603.773094,1825
1782334603.774382,1816
1782334603.775671,1851
1782334603.776959,1864
1782334603.7769659,1860
1782334603.7782469,1851
1782334603.779534,1844
1782334603.781487,1834
1782334603.781494,1838
1782334603.792351,1844
1782334603.792355,1850
1782334603.792355,1852
1782334603.792356,1871
1782334603.7923572,1852
1782334603.792358,1902
1782334603.792358,1890
1782334603.7923589,1867
1782334603.7923598,1869
1782334603.7923598,1874
1782334603.792361,1871
1782334603.793631,1797
1782334603.795938,1784
1782334603.7959402,1790
1782334603.795941,1820
1782334603.797204,1812
1782334603.798437,1819
1782334603.7997382,1845
1782334603.801027,1879
1782334603.801034,1860
1782334603.802316,1889
1782334603.8036008,1844
1782334603.804888,1813
1782334603.804894,1818
1782334603.8061812,1839
1782334603.80747,1852
1782334603.808772,1848
1782334603.8100622,1850
1782334603.810068,1855
1782334603.8118532,1815
1782334603.811855,1804
1782334603.8223958,1817
1782334603.822399,1828
1782334603.8224,1829
1782334603.822401,1842
1782334603.822401,1864
1782334603.822402,1864
1782334603.822403,1870
1782334603.822403,1903
1782334603.8224041,1871
1782334603.822405,1864
1782334603.8236659,1855
1782334603.826027,1850
1782334603.826029,1807
1782334603.82603,1807
1782334603.8272908,1791
1782334603.8285718,1799
1782334603.828577,1824
1782334603.8298612,1832
1782334603.8298671,1839
1782334603.8311691,1833
1782334603.832461,1839
1782334603.833751,1828
1782334603.835042,1858
1782334603.835048,1886
1782334603.83633,1869
1782334603.837617,1875
1782334603.8389041,1898
1782334603.8389099,1866
1782334603.8401768,1860
1782334603.8418581,1853
1782334603.841861,1864
1782334603.852163,1871
1782334603.852166,1838
1782334603.852167,1817
1782334603.8521678,1827
1782334603.852169,1864
1782334603.85217,1860
1782334603.85217,1855
1782334603.852171,1828
1782334603.8521721,1882
1782334603.853441,1890
1782334603.8534431,1880
1782334603.855747,1871
1782334603.8557498,1876
1782334603.857013,1853
1782334603.8570151,1781
1782334603.858298,1816
1782334603.859585,1837
1782334603.8608692,1836
1782334603.860875,1832
1782334603.862154,1842
1782334603.8634398,1850
1782334603.864738,1856
1782334603.8660321,1861
1782334603.866039,1862
1782334603.8673248,1846
1782334603.868612,1867
1782334603.8699,1899
1782334603.869907,1866
1782334603.8714209,1851
1782334603.882029,1839
1782334603.8820322,1844
1782334603.8820329,1839
1782334603.8820338,1838
1782334603.8820338,1836
1782334603.882035,1822
1782334603.882036,1829
1782334603.882036,1847
1782334603.882037,1847
1782334603.882038,1837
1782334603.882038,1834
1782334603.883302,1864
1782334603.8856802,1895
1782334603.885683,1871
1782334603.8869498,1838
1782334603.886952,1832
1782334603.888234,1828
1782334603.889518,1786
1782334603.8908129,1781
1782334603.890829,1781
1782334603.892117,1826
1782334603.893402,1845
1782334603.8946838,1848
1782334603.895967,1859
1782334603.895974,1859
1782334603.897258,1834
1782334603.898529,1780
1782334603.899791,1778
1782334603.901084,1783
1782334603.9010901,1786
1782334603.902375,1793
1782334603.904137,1805
1782334603.904139,1827
1782334603.9151738,1856
1782334603.915176,1861
1782334603.9151769,1867
1782334603.915178,1874
1782334603.915179,1864
1782334603.915179,1862
1782334603.91518,1870
1782334603.9151812,1881
1782334603.9151812,1882
1782334603.915182,1870
1782334603.915183,1867
1782334603.9164438,1899
1782334603.918848,1896
1782334603.9188511,1882
1782334603.918852,1881
1782334603.920119,1861
1782334603.9214022,1843
1782334603.922692,1801
1782334603.923978,1818
1782334603.923985,1835
1782334603.925267,1832
1782334603.9265401,1825
1782334603.92782,1848
1782334603.927827,1864
1782334603.929108,1871
1782334603.930397,1928
1782334603.931683,1906
1782334603.932971,1877
1782334603.932977,1866
1782334603.9342442,1880
1782334603.944414,1880
1782334603.944418,1850
1782334603.9444191,1862
1782334603.9444191,1785
1782334603.94442,1791
1782334603.944421,1810
1782334603.944421,1821
1782334603.944422,1822
1782334603.944423,1784
1782334603.944423,1786
1782334603.9456909,1814
1782334603.947969,1845
1782334603.947972,1836
1782334603.947974,1880
1782334603.949257,1894
1782334603.9505448,1894
1782334603.951831,1877
1782334603.9518368,1854
1782334603.953117,1823
1782334603.954415,1805
1782334603.955704,1782
1782334603.956992,1792
1782334603.9569979,1819
1782334603.958281,1830
1782334603.959569,1832
1782334603.9608629,1834
1782334603.960869,1825
1782334603.962152,1850
1782334603.962158,1828
1782334603.963783,1831
1782334603.974358,1820
1782334603.9743612,1830
1782334603.9743621,1839
1782334603.9743629,1856
1782334603.9743638,1855
1782334603.9743638,1858
1782334603.974365,1847
1782334603.974366,1855
1782334603.974367,1845
1782334603.974367,1823
1782334603.974368,1858
1782334603.975631,1866
1782334603.978029,1870
1782334603.9780312,1865
1782334603.978032,1871
1782334603.979298,1871
1782334603.980581,1896
1782334603.981872,1876
1782334603.981878,1847
1782334603.983166,1839
1782334603.984454,1851
1782334603.985739,1832
1782334603.9870238,1807
1782334603.987031,1772
1782334603.9883132,1804
1782334603.989602,1813
1782334603.99089,1822
1782334603.990897,1823
1782334603.9921799,1824
1782334603.993985,1844
1782334603.993987,1843
1782334604.004498,1848
1782334604.004501,1852
1782334604.004502,1858
1782334604.004503,1866
1782334604.004503,1839
1782334604.004504,1823
1782334604.0045052,1833
1782334604.0045052,1858
1782334604.004506,1883
1782334604.0045068,1896
1782334604.0057752,1869
1782334604.0081432,1903
1782334604.0081458,1903
1782334604.008147,1911
1782334604.0094311,1879
1782334604.010703,1823
1782334604.0119839,1794
1782334604.011991,1848
1782334604.0132759,1870
1782334604.0145652,1848
1782334604.0158532,1846
1782334604.015859,1865
1782334604.017144,1847
1782334604.018432,1818
1782334604.019715,1788
1782334604.020997,1812
1782334604.021004,1798
1782334604.023548,1816
1782334604.02355,1796
1782334604.03363,1828
1782334604.033634,1876
1782334604.033634,1874
1782334604.0336351,1826
1782334604.033636,1820
1782334604.033637,1807
1782334604.033637,1832
1782334604.033638,1839
1782334604.033639,1849
1782334604.033639,1862
1782334604.034904,1859
1782334604.0349061,1851
1782334604.037411,1867
1782334604.0374138,1887
1782334604.03868,1844
1782334604.039962,1839
1782334604.039968,1814
1782334604.0412512,1854
1782334604.0425391,1875
1782334604.043825,1857
1782334604.043831,1839
1782334604.04511,1864
1782334604.046398,1886
1782334604.047688,1879
1782334604.048975,1887
1782334604.048981,1884
1782334604.050265,1870
1782334604.05155,1825
1782334604.052835,1814
1782334604.052841,1814
1782334604.054125,1826
1782334604.0561018,1831
1782334604.056105,1851
1782334604.06656,1852
1782334604.066564,1858
1782334604.066565,1855
1782334604.066565,1844
1782334604.066566,1841
1782334604.066567,1843
1782334604.066567,1846
1782334604.066568,1836
1782334604.0665689,1845
1782334604.0665689,1850
1782334604.0678358,1851
1782334604.067838,1855
1782334604.070166,1850
1782334604.0701702,1830
1782334604.0714371,1818
1782334604.0727198,1809
1782334604.0740101,1806
1782334604.074017,1805
1782334604.0753028,1814
1782334604.076587,1821
1782334604.077871,1869
1782334604.077878,1883
1782334604.0791569,1886
1782334604.0804448,1876
1782334604.081735,1869
1782334604.083022,1830
1782334604.083028,1832
1782334604.084314,1797
1782334604.085901,1806
1782334604.085904,1821
1782334604.096417,1827
1782334604.09642,1824
1782334604.096421,1845
1782334604.096421,1846
1782334604.096422,1861
1782334604.096423,1856
1782334604.096423,1854
1782334604.0964239,1871
1782334604.096425,1845
1782334604.096425,1836
1782334604.096426,1814
1782334604.097696,1837
1782334604.1000268,1822
1782334604.10003,1834
1782334604.10003,1857
1782334604.1013088,1919
1782334604.102581,1914
1782334604.103864,1934
1782334604.10387,1926
1782334604.105151,1915
1782334604.1064389,1928
1782334604.107726,1842
1782334604.109012,1781
1782334604.1090188,1810
1782334604.110304,1848
1782334604.111587,1838
1782334604.112871,1855
1782334604.1128771,1829
1782334604.1150742,1813
1782334604.115098,1791
1782334604.125511,1819
1782334604.125514,1846
1782334604.125515,1864
1782334604.125516,1837
1782334604.1255171,1842
1782334604.1255171,1789
1782334604.125518,1760
1782334604.125519,1787
1782334604.125519,1793
1782334604.12552,1842
1782334604.126786,1858
1782334604.129268,1846
1782334604.12927,1855
1782334604.129271,1831
1782334604.130535,1835
1782334604.131815,1839
1782334604.1318212,1858
1782334604.133104,1854
1782334604.134391,1847
1782334604.135676,1853
1782334604.136958,1860
1782334604.136965,1867
1782334604.138245,1866
1782334604.1395252,1866
1782334604.140811,1826
1782334604.140824,1861
1782334604.1421068,1877
1782334604.143394,1863
1782334604.144684,1846
1782334604.145971,1836
1782334604.1459782,1828
1782334604.147722,1782
1782334604.1585212,1791
1782334604.1585228,1815
1782334604.1585238,1853
1782334604.158525,1871
1782334604.158526,1867
1782334604.158526,1884
1782334604.158527,1894
1782334604.158528,1878
1782334604.158528,1847
1782334604.158529,1823
1782334604.15853,1830
1782334604.1597922,1839
1782334604.162168,1851
1782334604.1621702,1860
1782334604.162171,1877
1782334604.16345,1864
1782334604.1647391,1846
1782334604.166027,1828
1782334604.1660328,1822
1782334604.167318,1839
1782334604.168607,1848
1782334604.169891,1853
1782334604.1698968,1845
1782334604.171177,1860
1782334604.172462,1853
1782334604.173749,1846
1782334604.175046,1871
1782334604.1750531,1869
1782334604.1763358,1860
1782334604.1776042,1856
1782334604.187744,1837
1782334604.187747,1836
1782334604.1877482,1819
1782334604.1877491,1837
1782334604.1877491,1828
1782334604.1877499,1844
1782334604.1877508,1866
1782334604.187755,1859
1782334604.187756,1855
1782334604.187757,1863
1782334604.189023,1793
1782334604.189025,1788
1782334604.19145,1861
1782334604.192734,1891
1782334604.1927412,1893
1782334604.194004,1861
1782334604.194006,1771
1782334604.19529,1779
1782334604.196575,1848
1782334604.197865,1819
1782334604.1978712,1823
1782334604.199156,1844
1782334604.200446,1834
1782334604.201733,1839
1782334604.203016,1851
1782334604.2030232,1870
1782334604.204303,1866
1782334604.205591,1823
1782334604.2068758,1854
1782334604.206883,1871
1782334604.20818,1870
1782334604.218527,1855
1782334604.2185311,1853
1782334604.2185311,1854
1782334604.218532,1807
1782334604.218533,1818
1782334604.218533,1781
1782334604.218534,1797
1782334604.218535,1804
1782334604.218536,1820
1782334604.218536,1846
1782334604.2198021,1848
1782334604.2198038,1839
1782334604.22244,1833
1782334604.222442,1839
1782334604.223725,1849
1782334604.225014,1836
1782334604.22502,1842
1782334604.225023,1856
1782334604.226309,1859
1782334604.227593,1863
1782334604.228876,1846
1782334604.228883,1839
1782334604.2301672,1842
1782334604.2314398,1821
1782334604.23272,1848
1782334604.2340071,1871
1782334604.2340128,1864
1782334604.235297,1883
1782334604.236581,1854
1782334604.237849,1848
1782334604.2378519,1870
1782334604.2482948,1849
1782334604.248298,1846
1782334604.2482991,1855
1782334604.2483,1851
1782334604.2483,1839
1782334604.248301,1826
1782334604.248302,1848
1782334604.248302,1853
1782334604.2483032,1858
1782334604.2483041,1865
1782334604.249574,1850
1782334604.2520351,1839
1782334604.252037,1818
1782334604.252038,1839
1782334604.2533178,1839
1782334604.254602,1865
1782334604.255892,1884
1782334604.255899,1865
1782334604.25718,1869
1782334604.258469,1843
1782334604.259766,1830
1782334604.261048,1835
1782334604.261055,1842
1782334604.262335,1847
1782334604.263624,1850
1782334604.2649112,1810
1782334604.264917,1817
1782334604.266201,1827
1782334604.267489,1838
1782334604.268758,1869
1782334604.278968,1830
1782334604.278971,1851
1782334604.278971,1839
1782334604.278972,1845
1782334604.2789729,1824
1782334604.278974,1824
1782334604.278974,1835
1782334604.278975,1804
1782334604.278976,1832
1782334604.278976,1831
1782334604.278977,1823
1782334604.280242,1854
1782334604.28263,1889
1782334604.282634,1881
1782334604.283901,1864
1782334604.283904,1855
1782334604.2851908,1858
1782334604.2864761,1785
1782334604.287772,1775
1782334604.289056,1839
1782334604.2890618,1858
1782334604.290348,1859
1782334604.291622,1826
1782334604.2929049,1800
1782334604.292911,1825
1782334604.294196,1848
1782334604.2954838,1875
1782334604.29677,1877
1782334604.298056,1878
1782334604.298062,1867
1782334604.2993422,1866
1782334604.3006122,1852
1782334604.310693,1864
1782334604.310696,1883
1782334604.310697,1869
1782334604.310698,1809
1782334604.310698,1839
1782334604.310699,1862
1782334604.3107,1863
1782334604.3107011,1838
1782334604.3107011,1817
1782334604.310702,1818
1782334604.31197,1819
1782334604.3119721,1825
1782334604.314507,1823
1782334604.31451,1818
1782334604.3157718,1829
1782334604.317055,1849
1782334604.317062,1848
1782334604.318348,1866
1782334604.3196318,1864
1782334604.320917,1885
1782334604.3209229,1871
1782334604.3222091,1880
1782334604.323492,1879
1782334604.324775,1854
1782334604.326064,1851
1782334604.32607,1831
1782334604.327353,1826
1782334604.328643,1844
1782334604.330098,1832
1782334604.3301,1823
1782334604.340398,1847
1782334604.340401,1839
1782334604.340402,1814
1782334604.340402,1837
1782334604.3404028,1899
1782334604.340404,1874
1782334604.340404,1880
1782334604.340405,1871
1782334604.340406,1863
1782334604.340406,1865
1782334604.3416672,1836
1782334604.344001,1825
1782334604.344003,1829
1782334604.3440042,1823
1782334604.345271,1820
1782334604.346553,1831
1782334604.347838,1848
1782334604.3478441,1856
1782334604.349128,1806
1782334604.350414,1822
1782334604.3517,1835
1782334604.352983,1853
1782334604.352989,1858
1782334604.354272,1845
1782334604.3555589,1853
1782334604.3568268,1849
1782334604.356829,1851
1782334604.35683,1839
1782334604.358111,1862
1782334604.359627,1851
1782334604.370201,1843
1782334604.370204,1835
1782334604.370205,1831
1782334604.3702059,1839
1782334604.370207,1844
1782334604.370207,1839
1782334604.370208,1848
1782334604.370209,1868
1782334604.370209,1862
1782334604.37021,1842
1782334604.37021,1851
1782334604.371474,1846
1782334604.373944,1819
1782334604.3739462,1814
1782334604.373947,1839
1782334604.375215,1855
1782334604.3764951,1851
1782334604.377763,1878
1782334604.379041,1892
1782334604.379047,1891
1782334604.380332,1896
1782334604.3816168,1907
1782334604.382904,1835
1782334604.38291,1790
1782334604.3841941,1775
1782334604.385482,1800
1782334604.3867679,1844
1782334604.3880541,1851
1782334604.3880599,1883
1782334604.3900108,1886
1782334604.390014,1875
1782334604.400461,1838
1782334604.4004638,1850
1782334604.400465,1839
1782334604.400466,1828
1782334604.400467,1843
1782334604.4004679,1832
1782334604.4004679,1851
1782334604.400469,1848
1782334604.40047,1869
1782334604.40047,1860
1782334604.4017322,1847
1782334604.4041212,1835
1782334604.404124,1839
1782334604.404125,1816
1782334604.405388,1778
1782334604.406671,1784
1782334604.407959,1806
1782334604.407965,1823
1782334604.40925,1819
1782334604.4105349,1817
1782334604.41182,1865
1782334604.411826,1871
1782334604.41311,1845
1782334604.4143958,1852
1782334604.4156852,1863
1782334604.416973,1885
1782334604.4169788,1848
1782334604.418261,1871
1782334604.419528,1881
1782334604.4296079,1869
1782334604.429611,1879
1782334604.429612,1860
1782334604.429613,1864
1782334604.429613,1853
1782334604.429614,1846
1782334604.429615,1811
1782334604.429615,1791
1782334604.4296162,1783
1782334604.429617,1831
1782334604.4308789,1819
1782334604.430881,1849
1782334604.433183,1879
1782334604.433186,1874
1782334604.4344509,1839
1782334604.435713,1839
1782334604.436995,1828
1782334604.437002,1838
1782334604.438289,1804
1782334604.439577,1846
1782334604.44085,1835
1782334604.440852,1828
1782334604.442133,1823
1782334604.443415,1837
1782334604.444698,1832
1782334604.4459798,1847
1782334604.445987,1839
1782334604.4472709,1851
1782334604.4485571,1843
1782334604.449842,1859
1782334604.4498482,1846
1782334604.451704,1858
1782334604.46239,1830
1782334604.462393,1821
1782334604.462394,1835
1782334604.462395,1853
1782334604.462396,1850
1782334604.462396,1848
1782334604.4623969,1850
1782334604.462398,1854
1782334604.462398,1830
1782334604.462399,1830
1782334604.4624,1844
1782334604.463667,1877
1782334604.466003,1911
1782334604.466006,1901
1782334604.466007,1882
1782334604.46728,1834
1782334604.46856,1796
1782334604.4698439,1810
1782334604.4698508,1792
1782334604.471138,1807
1782334604.472439,1854
1782334604.473726,1856
1782334604.475014,1821
1782334604.47502,1829
1782334604.476303,1855
1782334604.477589,1843
1782334604.4788768,1829
1782334604.478884,1834
1782334604.480167,1837
1782334604.4817212,1864
1782334604.4922519,1887
1782334604.492254,1896
1782334604.492255,1883
1782334604.492256,1898
1782334604.492257,1875
1782334604.492258,1860
1782334604.492258,1850
1782334604.492259,1854
1782334604.49226,1845
1782334604.49226,1846
1782334604.4922612,1873
1782334604.492262,1855
1782334604.493526,1837
1782334604.4959989,1811
1782334604.496002,1844
1782334604.4960032,1863
1782334604.49727,1850
1782334604.498555,1847
1782334604.4998422,1812
1782334604.499848,1810
1782334604.501138,1782
1782334604.502421,1811
1782334604.503704,1821
1782334604.504992,1819
1782334604.504998,1837
1782334604.5062778,1843
1782334604.507566,1830
1782334604.508857,1834
1782334604.508863,1826
1782334604.510147,1834
1782334604.511435,1839
1782334604.512707,1877
1782334604.523027,1873
1782334604.52303,1861
1782334604.523031,1828
1782334604.523031,1852
1782334604.523032,1858
1782334604.5230331,1842
1782334604.523034,1843
1782334604.523034,1859
1782334604.5230348,1867
1782334604.5230348,1858
1782334604.523036,1835
1782334604.5243,1832
1782334604.5266528,1832
1782334604.526655,1836
1782334604.527922,1849
1782334604.527924,1870
1782334604.529204,1903
1782334604.531768,1876
1782334604.531774,1869
1782334604.533057,1860
1782334604.533064,1832
1782334604.534347,1791
1782334604.535629,1807
1782334604.5369139,1805
1782334604.53692,1826
1782334604.538205,1836
1782334604.5394921,1828
1782334604.5407748,1832
1782334604.542261,1853
1782334604.542263,1858
1782334604.552775,1850
1782334604.552778,1850
1782334604.552779,1839
1782334604.55278,1850
1782334604.55278,1855
1782334604.552781,1852
1782334604.552782,1836
1782334604.552782,1852
1782334604.552783,1839
1782334604.552784,1842
1782334604.55279,1852
1782334604.5540538,1875
1782334604.556384,1883
1782334604.556386,1882
1782334604.5576499,1853
1782334604.558932,1851
1782334604.558939,1848
1782334604.560224,1847
1782334604.561507,1855
1782334604.5627909,1833
1782334604.564086,1828
1782334604.5640929,1817
1782334604.565376,1825
1782334604.5666492,1768
1782334604.5679302,1779
1782334604.5679371,1822
1782334604.56922,1858
1782334604.570507,1902
1782334604.572056,1902
1782334604.572059,1845
1782334604.582602,1806
1782334604.582606,1832
1782334604.582607,1855
1782334604.582607,1863
1782334604.582608,1877
1782334604.582609,1875
1782334604.582609,1843
1782334604.58261,1823
1782334604.5826108,1839
1782334604.582612,1844
1782334604.5838752,1856
1782334604.583877,1833
1782334604.586161,1797
1782334604.586163,1815
1782334604.5874271,1834
1782334604.588711,1822
1782334604.5900018,1827
1782334604.590008,1863
1782334604.591296,1856
1782334604.5925848,1842
1782334604.5938702,1897
1782334604.593876,1914
1782334604.595158,1893
1782334604.596444,1860
1782334604.597717,1798
1782334604.5990012,1818
1782334604.599008,1811
1782334604.6002939,1803
1782334604.601579,1806
1782334604.602865,1830
1782334604.602871,1843
1782334604.604138,1847
1782334604.6142411,1868
1782334604.614244,1848
1782334604.6142452,1862
1782334604.614246,1856
1782334604.6142468,1853
1782334604.6142468,1851
1782334604.614248,1846
1782334604.614249,1856
1782334604.614249,1830
1782334604.61425,1814
1782334604.615524,1839
1782334604.6180391,1848
1782334604.618041,1862
1782334604.6180422,1846
1782334604.618043,1862
1782334604.619307,1873
1782334604.62059,1856
1782334604.621876,1852
1782334604.6218822,1854
1782334604.623165,1866
1782334604.6244538,1898
1782334604.62574,1871
1782334604.627028,1864
1782334604.6270342,1843
1782334604.628314,1846
1782334604.6296,1833
1782334604.630888,1798
1782334604.6308942,1798
1782334604.632179,1801
1782334604.633467,1829
1782334604.634733,1830
1782334604.6448169,1849
1782334604.64482,1839
1782334604.644821,1854
1782334604.6448221,1874
1782334604.6448221,1889
1782334604.644823,1878
1782334604.644824,1892
1782334604.644824,1885
1782334604.644825,1867
1782334604.6448262,1855
1782334604.6448262,1844
1782334604.646091,1850
1782334604.648622,1848
1782334604.648625,1844
1782334604.649892,1843
1782334604.649893,1825
1782334604.651173,1816
1782334604.652457,1826
1782334604.653749,1814
1782334604.6550348,1839
1782334604.655042,1819
1782334604.6563258,1842
1782334604.657611,1874
1782334604.6588979,1878
1782334604.658904,1865
1782334604.660188,1880
1782334604.661477,1842
1782334604.6627462,1828
1782334604.6640692,1799
1782334604.6640708,1796
1782334604.674674,1753
1782334604.674677,1814
1782334604.674678,1855
1782334604.674679,1867
1782334604.67468,1871
1782334604.67468,1878
1782334604.6746812,1852
1782334604.6746821,1807
1782334604.6746829,1817
1782334604.6746829,1838
1782334604.675951,1842
1782334604.675953,1841
1782334604.678411,1837
1782334604.678414,1844
1782334604.679682,1850
1782334604.680964,1864
1782334604.680971,1846
1782334604.682257,1853
1782334604.683545,1850
1782334604.68483,1827
1782334604.684837,1775
1782334604.6861172,1814
1782334604.6873999,1798
1782334604.688688,1810
1782334604.689975,1901
1782334604.689981,1900
1782334604.691265,1886
1782334604.6925519,1887
1782334604.6939101,1860
1782334604.693912,1835
1782334604.704499,1760
1782334604.704501,1814
1782334604.704502,1825
1782334604.704503,1825
1782334604.704504,1855
1782334604.704504,1847
1782334604.7045052,1862
1782334604.7045062,1856
1782334604.7045062,1864
1782334604.7045069,1862
1782334604.7057679,1864
1782334604.708214,1862
1782334604.708216,1855
1782334604.7082171,1858
1782334604.709495,1848
1782334604.710762,1846
1782334604.7120461,1854
1782334604.7120519,1845
1782334604.713336,1839
1782334604.714623,1828
1782334604.715911,1814
1782334604.715917,1807
1782334604.717203,1804
1782334604.7184908,1826
1782334604.719774,1837
1782334604.7210581,1852
1782334604.7210639,1871
1782334604.722348,1920
1782334604.723619,1896
1782334604.733595,1852
1782334604.733597,1831
1782334604.733598,1810
1782334604.733598,1782
1782334604.733599,1756
1782334604.7336,1787
1782334604.7336,1807
1782334604.733601,1814
1782334604.733602,1837
1782334604.733603,1824
1782334604.734865,1838
1782334604.734866,1820
1782334604.737325,1836
1782334604.737328,1839
1782334604.738613,1830
1782334604.739903,1830
1782334604.73991,1766
1782334604.741197,1689
1782334604.742486,1668
1782334604.7437692,1647
1782334604.7450528,1647
1782334604.745059,1707
1782334604.74634,1783
1782334604.7476292,1827
1782334604.748917,1885
1782334604.7489228,1950
1782334604.750207,2005
1782334604.7502131,2035
1782334604.751498,2042
1782334604.752782,2003
1782334604.754071,2203
1782334604.754077,2205
1782334604.755378,2124
1782334604.764718,2051
1782334604.764732,2005
1782334604.764734,1980
1782334604.764735,1675
1782334604.7647371,1627
1782334604.764738,1669
1782334604.76474,1748
1782334604.7647412,1793
1782334604.7647429,1813
1782334604.766111,2030
1782334604.766123,2039
1782334604.7674859,2006
1782334604.7711291,1974
1782334604.771144,1971
1782334604.771146,1950
1782334604.771147,1612
1782334604.77246,1599
1782334604.773948,1780
1782334604.7739542,1775
1782334604.775312,1818
1782334604.776594,1833
1782334604.777859,1884
1782334604.7778618,1899
1782334604.7792032,1603
1782334604.780511,1574
1782334604.7818408,1849
1782334604.78185,1986
1782334604.783221,1981
1782334604.784519,1948
1782334604.785889,1929
1782334604.785892,1926
1782334604.7960699,1666
1782334604.796078,1583
1782334604.7960792,1800
1782334604.7960792,1962
1782334604.79608,1958
1782334604.7960808,1916
1782334604.7960808,1940
1782334604.796082,1900
1782334604.796083,1666
1782334604.796083,1536
1782334604.7973518,1709
1782334604.800812,1934
1782334604.800815,1954
1782334604.800816,1887
1782334604.800817,1974
1782334604.802119,1947
1782334604.803392,1791
1782334604.8046541,1574
1782334604.8059678,1676
1782334604.805985,1988
1782334604.807275,2012
1782334604.808568,1918
1782334604.8098738,1979
1782334604.80988,1930
1782334604.811163,1811
1782334604.8122659,1521
1782334604.813538,1599
1782334604.815597,1947
1782334604.8156002,1982
1782334604.825662,1925
1782334604.825666,1973
1782334604.8256671,1921
1782334604.825668,1876
1782334604.825669,1550
1782334604.825669,1570
1782334604.82567,1895
1782334604.825671,1932
1782334604.825672,1947
1782334604.8256729,1970
1782334604.826936,1943
1782334604.8269382,1916
1782334604.83058,1573
1782334604.830582,1577
1782334604.830582,1918
1782334604.8317592,1973
1782334604.833051,1967
1782334604.833059,1952
1782334604.834347,1943
1782334604.835634,1898
1782334604.836919,1562
1782334604.836925,1507
1782334604.838209,1839
1782334604.839482,1979
1782334604.840767,1944
1782334604.842058,1923
1782334604.842064,1922
1782334604.843335,1855
1782334604.8446138,1613
1782334604.845898,1544
1782334604.8459039,1815
1782334604.8472881,1999
1782334604.857192,2015
1782334604.857195,1953
1782334604.857196,1976
1782334604.857197,1930
1782334604.857198,1692
1782334604.857198,1551
1782334604.8571992,1733
1782334604.8572001,1972
1782334604.8572009,1961
1782334604.8572009,1891
1782334604.858469,1947
1782334604.862022,1935
1782334604.862025,1767
1782334604.862026,1535
1782334604.862027,1696
1782334604.863293,1991
1782334604.864578,2019
1782334604.865865,1914
1782334604.8658712,1914
1782334604.867157,1894
1782334604.868442,1774
1782334604.869727,1496
1782334604.871011,1547
1782334604.871017,1927
1782334604.872282,1966
1782334604.873547,1880
1782334604.874828,1974
1782334604.8748338,1982
1782334604.8761191,1913
1782334604.877601,1557
1782334604.887703,1548
1782334604.887706,1915
1782334604.887707,1973
1782334604.887708,1933
1782334604.887708,1989
1782334604.887709,1965
1782334604.887709,1945
1782334604.8877099,1597
1782334604.887711,1599
1782334604.887711,1942
1782334604.887712,2002
1782334604.888979,1989
1782334604.888982,1932
1782334604.8900568,1935
1782334604.892895,1914
1782334604.892898,1561
1782334604.892899,1550
1782334604.8941598,1856
1782334604.8954391,1955
1782334604.896723,1997
1782334604.8980281,1973
1782334604.898038,1991
1782334604.899345,1950
1782334604.900629,1599
1782334604.901901,1510
1782334604.9019032,1788
1782334604.903179,1964
1782334604.904466,1983
1782334604.905751,1903
1782334604.90758,1923
1782334604.907582,1913
1782334604.917678,1645
1782334604.917682,1502
1782334604.917683,1711
1782334604.917684,1954
1782334604.917685,1963
1782334604.917686,1902
1782334604.917687,1967
1782334604.9176881,1942
1782334604.917689,1726
1782334604.917689,1507
1782334604.9189608,1662
1782334604.918963,1981
1782334604.9225202,2005
1782334604.9225228,1946
1782334604.922524,2004
1782334604.923785,1972
1782334604.923786,1837
1782334604.9250681,1558
1782334604.9263601,1630
1782334604.927629,2014
1782334604.9289112,2049
1782334604.928917,1950
1782334604.930203,2007
1782334604.931505,1942
1782334604.932794,1820
1782334604.9328132,1499
1782334604.934098,1533
1782334604.935376,1944
1782334604.9366431,1992
1782334604.9379241,1930
1782334604.937928,1956
1782334604.947767,1960
1782334604.947774,1911
1782334604.947775,1557
1782334604.947776,1551
1782334604.947777,1932
1782334604.947778,2031
1782334604.9477792,1988
1782334604.9477792,1990
1782334604.9477801,2003
1782334604.947789,1983
1782334604.9490628,1571
1782334604.9532511,1526
1782334604.95326,1848
1782334604.9532611,1964
1782334604.953262,1956
1782334604.954535,1916
1782334604.955821,1964
1782334604.955831,1944
1782334604.9571,1563
1782334604.9583611,1477
1782334604.959646,1816
1782334604.9609149,2019
1782334604.960917,2026
1782334604.962194,1972
1782334604.963478,2040
1782334604.964782,2022
1782334604.964803,1701
1782334604.96607,1539
1782334604.9673522,1722
1782334604.968622,1919
1782334604.9784892,1942
1782334604.978494,1892
1782334604.978495,1938
1782334604.978495,1906
1782334604.978496,1692
1782334604.978497,1484
1782334604.978498,1679
1782334604.9784992,2015
1782334604.9784992,2020
1782334604.9785001,1915
1782334604.9797702,1967
1782334604.983506,1941
1782334604.983509,1799
1782334604.98351,1496
1782334604.983511,1597
1782334604.9847791,2009
1782334604.986055,2014
1782334604.986057,1869
1782334604.9871202,1885
1782334604.988405,1871
1782334604.9896939,1812
1782334604.9909692,1479
1782334604.9909718,1532
1782334604.9922502,2005
1782334604.993536,2079
1782334604.9948218,2007
1782334604.994828,1977
1782334604.9961119,1952
1782334604.997397,1886
1782334604.998666,1528
1782334605.000261,1542
1782334605.000263,1988
1782334605.010315,2063
1782334605.010319,2041
1782334605.01032,1912
1782334605.01032,1909
1782334605.010321,1899
1782334605.0103219,1545
1782334605.010323,1501
1782334605.010324,1919
1782334605.010324,2059
1782334605.010325,2052
1782334605.0115871,1902
1782334605.0151098,1919
1782334605.015112,1902
1782334605.015112,1595
1782334605.0151129,1515
1782334605.015114,1893
1782334605.016384,2068
1782334605.017673,2060
1782334605.018943,1907
1782334605.018945,1884
1782334605.020237,1855
1782334605.0215318,1558
1782334605.022804,1449
1782334605.0228071,1772
1782334605.02409,2056
1782334605.0253792,2045
1782334605.026668,1899
1782334605.027956,1935
1782334605.027963,1899
1782334605.030184,1709
1782334605.030186,1482
1782334605.040257,1691
1782334605.040261,2052
1782334605.040262,2070
1782334605.040263,1915
1782334605.040264,1927
1782334605.0402648,1896
1782334605.040266,1769
1782334605.040266,1500
1782334605.040267,1608
1782334605.040268,2082
1782334605.041536,2094
1782334605.0452878,1956
1782334605.045291,1952
1782334605.0452921,1919
1782334605.045293,1839
1782334605.046526,1492
1782334605.0478232,1534
1782334605.04785,2061
1782334605.04913,2131
1782334605.0504131,2015
1782334605.051714,1956
1782334605.052999,1897
1782334605.053005,1852
1782334605.0542872,1502
1782334605.055558,1517
1782334605.056736,1999
1782334605.058058,2091
1782334605.058065,2059
1782334605.059716,1924
1782334605.069841,1900
1782334605.069844,1891
1782334605.069845,1524
1782334605.069846,1527
1782334605.069847,1982
1782334605.069848,2084
1782334605.069849,2058
1782334605.069849,1889
1782334605.0698502,1858
1782334605.069851,1831
1782334605.0698519,1487
1782334605.071119,1469
1782334605.074645,1876
1782334605.074647,2077
1782334605.0746481,2095
1782334605.075915,1898
1782334605.075917,1885
1782334605.0771751,1882
1782334605.078453,1586
1782334605.079725,1495
1782334605.081014,1844
1782334605.0810199,2112
1782334605.0823,2082
1782334605.0835981,1903
1782334605.084882,1909
1782334605.084888,1886
1782334605.086169,1658
1782334605.087436,1474
1782334605.089437,1709
1782334605.089439,2053
1782334605.0993202,2077
1782334605.099324,1925
1782334605.099325,1903
1782334605.099326,1869
1782334605.099327,1748
1782334605.099327,1476
1782334605.099328,1580
1782334605.099329,2034
1782334605.09933,2070
1782334605.09933,1898
1782334605.100598,1894
1782334605.104171,1890
1782334605.104173,1802
1782334605.1041741,1461
1782334605.104175,1523
1782334605.10544,2052
1782334605.106719,2095
1782334605.108007,1972
1782334605.108014,1919
1782334605.1092968,1886
1782334605.1105652,1852
1782334605.111843,1476
1782334605.111849,1500
1782334605.1131158,2018
1782334605.1143942,2079
1782334605.1156821,2043
1782334605.116968,1918
1782334605.116975,1878
1782334605.118256,1868
1782334605.119594,1482
