1782334637.209379,1691
1782334637.21066,1828
1782334637.21194,1807
1782334637.211946,1842
1782334637.213224,1815
1782334637.21491,1888
1782334637.214915,1882
1782334637.219212,1800
1782334637.2192168,1775
1782334637.219219,1853
1782334637.21922,1931
1782334637.2204878,1858
1782334637.221756,1839
1782334637.22176,1878
1782334637.223026,1837
1782334637.224305,1823
1782334637.225588,1787
1782334637.226869,1848
1782334637.226876,1993
1782334637.2281542,2012
1782334637.2294369,1903
1782334637.230718,1926
1782334637.230726,1919
1782334637.23328,1821
1782334637.2332869,1741
1782334637.234564,1815
1782334637.235838,1870
1782334637.235842,1839
1782334637.23712,1786
1782334637.2384021,1842
1782334637.239687,1829
1782334637.2396932,1836
1782334637.2409642,1737
1782334637.242243,1826
1782334637.243524,1940
1782334637.2448058,1878
1782334637.244812,1927
1782334637.246089,1934
1782334637.247541,1890
1782334637.2518232,1792
1782334637.251827,1743
1782334637.251828,1827
1782334637.251829,1966
1782334637.25183,1879
1782334637.2530959,1767
1782334637.2543821,1778
1782334637.255671,1847
1782334637.256958,1878
1782334637.2569642,1746
1782334637.2582421,1830
1782334637.2595232,1958
1782334637.2607958,1935
1782334637.260813,1885
1782334637.2621062,1828
1782334637.263388,1812
1782334637.2646809,1825
1782334637.264698,1656
1782334637.265982,1711
1782334637.267263,1887
1782334637.268545,1890
1782334637.269835,1829
1782334637.2698398,1816
1782334637.2711098,1858
1782334637.2723808,1896
1782334637.2736619,1839
1782334637.27498,1794
1782334637.274986,1843
1782334637.276265,1877
1782334637.27784,1839
1782334637.2779891,1816
1782334637.282548,1877
1782334637.282552,1877
1782334637.2825532,1785
1782334637.2825541,1769
1782334637.2825549,1870
1782334637.283821,1926
1782334637.283825,1871
1782334637.28509,1768
1782334637.286358,1828
1782334637.287627,1805
1782334637.288906,1848
1782334637.2889118,1792
1782334637.290189,1849
1782334637.291471,1974
1782334637.292751,1886
1782334637.292756,1823
1782334637.2940228,1785
1782334637.295299,1820
1782334637.2965791,1814
1782334637.297859,1772
1782334637.297865,1814
1782334637.299142,1935
1782334637.3004212,1893
1782334637.301693,1931
1782334637.301697,1911
1782334637.3029618,1886
1782334637.304229,1795
1782334637.305506,1668
1782334637.31087,1756
1782334637.3108768,1895
1782334637.310878,1890
1782334637.31088,1862
1782334637.3108811,1862
1782334637.310882,1845
1782334637.3121548,1875
1782334637.313439,1773
1782334637.3147142,1833
1782334637.3147168,1990
1782334637.315995,1947
1782334637.317277,1890
1782334637.31856,1853
1782334637.319833,1791
1782334637.319838,1826
1782334637.321111,1723
1782334637.322166,1781
1782334637.323432,1888
1782334637.324718,1818
1782334637.324725,1828
1782334637.3260028,1846
1782334637.3272839,1830
1782334637.328578,1839
1782334637.3298602,1811
1782334637.329866,1829
1782334637.3310359,1922
1782334637.3323169,1944
1782334637.333598,1829
1782334637.334678,1741
1782334637.3346848,1830
1782334637.335951,1863
1782334637.337554,1805
1782334637.341983,1747
1782334637.3419871,1811
1782334637.341988,1903
1782334637.341989,1865
1782334637.34199,1823
1782334637.343254,1882
1782334637.344523,1871
1782334637.345802,1814
1782334637.3458078,1740
1782334637.34708,1829
1782334637.348353,1966
1782334637.349625,1884
1782334637.3508961,1831
1782334637.3509,1856
1782334637.3521879,1816
1782334637.3534698,1790
1782334637.3547468,1742
1782334637.354752,1823
1782334637.356024,1951
1782334637.3572962,1890
1782334637.3585658,1867
1782334637.359835,1847
1782334637.35984,1846
1782334637.361105,1859
1782334637.362371,1805
1782334637.36364,1870
1782334637.3649092,1976
1782334637.364913,1912
1782334637.366189,1909
1782334637.371464,1895
1782334637.37147,1874
1782334637.3714712,1847
1782334637.371472,1816
1782334637.3714728,1849
1782334637.3727648,1994
1782334637.37277,1948
1782334637.374039,1903
1782334637.375322,1857
1782334637.376607,1797
1782334637.3778791,1713
1782334637.377882,1589
1782334637.379159,1625
1782334637.3804421,1827
1782334637.381726,1850
1782334637.381732,1750
1782334637.383011,1775
1782334637.384295,1821
1782334637.38558,1796
1782334637.3868642,1775
1782334637.38687,1807
1782334637.388149,1919
1782334637.389431,1943
1782334637.390715,1940
1782334637.390721,1895
1782334637.392001,1908
1782334637.393284,1865
1782334637.3945558,1806
1782334637.3958242,1722
1782334637.395827,1773
1782334637.397095,1903
1782334637.3983748,1861
1782334637.3997178,1784
1782334637.399722,1846
1782334637.4042199,1885
1782334637.404224,1863
1782334637.404225,1788
1782334637.404226,1775
1782334637.4054909,1884
1782334637.406759,1853
1782334637.406762,1806
1782334637.408038,1915
1782334637.409319,1922
1782334637.410601,1866
1782334637.411883,1834
1782334637.41189,1893
1782334637.4131682,1940
1782334637.414451,1887
1782334637.414457,1882
1782334637.415744,1843
1782334637.4157498,1807
1782334637.4170291,1790
1782334637.4183109,1717
1782334637.419581,1760
1782334637.4208598,1915
1782334637.420866,1967
1782334637.4221451,1923
1782334637.423427,1972
1782334637.424711,1935
1782334637.424717,1871
1782334637.425994,1726
1782334637.427277,1775
1782334637.428554,1919
1782334637.430239,1882
1782334637.430243,1853
1782334637.434687,1838
1782334637.4346912,1858
1782334637.4346921,1855
1782334637.434693,1699
1782334637.4346938,1742
1782334637.435959,1896
1782334637.437236,1886
1782334637.438519,1906
1782334637.439789,1896
1782334637.4397922,1907
1782334637.4410582,1903
1782334637.442337,1846
1782334637.443619,1848
1782334637.4449,1879
1782334637.444907,1828
1782334637.4461849,1752
1782334637.447467,1761
1782334637.44875,1823
1782334637.448756,1826
1782334637.450036,1775
1782334637.451318,1756
1782334637.4525912,1803
1782334637.453859,1862
1782334637.453862,1846
1782334637.455138,1786
1782334637.456424,1808
1782334637.4577081,1749
1782334637.4577138,1767
1782334637.458994,1758
1782334637.463983,1803
1782334637.463988,1943
1782334637.463989,1903
1782334637.463991,1861
1782334637.463992,1894
1782334637.465269,1858
1782334637.466547,1813
1782334637.46783,1782
1782334637.467835,1849
1782334637.469119,1962
1782334637.470389,2024
1782334637.471686,1954
1782334637.471704,1914
1782334637.472988,1920
1782334637.474273,1884
1782334637.475543,1675
1782334637.47684,1661
1782334637.47685,1821
1782334637.478119,1818
1782334637.4794,1839
1782334637.480691,1866
1782334637.4807081,1869
1782334637.4819899,1850
1782334637.483271,1762
1782334637.484554,1814
1782334637.485827,1978
1782334637.485831,1934
1782334637.487107,1879
1782334637.488388,1881
1782334637.4897332,1932
1782334637.489737,1907
1782334637.494326,1764
1782334637.494331,1836
1782334637.494333,1916
1782334637.494334,1901
1782334637.495635,1870
1782334637.496918,1870
1782334637.4969249,1855
1782334637.4981928,1838
1782334637.499459,1746
1782334637.5007381,1767
1782334637.5007439,1877
1782334637.502039,1864
1782334637.503329,1854
1782334637.5046132,1837
1782334637.505897,1845
1782334637.5059042,1834
1782334637.507173,1787
1782334637.508451,1783
1782334637.5097432,1890
1782334637.5097501,1932
1782334637.5110269,1871
1782334637.512306,1862
1782334637.513589,1917
1782334637.5148711,1897
1782334637.514878,1837
1782334637.516157,1763
1782334637.517439,1820
1782334637.522947,1893
1782334637.522953,1871
1782334637.522955,1838
1782334637.5229561,1873
1782334637.522957,1842
1782334637.522959,1797
1782334637.52423,1748
1782334637.525509,1790
1782334637.526793,1894
1782334637.5267992,1854
1782334637.528069,1843
1782334637.5293472,1860
1782334637.5306292,1858
1782334637.53191,1821
1782334637.5319161,1698
1782334637.533194,1775
1782334637.534476,1896
1782334637.5357592,1855
1782334637.535764,1832
1782334637.537032,1855
1782334637.538311,1823
1782334637.539592,1834
1782334637.540873,1716
1782334637.540879,1837
1782334637.5408819,1942
1782334637.542162,1902
1782334637.543445,1879
1782334637.544728,1861
1782334637.544735,1894
1782334637.5460029,1903
1782334637.5472808,1751
1782334637.5485618,1801
1782334637.5498471,1850
1782334637.5498528,1817
1782334637.5511308,1823
1782334637.556129,1818
1782334637.556135,1777
1782334637.556136,1811
1782334637.556138,1764
1782334637.556139,1789
1782334637.55742,1940
1782334637.558701,2007
1782334637.558708,1950
1782334637.560002,1939
1782334637.5612779,1932
1782334637.562558,1916
1782334637.563841,1799
1782334637.5638468,1757
1782334637.565124,1846
1782334637.566405,1903
1782334637.567692,1855
1782334637.567708,1791
1782334637.568993,1833
1782334637.5702689,1803
1782334637.5728269,1770
1782334637.572833,1753
1782334637.5728362,1829
1782334637.5741131,1919
1782334637.575393,1875
1782334637.576683,1887
1782334637.576694,1901
1782334637.577962,1846
1782334637.5792289,1837
1782334637.580514,1789
1782334637.5818,1839
1782334637.5818062,1918
1782334637.586348,1862
1782334637.586352,1846
1782334637.586354,1866
1782334637.586355,1832
1782334637.5876212,1823
1782334637.588684,1715
1782334637.5886872,1760
1782334637.589951,1807
1782334637.591228,1807
1782334637.59251,1819
1782334637.5938072,1862
1782334637.593816,1853
1782334637.595097,1862
1782334637.596381,1786
1782334637.597662,1827
1782334637.59895,1930
1782334637.598956,1903
1782334637.600233,1867
1782334637.601513,1839
1782334637.602784,1874
1782334637.6027882,1886
1782334637.604063,1738
1782334637.6053472,1779
1782334637.6066282,1938
1782334637.6079092,1911
1782334637.607915,1888
1782334637.609192,1845
1782334637.610482,1862
1782334637.6120389,1834
1782334637.612043,1719
1782334637.6167412,1733
1782334637.616745,1863
1782334637.616747,1889
1782334637.616748,1889
1782334637.61675,1909
1782334637.618001,1919
1782334637.6192708,1900
1782334637.620333,1819
1782334637.621598,1793
1782334637.622704,1881
1782334637.622711,1908
1782334637.62399,1882
1782334637.625271,1834
1782334637.626339,1855
1782334637.627611,1781
1782334637.628745,1718
1782334637.628751,1715
1782334637.630029,1822
1782334637.631312,1973
1782334637.632595,1964
1782334637.633877,1889
1782334637.633884,1906
1782334637.6351628,1867
1782334637.636445,1807
1782334637.637728,1722
1782334637.637735,1764
1782334637.6388428,1903
1782334637.640129,1863
1782334637.645215,1834
1782334637.645219,1894
1782334637.64522,1880
1782334637.6452212,1855
1782334637.645222,1797
1782334637.64654,1828
1782334637.647808,1964
1782334637.6478112,1953
1782334637.64909,1890
1782334637.650372,1903
1782334637.6516428,1832
1782334637.652919,1740
1782334637.652925,1692
1782334637.6541922,1807
1782334637.6554592,1915
1782334637.656736,1857
1782334637.6567419,1839
1782334637.65802,1775
1782334637.6593,1789
1782334637.660581,1767
1782334637.661862,1684
1782334637.661868,1789
1782334637.663147,1971
1782334637.6644301,1928
1782334637.665714,1885
1782334637.66572,1892
1782334637.666998,1900
1782334637.668279,1906
1782334637.669559,1805
1782334637.67083,1778
1782334637.6708329,1868
1782334637.670835,1863
1782334637.672251,1861
1782334637.676987,1850
1782334637.676991,1876
1782334637.676992,1870
1782334637.6769931,1788
1782334637.676994,1826
1782334637.678259,1958
1782334637.679538,2007
1782334637.680821,1922
1782334637.680827,1871
1782334637.682107,1888
1782334637.6833868,1837
1782334637.68467,1810
1782334637.685964,1753
1782334637.6859672,1846
1782334637.687241,1944
1782334637.688513,1885
1782334637.68979,1807
1782334637.6897962,1811
1782334637.691073,1843
1782334637.692354,1756
1782334637.6936572,1547
1782334637.694958,1564
1782334637.694965,1773
1782334637.6962419,1827
1782334637.697525,1861
1782334637.698806,1894
1782334637.698812,1879
1782334637.7000902,1880
1782334637.701382,1771
1782334637.702657,1813
1782334637.708239,1922
1782334637.708243,1903
1782334637.708244,1935
1782334637.708246,1991
1782334637.708247,1954
1782334637.7082481,1896
1782334637.7095208,1765
1782334637.710696,1807
1782334637.7107,1907
1782334637.7119648,1939
1782334637.713231,1966
1782334637.71451,1903
1782334637.715792,1838
1782334637.715798,1820
1782334637.717076,1747
1782334637.7183628,1791
1782334637.719647,1940
1782334637.720918,1943
1782334637.720921,1879
1782334637.722188,1879
1782334637.723465,1915
1782334637.724746,1836
1782334637.724752,1738
1782334637.7260292,1765
1782334637.727329,1879
1782334637.728605,1855
1782334637.729888,1838
1782334637.7298949,1830
1782334637.7311769,1817
1782334637.732461,1801
1782334637.734184,1686
1782334637.734189,1723
1782334637.738994,1836
1782334637.7389991,1845
1782334637.739,1851
1782334637.739001,1817
1782334637.739003,1846
1782334637.74144,1836
1782334637.74146,1824
1782334637.7427351,1774
1782334637.742738,1827
1782334637.7439842,1939
1782334637.745253,1902
1782334637.7465332,1831
1782334637.747817,1886
1782334637.7478242,1831
1782334637.749105,1802
1782334637.750386,1722
1782334637.75168,1784
1782334637.75169,1897
1782334637.7529569,1906
1782334637.7542348,1879
1782334637.755518,1883
1782334637.7568011,1862
1782334637.756808,1882
1782334637.758086,1870
1782334637.759368,1913
1782334637.76067,1976
1782334637.7617779,1907
1782334637.761785,1879
1782334637.763055,1899
1782334637.767672,1885
1782334637.7676759,1862
1782334637.7676768,1743
1782334637.767678,1780
1782334637.76768,1912
1782334637.76895,1846
1782334637.770217,1807
1782334637.7714932,1791
1782334637.772774,1788
1782334637.77278,1754
1782334637.7740579,1655
1782334637.775338,1742
1782334637.7766342,1912
1782334637.777919,1931
1782334637.777926,1931
1782334637.779207,1918
1782334637.780477,1915
1782334637.781755,1871
1782334637.7817621,1711
1782334637.783042,1763
1782334637.7843258,1871
1782334637.785609,1898
1782334637.78688,1875
1782334637.786883,1860
1782334637.78816,1884
1782334637.789432,1874
1782334637.790711,1793
1782334637.7907178,1815
1782334637.7919931,1909
1782334637.797467,1919
1782334637.797471,1878
1782334637.797472,1874
1782334637.797473,1880
1782334637.7974741,1838
1782334637.798741,1779
1782334637.7987452,1754
1782334637.800014,1863
1782334637.800019,1951
1782334637.801298,1879
1782334637.8025699,1833
1782334637.8038359,1864
1782334637.803839,1855
1782334637.805116,1807
1782334637.806398,1736
1782334637.807692,1826
1782334637.8077068,1949
1782334637.808993,1924
1782334637.8102741,1914
1782334637.811557,1929
1782334637.8128388,1862
1782334637.8128462,1848
1782334637.814124,1768
1782334637.815406,1803
1782334637.81669,1870
1782334637.8166962,1839
1782334637.817975,1822
1782334637.819247,1819
1782334637.8205252,1800
1782334637.8218071,1796
1782334637.821813,1716
1782334637.827343,1773
1782334637.827348,1893
1782334637.82735,1888
1782334637.827351,1877
1782334637.827352,1863
1782334637.828672,1851
1782334637.829958,1819
1782334637.829965,1731
1782334637.8312461,1736
1782334637.83253,1816
1782334637.833817,1779
1782334637.833823,1800
1782334637.835104,1834
1782334637.836375,1837
1782334637.837654,1846
1782334637.838973,1794
1782334637.8389819,1849
1782334637.8402638,1951
1782334637.841548,1928
1782334637.8428311,1901
1782334637.842838,1884
1782334637.844105,1867
1782334637.84537,1819
1782334637.846647,1791
1782334637.847928,1788
1782334637.847934,1911
1782334637.849212,1951
1782334637.850493,1946
1782334637.851773,1882
1782334637.851779,1869
1782334637.853058,1817
1782334637.85434,1817
1782334637.85985,1789
1782334637.859853,1775
1782334637.8598552,1889
1782334637.859856,1869
1782334637.8598568,1752
1782334637.859858,1803
1782334637.8611379,1847
1782334637.862407,1842
1782334637.8636868,1774
1782334637.863693,1811
1782334637.864971,1887
1782334637.8662531,1880
1782334637.8675342,1823
1782334637.8688152,1823
1782334637.868821,1828
1782334637.8700979,1857
1782334637.8713799,1802
1782334637.872662,1844
1782334637.87268,1925
1782334637.873964,1899
1782334637.875245,1880
1782334637.8765252,1865
1782334637.8777962,1871
1782334637.8778,1848
1782334637.879065,1727
1782334637.880341,1785
1782334637.881623,1927
1782334637.882905,1884
1782334637.882911,1852
1782334637.8841898,1861
1782334637.8898501,1802
1782334637.889853,1804
1782334637.889855,1710
1782334637.889856,1770
1782334637.889857,1864
1782334637.889858,1871
1782334637.891138,1871
1782334637.892406,1878
1782334637.893686,1788
1782334637.893693,1782
1782334637.8949718,1751
1782334637.896254,1871
1782334637.897523,1998
1782334637.8988001,1963
1782334637.898806,1935
1782334637.900084,1868
1782334637.9013681,1868
1782334637.9026392,1870
1782334637.903905,1787
1782334637.903908,1811
1782334637.905183,1893
1782334637.906465,1925
1782334637.907747,1929
1782334637.907754,1871
1782334637.9090319,1886
1782334637.910313,1876
1782334637.911594,1825
1782334637.912865,1790
1782334637.912868,1842
1782334637.914144,1922
1782334637.9155781,1903
1782334637.920614,1858
1782334637.9206169,1886
1782334637.920619,1842
1782334637.92062,1772
1782334637.9206212,1742
1782334637.9218938,1771
1782334637.921899,1874
1782334637.923166,1903
1782334637.924445,1822
1782334637.925728,1837
1782334637.9257338,1819
1782334637.9270148,1848
1782334637.928298,1812
1782334637.9283059,1817
1782334637.929585,1855
1782334637.930867,1804
1782334637.9308732,1807
1782334637.932152,1831
1782334637.933433,1826
1782334637.9347148,1871
1782334637.934722,1787
1782334637.93599,1820
1782334637.937268,1917
1782334637.938549,1877
1782334637.939832,1860
1782334637.939838,1846
1782334637.9411159,1816
1782334637.9423978,1810
1782334637.94368,1740
1782334637.9436858,1752
1782334637.9449642,1883
1782334637.946235,1862
1782334637.947503,1828
1782334637.952307,1794
1782334637.952311,1857
1782334637.952312,1900
1782334637.9523141,1846
1782334637.9523149,1890
1782334637.9535942,1951
1782334637.954877,1900
1782334637.954884,1794
1782334637.9561632,1791
1782334637.957432,1817
1782334637.95871,1795
1782334637.958716,1774
1782334637.9599931,1779
1782334637.9612749,1868
1782334637.9625468,1919
1782334637.963824,1894
1782334637.963831,1866
1782334637.965109,1889
1782334637.966388,1891
1782334637.967674,1877
1782334637.967689,1868
1782334637.968982,1916
1782334637.970253,1920
1782334637.971529,1893
1782334637.972808,1804
1782334637.972814,1842
1782334637.974092,1930
1782334637.9753711,1949
1782334637.976864,1828
1782334637.976869,1862
1782334637.982023,1951
1782334637.982028,1835
1782334637.982029,1759
1782334637.982031,1778
1782334637.9820318,1814
1782334637.9833128,1788
1782334637.984597,1716
1782334637.985882,1723
1782334637.985889,1866
1782334637.987158,1866
1782334637.9884381,1862
1782334637.989722,1882
1782334637.989728,1834
1782334637.991007,1824
1782334637.992291,1747
1782334637.993572,1789
1782334637.994855,1934
1782334637.994862,1890
1782334637.99614,1911
1782334637.9974232,1925
1782334637.9987059,1942
1782334637.998713,1934
1782334637.9999921,1814
1782334638.001274,1797
1782334638.002557,1881
1782334638.003829,1883
1782334638.003832,1887
1782334638.0051079,1785
1782334638.006391,1779
1782334638.012707,1810
1782334638.0127108,1716
1782334638.012712,1749
1782334638.012714,1911
1782334638.012715,1863
1782334638.012716,1858
1782334638.012717,1850
1782334638.0139918,1787
1782334638.015276,1831
1782334638.0165582,1804
1782334638.0178401,1868
1782334638.017846,1949
1782334638.019126,1948
1782334638.020407,1842
1782334638.0216892,1770
1782334638.021695,1814
1782334638.022963,1838
1782334638.024241,1844
1782334638.0255208,1809
1782334638.026803,1845
1782334638.026809,1924
1782334638.028078,1897
1782334638.029354,1812
1782334638.030634,1853
1782334638.0319161,1859
1782334638.0319219,1826
1782334638.0332,1754
1782334638.0344808,1804
1782334638.0357618,1899
1782334638.035768,1869
1782334638.037044,1871
1782334638.0428958,1898
1782334638.042902,1842
1782334638.0429041,1775
1782334638.042905,1688
1782334638.042906,1786
1782334638.0429068,1900
1782334638.04418,1885
1782334638.045446,1855
1782334638.046725,1901
1782334638.046732,1871
1782334638.048011,1831
1782334638.049294,1751
1782334638.050577,1891
1782334638.051859,1989
1782334638.051866,1899
1782334638.053144,1878
1782334638.0544262,1860
1782334638.055708,1865
1782334638.0557141,1866
1782334638.056994,1778
1782334638.057,1811
1782334638.0582788,1910
1782334638.059562,1859
1782334638.0608451,1807
1782334638.0608509,1743
1782334638.062119,1780
1782334638.063398,1827
1782334638.064682,1723
1782334638.0646882,1736
1782334638.0659661,1856
1782334638.071821,1901
1782334638.071827,1903
1782334638.071828,1862
1782334638.07183,1886
1782334638.071831,1878
1782334638.0718322,1806
1782334638.0731,1805
1782334638.074379,1930
1782334638.075663,1902
1782334638.076948,1862
1782334638.0769548,1837
1782334638.078222,1854
1782334638.0807738,1842
1782334638.080781,1780
1782334638.0807831,1747
1782334638.0820632,1817
1782334638.083346,1903
1782334638.0846279,1866
1782334638.085908,1828
1782334638.0859149,1934
1782334638.087182,1935
1782334638.08846,1899
1782334638.089741,1831
1782334638.089747,1855
1782334638.0910249,1924
1782334638.092305,1868
1782334638.093586,1815
1782334638.094867,1743
1782334638.0948741,1821
1782334638.096151,1827
1782334638.097436,1814
1782334638.098729,1839
1782334638.098739,1929
1782334638.1043332,1934
1782334638.104337,1894
1782334638.104339,1868
1782334638.10434,1862
1782334638.104341,1880
1782334638.105667,1786
1782334638.106952,1780
1782334638.106959,1950
1782334638.108237,1871
1782334638.109507,1807
1782334638.110772,1723
1782334638.110775,1794
1782334638.1120498,1823
1782334638.113332,1759
1782334638.1146119,1836
1782334638.115894,1903
1782334638.1158998,1864
1782334638.117179,1876
1782334638.118461,1850
1782334638.119742,1884
1782334638.119748,1862
1782334638.121026,1781
1782334638.122307,1809
1782334638.123588,1890
1782334638.1248698,1831
1782334638.124876,1831
1782334638.126153,1815
1782334638.127434,1826
1782334638.1288068,1860
1782334638.1288111,1802
1782334638.134186,1816
1782334638.1341922,1903
1782334638.134193,1935
1782334638.1341949,1948
1782334638.134196,1839
1782334638.135464,1839
1782334638.136745,1789
1782334638.1367521,1756
1782334638.13803,1771
1782334638.139312,1854
1782334638.140595,1894
1782334638.141879,1876
1782334638.141885,1909
1782334638.143163,1942
1782334638.144445,1914
1782334638.145726,1897
1782334638.145733,1807
1782334638.14701,1839
1782334638.148291,1911
1782334638.149573,1909
1782334638.1508548,1853
1782334638.150861,1827
1782334638.152144,1804
1782334638.153427,1721
1782334638.15471,1624
1782334638.154717,1726
1782334638.155995,1907
1782334638.1572769,1897
1782334638.158559,1938
1782334638.164738,1935
1782334638.164744,1852
1782334638.164746,1793
1782334638.164747,1683
1782334638.164748,1654
1782334638.1647491,1829
1782334638.16475,1846
1782334638.166065,1817
1782334638.1673448,1885
1782334638.168628,1865
1782334638.1699111,1878
1782334638.169918,1832
1782334638.171197,1861
1782334638.172478,1930
1782334638.1737611,1921
1782334638.1737669,1870
1782334638.175046,1856
1782334638.176328,1839
1782334638.177609,1852
1782334638.17888,1743
1782334638.178883,1817
1782334638.180159,1951
1782334638.18144,1963
1782334638.182722,1912
1782334638.182728,1878
1782334638.183996,1862
1782334638.183999,1870
1782334638.1852748,1811
1782334638.186545,1860
1782334638.187822,1990
1782334638.187828,2030
1782334638.18946,1931
1782334638.194705,1863
1782334638.1947079,1826
1782334638.19471,1775
1782334638.194711,1742
1782334638.1947122,1720
1782334638.194713,1780
1782334638.195991,1869
1782334638.197271,1834
1782334638.198554,1758
1782334638.199836,1805
1782334638.199842,1762
1782334638.201121,1775
1782334638.202401,1771
1782334638.203674,1791
1782334638.203677,1927
1782334638.204952,1950
1782334638.206233,1893
1782334638.2075148,1899
1782334638.208797,1887
1782334638.2088032,1843
1782334638.21008,1736
1782334638.211361,1778
1782334638.2126431,1903
1782334638.213923,1822
1782334638.213929,1803
1782334638.2152069,1830
1782334638.216488,1864
1782334638.217768,1845
1782334638.217775,1757
1782334638.219052,1844
1782334638.225259,1997
1782334638.225263,1939
1782334638.225264,1886
1782334638.225266,1855
1782334638.225267,1817
1782334638.225268,1879
1782334638.226548,1796
1782334638.2278259,1814
1782334638.227832,1927
1782334638.229109,1892
1782334638.230391,1845
1782334638.2316768,1794
1782334638.231693,1749
1782334638.232992,1775
1782334638.234278,1727
1782334638.235561,1775
1782334638.236832,1849
1782334638.2368362,1839
1782334638.238113,1830
1782334638.2393951,1839
1782334638.240679,1861
1782334638.240685,1847
1782334638.241963,1772
1782334638.243244,1786
1782334638.2445261,1890
1782334638.2458072,1908
1782334638.245814,1890
1782334638.247091,1836
1782334638.249648,1865
1782334638.249654,1876
1782334638.250955,1845
1782334638.2509592,1854
1782334638.256402,1861
1782334638.256406,1939
1782334638.256407,1894
1782334638.256408,1857
1782334638.2564092,1871
1782334638.257674,1896
1782334638.257677,1876
1782334638.2589529,1765
1782334638.2602339,1788
1782334638.261515,1903
1782334638.262797,1837
1782334638.2628028,1773
1782334638.264082,1898
1782334638.265363,1868
1782334638.266647,1859
1782334638.2679281,1783
1782334638.2679338,1842
1782334638.269212,1953
1782334638.270483,1886
1782334638.27176,1830
1782334638.271766,1831
1782334638.2730439,1791
1782334638.274324,1789
1782334638.275605,1779
1782334638.276887,1812
1782334638.276893,1915
1782334638.27817,1917
1782334638.279451,1868
1782334638.280947,1883
1782334638.280952,1879
1782334638.286546,1870
1782334638.28655,1826
1782334638.286551,1784
1782334638.286552,1871
1782334638.286554,1860
1782334638.287821,1852
1782334638.2878249,1799
1782334638.289102,1834
1782334638.290385,1857
1782334638.291671,1768
1782334638.291688,1794
1782334638.2929878,1820
1782334638.294276,1877
1782334638.2955499,1886
1782334638.2968278,1871
1782334638.296834,1850
1782334638.298113,1887
1782334638.2993941,1810
1782334638.3007019,1830
1782334638.3007119,1900
1782334638.301991,1906
1782334638.303272,1871
1782334638.304543,1815
1782334638.305821,1824
1782334638.3058271,1810
1782334638.307106,1803
1782334638.308387,1826
1782334638.3096828,1916
1782334638.309698,1945
1782334638.31115,1894
1782334638.3166132,1823
1782334638.3166158,1895
1782334638.316617,1867
1782334638.316618,1803
1782334638.316619,1722
1782334638.31662,1752
1782334638.3179038,1855
1782334638.317909,1835
1782334638.31919,1773
1782334638.320462,1839
1782334638.321742,1783
1782334638.321749,1790
1782334638.32303,1759
1782334638.3243132,1846
1782334638.3255968,1963
1782334638.326881,1912
1782334638.326887,1919
1782334638.328167,1951
1782334638.329449,1866
1782334638.330732,1779
1782334638.330739,1719
1782334638.332018,1816
1782334638.333301,1942
1782334638.334584,1941
1782334638.3358662,1921
1782334638.3358731,1889
1782334638.337141,1882
1782334638.338419,1870
1782334638.3397021,1781
1782334638.339709,1814
1782334638.340987,1966
1782334638.3470259,1886
1782334638.34703,1855
1782334638.347031,1832
1782334638.347032,1826
1782334638.347033,1833
1782334638.3470342,1757
1782334638.348307,1774
1782334638.349586,1894
1782334638.350869,1862
1782334638.350875,1831
1782334638.352155,1821
1782334638.3534248,1893
1782334638.354704,1839
1782334638.35471,1788
1782334638.355989,1819
1782334638.357273,1921
1782334638.3585558,1901
1782334638.359838,1839
1782334638.3598452,1832
1782334638.361123,1848
1782334638.3624058,1846
1782334638.363678,1765
1782334638.363681,1760
1782334638.3649569,1828
1782334638.366239,1908
1782334638.367522,1885
1782334638.3688052,1832
1782334638.368811,1858
1782334638.37009,1868
1782334638.371372,1910
1782334638.377522,1811
1782334638.377525,1786
1782334638.377527,1926
1782334638.377528,1917
1782334638.3775291,1836
1782334638.37753,1871
1782334638.3788102,1830
1782334638.378814,1766
1782334638.380091,1725
1782334638.381374,1774
1782334638.382657,1907
1782334638.382676,1897
1782334638.38396,1846
1782334638.3852422,1833
1782334638.3865228,1807
1782334638.3878038,1818
1782334638.38781,1747
1782334638.389088,1807
1782334638.390369,1927
1782334638.3916512,1884
1782334638.39294,1885
1782334638.392946,1908
1782334638.3942242,1867
1782334638.395505,1824
1782334638.39679,1677
1782334638.396797,1740
1782334638.3980742,1915
1782334638.399356,1919
1782334638.400637,1903
1782334638.401919,1874
1782334638.401925,1901
1782334638.403193,1974
1782334638.408483,1862
1782334638.4084868,1834
1782334638.408488,1886
1782334638.408489,1782
1782334638.40849,1795
1782334638.409769,1783
1782334638.409772,1801
1782334638.411048,1835
1782334638.412317,1743
1782334638.413583,1797
1782334638.4148622,1900
1782334638.4148679,1944
1782334638.4161448,1916
1782334638.417428,1842
1782334638.41871,1826
1782334638.418717,1765
1782334638.419994,1746
1782334638.4212868,1761
1782334638.4225678,1837
1782334638.4238489,1896
1782334638.423855,1859
1782334638.425133,1801
1782334638.426414,1837
1782334638.4276962,1857
1782334638.427702,1832
1782334638.428972,1764
1782334638.430248,1836
1782334638.431519,1944
1782334638.432797,1902
1782334638.4328032,1896
1782334638.4391959,1880
1782334638.439201,1865
1782334638.439202,1837
1782334638.439203,1779
1782334638.439204,1818
1782334638.4392052,1932
1782334638.440474,1855
1782334638.440477,1859
1782334638.441754,1868
1782334638.441761,1895
1782334638.443042,1884
1782334638.4443252,1764
1782334638.445607,1823
1782334638.4468899,1943
1782334638.446896,1862
1782334638.4481752,1814
1782334638.4494588,1817
1782334638.4507399,1825
1782334638.4507468,1823
1782334638.452024,1760
1782334638.453305,1811
1782334638.454587,1919
1782334638.4558668,1902
1782334638.455873,1908
1782334638.4571562,1869
1782334638.458427,1812
1782334638.459705,1794
1782334638.459712,1699
1782334638.4609878,1826
1782334638.462259,1876
1782334638.463535,1885
1782334638.4697359,1887
1782334638.46974,1903
1782334638.469741,1896
1782334638.469742,1837
1782334638.469743,1730
1782334638.4697442,1701
1782334638.469745,1782
1782334638.471018,1900
1782334638.472299,1933
1782334638.4735832,1906
1782334638.474865,1895
1782334638.4748712,1844
1782334638.476149,1818
1782334638.477431,1753
1782334638.478702,1844
1782334638.4787042,1879
1782334638.479979,1865
1782334638.481259,1821
1782334638.4825401,1853
1782334638.483822,1879
1782334638.483828,1860
1782334638.485104,1828
1782334638.4863849,1790
1782334638.4876611,1861
1782334638.487666,1854
1782334638.4889312,1812
1782334638.490199,1888
1782334638.4914649,1957
1782334638.492744,1926
1782334638.4927511,1824
1782334638.4988139,1854
1782334638.498817,1911
1782334638.498819,1867
1782334638.498819,1792
1782334638.49882,1819
1782334638.498821,1821
1782334638.5000992,1855
1782334638.5013819,1750
1782334638.502669,1806
1782334638.502686,1952
1782334638.503975,1903
1782334638.505257,1883
1782334638.506539,1804
1782334638.5078201,1817
1782334638.507827,1762
1782334638.509106,1765
1782334638.510388,1864
1782334638.51167,1964
1782334638.511677,1919
1782334638.512953,1846
1782334638.514234,1806
1782334638.5155158,1862
1782334638.5167968,1853
1782334638.516803,1670
1782334638.518081,1738
1782334638.519362,1883
1782334638.5206459,1877
1782334638.521935,1838
1782334638.521941,1847
1782334638.5232189,1832
1782334638.529073,1802
1782334638.529077,1752
1782334638.529078,1782
1782334638.529079,1864
1782334638.5290802,1871
1782334638.529081,1871
1782334638.53036,1881
1782334638.531625,1895
1782334638.532902,1928
1782334638.532908,1845
1782334638.534189,1835
1782334638.53547,1977
1782334638.5367522,1990
1782334638.536758,1901
1782334638.538037,1822
1782334638.539318,1876
1782334638.5406,1792
1782334638.541882,1789
1782334638.541888,1751
1782334638.543166,1807
1782334638.544448,1911
1782334638.545731,1863
1782334638.545738,1812
1782334638.547006,1851
1782334638.5482829,1795
1782334638.5495539,1779
1782334638.5508301,1754
1782334638.550837,1757
1782334638.552114,1871
1782334638.553397,1884
1782334638.5546792,1912
1782334638.554694,1885
1782334638.560765,1818
1782334638.560769,1780
1782334638.56077,1747
1782334638.560771,1826
1782334638.5607722,1971
1782334638.5607731,1935
1782334638.562059,1911
1782334638.563327,1884
1782334638.564606,1873
1782334638.565891,1837
1782334638.565897,1730
1782334638.567165,1756
1782334638.5684428,1881
1782334638.569715,1889
1782334638.569717,1888
1782334638.569719,1895
1782334638.570996,1911
1782334638.572278,1876
1782334638.5735612,1775
1782334638.574843,1832
1782334638.57485,1951
1782334638.576129,1935
1782334638.5774112,1842
1782334638.5786822,1854
1782334638.578685,1878
1782334638.579961,1839
1782334638.581244,1753
1782334638.582526,1759
1782334638.58381,1875
1782334638.583816,1863
1782334638.585192,1831
1782334638.590642,1817
1782334638.590647,1795
1782334638.5906482,1842
1782334638.5906491,1791
1782334638.59065,1775
1782334638.590677,1868
1782334638.591944,1911
1782334638.593211,1828
1782334638.5944881,1819
1782334638.595758,1845
1782334638.5957608,1772
1782334638.597023,1742
1782334638.59829,1727
1782334638.5995672,1799
1782334638.600848,1890
1782334638.600854,1871
1782334638.602133,1847
1782334638.603403,1886
1782334638.604681,1863
1782334638.604686,1863
1782334638.605966,1793
1782334638.607247,1783
1782334638.6085272,1871
1782334638.609808,1953
1782334638.609814,1961
1782334638.611091,1928
1782334638.612372,1899
1782334638.613654,1898
1782334638.614939,1812
1782334638.614945,1826
1782334638.621033,1906
1782334638.621037,1855
1782334638.6210382,1770
1782334638.6210392,1796
1782334638.62104,1868
1782334638.6210408,1843
1782334638.6223922,1749
1782334638.6236758,1797
1782334638.623682,1915
1782334638.624962,1910
1782334638.6262321,1867
1782334638.62751,1863
1782334638.628791,1857
1782334638.6287968,1834
1782334638.6300778,1771
1782334638.631361,1819
1782334638.6326442,1913
1782334638.6339269,1884
1782334638.633933,1848
1782334638.6352131,1862
1782334638.6364958,1901
1782334638.637779,1877
1782334638.6377852,1754
1782334638.6390631,1771
1782334638.6403468,1849
1782334638.641629,1858
1782334638.642911,1793
1782334638.6429172,1710
1782334638.6441972,1732
1782334638.645468,1802
1782334638.647129,1791
1782334638.647135,1741
1782334638.65312,1810
1782334638.653124,1848
1782334638.653125,1871
1782334638.653126,1835
1782334638.653127,1911
1782334638.653128,1901
1782334638.6543958,1853
1782334638.655678,1802
1782334638.6556852,1934
1782334638.656971,2005
1782334638.658257,1923
1782334638.659538,1860
1782334638.66082,1898
1782334638.6608262,1857
1782334638.6621041,1807
1782334638.6633852,1798
1782334638.664665,1871
1782334638.664671,1967
1782334638.665952,1941
1782334638.6672251,1935
1782334638.668496,1885
1782334638.6697679,1807
1782334638.6697721,1818
1782334638.67104,1725
1782334638.672311,1855
1782334638.6735811,1866
1782334638.674853,1775
1782334638.674857,1772
1782334638.6761248,1813
1782334638.682602,1839
1782334638.6826072,1850
1782334638.6826081,1775
1782334638.6826088,1853
1782334638.682611,1916
1782334638.682612,1835
1782334638.683653,1791
1782334638.684924,1849
1782334638.684927,1873
1782334638.6862059,1833
1782334638.68749,1713
1782334638.6887739,1815
1782334638.688781,1940
1782334638.6900601,1876
1782334638.691343,1852
1782334638.692626,1848
1782334638.6939101,1852
1782334638.693917,1950
1782334638.695196,1867
1782334638.696478,1862
1782334638.69775,1960
1782334638.6977532,1917
1782334638.6977541,1926
1782334638.69903,1847
1782334638.700313,1831
1782334638.701599,1839
1782334638.702883,1761
1782334638.70289,1806
1782334638.704169,1883
1782334638.7054532,1906
1782334638.7067351,1829
1782334638.706741,1757
1782334638.712966,1792
1782334638.71297,1813
1782334638.712971,1756
1782334638.712972,1717
1782334638.712973,1774
1782334638.712974,1910
1782334638.714247,1864
1782334638.7155268,1837
1782334638.7168121,1930
1782334638.716819,1922
1782334638.7181,1815
1782334638.719384,1759
1782334638.7206569,1817
1782334638.721955,1923
1782334638.721961,1856
1782334638.723242,1806
1782334638.7245262,1830
1782334638.725812,1813
1782334638.7258182,1830
1782334638.727099,1762
1782334638.728383,1835
1782334638.729674,1946
1782334638.72969,1924
1782334638.730992,1877
1782334638.7322822,1829
1782334638.733569,1758
1782334638.734855,1886
1782334638.734862,1794
1782334638.7361438,1849
1782334638.737707,1957
1782334638.7377129,1914
1782334638.743544,1935
1782334638.743547,1928
1782334638.7435489,1823
1782334638.74355,1764
1782334638.743551,1686
1782334638.744857,1799
1782334638.744864,1931
1782334638.7462022,1918
1782334638.7474859,1914
1782334638.7487721,1843
1782334638.748779,1877
1782334638.750001,1871
1782334638.751294,1751
1782334638.752573,1787
1782334638.753859,1945
1782334638.753866,1868
1782334638.75515,1807
1782334638.757715,1770
1782334638.7577212,1837
1782334638.757725,1838
1782334638.759007,1752
1782334638.760298,1748
1782334638.761585,1781
1782334638.76287,1864
1782334638.762877,1853
1782334638.764159,1818
1782334638.765443,1839
1782334638.767145,1804
1782334638.7671502,1822
1782334638.7729611,1811
1782334638.772966,1858
1782334638.772968,1910
1782334638.772969,1866
1782334638.77297,1822
1782334638.772971,1884
1782334638.774239,1876
1782334638.775522,1878
1782334638.776818,1867
1782334638.7768269,1922
1782334638.778125,1993
1782334638.7794108,1901
1782334638.780698,1837
1782334638.780705,1829
1782334638.7819872,1845
1782334638.783272,1850
1782334638.7845562,1788
1782334638.785669,1855
1782334638.7856781,1960
1782334638.7869592,1893
1782334638.788243,1885
1782334638.7895281,1871
1782334638.790812,1851
1782334638.7908192,1835
1782334638.792098,1759
1782334638.793383,1809
1782334638.794673,1906
1782334638.794689,1838
1782334638.7959669,1892
1782334638.797246,1873
1782334638.798532,1847
1782334638.7998762,1827
1782334638.7998788,1742
1782334638.805512,1783
1782334638.805516,1916
1782334638.805517,1861
1782334638.8055182,1829
1782334638.805519,1826
1782334638.8067808,1861
1782334638.806784,1896
1782334638.808063,1784
1782334638.8093498,1747
1782334638.810642,1885
1782334638.8119261,1890
1782334638.8119318,1883
1782334638.813201,1824
1782334638.8144808,1813
1782334638.815767,1766
1782334638.815773,1711
1782334638.8170528,1730
1782334638.818332,1791
1782334638.8196008,1838
1782334638.820883,1806
1782334638.8208902,1824
1782334638.822171,1885
1782334638.8234549,1946
1782334638.8247411,1907
1782334638.824747,1884
1782334638.826027,1908
1782334638.827311,1953
1782334638.828592,1877
1782334638.835105,1817
1782334638.8351092,1863
1782334638.83511,1864
1782334638.835111,1836
1782334638.835113,1736
1782334638.835114,1781
1782334638.835115,1863
1782334638.8351161,1830
1782334638.836381,1824
1782334638.837675,1797
1782334638.83769,1843
1782334638.838998,1874
1782334638.840292,1823
1782334638.841581,1813
1782334638.842871,1839
1782334638.8428779,1799
1782334638.844147,1845
1782334638.84543,1923
1782334638.846716,1890
1782334638.846723,1879
1782334638.8480058,1788
1782334638.849291,1847
1782334638.850576,1956
1782334638.851861,1890
1782334638.851868,1866
1782334638.853149,1891
1782334638.854434,1877
1782334638.85572,1890
1782334638.855726,1756
1782334638.857007,1792
1782334638.858291,1899
1782334638.8600209,1854
1782334638.8600252,1801
1782334638.8659232,1791
1782334638.865927,1779
1782334638.865928,1787
1782334638.865929,1721
1782334638.86593,1771
1782334638.865931,1926
1782334638.8672159,1919
1782334638.868511,1921
1782334638.869801,1913
1782334638.8698082,1918
1782334638.871091,1857
1782334638.872364,1739
1782334638.873645,1803
1782334638.8749282,1903
1782334638.8749352,1916
1782334638.876218,1889
1782334638.8774889,1830
1782334638.8787682,1771
1782334638.878774,1814
1782334638.880054,1783
1782334638.8813388,1782
1782334638.882623,1807
1782334638.883907,1898
1782334638.883913,1885
1782334638.885192,1825
1782334638.886475,1848
1782334638.8877592,1939
1782334638.887765,1960
1782334638.8894,1867
1782334638.895203,1838
1782334638.895207,1942
1782334638.895208,1870
1782334638.895209,1820
1782334638.89521,1810
1782334638.895211,1833
1782334638.89649,1811
1782334638.897759,1746
1782334638.897762,1770
1782334638.899041,1920
1782334638.900327,1879
1782334638.901612,1878
1782334638.902883,1830
1782334638.902886,1772
1782334638.904162,1791
1782334638.905447,1721
1782334638.906732,1791
1782334638.9067378,1839
1782334638.9080179,1869
1782334638.909303,1914
1782334638.910573,1892
1782334638.911853,1869
1782334638.911859,1886
1782334638.9131389,1868
1782334638.914433,1899
1782334638.9157178,1926
1782334638.915724,1910
1782334638.917004,1894
1782334638.918287,1883
1782334638.919892,1853
1782334638.9198961,1829
1782334638.925872,1771
1782334638.925877,1783
1782334638.925878,1773
1782334638.925879,1858
1782334638.92588,1903
1782334638.927157,1871
1782334638.927161,1818
1782334638.928444,1822
1782334638.92973,1868
1782334638.929736,1871
1782334638.93102,1843
1782334638.9323049,1804
1782334638.933589,1862
1782334638.934874,1882
1782334638.93488,1887
1782334638.936162,1826
1782334638.937448,1792
1782334638.9387321,1785
1782334638.938739,1864
1782334638.940022,1834
1782334638.941306,1862
1782334638.942592,1895
1782334638.9438772,1922
1782334638.9438841,1867
1782334638.945164,1768
1782334638.9464488,1795
1782334638.947734,1839
1782334638.9477398,1947
1782334638.9490209,1875
1782334638.950305,1834
1782334638.9516501,1895
1782334638.957514,1871
1782334638.9575171,1882
1782334638.957518,1884
1782334638.957519,1877
1782334638.9575198,1826
1782334638.957521,1866
1782334638.9587991,1762
1782334638.958803,1767
1782334638.960083,1851
1782334638.961354,1847
1782334638.962633,1852
1782334638.963917,1933
1782334638.963923,1893
1782334638.963926,1854
1782334638.965207,1726
1782334638.966492,1724
1782334638.9677749,1796
1782334638.967781,1855
1782334638.9690619,1928
1782334638.970346,1993
1782334638.97163,1978
1782334638.972912,1827
1782334638.972918,1805
1782334638.974198,1811
1782334638.9754822,1752
1782334638.976764,1679
1782334638.976771,1732
1782334638.97805,1724
1782334638.9793339,1783
1782334638.98099,1807
1782334638.980993,1811
1782334638.98693,1796
1782334638.986934,1813
1782334638.986936,1857
1782334638.986937,1863
1782334638.986938,1890
1782334638.986939,1922
1782334638.988218,1943
1782334638.989485,1884
1782334638.9907682,1787
1782334638.990774,1806
1782334638.9920561,1844
1782334638.993341,1850
1782334638.994624,1818
1782334638.995907,1842
1782334638.995914,1882
1782334638.997183,1823
1782334638.998461,1804
1782334638.9997451,1803
1782334638.9997509,1835
1782334639.001033,1832
1782334639.002316,1839
1782334639.0035992,1934
1782334639.0048819,1850
1782334639.004888,1785
1782334639.006167,1873
1782334639.007447,1884
1782334639.008729,1853
1782334639.008736,1895
1782334639.010015,1890
1782334639.011818,1822
1782334639.0118232,1807
1782334639.017549,1807
1782334639.0175529,1847
1782334639.0175538,1876
1782334639.017555,1889
1782334639.017556,1869
1782334639.018833,1880
1782334639.018838,1879
1782334639.020118,1865
1782334639.021408,1730
1782334639.022697,1734
1782334639.0227041,1780
1782334639.0239859,1853
1782334639.025268,1883
1782334639.026552,1860
1782334639.027835,1871
1782334639.027842,1879
1782334639.029122,1844
1782334639.030408,1838
1782334639.031693,1819
1782334639.031699,1831
1782334639.0329778,1848
1782334639.034262,1837
1782334639.035549,1932
1782334639.0368361,1783
1782334639.036843,1822
1782334639.0381272,1870
1782334639.039409,1849
1782334639.040695,1844
1782334639.040701,1743
1782334639.04722,1818
1782334639.047224,1868
1782334639.047225,1869
1782334639.0472262,1896
1782334639.047227,1895
1782334639.0472279,1927
1782334639.0484989,2006
1782334639.049782,1978
1782334639.049789,1883
1782334639.051075,1834
1782334639.052362,1761
1782334639.053646,1764
1782334639.054934,1780
1782334639.05494,1775
1782334639.0562189,1756
1782334639.057503,1777
1782334639.058787,1793
1782334639.058793,1838
1782334639.0600781,1822
1782334639.0613592,1826
1782334639.062641,1869
1782334639.063925,1859
1782334639.063931,1824
1782334639.065214,1832
1782334639.0665002,1835
1782334639.067789,1837
1782334639.067795,1892
1782334639.069079,1884
1782334639.070368,1821
1782334639.071879,1900
1782334639.071882,1826
1782334639.078068,1823
1782334639.078073,1817
1782334639.0780742,1853
1782334639.078076,1862
1782334639.0780768,1858
1782334639.078078,1862
1782334639.0793421,1858
1782334639.0806248,1864
1782334639.081912,1779
1782334639.081918,1765
1782334639.0832021,1810
1782334639.084491,1867
1782334639.085779,1856
1782334639.085786,1835
1782334639.087069,1865
1782334639.088358,1811
1782334639.0896409,1843
1782334639.090925,1860
1782334639.090931,1863
1782334639.092211,1870
1782334639.093494,1912
1782334639.094783,1924
1782334639.094789,1851
1782334639.096075,1835
1782334639.0960808,1863
1782334639.097364,1855
1782334639.098647,1944
1782334639.099961,1969
1782334639.099967,1876
1782334639.1012511,1849
1782334639.102541,1823
1782334639.10933,1805
1782334639.109334,1817
1782334639.109335,1691
1782334639.1093361,1759
1782334639.109337,1790
1782334639.109339,1806
1782334639.10934,1897
1782334639.110602,1935
1782334639.111884,1909
1782334639.111891,1887
1782334639.113176,1851
1782334639.114461,1818
1782334639.115746,1832
1782334639.115752,1816
1782334639.117032,1769
1782334639.1183171,1781
1782334639.119603,1848
1782334639.1208892,1889
1782334639.120895,1876
1782334639.122175,1814
1782334639.123463,1832
1782334639.124751,1894
1782334639.124757,1898
1782334639.1260421,1882
1782334639.127328,1875
1782334639.128612,1875
1782334639.129898,1941
1782334639.129904,1896
1782334639.1311831,1852
1782334639.132472,1882
1782334639.134027,1875
1782334639.13403,1858
1782334639.140291,1866
1782334639.1402938,1802
1782334639.140295,1778
1782334639.140296,1710
1782334639.140298,1755
1782334639.140299,1785
1782334639.141557,1837
1782334639.1428401,1879
1782334639.1428459,1864
1782334639.144133,1838
1782334639.145421,1823
1782334639.1467059,1830
1782334639.146712,1866
1782334639.1479921,1900
1782334639.1492748,1877
1782334639.15056,1823
1782334639.1518452,1767
1782334639.151851,1762
1782334639.153135,1807
1782334639.154422,1850
1782334639.155709,1876
1782334639.155715,1884
1782334639.1569989,1877
1782334639.158286,1814
1782334639.159574,1795
1782334639.160862,1797
1782334639.1608682,1873
1782334639.1621509,1902
1782334639.16362,1863
1782334639.1698492,1949
1782334639.169852,1895
1782334639.169853,1849
1782334639.169854,1852
1782334639.169856,1859
1782334639.169857,1870
1782334639.169858,1778
1782334639.171123,1823
1782334639.1724072,1797
1782334639.173692,1836
1782334639.173697,1875
1782334639.1749818,1890
1782334639.176268,1846
1782334639.177557,1805
1782334639.178844,1839
1782334639.17885,1900
1782334639.1801338,1896
1782334639.181418,1935
1782334639.1827,1893
1782334639.1827059,1867
1782334639.183987,1794
1782334639.1852689,1811
1782334639.1865559,1876
1782334639.187847,1842
1782334639.187853,1829
1782334639.189135,1854
1782334639.190419,1871
1782334639.1917062,1845
1782334639.191712,1807
1782334639.193229,1820
1782334639.199202,1829
1782334639.1992052,1794
1782334639.1992059,1818
1782334639.1992068,1812
1782334639.199208,1805
1782334639.199209,1758
1782334639.200486,1798
1782334639.201771,1815
1782334639.201778,1797
1782334639.203061,1782
1782334639.204339,1833
1782334639.20563,1871
1782334639.206916,1913
1782334639.206923,1888
1782334639.208205,1885
1782334639.209492,1866
1782334639.210779,1892
1782334639.210785,1902
1782334639.212071,1865
1782334639.213359,1827
1782334639.2146418,1835
1782334639.215931,1852
1782334639.215938,1860
1782334639.217221,1861
1782334639.218511,1867
1782334639.2198,1843
1782334639.219807,1786
1782334639.22109,1783
1782334639.222373,1827
1782334639.223926,1839
1782334639.2239301,1919
1782334639.230026,1923
1782334639.230029,1912
1782334639.23003,1950
1782334639.230031,1919
1782334639.230032,1912
1782334639.230033,1807
1782334639.2300339,1842
1782334639.231297,1876
1782334639.232579,1867
1782334639.2338681,1862
1782334639.233875,1725
1782334639.23516,1711
1782334639.236449,1651
1782334639.237737,1673
1782334639.2377431,1730
1782334639.239029,1789
1782334639.240312,1861
1782334639.241596,1868
1782334639.242881,1893
1782334639.242888,1895
1782334639.244174,1876
1782334639.245461,1862
1782334639.2467499,1842
1782334639.246756,1849
1782334639.2480419,1891
1782334639.2493289,1826
1782334639.2506251,1832
1782334639.251914,1856
1782334639.25192,1857
1782334639.253203,1785
1782334639.2544918,1795
1782334639.2614322,1826
1782334639.261436,1846
1782334639.261438,1791
1782334639.261439,1827
1782334639.26144,1835
1782334639.261441,1906
1782334639.261442,1962
1782334639.262712,1928
1782334639.2627149,1900
1782334639.2652779,1918
1782334639.265284,1902
1782334639.266567,1829
1782334639.2678568,1830
1782334639.267863,1863
1782334639.26915,1893
1782334639.270438,1879
1782334639.2717261,1845
1782334639.2717319,1834
1782334639.273012,1886
1782334639.274296,1901
1782334639.275579,1876
1782334639.276864,1870
1782334639.2768698,1829
1782334639.278155,1846
1782334639.2794309,1858
1782334639.2807128,1919
1782334639.2807198,1944
1782334639.282005,1857
1782334639.283293,1761
1782334639.284578,1788
1782334639.2912781,1810
1782334639.291283,1811
1782334639.291284,1771
1782334639.291285,1722
1782334639.291286,1692
1782334639.291287,1733
1782334639.2912881,1828
1782334639.2925582,1879
1782334639.293844,1990
1782334639.293851,1909
1782334639.295136,1879
1782334639.296423,1871
1782334639.2977102,1861
1782334639.297716,1863
1782334639.298997,1765
1782334639.3002791,1824
1782334639.301567,1855
1782334639.302855,1890
1782334639.302861,1871
1782334639.304144,1857
1782334639.305432,1822
1782334639.3067222,1832
1782334639.306728,1893
1782334639.3079941,1892
1782334639.309275,1920
1782334639.31056,1851
1782334639.311847,1789
1782334639.3118541,1775
1782334639.3131368,1794
1782334639.314423,1807
1782334639.315824,1817
1782334639.315827,1859
1782334639.3220658,1882
1782334639.322069,1895
1782334639.3220701,1903
1782334639.322071,1896
1782334639.322072,1839
1782334639.322073,1770
1782334639.323342,1813
1782334639.32463,1832
1782334639.325918,1911
1782334639.3259242,1876
1782334639.327208,1849
1782334639.328498,1790
1782334639.329786,1822
1782334639.329792,1822
1782334639.331072,1799
1782334639.332352,1807
1782334639.333635,1810
1782334639.334923,1843
1782334639.33493,1876
1782334639.336214,1890
1782334639.337499,1835
1782334639.338788,1843
1782334639.338794,1740
1782334639.34008,1767
1782334639.341367,1771
1782334639.3426518,1815
1782334639.34395,1847
1782334639.343956,1819
1782334639.34524,1807
1782334639.346532,1822
1782334639.353772,1861
1782334639.353775,1891
1782334639.3537762,1871
1782334639.353777,1856
1782334639.353778,1844
1782334639.3537788,1755
1782334639.35378,1795
1782334639.353781,1821
1782334639.355045,1795
1782334639.356315,1822
1782334639.357598,1881
1782334639.358887,1994
1782334639.3588932,1940
1782334639.358896,1891
1782334639.36018,1882
1782334639.3614678,1876
1782334639.362756,1885
1782334639.362763,1774
1782334639.364047,1817
1782334639.36533,1874
1782334639.366625,1866
1782334639.367914,1831
1782334639.3679202,1796
1782334639.369205,1795
1782334639.3704891,1822
1782334639.371777,1855
1782334639.371783,1839
1782334639.373068,1959
1782334639.374356,1932
1782334639.375634,1912
1782334639.3769212,1903
1782334639.376927,1892
1782334639.3783522,1894
1782334639.384298,1917
1782334639.3843021,1950
1782334639.384304,1868
1782334639.384305,1781
1782334639.384306,1793
1782334639.384307,1790
1782334639.3855739,1821
1782334639.386862,1830
1782334639.386869,1780
1782334639.388156,1814
1782334639.3894432,1915
1782334639.390728,1890
1782334639.3907342,1863
1782334639.39202,1818
1782334639.39331,1838
1782334639.394598,1877
1782334639.395888,1865
1782334639.395894,1861
1782334639.397176,1863
1782334639.398468,1848
1782334639.3997571,1829
1782334639.3997629,1845
1782334639.401048,1794
1782334639.402337,1846
1782334639.403626,1839
1782334639.404914,1828
1782334639.404921,1814
1782334639.406206,1794
1782334639.4075048,1772
1782334639.4136808,1826
1782334639.413685,1866
1782334639.413686,1876
1782334639.413687,1860
1782334639.4136882,1871
1782334639.4136891,1897
1782334639.41369,1897
1782334639.414952,1882
1782334639.4162319,1804
1782334639.417521,1782
1782334639.418808,1832
1782334639.418814,1791
1782334639.420099,1826
1782334639.421387,1858
1782334639.4226718,1959
1782334639.422679,1939
1782334639.423958,1935
1782334639.425243,1941
1782334639.426531,1919
1782334639.42782,1923
1782334639.427826,1828
1782334639.4290931,1824
1782334639.430376,1824
1782334639.431673,1812
1782334639.4316878,1816
1782334639.432983,1824
1782334639.43555,1814
1782334639.4355571,1797
1782334639.436842,1793
1782334639.4368482,1815
1782334639.438166,1814
1782334639.444323,1810
1782334639.444326,1828
1782334639.4443269,1906
1782334639.4443278,1935
1782334639.444329,1900
1782334639.44433,1825
1782334639.4456089,1806
1782334639.4468968,1814
1782334639.4469042,1810
1782334639.4481862,1822
1782334639.449472,1815
1782334639.4507608,1807
1782334639.4507678,1855
1782334639.452053,1849
1782334639.453343,1896
1782334639.454633,2008
1782334639.455918,1892
1782334639.455926,1832
1782334639.457206,1835
1782334639.4584908,1855
1782334639.45978,1828
1782334639.459786,1785
1782334639.461071,1793
1782334639.462361,1874
1782334639.463647,1870
1782334639.4649348,1832
1782334639.464941,1838
1782334639.466228,1805
1782334639.4677272,1748
1782334639.4677298,1772
1782334639.4738328,1803
1782334639.4738371,1823
1782334639.473838,1827
1782334639.473839,1821
1782334639.4738402,1798
1782334639.473841,1812
1782334639.475109,1837
1782334639.476396,1854
1782334639.4776819,1868
1782334639.477688,1852
1782334639.478972,1887
1782334639.4802601,1870
1782334639.481544,1887
1782334639.482826,1994
1782334639.482833,1983
1782334639.484117,1896
1782334639.485405,1826
1782334639.486689,1779
1782334639.4866948,1832
1782334639.4879801,1838
1782334639.4879858,1787
1782334639.48927,1836
1782334639.490558,1786
1782334639.4918468,1699
1782334639.491853,1637
1782334639.493137,1734
1782334639.494426,1798
1782334639.495716,1797
1782334639.495722,1849
1782334639.4970071,1855
1782334639.498295,1861
1782334639.505732,1917
1782334639.505735,1902
1782334639.5057359,1862
1782334639.505737,1828
1782334639.505738,1835
1782334639.505739,1818
1782334639.50574,1846
1782334639.5057411,1828
1782334639.507008,1869
1782334639.5082939,1891
1782334639.509585,1871
1782334639.510869,1866
1782334639.510875,1875
1782334639.512158,1871
1782334639.513449,1886
1782334639.514733,1881
1782334639.514739,1869
1782334639.5160189,1855
1782334639.5173068,1851
1782334639.518595,1919
1782334639.5198798,1848
1782334639.5198872,1827
1782334639.5211709,1857
1782334639.5224588,1844
1782334639.523745,1839
1782334639.523751,1700
1782334639.525035,1722
1782334639.526319,1731
1782334639.527605,1791
1782334639.5288918,1849
1782334639.528898,1861
1782334639.530184,1866
1782334639.536387,1847
1782334639.5363898,1823
1782334639.536391,1894
1782334639.536392,1883
1782334639.536393,1851
1782334639.536394,1780
1782334639.537673,1794
1782334639.537677,1822
1782334639.538959,1849
1782334639.54025,1837
1782334639.5415418,1875
1782334639.5428321,1935
1782334639.542839,1913
1782334639.544126,1880
1782334639.545417,1874
1782334639.5467038,1930
1782334639.54671,1964
1782334639.5479932,1970
1782334639.549278,1892
1782334639.5505679,1849
1782334639.551858,1839
1782334639.551865,1812
1782334639.55315,1836
1782334639.55444,1882
1782334639.555725,1849
1782334639.555731,1853
1782334639.557017,1836
1782334639.558306,1853
1782334639.5597398,1832
1782334639.559743,1865
1782334639.565429,1874
1782334639.565431,1893
1782334639.565432,1880
1782334639.565433,1850
1782334639.5654342,1856
1782334639.5667012,1832
1782334639.566703,1775
1782334639.5679822,1657
1782334639.5692701,1698
1782334639.570559,1778
1782334639.5718489,1773
1782334639.571855,1773
1782334639.5731351,1786
1782334639.5744169,1746
1782334639.575701,1803
1782334639.575708,1861
1782334639.576991,1915
1782334639.578279,1903
1782334639.5795531,1892
1782334639.580837,1860
1782334639.580844,1882
1782334639.582127,1894
1782334639.583415,1965
1782334639.5847008,1918
1782334639.584707,1890
1782334639.585991,1877
1782334639.587279,1869
1782334639.58857,1880
1782334639.595766,1747
1782334639.5957692,1757
1782334639.5957701,1789
1782334639.5957708,1828
1782334639.5957718,1847
1782334639.595773,1900
1782334639.595774,1974
1782334639.595775,1946
1782334639.5970418,1893
1782334639.5983129,1878
1782334639.599595,1880
1782334639.6008818,1820
1782334639.600888,1818
1782334639.602174,1803
1782334639.6034648,1807
1782334639.6047502,1852
1782334639.6047559,1842
1782334639.606037,1757
1782334639.60732,1815
1782334639.608605,1821
1782334639.6098938,1795
1782334639.6099,1789
1782334639.6111841,1836
1782334639.612473,1817
1782334639.6137621,1850
1782334639.6137679,1851
1782334639.615051,1853
1782334639.616339,1903
1782334639.6176388,1884
1782334639.617645,1816
1782334639.6189299,1850
1782334639.618936,1862
1782334639.626701,1860
1782334639.626731,1871
1782334639.6267352,1831
1782334639.6267362,1832
1782334639.6267369,1829
1782334639.6267378,1831
1782334639.626739,1843
1782334639.62674,1811
1782334639.628027,1858
1782334639.6292942,1853
1782334639.630581,1852
1782334639.6318662,1793
1782334639.6318731,1815
1782334639.633158,1855
1782334639.6344478,1864
1782334639.6357381,1831
1782334639.635744,1811
1782334639.63703,1856
1782334639.638319,1909
1782334639.639609,1883
1782334639.640897,1880
1782334639.640903,1890
1782334639.642188,1888
1782334639.643477,1836
1782334639.6447659,1828
1782334639.644772,1828
1782334639.646058,1815
1782334639.647346,1852
1782334639.6486511,1816
1782334639.6499462,1824
1782334639.6499531,1871
1782334639.6516778,1886
1782334639.65169,1891
1782334639.658159,1743
1782334639.6581628,1711
1782334639.658164,1794
1782334639.658165,1849
1782334639.658166,1893
1782334639.6581671,1901
1782334639.659436,1902
1782334639.6607518,1893
1782334639.660758,1887
1782334639.6620438,1862
1782334639.663334,1838
1782334639.664618,1823
1782334639.6659021,1865
1782334639.6659079,1871
1782334639.667191,1817
1782334639.6684768,1821
1782334639.669766,1839
1782334639.6697721,1861
1782334639.671057,1928
1782334639.672344,1914
1782334639.673631,1897
1782334639.674918,1875
1782334639.6749241,1863
1782334639.676208,1865
1782334639.677496,1876
1782334639.678784,1889
1782334639.6787899,1944
1782334639.680074,1935
1782334639.6813629,1902
1782334639.688956,1803
1782334639.68896,1857
1782334639.688962,1837
1782334639.6889632,1726
1782334639.6889641,1636
1782334639.688965,1772
1782334639.6889658,1749
1782334639.6889658,1779
1782334639.690231,1752
1782334639.691498,1826
1782334639.6927822,1865
1782334639.692788,1810
1782334639.6940742,1848
1782334639.695362,1870
1782334639.696645,1892
1782334639.6979399,1856
1782334639.6979468,1900
1782334639.6992269,1893
1782334639.7005131,1864
1782334639.7017999,1803
1782334639.701806,1791
1782334639.703091,1799
1782334639.7043788,1834
1782334639.705665,1836
1782334639.7056808,1871
1782334639.7069912,1862
1782334639.708283,1843
1782334639.709573,1853
1782334639.710863,1844
1782334639.71087,1845
1782334639.7183459,1938
1782334639.718349,1935
1782334639.7183502,1881
1782334639.7183511,1842
1782334639.7183518,1844
1782334639.7183528,1870
1782334639.718354,1716
1782334639.7196212,1784
1782334639.720905,1814
1782334639.720911,1856
1782334639.722193,1874
1782334639.723476,1878
1782334639.7247748,1871
1782334639.724782,1821
1782334639.726065,1810
1782334639.727353,1807
1782334639.7286441,1827
1782334639.7299578,1830
1782334639.729965,1802
1782334639.7312489,1820
1782334639.732537,1846
1782334639.7338262,1876
1782334639.733832,1866
1782334639.735116,1832
1782334639.736404,1828
1782334639.737689,1839
1782334639.737695,1875
1782334639.738979,1792
1782334639.740267,1796
1782334639.741538,1797
1782334639.7480168,1821
1782334639.748022,1839
1782334639.748023,1892
1782334639.748024,1886
1782334639.7480252,1868
1782334639.7480261,1848
1782334639.7480268,1866
1782334639.7480268,1835
1782334639.7492962,1847
1782334639.750581,1823
1782334639.751872,1846
1782334639.751879,1885
1782334639.7531772,1868
1782334639.7544699,1869
1782334639.755761,1855
1782334639.755768,1851
1782334639.7570481,1869
1782334639.7583308,1886
1782334639.759618,1804
1782334639.760897,1775
1782334639.760902,1852
1782334639.7621891,1856
1782334639.763484,1855
1782334639.76477,1887
1782334639.764777,1837
1782334639.766059,1818
1782334639.767348,1818
1782334639.768644,1858
1782334639.769938,1882
1782334639.7699451,1885
1782334639.77123,1845
1782334639.778568,1864
1782334639.778573,1953
1782334639.778574,1911
1782334639.7785752,1918
1782334639.778576,1960
1782334639.7785769,1903
1782334639.7785778,1874
1782334639.7798421,1853
1782334639.779844,1825
1782334639.781109,1811
1782334639.782395,1736
1782334639.783681,1797
1782334639.7836869,1829
1782334639.7850041,1800
1782334639.786294,1823
1782334639.787585,1831
1782334639.788872,1800
1782334639.7888792,1806
1782334639.790161,1806
1782334639.791449,1807
1782334639.7927392,1826
1782334639.7927449,1837
1782334639.7940228,1874
1782334639.7953122,1880
1782334639.796604,1799
1782334639.797894,1804
1782334639.7979,1839
1782334639.799167,1860
1782334639.80045,1862
1782334639.80174,1902
1782334639.801746,1903
1782334639.803691,1916
1782334639.8036952,1903
1782334639.810174,1816
1782334639.810178,1821
1782334639.810179,1741
1782334639.8101802,1830
1782334639.8101811,1853
1782334639.8101819,1762
1782334639.811458,1772
1782334639.812757,1855
1782334639.812763,1855
1782334639.814034,1771
1782334639.815316,1760
1782334639.8166249,1801
1782334639.817915,1848
1782334639.817921,1870
1782334639.819191,1953
1782334639.8204749,1978
1782334639.8217652,1922
1782334639.821771,1940
1782334639.823056,1896
1782334639.824343,1879
1782334639.825629,1852
1782334639.8269272,1807
1782334639.826935,1788
1782334639.828223,1879
1782334639.8294961,1870
1782334639.8307772,1875
1782334639.830784,1843
1782334639.832067,1860
1782334639.8333418,1851
1782334639.8396358,1812
1782334639.8396401,1846
1782334639.839642,1849
1782334639.839642,1810
1782334639.839644,1788
1782334639.839645,1829
1782334639.839673,1807
1782334639.840943,1876
1782334639.842232,1831
1782334639.843526,1812
1782334639.844817,1867
1782334639.844824,1871
1782334639.846111,1834
1782334639.8474,1760
1782334639.8486872,1845
1782334639.848694,1844
1782334639.849975,1817
1782334639.8512661,1864
1782334639.8525388,1893
1782334639.853825,1916
1782334639.8538308,1869
1782334639.855118,1853
1782334639.856407,1826
1782334639.857694,1818
1782334639.8577,1838
1782334639.858985,1890
1782334639.8602738,1846
1782334639.861563,1803
1782334639.8628511,1794
1782334639.862858,1795
1782334639.86429,1826
1782334639.870291,1849
1782334639.870294,1907
1782334639.870296,1880
1782334639.8702972,1845
1782334639.8702972,1858
1782334639.8702981,1880
1782334639.8715708,1940
1782334639.8728352,1910
1782334639.8728378,1961
1782334639.874122,1896
1782334639.8741279,1839
1782334639.8754141,1816
1782334639.876687,1815
1782334639.87669,1779
1782334639.8779688,1721
1782334639.8792582,1736
1782334639.8805451,1788
1782334639.881828,1789
1782334639.881834,1823
1782334639.883114,1814
1782334639.884402,1849
1782334639.885674,1890
1782334639.885677,1861
1782334639.8869572,1894
1782334639.888245,1861
1782334639.889529,1869
1782334639.890814,1818
1782334639.89082,1832
1782334639.8921049,1917
1782334639.8935418,1950
1782334639.900123,1919
1782334639.900126,1871
1782334639.900127,1844
1782334639.900128,1799
1782334639.900129,1782
1782334639.90013,1775
1782334639.900131,1816
1782334639.901404,1728
1782334639.902689,1768
1782334639.902695,1807
1782334639.903979,1853
1782334639.905262,1961
1782334639.9065468,1855
1782334639.907831,1843
1782334639.907837,1843
1782334639.909121,1837
1782334639.910408,1842
1782334639.911694,1759
1782334639.9117,1826
1782334639.91298,1871
1782334639.914268,1924
1782334639.9155562,1956
1782334639.916825,1912
1782334639.916828,1938
1782334639.9181051,1862
1782334639.91938,1842
1782334639.920668,1860
1782334639.920685,1852
1782334639.921984,1834
1782334639.92372,1838
1782334639.923723,1860
1782334639.93021,1861
1782334639.9302132,1856
1782334639.930214,1839
1782334639.930215,1816
1782334639.9302158,1844
1782334639.930217,1859
1782334639.9312482,1868
1782334639.93253,1835
1782334639.9338188,1827
1782334639.933826,1842
1782334639.9351108,1850
1782334639.936398,1887
1782334639.937684,1941
1782334639.93769,1899
1782334639.938974,1852
1782334639.940256,1820
1782334639.941539,1831
1782334639.942827,1817
1782334639.942834,1732
1782334639.944119,1761
1782334639.945405,1831
1782334639.94669,1858
1782334639.946696,1851
1782334639.94798,1830
1782334639.949266,1818
1782334639.9505548,1824
1782334639.951844,1787
1782334639.95185,1779
1782334639.953134,1856
1782334639.9544241,1870
1782334639.961731,1877
1782334639.9617338,1825
1782334639.961735,1817
1782334639.961736,1887
1782334639.961737,1848
1782334639.9617379,1846
1782334639.961739,1850
1782334639.96174,1914
1782334639.9630048,1893
1782334639.964284,1857
1782334639.965569,1854
1782334639.9668548,1847
1782334639.966862,1835
1782334639.9681458,1848
1782334639.969435,1886
1782334639.97072,1921
1782334639.970727,1858
1782334639.97201,1827
1782334639.9732962,1790
1782334639.9745789,1805
1782334639.9758651,1830
1782334639.975871,1793
1782334639.97715,1837
1782334639.978435,1775
1782334639.979723,1763
1782334639.979729,1785
1782334639.981013,1768
1782334639.9822998,1798
1782334639.983588,1796
1782334639.985224,1886
1782334639.985229,1942
1782334639.9920268,1917
1782334639.99203,1855
1782334639.992032,1870
1782334639.992033,1848
1782334639.992034,1851
1782334639.9920352,1839
1782334639.992036,1856
1782334639.993299,1892
1782334639.994581,1866
1782334639.995872,1868
1782334639.995879,1853
1782334639.997161,1825
1782334639.9984472,1886
1782334639.999734,1864
1782334639.9997408,1839
1782334640.001028,1852
1782334640.002312,1925
1782334640.003598,1916
1782334640.004883,1798
1782334640.004889,1819
1782334640.006171,1822
1782334640.00746,1836
1782334640.007467,1691
1782334640.008752,1724
1782334640.008758,1848
1782334640.0100422,1838
1782334640.011332,1839
1782334640.012627,1871
1782334640.013914,1871
1782334640.013921,1826
1782334640.0152051,1775
1782334640.0225868,1816
1782334640.02259,1851
1782334640.022592,1833
1782334640.022593,1880
1782334640.022594,1882
1782334640.0225952,1876
1782334640.0225961,1867
1782334640.0238578,1826
1782334640.02386,1823
1782334640.025144,1869
1782334640.026432,1929
1782334640.02772,1914
1782334640.0277271,1919
1782334640.029013,1916
1782334640.0303009,1839
1782334640.031586,1838
1782334640.0328698,1843
1782334640.032876,1865
1782334640.0341601,1890
1782334640.035446,1769
1782334640.036735,1687
1782334640.036741,1727
1782334640.038026,1819
1782334640.039315,1789
1782334640.040603,1771
1782334640.041894,1760
1782334640.0419,1801
1782334640.043185,1879
1782334640.0444741,1931
1782334640.045761,1972
1782334640.0457668,1935
1782334640.047692,1903
1782334640.0476959,1824
1782334640.0543602,1769
1782334640.054362,1848
1782334640.054364,1890
1782334640.054365,1900
1782334640.0543659,1897
1782334640.054367,1915
1782334640.055649,1880
1782334640.0556538,1857
1782334640.056936,1866
1782334640.058228,1748
1782334640.0595179,1749
1782334640.060807,1762
1782334640.060813,1802
1782334640.062099,1817
1782334640.063387,1826
1782334640.064672,1801
1782334640.0646882,1828
1782334640.065993,1967
1782334640.067287,1908
1782334640.068577,1872
1782334640.069867,1855
1782334640.0698738,1839
1782334640.0711591,1883
1782334640.072444,1837
1782334640.07373,1857
1782334640.073736,1849
1782334640.075021,1820
1782334640.076305,1847
1782334640.083498,1920
1782334640.083501,1919
1782334640.083502,1871
1782334640.083503,1852
1782334640.0835042,1855
1782334640.083505,1827
1782334640.0835059,1828
1782334640.08477,1884
1782334640.084773,1871
1782334640.0860538,1887
1782334640.087338,1848
1782334640.088623,1775
1782334640.089908,1835
1782334640.089914,1822
1782334640.091197,1807
1782334640.0924852,1795
1782334640.09377,1802
1782334640.093776,1798
1782334640.095061,1847
1782334640.09635,1863
1782334640.097636,1866
1782334640.098923,1868
1782334640.098929,1921
1782334640.100213,1832
1782334640.1014998,1789
1782334640.102786,1824
1782334640.102792,1807
1782334640.1040761,1757
1782334640.105363,1694
1782334640.106648,1767
1782334640.11416,1830
1782334640.114163,1871
1782334640.1141639,1899
1782334640.114165,1901
1782334640.114166,1912
1782334640.114167,1888
1782334640.1141682,1865
1782334640.1141691,1900
1782334640.115433,1839
1782334640.116714,1848
1782334640.1167202,1834
1782334640.118,1865
1782334640.1192892,1896
1782334640.120578,1893
1782334640.1218681,1871
1782334640.1218739,1859
1782334640.1231549,1855
1782334640.124439,1876
1782334640.1257238,1854
1782334640.12573,1827
1782334640.1270132,1794
1782334640.1283042,1788
1782334640.129576,1811
1782334640.130858,1849
1782334640.1308632,1939
1782334640.13215,1850
1782334640.133424,1853
1782334640.134706,1865
1782334640.1347132,1821
1782334640.135998,1822
1782334640.137857,1752
1782334640.137862,1775
1782334640.1447182,1734
1782334640.144722,1789
1782334640.144723,1822
1782334640.144724,1858
1782334640.144725,1877
1782334640.144726,1858
1782334640.144727,1870
1782334640.144728,1871
1782334640.145992,1942
1782334640.147275,1902
1782334640.148559,1883
1782334640.149848,1863
1782334640.149854,1860
1782334640.151137,1871
1782334640.15243,1881
1782334640.153722,1874
1782334640.1537302,1860
1782334640.155016,1879
1782334640.156287,1832
1782334640.157568,1862
1782334640.158853,1839
1782334640.15886,1826
1782334640.160139,1868
1782334640.161428,1852
1782334640.162715,1876
1782334640.162721,1874
1782334640.164006,1903
1782334640.1652942,1861
1782334640.166581,1850
1782334640.173975,1865
1782334640.173978,1805
1782334640.1739788,1690
1782334640.17398,1768
1782334640.173981,1815
1782334640.173982,1770
1782334640.1739829,1751
1782334640.1739829,1812
1782334640.175245,1860
1782334640.176529,1896
1782334640.177818,1885
1782334640.177824,1897
1782334640.1791072,1885
1782334640.180396,1882
1782334640.1816802,1856
1782334640.181686,1820
1782334640.182965,1820
1782334640.18425,1874
1782334640.185534,1866
1782334640.186822,1853
1782334640.1868281,1862
1782334640.188113,1847
1782334640.1894,1823
1782334640.190686,1834
1782334640.1907032,1858
1782334640.192016,1868
1782334640.1933131,1859
1782334640.1946082,1796
1782334640.195907,1911
1782334640.195914,1858
1782334640.197197,1817
1782334640.198488,1866
1782334640.200022,1849
1782334640.200026,1875
1782334640.207026,1761
1782334640.207029,1796
1782334640.20703,1854
1782334640.207031,1864
1782334640.2070332,1850
1782334640.207034,1839
1782334640.207034,1822
1782334640.208297,1855
1782334640.209579,1880
1782334640.210868,1890
1782334640.210874,1908
1782334640.212159,1900
1782334640.2134469,1896
1782334640.21473,1874
1782334640.214736,1844
1782334640.216017,1877
1782334640.217304,1863
1782334640.218592,1858
1782334640.2198799,1829
1782334640.219887,1804
1782334640.221171,1796
1782334640.2224588,1775
1782334640.2237482,1780
1782334640.223754,1783
1782334640.225038,1782
1782334640.226322,1790
1782334640.2276108,1826
1782334640.228907,1855
1782334640.228914,1831
1782334640.236279,1759
1782334640.2362828,1771
1782334640.236284,1782
1782334640.236285,1791
1782334640.236286,1696
1782334640.2362869,1759
1782334640.236288,1824
1782334640.237555,1839
1782334640.2388391,1876
1782334640.238846,1888
1782334640.2401211,1856
1782334640.241407,1835
1782334640.2426932,1833
1782334640.242699,1853
1782334640.243984,1912
1782334640.245271,1933
1782334640.24656,1922
1782334640.2478452,1927
1782334640.247851,1896
1782334640.249133,1880
1782334640.250421,1882
1782334640.251711,1879
1782334640.2517178,1822
1782334640.253001,1806
1782334640.2542899,1855
1782334640.2555609,1867
1782334640.2568462,1823
1782334640.256852,1812
1782334640.258137,1836
1782334640.259422,1852
1782334640.266758,1982
1782334640.266762,1880
1782334640.266763,1811
1782334640.266764,1824
1782334640.266765,1830
1782334640.266765,1817
1782334640.266766,1691
1782334640.266767,1742
1782334640.2680352,1786
1782334640.269315,1851
1782334640.270606,1864
1782334640.2718961,1836
1782334640.2719018,1839
1782334640.2731829,1857
1782334640.2744682,1852
1782334640.274475,1806
1782334640.275769,1804
1782334640.275775,1867
1782334640.27706,1907
1782334640.2783492,1869
1782334640.2796311,1803
1782334640.280919,1819
1782334640.280925,1861
1782334640.282208,1854
1782334640.2834811,1861
1782334640.2847621,1883
1782334640.284768,1863
1782334640.286051,1806
1782334640.287338,1771
1782334640.2886279,1828
1782334640.296202,1871
1782334640.296204,1862
1782334640.296206,1903
1782334640.296206,1912
1782334640.2962072,1888
1782334640.296208,1848
1782334640.2962089,1810
1782334640.2962098,1807
1782334640.297485,1771
1782334640.298774,1800
1782334640.298781,1856
1782334640.3000681,1902
1782334640.301354,1884
1782334640.302639,1854
1782334640.3039281,1828
1782334640.3039339,1828
1782334640.3052192,1829
1782334640.3065028,1856
1782334640.307787,1821
1782334640.307793,1743
1782334640.3090649,1781
1782334640.310349,1822
1782334640.311635,1878
1782334640.312921,1846
1782334640.312927,1880
1782334640.314208,1915
1782334640.315495,1932
1782334640.316781,1900
1782334640.316788,1864
1782334640.318072,1839
1782334640.319359,1902
1782334640.326617,1919
1782334640.3266199,1919
1782334640.3266208,1919
1782334640.326622,1913
1782334640.326623,1983
1782334640.326624,1906
1782334640.326625,1857
1782334640.327887,1868
1782334640.327889,1826
1782334640.3291678,1817
1782334640.330454,1764
1782334640.331738,1851
1782334640.331744,1944
1782334640.333028,1845
1782334640.334324,1775
1782334640.335595,1730
1782334640.336879,1716
1782334640.336885,1798
1782334640.338169,1822
1782334640.339456,1851
1782334640.3407428,1845
1782334640.340749,1838
1782334640.342033,1849
1782334640.343321,1860
1782334640.3446112,1815
1782334640.345907,1855
1782334640.3459132,1877
1782334640.3471942,1860
1782334640.348484,1807
1782334640.3497689,1770
1782334640.349775,1807
1782334640.351564,1857
1782334640.358464,1844
1782334640.358468,1857
1782334640.358469,1938
1782334640.35847,1906
1782334640.358471,1985
1782334640.3584719,1901
1782334640.358473,1859
1782334640.359735,1919
1782334640.359738,1910
1782334640.361023,1861
1782334640.3623118,1740
1782334640.363602,1809
1782334640.364886,1814
1782334640.364893,1811
1782334640.366173,1759
1782334640.367469,1832
1782334640.3687549,1862
1782334640.368762,1827
1782334640.370047,1835
1782334640.371335,1839
1782334640.372632,1858
1782334640.373921,1800
1782334640.3739269,1817
1782334640.375211,1829
1782334640.3765,1821
1782334640.3777878,1827
1782334640.377794,1910
1782334640.3790772,1903
1782334640.380367,1859
1782334640.382126,1837
1782334640.38213,1842
1782334640.388887,1845
1782334640.38889,1867
1782334640.388891,1839
1782334640.388892,1833
1782334640.388893,1844
1782334640.3888938,1880
1782334640.388895,1932
1782334640.3901591,1859
1782334640.3914418,1829
1782334640.392732,1792
1782334640.392739,1763
1782334640.394027,1736
1782334640.395312,1654
1782334640.396599,1718
1782334640.397884,1798
1782334640.397891,1828
1782334640.399173,1848
1782334640.4004622,1860
1782334640.401751,1864
1782334640.401758,1867
1782334640.403042,1856
1782334640.404332,1833
1782334640.4056299,1846
1782334640.4069178,1829
1782334640.406925,1839
1782334640.4069278,1825
1782334640.408214,1833
1782334640.409503,1858
1782334640.410791,1903
1782334640.410797,1930
1782334640.41217,1915
1782334640.418724,1914
1782334640.418726,1901
1782334640.4187279,1844
1782334640.4187279,1869
1782334640.418729,1874
1782334640.41873,1870
1782334640.418731,1868
1782334640.4199932,1993
1782334640.421277,1954
1782334640.422564,1868
1782334640.423848,1913
1782334640.423854,1867
1782334640.425141,1839
1782334640.426424,1789
1782334640.427714,1833
1782334640.4277198,1858
1782334640.429004,1809
1782334640.430292,1803
1782334640.431581,1795
1782334640.432868,1773
1782334640.432874,1807
1782334640.434159,1838
1782334640.435447,1871
1782334640.436735,1903
1782334640.436741,1846
1782334640.438026,1791
1782334640.439312,1838
1782334640.440602,1851
1782334640.448284,1877
1782334640.448287,1902
1782334640.448288,1874
1782334640.448289,1837
1782334640.44829,1814
1782334640.448291,1838
1782334640.448292,1868
1782334640.4482932,1870
1782334640.4495559,1855
1782334640.450838,1822
1782334640.4508438,1794
1782334640.45213,1807
1782334640.453419,1876
1782334640.454705,1823
1782334640.454711,1795
1782334640.455992,1822
1782334640.457275,1859
1782334640.458559,1822
1782334640.459847,1760
1782334640.4598532,1810
1782334640.4611368,1831
1782334640.4624221,1871
1782334640.463707,1843
1782334640.463713,1835
1782334640.464997,1880
1782334640.466283,1848
1782334640.467572,1847
1782334640.468858,1846
1782334640.468864,1764
1782334640.470148,1846
1782334640.471974,1879
1782334640.471979,1891
1782334640.478884,1874
1782334640.478888,1825
1782334640.478889,1839
1782334640.47889,1826
1782334640.478891,1855
1782334640.478892,1852
1782334640.478892,1848
1782334640.480163,1847
1782334640.481432,1833
1782334640.48275,1850
1782334640.4827561,1869
1782334640.4840362,1914
1782334640.485325,1956
1782334640.48661,1900
1782334640.487904,1865
1782334640.487911,1838
1782334640.489195,1822
1782334640.490478,1799
1782334640.491761,1714
1782334640.491767,1744
1782334640.4930491,1802
1782334640.494338,1842
1782334640.49561,1902
1782334640.4968991,1886
1782334640.4969049,1896
1782334640.4981902,1913
1782334640.499476,1886
1782334640.5007648,1892
1782334640.500771,1807
1782334640.502057,1805
1782334640.503608,1786
1782334640.5105128,1871
1782334640.510516,1848
1782334640.510517,1821
1782334640.510518,1829
1782334640.510519,1822
1782334640.51052,1845
1782334640.5105212,1837
1782334640.511785,1860
1782334640.5117881,1854
1782334640.513071,1866
1782334640.514358,1807
1782334640.5156438,1835
1782334640.516938,1927
1782334640.516945,1906
1782334640.51823,1893
1782334640.5195038,1899
1782334640.520788,1839
1782334640.5207942,1861
1782334640.522079,1849
1782334640.523366,1864
1782334640.52465,1761
1782334640.525943,1750
1782334640.52595,1791
1782334640.527234,1807
1782334640.5285199,1821
1782334640.5298078,1805
1782334640.529815,1782
1782334640.5310988,1797
1782334640.5323892,1838
1782334640.5341592,1859
1782334640.5341618,1871
1782334640.541074,1894
1782334640.541078,1906
1782334640.541079,1891
1782334640.54108,1829
1782334640.5410812,1786
1782334640.5410821,1791
1782334640.5410829,1791
1782334640.5410838,1839
1782334640.542347,1871
1782334640.5436301,1917
1782334640.544918,1893
1782334640.544924,1864
1782334640.54621,1851
1782334640.547498,1815
1782334640.548782,1802
1782334640.548788,1903
1782334640.55007,1885
1782334640.5513558,1927
1782334640.55264,1911
1782334640.553924,1914
1782334640.55393,1897
1782334640.5552142,1787
1782334640.556503,1801
1782334640.55779,1795
1782334640.557796,1827
1782334640.559079,1911
1782334640.5603662,1908
1782334640.561651,1881
1782334640.562947,1852
1782334640.562953,1855
1782334640.570681,1850
1782334640.570685,1867
1782334640.5706859,1829
1782334640.570687,1766
1782334640.570688,1730
1782334640.570689,1792
1782334640.5706902,1789
1782334640.570691,1805
1782334640.571958,1820
1782334640.573225,1823
1782334640.5745091,1847
1782334640.5757928,1874
1782334640.575799,1842
1782334640.5770829,1867
1782334640.578371,1892
1782334640.579655,1871
1782334640.579673,1907
1782334640.580971,1919
1782334640.5822542,1930
1782334640.5835378,1871
1782334640.584825,1821
1782334640.584831,1826
1782334640.586116,1781
1782334640.587404,1774
1782334640.5886889,1753
1782334640.588695,1818
1782334640.58998,1847
1782334640.591263,1883
1782334640.592553,1917
1782334640.600307,1894
1782334640.60031,1829
1782334640.600311,1834
1782334640.600312,1828
1782334640.600312,1815
1782334640.6003132,1816
1782334640.6003141,1856
1782334640.6003149,1861
1782334640.601582,1803
1782334640.602865,1832
1782334640.6028721,1855
1782334640.604156,1898
1782334640.605428,1957
1782334640.606708,1853
1782334640.606714,1845
1782334640.6079931,1896
1782334640.60928,1898
1782334640.6105652,1860
1782334640.6118531,1828
1782334640.6118588,1837
1782334640.613143,1856
1782334640.61443,1890
1782334640.6157172,1749
1782334640.615724,1770
1782334640.617007,1746
1782334640.618293,1774
1782334640.619582,1732
1782334640.6208699,1686
1782334640.620876,1764
1782334640.622155,1797
1782334640.623959,1844
1782334640.6239638,1890
1782334640.6310651,1900
1782334640.631068,1928
1782334640.631069,1925
1782334640.63107,1928
1782334640.631071,1895
1782334640.631072,1867
1782334640.631073,1811
1782334640.6323452,1789
1782334640.633631,1804
1782334640.634917,1821
1782334640.634924,1839
1782334640.636209,1803
1782334640.6374981,1861
1782334640.638784,1899
1782334640.63879,1943
1782334640.640071,1863
1782334640.641354,1837
1782334640.642637,1825
1782334640.643925,1878
1782334640.643931,1846
1782334640.645217,1765
1782334640.646507,1823
1782334640.647796,1839
1782334640.647802,1835
1782334640.649083,1848
1782334640.650368,1867
1782334640.651652,1883
1782334640.652949,1846
1782334640.6529548,1851
1782334640.654238,1885
1782334640.655541,1881
1782334640.662773,1859
1782334640.662776,1867
1782334640.6627772,1940
1782334640.6627781,1916
1782334640.6627789,1935
1782334640.6627798,1871
1782334640.662781,1830
1782334640.662781,1839
1782334640.6640482,1852
1782334640.665334,1785
1782334640.666622,1741
1782334640.6679099,1775
1782334640.667916,1818
1782334640.669199,1843
1782334640.67049,1870
1782334640.670496,1853
1782334640.67178,1857
1782334640.671786,1854
1782334640.673067,1850
1782334640.674349,1833
1782334640.675641,1875
1782334640.676959,1859
1782334640.6769652,1879
1782334640.678248,1931
1782334640.6795352,1871
1782334640.680823,1884
1782334640.6808288,1850
1782334640.682112,1780
1782334640.683399,1792
1782334640.685295,1720
1782334640.685299,1769
1782334640.692466,1841
1782334640.692471,1839
1782334640.692472,1887
1782334640.6924732,1846
1782334640.6924741,1775
1782334640.6924748,1754
1782334640.6924758,1738
1782334640.6937459,1821
1782334640.69375,1883
1782334640.695035,1899
1782334640.6963258,1925
1782334640.6976252,1946
1782334640.698909,1908
1782334640.6989162,1825
1782334640.700201,1766
1782334640.701484,1718
1782334640.702772,1729
1782334640.702778,1775
1782334640.704063,1834
1782334640.7053518,1908
1782334640.7066371,1951
1782334640.707923,1910
1782334640.70793,1866
1782334640.709215,1839
1782334640.7105029,1946
1782334640.711791,1927
1782334640.711797,1875
1782334640.7130828,1835
1782334640.7143722,1864
1782334640.715863,1864
1782334640.7158668,1803
1782334640.730902,1760
1782334640.730926,1781
1782334640.7309282,1810
1782334640.730929,1829
1782334640.7309299,1830
1782334640.730931,1864
1782334640.730932,1864
1782334640.730932,1849
1782334640.730933,1846
1782334640.730934,1847
1782334640.730935,1865
1782334640.730935,1870
1782334640.730936,1833
1782334640.730937,1845
1782334640.7309382,1741
1782334640.7322109,1770
1782334640.7386072,1837
1782334640.738615,1839
1782334640.7386172,1917
1782334640.7386172,1935
1782334640.7386181,1869
1782334640.7386189,1831
1782334640.739896,1858
1782334640.7398982,1866
1782334640.741181,1875
1782334640.742468,1865
1782334640.7437592,1942
1782334640.7437649,1885
1782334640.7450502,1850
1782334640.7463381,1843
1782334640.74768,1849
1782334640.747682,1812
1782334640.760649,1743
1782334640.76069,1871
1782334640.760698,1878
1782334640.7607,1845
1782334640.760701,1753
1782334640.760703,1823
1782334640.760704,1829
1782334640.760715,1853
1782334640.760716,1858
1782334640.7607172,1908
1782334640.760718,1901
1782334640.760729,1855
1782334640.760766,1874
1782334640.762038,1925
1782334640.7633002,1907
1782334640.769047,1896
1782334640.7690492,1880
1782334640.7690501,1851
1782334640.7690508,1805
1782334640.7690508,1812
1782334640.7690518,1834
1782334640.7703319,1831
1782334640.771629,1826
1782334640.772917,1852
1782334640.772924,1833
1782334640.774208,1830
1782334640.775479,1880
1782334640.777042,1887
1782334640.777045,1855
1782334640.788598,1832
1782334640.7886012,1860
1782334640.788602,1844
1782334640.7886028,1767
1782334640.788604,1765
1782334640.788604,1864
1782334640.788605,1864
1782334640.788606,1822
1782334640.788606,1783
1782334640.788607,1903
1782334640.788608,1928
1782334640.789877,1893
1782334640.78988,1898
1782334640.7960231,1886
1782334640.796025,1859
1782334640.7960262,1854
1782334640.7960262,1837
1782334640.796027,1824
1782334640.796028,1787
1782334640.797308,1818
1782334640.7985952,1870
1782334640.799882,1854
1782334640.799888,1865
1782334640.801158,1853
1782334640.802297,1843
1782334640.802304,1870
1782334640.803587,1890
1782334640.804874,1871
1782334640.80488,1784
1782334640.806466,1815
1782334640.817488,1963
1782334640.8174899,1915
1782334640.817491,1844
1782334640.817492,1821
1782334640.817493,1832
1782334640.817494,1839
1782334640.817494,1766
1782334640.817495,1817
1782334640.817496,1769
1782334640.817497,1727
1782334640.8174982,1748
1782334640.818759,1834
1782334640.8187609,1861
1782334640.8245509,1854
1782334640.824554,1852
1782334640.824555,1853
1782334640.824556,1866
1782334640.824556,1861
1782334640.825825,1856
1782334640.8258271,1858
1782334640.827109,1866
1782334640.8284001,1871
1782334640.829684,1899
1782334640.8296902,1839
1782334640.8309708,1824
1782334640.832255,1839
1782334640.8335419,1914
1782334640.83483,1892
1782334640.834837,1868
1782334640.836107,1818
1782334640.837388,1778
1782334640.838957,1710
1782334640.8389592,1848
1782334640.849016,1879
1782334640.849018,1864
1782334640.8490188,1790
1782334640.84902,1757
1782334640.849021,1785
1782334640.849021,1743
1782334640.849022,1748
1782334640.849022,1749
1782334640.8490229,1716
1782334640.849024,1775
1782334640.850286,1846
1782334640.85625,1894
1782334640.856253,1887
1782334640.8562539,1871
1782334640.856255,1875
1782334640.856256,1902
1782334640.856257,1895
1782334640.857548,1868
1782334640.8588421,1932
1782334640.858849,1901
1782334640.8601248,1869
1782334640.8614101,1864
1782334640.862699,1889
1782334640.862706,1999
1782334640.8639748,1994
1782334640.865254,1967
1782334640.866545,1939
1782334640.8778272,1919
1782334640.877831,1902
1782334640.877842,1838
1782334640.877843,1832
1782334640.8778439,1810
1782334640.8778439,1884
1782334640.877845,1906
1782334640.877846,1860
1782334640.877846,1860
1782334640.877847,1844
1782334640.8778481,1752
1782334640.8778481,1716
1782334640.879114,1774
1782334640.8848152,1813
1782334640.8848178,1845
1782334640.884819,1812
1782334640.88482,1797
1782334640.884821,1733
1782334640.8848221,1772
1782334640.886104,1837
1782334640.887398,1836
1782334640.888669,1846
1782334640.888671,1853
1782334640.889951,1859
1782334640.891237,1831
1782334640.892527,1868
1782334640.8938172,1871
1782334640.893823,1832
1782334640.895112,1789
1782334640.896401,1819
1782334640.897689,1827
1782334640.897696,1851
1782334640.899338,1869
1782334640.910084,1880
1782334640.9100878,1820
1782334640.910089,1827
1782334640.91009,1833
1782334640.910091,1918
1782334640.910092,1880
1782334640.910092,1862
1782334640.910093,1843
1782334640.910094,1870
1782334640.9100952,1852
1782334640.910096,1788
1782334640.911366,1762
1782334640.91721,1761
1782334640.917213,1779
1782334640.917214,1838
1782334640.917214,1850
1782334640.9172149,1878
1782334640.917216,1871
1782334640.918504,1809
1782334640.9197922,1814
1782334640.919798,1842
1782334640.921085,1861
1782334640.922368,1868
1782334640.9236538,1870
1782334640.923672,1842
1782334640.924973,1869
1782334640.926261,1870
1782334640.927532,1864
1782334640.9288142,1896
1782334640.92882,1925
1782334640.930091,1908
1782334640.940663,1892
1782334640.9406662,1858
1782334640.940667,1919
1782334640.9406679,1935
1782334640.9406679,1901
1782334640.9406688,1848
1782334640.94067,1929
1782334640.94067,1827
1782334640.940671,1871
1782334640.940672,1927
1782334640.940672,1884
1782334640.940673,1820
1782334640.941942,1773
1782334640.9476328,1807
1782334640.947636,1820
1782334640.947637,1801
1782334640.947638,1818
1782334640.947639,1784
1782334640.947658,1742
1782334640.948948,1755
1782334640.950242,1767
1782334640.951529,1782
1782334640.952822,1802
1782334640.952829,1741
1782334640.954116,1775
1782334640.9554062,1767
1782334640.956705,1762
1782334640.956712,1819
1782334640.959622,1874
1782334640.959625,1901
1782334640.969494,1948
1782334640.969496,1917
1782334640.9694972,1903
1782334640.9694982,1846
1782334640.9694982,1868
1782334640.9694989,1867
1782334640.9694989,1834
1782334640.9694998,1805
1782334640.969501,1890
1782334640.969501,1856
1782334640.97077,1839
1782334640.970772,1880
1782334640.9764988,1879
1782334640.976501,1884
1782334640.976502,1786
1782334640.9765031,1807
1782334640.976504,1860
1782334640.977785,1899
1782334640.977792,1873
1782334640.979077,1832
1782334640.980364,1791
1782334640.981649,1818
1782334640.981668,1832
1782334640.9829571,1850
1782334640.9842439,1839
1782334640.9855309,1857
1782334640.98682,1861
1782334640.986826,1847
1782334640.988111,1839
1782334640.9894972,1797
1782334641.000045,1802
1782334641.0000482,1839
1782334641.0000489,1836
1782334641.0000498,1812
1782334641.0000498,1791
1782334641.000051,1813
1782334641.000051,1835
1782334641.000052,1848
1782334641.000053,1858
1782334641.000053,1886
1782334641.0000541,1882
1782334641.00132,1928
1782334641.007103,1903
1782334641.007105,1846
1782334641.007106,1880
1782334641.007107,1862
1782334641.0071082,1807
1782334641.0071082,1799
1782334641.0084171,1807
1782334641.0097122,1828
1782334641.0097191,1882
1782334641.011008,1888
1782334641.0122979,1857
1782334641.013588,1790
1782334641.014873,1761
1782334641.014879,1783
1782334641.01616,1743
1782334641.017447,1781
1782334641.0188632,1829
1782334641.0188649,1843
1782334641.029441,1852
1782334641.029449,1864
1782334641.02945,1879
1782334641.029451,1877
1782334641.029452,1861
1782334641.029452,1885
1782334641.029453,1933
1782334641.029454,1915
1782334641.0294552,1962
1782334641.029456,1931
1782334641.0307178,1796
1782334641.03072,1772
1782334641.036559,1804
1782334641.036561,1947
1782334641.036561,1885
1782334641.036562,1868
1782334641.036563,1859
1782334641.037843,1880
1782334641.0378492,1895
1782334641.0391371,1798
1782334641.040422,1819
1782334641.041708,1855
1782334641.041714,1876
1782334641.042997,1869
1782334641.0442839,1868
1782334641.045572,1869
1782334641.0468612,1837
1782334641.046868,1823
1782334641.04815,1826
1782334641.049439,1864
1782334641.0511029,1874
1782334641.051106,1797
1782334641.06178,1791
1782334641.061785,1807
1782334641.061785,1823
1782334641.0617862,1816
1782334641.061787,1819
1782334641.0617878,1830
1782334641.061789,1835
1782334641.06179,1858
1782334641.06179,1860
1782334641.061791,1876
1782334641.061792,1909
1782334641.063062,1922
1782334641.063064,1834
1782334641.0686169,1834
1782334641.068619,1888
1782334641.06862,1819
1782334641.0686212,1759
1782334641.068622,1807
1782334641.069901,1811
1782334641.069908,1823
1782334641.071195,1759
1782334641.072482,1814
1782334641.073768,1829
1782334641.073774,1844
1782334641.0750551,1851
1782334641.076365,1864
1782334641.077682,1859
1782334641.077703,1875
1782334641.078995,1884
1782334641.080286,1860
1782334641.081881,1888
1782334641.081883,1853
1782334641.091637,1849
1782334641.09164,1868
1782334641.0916412,1855
1782334641.0916421,1834
1782334641.0916421,1825
1782334641.0916429,1839
1782334641.0916438,1845
1782334641.0916438,1828
1782334641.091645,1833
1782334641.0916522,1890
1782334641.0929239,1852
1782334641.098649,1871
1782334641.098652,1861
1782334641.0986528,1845
1782334641.098654,1866
1782334641.098654,1770
1782334641.098655,1817
1782334641.0999548,1827
1782334641.101248,1834
1782334641.1025379,1832
1782334641.103827,1759
1782334641.1038342,1787
1782334641.10512,1839
1782334641.106405,1878
1782334641.107689,1880
1782334641.107695,1888
1782334641.1089768,1838
1782334641.1105652,1837
1782334641.121105,1886
1782334641.121108,1884
1782334641.121108,1879
1782334641.121109,1862
1782334641.12111,1864
1782334641.1211112,1871
1782334641.121112,1830
1782334641.121113,1839
1782334641.121114,1816
1782334641.121114,1850
1782334641.121115,1846
1782334641.1223779,1850
1782334641.127868,1892
1782334641.127871,1903
1782334641.127872,1891
1782334641.127873,1867
1782334641.127873,1740
1782334641.129156,1794
1782334641.129162,1831
1782334641.1304479,1829
1782334641.131732,1829
1782334641.131739,1804
1782334641.13302,1851
1782334641.134311,1852
1782334641.135595,1778
1782334641.136883,1773
1782334641.136889,1830
1782334641.138175,1864
1782334641.1394649,1878
1782334641.1407518,1839
1782334641.140758,1798
1782334641.142117,1835
1782334641.152562,1864
1782334641.152565,1933
1782334641.152566,1877
1782334641.1525671,1834
1782334641.152568,1829
1782334641.152568,1801
1782334641.152569,1832
1782334641.15257,1878
1782334641.152571,1892
1782334641.152571,1917
1782334641.153843,1895
1782334641.153846,1866
1782334641.159229,1830
1782334641.159232,1827
1782334641.159233,1856
1782334641.159233,1847
1782334641.159234,1786
1782334641.160518,1827
1782334641.1618078,1844
1782334641.161814,1917
1782334641.163102,1893
1782334641.164387,1868
1782334641.1656718,1838
1782334641.165678,1884
1782334641.166962,1910
1782334641.168247,1815
1782334641.169533,1857
1782334641.170822,1822
1782334641.170828,1874
1782334641.181826,1871
1782334641.1818292,1818
1782334641.1818292,1784
1782334641.18183,1821
1782334641.181831,1857
1782334641.181831,1827
1782334641.1818318,1818
1782334641.181833,1801
1782334641.181833,1804
1782334641.181834,1809
1782334641.181835,1855
1782334641.183104,1786
1782334641.1885812,1846
1782334641.188583,1874
1782334641.1885839,1834
1782334641.188585,1806
1782334641.188586,1775
1782334641.18985,1802
1782334641.189852,1824
1782334641.191135,1818
1782334641.1924212,1821
1782334641.193706,1847
1782334641.193717,1941
1782334641.19372,1926
1782334641.195004,1897
1782334641.196291,1825
1782334641.197578,1855
1782334641.198862,1823
1782334641.198868,1765
1782334641.200149,1736
1782334641.201437,1805
1782334641.203278,1829
1782334641.20328,1855
1782334641.213771,1839
1782334641.213774,1839
1782334641.2137752,1837
1782334641.2137759,1831
1782334641.2137759,1836
1782334641.2137768,1834
1782334641.213778,1857
1782334641.213778,1894
1782334641.213779,1923
1782334641.21378,1879
1782334641.21378,1884
1782334641.215046,1855
1782334641.2203252,1805
1782334641.220327,1821
1782334641.220327,1855
1782334641.2203279,1869
1782334641.220329,1886
1782334641.221616,1880
1782334641.222892,1862
1782334641.222896,1855
1782334641.2242072,1849
1782334641.22551,1855
1782334641.226804,1931
1782334641.226812,1900
1782334641.2281,1839
1782334641.229391,1813
1782334641.230677,1766
1782334641.2306838,1788
1782334641.231966,1733
1782334641.233595,1800
1782334641.244359,1819
1782334641.244363,1839
1782334641.244364,1845
1782334641.244365,1825
1782334641.2443662,1821
1782334641.2443671,1864
1782334641.2443678,1832
1782334641.2443678,1819
1782334641.2443688,1876
1782334641.24437,1886
1782334641.244371,1911
1782334641.2456472,1925
1782334641.245655,1927
1782334641.2511518,1900
1782334641.251155,1901
1782334641.2511559,1909
1782334641.251157,1864
1782334641.251157,1878
1782334641.2524438,1845
1782334641.2537332,1791
1782334641.25374,1796
1782334641.255027,1782
1782334641.256314,1743
1782334641.2575989,1799
1782334641.2588851,1853
1782334641.258892,1880
1782334641.260176,1871
1782334641.261463,1826
1782334641.2627509,1834
1782334641.262757,1837
1782334641.264291,1764
1782334641.274904,1736
1782334641.2749078,1789
1782334641.274909,1823
1782334641.27491,1839
1782334641.27491,1866
1782334641.274911,1902
1782334641.274912,1906
1782334641.274913,1871
1782334641.274914,1839
1782334641.274915,1796
1782334641.274915,1850
1782334641.276182,1863
1782334641.281742,1901
1782334641.2817438,1848
1782334641.281745,1859
1782334641.281746,1908
1782334641.2817469,1919
1782334641.2817469,1858
1782334641.283029,1830
1782334641.2843142,1849
1782334641.2855868,1871
1782334641.2868721,1899
1782334641.286879,1899
1782334641.2881641,1858
1782334641.289449,1839
1782334641.290733,1823
1782334641.290739,1940
1782334641.29202,1878
1782334641.2934809,1862
1782334641.304321,1935
1782334641.3043242,1916
1782334641.3043258,1948
1782334641.3043258,1806
1782334641.304327,1794
1782334641.304328,1815
1782334641.304329,1832
1782334641.3043299,1819
1782334641.304331,1813
1782334641.304331,1800
1782334641.304332,1839
1782334641.3056011,1842
1782334641.3112051,1792
1782334641.3112068,1811
1782334641.311208,1832
1782334641.311209,1855
1782334641.31121,1852
1782334641.311211,1846
1782334641.312502,1825
1782334641.3137898,1802
1782334641.3137972,1850
1782334641.315063,1832
1782334641.316342,1863
1782334641.317625,1836
1782334641.318913,1869
1782334641.31892,1847
1782334641.3201878,1910
1782334641.321471,1917
1782334641.322761,1860
1782334641.322767,1921
1782334641.324298,1909
1782334641.334752,1896
1782334641.3347552,1864
1782334641.3347561,1789
1782334641.334757,1756
1782334641.3347578,1717
1782334641.3347578,1766
1782334641.334759,1746
1782334641.33476,1826
1782334641.334761,1862
1782334641.334762,1898
1782334641.334763,1850
1782334641.334763,1829
1782334641.3360362,1828
1782334641.341724,1807
1782334641.341727,1862
1782334641.341727,1864
1782334641.341728,1851
1782334641.341729,1855
1782334641.341729,1847
1782334641.343014,1846
1782334641.3443022,1817
1782334641.345587,1827
1782334641.3468769,1836
1782334641.346883,1828
1782334641.348164,1838
1782334641.349447,1851
1782334641.350733,1903
1782334641.350739,1869
1782334641.352022,1867
1782334641.353308,1881
1782334641.3548381,1850
1782334641.35484,1861
1782334641.365083,1821
1782334641.3650858,1803
1782334641.365087,1812
1782334641.365087,1748
1782334641.365088,1742
1782334641.365089,1728
1782334641.365089,1811
1782334641.3650901,1834
1782334641.365091,1837
1782334641.365091,1864
1782334641.3663628,1900
1782334641.372063,1851
1782334641.372064,1861
1782334641.372065,1883
1782334641.372066,1916
1782334641.372067,1921
1782334641.3720682,1866
1782334641.3733382,1846
1782334641.374634,1836
1782334641.375925,1829
1782334641.3759308,1818
1782334641.377217,1839
1782334641.378505,1875
1782334641.379793,1897
1782334641.3797991,1938
1782334641.3810802,1981
1782334641.3823638,1959
1782334641.383647,1916
1782334641.385403,1834
1782334641.385407,1760
1782334641.395775,1724
1782334641.3957791,1865
1782334641.39578,1865
1782334641.39578,1797
1782334641.395781,1794
1782334641.395782,1848
1782334641.395783,1825
1782334641.395783,1667
1782334641.395784,1732
1782334641.3957849,1829
1782334641.395786,1857
1782334641.397055,1845
1782334641.40265,1834
1782334641.4026518,1852
1782334641.402653,1919
1782334641.402654,1908
1782334641.402655,1907
1782334641.402655,1892
1782334641.403947,1902
1782334641.405238,1887
1782334641.406507,1858
1782334641.407787,1924
1782334641.4077928,1885
1782334641.409079,1871
1782334641.410369,1903
1782334641.411655,1831
1782334641.411672,1798
1782334641.41298,1830
1782334641.414268,1847
1782334641.415869,1871
1782334641.4159548,1877
1782334641.4263391,1867
1782334641.4263418,1785
1782334641.426343,1813
1782334641.426344,1870
1782334641.4263449,1829
1782334641.426346,1785
1782334641.426347,1822
1782334641.426347,1780
1782334641.426348,1765
1782334641.4263492,1734
1782334641.427617,1802
1782334641.433026,1789
1782334641.433028,1771
1782334641.4330292,1843
1782334641.43303,1876
1782334641.4330308,1842
1782334641.4330308,1843
1782334641.43432,1895
1782334641.43562,1899
1782334641.4369102,1830
1782334641.4369159,1817
1782334641.4382038,1826
1782334641.4394891,1827
1782334641.440773,1832
1782334641.440779,1836
1782334641.4420621,1844
1782334641.443351,1929
1782334641.444633,1931
1782334641.44592,1951
1782334641.445927,1945
1782334641.447388,1853
1782334641.457838,1763
1782334641.4578402,1799
1782334641.457841,1823
1782334641.4578419,1790
1782334641.4578428,1878
1782334641.457844,1849
1782334641.457844,1903
1782334641.457845,1861
1782334641.457846,1774
1782334641.457847,1760
1782334641.457848,1726
1782334641.459109,1788
1782334641.464702,1796
1782334641.464704,1857
1782334641.464705,1865
1782334641.464706,1778
1782334641.4647071,1833
1782334641.464708,1855
1782334641.464709,1884
1782334641.4672692,1855
1782334641.467276,1910
1782334641.468561,1914
1782334641.46985,1888
1782334641.469857,1804
1782334641.4711418,1845
1782334641.4724321,1850
1782334641.473717,1851
1782334641.473723,1774
1782334641.4750028,1790
1782334641.476286,1820
1782334641.487287,1822
1782334641.4872901,1813
1782334641.4873118,1847
1782334641.487314,1885
1782334641.487315,1876
1782334641.487315,1858
1782334641.487316,1880
1782334641.487316,1942
1782334641.487317,1844
1782334641.487318,1800
1782334641.487318,1830
1782334641.4885812,1861
1782334641.494148,1831
1782334641.4941509,1832
1782334641.4941518,1881
1782334641.4941518,1892
1782334641.494154,1860
1782334641.494154,1815
1782334641.49546,1756
1782334641.496756,1834
1782334641.496763,1900
1782334641.4980302,1896
1782334641.4993112,1894
1782334641.500602,1871
1782334641.50189,1882
1782334641.501896,1882
1782334641.5031831,1858
1782334641.504468,1862
1782334641.505755,1821
1782334641.505761,1818
1782334641.507206,1799
1782334641.5178502,1814
1782334641.517854,1814
1782334641.517855,1817
1782334641.517856,1859
1782334641.517857,1805
1782334641.517858,1811
1782334641.517858,1830
1782334641.517859,1825
1782334641.5178602,1935
1782334641.5178602,1842
1782334641.5178611,1821
1782334641.519136,1861
1782334641.5246341,1932
1782334641.524637,1852
1782334641.524638,1752
1782334641.524639,1799
1782334641.52464,1778
1782334641.5246458,1803
1782334641.52593,1821
1782334641.527222,1843
1782334641.528511,1884
1782334641.529802,1891
1782334641.529809,1815
1782334641.531091,1822
1782334641.532376,1864
1782334641.533674,1880
1782334641.5336928,1889
1782334641.5350149,1903
1782334641.5363111,1868
1782334641.5377102,1874
1782334641.537712,1863
1782334641.548314,1847
1782334641.548318,1877
1782334641.548318,1867
1782334641.5483189,1878
1782334641.54832,1896
1782334641.548321,1883
1782334641.548321,1862
1782334641.548322,1832
1782334641.5483232,1822
1782334641.5483232,1865
1782334641.5495942,1886
1782334641.5549598,1862
1782334641.554962,1816
1782334641.5549629,1898
1782334641.554964,1894
1782334641.554965,1838
1782334641.554966,1823
1782334641.556236,1876
1782334641.5575192,1862
1782334641.558809,1835
1782334641.558815,1818
1782334641.560102,1794
1782334641.5613928,1826
1782334641.5626812,1804
1782334641.562687,1815
1782334641.5639732,1819
1782334641.565257,1806
1782334641.566541,1786
1782334641.5680919,1792
1782334641.568095,1820
1782334641.577605,1835
1782334641.577618,1908
1782334641.5776188,1884
1782334641.57762,1850
1782334641.57762,1766
1782334641.577621,1779
1782334641.577622,1786
1782334641.5776231,1813
1782334641.577624,1815
1782334641.5788858,1874
1782334641.578887,1895
1782334641.5843682,1937
1782334641.58437,1988
1782334641.5843709,1890
1782334641.5843709,1922
1782334641.584373,1887
1782334641.5856519,1830
1782334641.58567,1798
1782334641.5869591,1734
1782334641.5882492,1714
1782334641.589534,1743
1782334641.5908191,1741
1782334641.5908248,1785
1782334641.592108,1830
1782334641.592115,1858
1782334641.5934021,1858
1782334641.594687,1861
1782334641.5946932,1857
1782334641.595978,1874
1782334641.597265,1884
1782334641.5985541,1924
1782334641.599822,1838
1782334641.599824,1854
1782334641.6100721,1906
1782334641.610075,1903
1782334641.610076,1869
1782334641.610077,1866
1782334641.6100779,1859
1782334641.6100779,1854
1782334641.610079,1852
1782334641.61008,1895
1782334641.610081,1839
1782334641.6100821,1775
1782334641.611347,1779
1782334641.6168268,1860
1782334641.6168299,1884
1782334641.616831,1813
1782334641.616832,1806
1782334641.616833,1883
1782334641.6168342,1839
1782334641.618127,1838
1782334641.6194189,1799
1782334641.620706,1818
1782334641.620713,1858
1782334641.621999,1852
1782334641.6232839,1853
1782334641.624568,1869
1782334641.625857,1878
1782334641.6258628,1860
1782334641.627148,1828
1782334641.628437,1807
1782334641.629916,1837
1782334641.6299179,1838
1782334641.640467,1824
1782334641.640469,1815
1782334641.64047,1758
1782334641.640471,1774
1782334641.6404722,1811
1782334641.6404731,1889
1782334641.6404731,1860
1782334641.640474,1851
1782334641.6404748,1836
1782334641.640476,1826
1782334641.641738,1803
1782334641.64174,1831
1782334641.647019,1853
1782334641.647022,1849
1782334641.6470232,1920
1782334641.6470242,1935
1782334641.6470249,1868
1782334641.6483,1851
1782334641.649587,1855
1782334641.6508758,1914
1782334641.650883,1787
1782334641.65217,1814
1782334641.653454,1832
1782334641.654741,1931
1782334641.6547468,1950
1782334641.65603,1918
1782334641.657313,1902
1782334641.658859,1876
1782334641.65888,1855
1782334641.669308,1912
1782334641.669311,1871
1782334641.669311,1818
1782334641.669312,1844
1782334641.669313,1852
1782334641.6693141,1856
1782334641.669315,1782
1782334641.669315,1812
1782334641.669316,1835
1782334641.669317,1803
1782334641.670578,1818
1782334641.675769,1818
1782334641.675771,1839
1782334641.675773,1848
1782334641.675773,1845
1782334641.6757739,1821
1782334641.675775,1798
1782334641.677064,1921
1782334641.678354,1871
1782334641.679638,1770
1782334641.680927,1762
1782334641.6809332,1812
1782334641.682213,1812
1782334641.683498,1795
1782334641.684785,1779
1782334641.684791,1791
1782334641.686076,1861
1782334641.6873631,1851
1782334641.6886458,1846
1782334641.688663,1834
1782334641.690228,1852
1782334641.699861,1839
1782334641.6998641,1915
1782334641.699865,1932
1782334641.699866,1898
1782334641.6998668,1881
1782334641.6998668,1858
1782334641.699868,1834
1782334641.699869,1828
1782334641.6998699,1832
1782334641.699871,1834
1782334641.701138,1856
1782334641.706433,1802
1782334641.7064362,1809
1782334641.7064362,1807
1782334641.706437,1775
1782334641.7064378,1812
1782334641.7077289,1903
1782334641.707736,1898
1782334641.70902,1893
1782334641.7103071,1847
1782334641.7115939,1788
1782334641.7128801,1771
1782334641.712887,1806
1782334641.714169,1836
1782334641.715455,1854
1782334641.716741,1797
1782334641.716747,1835
1782334641.71803,1935
1782334641.719873,1997
1782334641.719897,1912
1782334641.72978,1815
1782334641.729782,1821
1782334641.729783,1850
1782334641.729784,1847
1782334641.7297852,1862
1782334641.7297862,1817
1782334641.7297862,1832
1782334641.7297869,1842
1782334641.7297878,1857
1782334641.729789,1819
1782334641.72979,1813
1782334641.7310562,1790
1782334641.736501,1807
1782334641.7365031,1863
1782334641.736504,1845
1782334641.736505,1853
1782334641.7365062,1845
1782334641.7377868,1800
1782334641.737793,1826
1782334641.7390761,1869
1782334641.74036,1879
1782334641.741648,1962
1782334641.7416651,1953
1782334641.7429671,1932
1782334641.744252,1903
1782334641.745538,1870
1782334641.7468228,1853
1782334641.746829,1748
1782334641.748109,1772
1782334641.749397,1817
1782334641.750675,1786
1782334641.750679,1788
1782334641.76365,1807
1782334641.763658,1842
1782334641.763658,1839
1782334641.763659,1821
1782334641.76366,1834
1782334641.76366,1836
1782334641.7636611,1865
1782334641.763662,1847
1782334641.763662,1849
1782334641.763663,1857
1782334641.7636638,1878
1782334641.7636638,1859
1782334641.763697,1885
1782334641.764964,1917
1782334641.771827,1885
1782334641.7718358,1922
1782334641.771838,1900
1782334641.771838,1868
1782334641.771839,1854
1782334641.77184,1826
1782334641.771841,1825
1782334641.773109,1812
1782334641.7743711,1865
1782334641.775632,1867
1782334641.776893,1870
1782334641.776896,1859
1782334641.778156,1859
1782334641.77942,1845
1782334641.780681,1758
1782334641.780683,1807
1782334641.781954,1851
1782334641.7923021,1885
1782334641.792307,1876
1782334641.7923079,1839
1782334641.792309,1861
1782334641.79231,1865
1782334641.792311,1790
1782334641.7923121,1784
1782334641.792313,1803
1782334641.792314,1784
1782334641.792314,1793
1782334641.79358,1811
1782334641.7992802,1855
1782334641.799284,1868
1782334641.799285,1874
1782334641.7992861,1863
1782334641.799287,1861
1782334641.799288,1859
1782334641.800556,1844
1782334641.80186,1850
1782334641.801876,1880
1782334641.803165,1899
1782334641.804439,1935
1782334641.805722,1876
1782334641.805729,1927
1782334641.807015,1866
1782334641.808316,1842
1782334641.8095949,1875
1782334641.820676,1892
1782334641.8206809,1806
1782334641.820682,1734
1782334641.820683,1805
1782334641.820684,1764
1782334641.8206851,1755
1782334641.8206851,1795
1782334641.820686,1895
1782334641.820687,1895
1782334641.8206878,1861
1782334641.820689,1810
1782334641.820689,1812
1782334641.8219578,1802
1782334641.826734,1815
1782334641.8267362,1858
1782334641.826737,1886
1782334641.8267388,1810
1782334641.8267388,1767
1782334641.828007,1871
1782334641.829275,1855
1782334641.8304949,1854
1782334641.8317828,1887
1782334641.83179,1882
1782334641.833076,1861
1782334641.834365,1828
1782334641.835626,1807
1782334641.836919,1806
1782334641.836925,1821
1782334641.83821,1814
1782334641.8395,1878
1782334641.8407948,1836
1782334641.840801,1821
1782334641.8516722,1871
1782334641.851676,1875
1782334641.851676,1864
1782334641.851677,1798
1782334641.851678,1851
1782334641.851678,1887
1782334641.851679,1858
1782334641.85168,1829
1782334641.85168,1870
1782334641.851681,1834
1782334641.851682,1860
1782334641.851682,1899
1782334641.85296,1760
1782334641.857885,1698
1782334641.857887,1750
1782334641.857888,1824
1782334641.857889,1833
1782334641.8578901,1875
1782334641.85917,1918
1782334641.8604832,1898
1782334641.8617852,1845
1782334641.861793,1877
1782334641.8630831,1890
1782334641.864375,1886
1782334641.865668,1839
1782334641.865684,1830
1782334641.8669991,1798
1782334641.868288,1775
1782334641.86958,1785
1782334641.870872,1924
1782334641.870878,1919
1782334641.872142,1871
1782334641.88195,1843
1782334641.881954,1837
1782334641.8819551,1822
1782334641.8819551,1750
1782334641.881957,1819
1782334641.881957,1802
1782334641.8819578,1740
1782334641.881959,1815
1782334641.88196,1882
1782334641.8819609,1869
1782334641.883233,1932
1782334641.887955,1947
1782334641.887958,1876
1782334641.887959,1866
1782334641.88796,1901
1782334641.8879611,1890
1782334641.8892438,1917
1782334641.890537,1903
1782334641.891829,1853
1782334641.891835,1855
1782334641.8931231,1843
1782334641.8943949,1859
1782334641.895676,1835
1782334641.895682,1852
1782334641.8969688,1854
1782334641.898255,1845
1782334641.89954,1871
1782334641.9008262,1863
1782334641.900832,1888
1782334641.9021509,1875
1782334641.912574,1953
1782334641.912578,1888
1782334641.912578,1839
1782334641.912579,1842
1782334641.91258,1838
1782334641.91258,1785
1782334641.9125812,1743
1782334641.912582,1815
1782334641.912582,1811
1782334641.9125829,1868
1782334641.913856,1858
1782334641.913858,1883
1782334641.917587,1856
1782334641.91759,1866
1782334641.917591,1814
1782334641.918879,1814
1782334641.918887,1820
1782334641.920181,1850
1782334641.921473,1828
1782334641.92276,1825
1782334641.9227672,1800
1782334641.924049,1807
1782334641.925333,1807
1782334641.926622,1807
1782334641.927912,1819
1782334641.9279191,1828
1782334641.929205,1862
1782334641.930491,1877
1782334641.9317818,1856
1782334641.931788,1877
1782334641.9330728,1867
1782334641.944431,1862
1782334641.944435,1928
1782334641.944436,1848
1782334641.944436,1746
1782334641.944437,1751
1782334641.944438,1781
1782334641.944438,1761
1782334641.944439,1717
1782334641.9444401,1819
1782334641.9444401,1888
1782334641.944441,1903
1782334641.945707,1916
1782334641.945709,1923
1782334641.948889,1887
1782334641.948891,1863
1782334641.9488919,1838
1782334641.950156,1852
1782334641.951442,1868
1782334641.952733,1947
1782334641.9527402,1951
1782334641.954025,1967
1782334641.9553149,1961
1782334641.956581,1863
1782334641.957862,1846
1782334641.957869,1794
1782334641.9591548,1781
1782334641.960445,1845
1782334641.9617338,1860
1782334641.96174,1827
1782334641.9633842,1830
1782334641.974002,1842
1782334641.974004,1806
1782334641.974005,1796
1782334641.974005,1818
1782334641.974006,1849
1782334641.9740071,1822
1782334641.9740071,1783
1782334641.974008,1775
1782334641.974009,1807
1782334641.974009,1857
1782334641.9740102,1839
1782334641.975274,1874
1782334641.978522,1893
1782334641.978525,1919
1782334641.9785259,1946
1782334641.97981,1896
1782334641.979816,1870
1782334641.9810948,1855
1782334641.982358,1814
1782334641.983637,1807
1782334641.9836428,1797
1782334641.984929,1771
1782334641.984936,1810
1782334641.986222,1845
1782334641.9875112,1853
1782334641.988796,1830
1782334641.988802,1804
1782334641.9900842,1814
1782334641.99137,1802
1782334641.99267,1806
1782334641.992687,1818
1782334641.993984,1807
1782334642.004336,1813
1782334642.004339,1813
1782334642.00434,1856
1782334642.004341,1806
1782334642.004342,1921
1782334642.004343,1917
1782334642.004344,1913
1782334642.004344,1942
1782334642.0043452,1952
1782334642.0043461,1887
1782334642.0056121,1723
1782334642.0087419,1800
1782334642.008745,1865
1782334642.008746,1850
1782334642.008746,1835
1782334642.010012,1807
1782334642.011294,1839
1782334642.012585,1837
1782334642.0138729,1835
1782334642.01388,1836
1782334642.015161,1855
1782334642.0164459,1850
1782334642.01773,1826
1782334642.0177422,1801
1782334642.019027,1836
1782334642.0203168,1835
1782334642.021586,1841
1782334642.022866,1791
1782334642.022872,1866
1782334642.024205,1927
1782334642.0347571,1924
1782334642.03476,1903
1782334642.034761,1896
1782334642.034761,1887
1782334642.034762,1877
1782334642.034763,1849
1782334642.034764,1898
1782334642.034765,1931
1782334642.034765,1892
1782334642.0347662,1796
1782334642.0347672,1818
1782334642.036031,1781
1782334642.039298,1765
1782334642.0393019,1695
1782334642.0393028,1739
1782334642.0403872,1785
1782334642.041675,1803
1782334642.041682,1810
1782334642.042968,1806
1782334642.044259,1833
1782334642.045535,1860
1782334642.0468202,1935
1782334642.046827,1922
1782334642.048108,1913
1782334642.049393,1892
1782334642.050679,1902
1782334642.050685,1866
1782334642.051971,1850
1782334642.053257,1859
1782334642.0545459,1858
1782334642.055815,1772
1782334642.055817,1794
1782334642.0663328,1816
1782334642.066336,1891
1782334642.066337,1874
1782334642.066338,1842
1782334642.066339,1839
1782334642.066339,1819
1782334642.0663402,1791
1782334642.0663402,1901
1782334642.0663412,1845
1782334642.0663419,1844
1782334642.0676181,1871
1782334642.070752,1835
1782334642.070755,1874
1782334642.0707562,1752
1782334642.0707572,1797
1782334642.072046,1804
1782334642.073322,1804
1782334642.07459,1879
1782334642.075875,1912
1782334642.075882,1879
1782334642.0771682,1871
1782334642.078455,1842
1782334642.079744,1783
1782334642.079751,1753
1782334642.0810308,1823
1782334642.082314,1894
1782334642.083602,1893
1782334642.085407,1885
1782334642.085409,1856
1782334642.09602,1848
1782334642.096023,1870
1782334642.096024,1870
1782334642.096025,1842
1782334642.0960262,1802
1782334642.096027,1806
1782334642.0960279,1805
1782334642.0960279,1785
1782334642.096029,1793
1782334642.09603,1807
1782334642.096031,1903
1782334642.097298,1896
1782334642.100502,1871
1782334642.1005042,1878
1782334642.100505,1944
1782334642.101773,1915
1782334642.101774,1871
1782334642.103055,1817
1782334642.104345,1838
1782334642.1056309,1862
1782334642.1069171,1865
1782334642.106923,1833
1782334642.108205,1828
1782334642.109494,1807
1782334642.1107829,1820
1782334642.1107898,1844
1782334642.112076,1862
1782334642.113364,1784
1782334642.114651,1768
1782334642.114657,1829
1782334642.114669,1880
1782334642.116024,1900
1782334642.126661,1917
1782334642.126664,1853
1782334642.1266649,1850
1782334642.1266649,1866
1782334642.126666,1902
1782334642.126667,1881
1782334642.126668,1864
1782334642.1266692,1855
1782334642.1266692,1839
1782334642.1266701,1900
1782334642.126671,1893
1782334642.127933,1912
1782334642.131074,1871
1782334642.131078,1885
1782334642.131079,1913
1782334642.132349,1923
1782334642.133635,1846
1782334642.134924,1780
1782334642.1349308,1801
1782334642.1362188,1836
1782334642.137509,1835
1782334642.138794,1798
1782334642.1388001,1786
1782334642.1400828,1802
1782334642.141369,1762
1782334642.142656,1789
1782334642.1439512,1828
1782334642.1452422,1795
1782334642.145248,1773
1782334642.146535,1801
1782334642.147807,1856
1782334642.147809,1852
1782334642.158265,1866
1782334642.1582668,1860
1782334642.158268,1876
1782334642.158269,1829
1782334642.15827,1838
1782334642.158271,1848
1782334642.158271,1844
1782334642.158272,1830
1782334642.158273,1818
1782334642.158274,1804
1782334642.159541,1780
1782334642.162872,1790
1782334642.1628742,1828
1782334642.162875,1878
1782334642.162876,1907
1782334642.1641622,1921
1782334642.165449,1864
1782334642.1667352,1785
1782334642.166742,1743
1782334642.168027,1830
1782334642.169312,1871
1782334642.170599,1897
1782334642.171888,1880
1782334642.171895,1839
1782334642.173176,1839
1782334642.17446,1931
1782334642.175746,1926
1782334642.175752,1903
1782334642.177036,1860
1782334642.178303,1881
1782334642.18858,1887
1782334642.188582,1807
1782334642.188583,1824
1782334642.1885839,1821
1782334642.188585,1829
1782334642.188585,1853
1782334642.188586,1859
1782334642.188586,1838
1782334642.188587,1838
1782334642.1885881,1880
1782334642.18986,1855
1782334642.1898618,1842
1782334642.1930308,1876
1782334642.193034,1822
1782334642.1930351,1839
1782334642.1943,1819
1782334642.195586,1801
1782334642.196877,1822
1782334642.196883,1846
1782334642.198165,1844
1782334642.199449,1772
1782334642.200738,1820
1782334642.2007449,1834
1782334642.2020311,1856
1782334642.203319,1866
1782334642.204604,1871
1782334642.2059011,1854
1782334642.2059069,1850
1782334642.2075891,1853
1782334642.218171,1871
1782334642.218174,1855
1782334642.218175,1871
1782334642.218175,1859
1782334642.218176,1867
1782334642.218177,1858
1782334642.218177,1858
1782334642.218178,1839
1782334642.218179,1835
1782334642.218179,1831
1782334642.2181802,1848
1782334642.2194471,1833
1782334642.222531,1791
1782334642.222534,1807
1782334642.222535,1815
1782334642.2238011,1854
1782334642.2238028,1851
1782334642.225085,1912
1782334642.2263749,1888
1782334642.2276638,1839
1782334642.227682,1871
1782334642.229005,1842
1782334642.230299,1852
1782334642.231586,1762
1782334642.232872,1790
1782334642.232878,1836
1782334642.234163,1868
1782334642.2354329,1860
1782334642.236722,1863
1782334642.2367291,1876
1782334642.238212,1868
1782334642.248624,1880
1782334642.248627,1849
1782334642.248628,1846
1782334642.248629,1838
1782334642.248629,1882
1782334642.24863,1871
1782334642.248631,1926
1782334642.248632,1886
1782334642.2486331,1886
1782334642.2486331,1871
1782334642.248634,1832
1782334642.248641,1833
1782334642.249901,1819
1782334642.253008,1825
1782334642.25301,1836
1782334642.253011,1853
1782334642.254281,1885
1782334642.255563,1843
1782334642.2568479,1803
1782334642.256854,1903
1782334642.2581341,1800
1782334642.2594209,1782
1782334642.260712,1799
1782334642.260718,1775
1782334642.262003,1788
1782334642.2632902,1758
1782334642.264579,1821
1782334642.265867,1855
1782334642.265874,1882
1782334642.2678,1878
1782334642.267885,1839
1782334642.2784588,1782
1782334642.278463,1830
1782334642.278464,1839
1782334642.278464,1901
1782334642.278465,1918
1782334642.278466,1903
1782334642.278466,1850
1782334642.2784672,1838
1782334642.2784681,1827
1782334642.2784681,1830
1782334642.279735,1838
1782334642.279737,1839
1782334642.2828648,1836
1782334642.282867,1846
1782334642.282868,1816
1782334642.2841358,1793
1782334642.2854242,1822
1782334642.2867148,1855
1782334642.286722,1850
1782334642.288011,1855
1782334642.289299,1929
1782334642.290584,1900
1782334642.291872,1881
1782334642.29188,1829
1782334642.2931662,1834
1782334642.294454,1855
1782334642.295744,1763
1782334642.2957509,1768
1782334642.297038,1802
1782334642.298326,1833
1782334642.299594,1823
1782334642.3100212,1828
1782334642.310024,1859
1782334642.310025,1882
1782334642.310025,1898
1782334642.310026,1911
1782334642.3100271,1903
1782334642.3100271,1883
1782334642.310028,1868
1782334642.310029,1827
1782334642.310029,1832
1782334642.31003,1837
1782334642.311299,1817
1782334642.314378,1837
1782334642.31438,1849
1782334642.3143811,1874
1782334642.3156428,1864
1782334642.316931,1899
1782334642.316937,1882
1782334642.3182259,1850
1782334642.319517,1842
1782334642.320801,1860
1782334642.320808,1847
1782334642.322093,1907
1782334642.3233778,1888
1782334642.324667,1855
1782334642.324683,1832
1782334642.325979,1876
1782334642.3272681,1832
1782334642.328555,1723
1782334642.329858,1794
1782334642.3298612,1856
1782334642.340443,1859
1782334642.340446,1838
1782334642.340446,1863
1782334642.340447,1821
1782334642.340448,1837
1782334642.340448,1857
1782334642.340449,1831
1782334642.34045,1812
1782334642.340451,1791
1782334642.340451,1817
1782334642.34172,1810
1782334642.341722,1791
1782334642.344921,1827
1782334642.344924,1846
1782334642.344925,1869
1782334642.346192,1892
1782334642.347476,1875
1782334642.348763,1889
1782334642.348769,1887
1782334642.3500512,1845
1782334642.351337,1876
1782334642.352622,1869
1782334642.353913,1795
1782334642.353919,1887
1782334642.355201,1848
1782334642.356488,1836
1782334642.3577778,1838
1782334642.357784,1880
1782334642.3594508,1896
1782334642.369934,1771
1782334642.369937,1753
1782334642.369938,1717
1782334642.369938,1716
1782334642.3699389,1720
1782334642.36994,1820
1782334642.36994,1807
1782334642.369941,1868
1782334642.369942,1892
1782334642.369942,1896
1782334642.3699431,1857
1782334642.371215,1862
1782334642.374284,1865
1782334642.3742871,1830
1782334642.3742878,1871
1782334642.375563,1887
1782334642.375565,1878
1782334642.37685,1874
1782334642.376856,1806
1782334642.378145,1819
1782334642.379437,1881
1782334642.380725,1871
1782334642.3807318,1897
1782334642.3820128,1895
1782334642.383297,1896
1782334642.384584,1895
1782334642.385874,1880
1782334642.3858812,1980
1782334642.3871648,1874
1782334642.388451,1849
1782334642.389722,1884
1782334642.389724,1877
1782334642.400081,1839
1782334642.400084,1804
1782334642.400085,1839
1782334642.400085,1816
1782334642.400086,1802
1782334642.400087,1821
1782334642.400087,1850
1782334642.400088,1804
1782334642.400089,1801
1782334642.400089,1821
1782334642.401359,1839
1782334642.404499,1832
1782334642.404502,1838
1782334642.404503,1852
1782334642.405789,1865
1782334642.405796,1851
1782334642.4070778,1871
1782334642.408352,1875
1782334642.409632,1850
1782334642.4109209,1787
1782334642.410928,1801
1782334642.412215,1816
1782334642.4134881,1828
1782334642.4147682,1836
1782334642.414774,1838
1782334642.4160562,1813
1782334642.417343,1834
1782334642.4186308,1973
1782334642.420127,1958
1782334642.420129,1887
1782334642.430562,1854
1782334642.430565,1820
1782334642.4305658,1778
1782334642.430567,1743
1782334642.430568,1788
1782334642.430569,1800
1782334642.430569,1860
1782334642.43057,1883
1782334642.430571,1823
1782334642.430572,1790
1782334642.431839,1798
1782334642.4318411,1850
1782334642.435015,1854
1782334642.435019,1857
1782334642.43502,1868
1782334642.43629,1857
1782334642.437574,1880
1782334642.438862,1847
1782334642.438869,1863
1782334642.4401522,1860
1782334642.441437,1893
1782334642.4427269,1931
1782334642.442733,1940
1782334642.4440188,1886
1782334642.445306,1886
1782334642.446593,1820
1782334642.447883,1825
1782334642.4478898,1844
1782334642.4491751,1827
1782334642.450465,1827
1782334642.4517372,1867
1782334642.4517388,1830
1782334642.4620879,1787
1782334642.462092,1848
1782334642.462092,1832
1782334642.462093,1796
1782334642.462094,1670
1782334642.462095,1754
1782334642.462095,1812
1782334642.462096,1863
1782334642.462097,1912
1782334642.462097,1920
1782334642.463371,1919
1782334642.466569,1934
1782334642.466572,1922
1782334642.466573,1893
1782334642.467838,1911
1782334642.467841,1876
1782334642.469124,1866
1782334642.4704142,1823
1782334642.471701,1837
1782334642.4717069,1831
1782334642.4729888,1846
1782334642.474273,1846
1782334642.475562,1839
1782334642.47685,1820
1782334642.476856,1830
1782334642.478143,1853
1782334642.479429,1836
1782334642.481031,1803
1782334642.4810328,1798
1782334642.491869,1760
1782334642.491872,1877
1782334642.491873,1846
1782334642.491874,1832
1782334642.4918752,1839
1782334642.4918752,1829
1782334642.4918761,1818
1782334642.491877,1733
1782334642.4918778,1802
1782334642.4918778,1834
1782334642.491879,1870
1782334642.493149,1863
1782334642.496219,1860
1782334642.4962208,1834
1782334642.496222,1855
1782334642.497507,1854
1782334642.4987981,1860
1782334642.4988039,1870
1782334642.500093,1880
1782334642.501378,1901
1782334642.5026739,1879
1782334642.502692,1864
1782334642.5039942,1848
1782334642.50528,1845
1782334642.506565,1853
1782334642.507849,1832
1782334642.507856,1862
1782334642.507858,1899
1782334642.509145,1875
1782334642.510435,1848
1782334642.511778,1831
1782334642.51178,1836
1782334642.522484,1837
1782334642.522487,1858
1782334642.522487,1906
1782334642.522488,1869
1782334642.522489,1838
1782334642.522489,1925
1782334642.52249,1875
1782334642.522491,1839
1782334642.522491,1781
1782334642.522492,1826
1782334642.523766,1835
1782334642.5237691,1826
1782334642.526881,1775
1782334642.526884,1782
1782334642.526885,1845
1782334642.528152,1882
1782334642.5294368,1885
1782334642.530727,1895
1782334642.530733,1883
1782334642.5320141,1887
1782334642.5333,1842
1782334642.534587,1825
1782334642.5358741,1807
1782334642.5358799,1838
1782334642.5371652,1854
1782334642.538454,1849
1782334642.539742,1832
1782334642.5397482,1812
1782334642.541415,1801
1782334642.5520709,1821
1782334642.552074,1837
1782334642.552075,1854
1782334642.552076,1876
1782334642.552076,1844
1782334642.552077,1876
1782334642.552078,1833
1782334642.552078,1844
1782334642.5520792,1860
1782334642.55208,1851
1782334642.55208,1837
1782334642.55335,1693
1782334642.556468,1661
1782334642.556471,1719
1782334642.556471,1759
1782334642.557736,1805
1782334642.557738,1889
1782334642.559018,1843
1782334642.560312,1888
1782334642.561601,1922
1782334642.562898,1894
1782334642.5629041,1884
1782334642.5641909,1886
1782334642.565475,1935
1782334642.5667598,1893
1782334642.5667672,1869
1782334642.568049,1871
1782334642.569335,1866
1782334642.570623,1871
1782334642.57201,1859
1782334642.572012,1838
1782334642.582583,1853
1782334642.582585,1806
1782334642.582586,1816
1782334642.5825868,1822
1782334642.5825868,1846
1782334642.582588,1853
1782334642.582589,1909
1782334642.5825899,1900
1782334642.582591,1882
1782334642.582591,1866
1782334642.5838552,1894
1782334642.5838568,1903
1782334642.5869608,1825
1782334642.586963,1778
1782334642.586964,1770
1782334642.588248,1798
1782334642.589514,1820
1782334642.590797,1868
1782334642.590803,1835
1782334642.592088,1850
1782334642.5933728,1879
1782334642.594663,1860
1782334642.594678,1847
1782334642.595961,1810
1782334642.597249,1797
1782334642.5985332,1855
1782334642.5998158,1838
1782334642.599822,1803
1782334642.601108,1819
1782334642.602397,1831
1782334642.603664,1833
1782334642.6036658,1874
1782334642.614107,1849
1782334642.61411,1864
1782334642.614111,1883
1782334642.614112,1911
1782334642.614112,1878
1782334642.614113,1858
1782334642.614113,1838
1782334642.614114,1907
1782334642.614115,1867
1782334642.614115,1807
1782334642.615381,1847
1782334642.618411,1859
1782334642.6184142,1813
1782334642.618415,1774
1782334642.619683,1869
1782334642.6196852,1876
1782334642.620972,1884
1782334642.622251,1851
1782334642.623534,1824
1782334642.624823,1826
1782334642.6248288,1926
1782334642.6261172,1876
1782334642.6274078,1819
1782334642.628696,1830
1782334642.6287029,1893
1782334642.6299899,1895
1782334642.631278,1860
1782334642.6325681,1897
1782334642.6341891,1877
1782334642.634191,1903
1782334642.6448169,1865
1782334642.644819,1903
1782334642.64482,1886
1782334642.64482,1864
1782334642.644821,1845
1782334642.6448221,1775
1782334642.644823,1807
1782334642.644823,1810
1782334642.644824,1789
1782334642.644825,1827
1782334642.644825,1911
1782334642.6448262,1874
1782334642.646094,1848
1782334642.6491258,1880
1782334642.649128,1825
1782334642.649129,1686
1782334642.650398,1704
1782334642.6516821,1795
1782334642.6529741,1749
1782334642.652981,1801
1782334642.6542678,1800
1782334642.6555588,1818
1782334642.656845,1844
1782334642.656852,1848
1782334642.658156,1865
1782334642.6594439,1788
1782334642.6607308,1782
1782334642.660737,1800
1782334642.662024,1838
1782334642.6635761,1846
1782334642.674287,1828
1782334642.67429,1805
1782334642.67429,1821
1782334642.674291,1851
1782334642.6742918,1892
1782334642.6742918,1903
1782334642.674293,1884
1782334642.674294,1883
1782334642.674294,1886
1782334642.674295,1810
1782334642.6742961,1758
1782334642.675571,1835
1782334642.6785762,1961
1782334642.6785789,1888
1782334642.67858,1871
1782334642.6798642,1880
1782334642.679871,1859
1782334642.681134,1871
1782334642.682403,1772
1782334642.683682,1823
1782334642.6836889,1871
1782334642.6849742,1897
1782334642.686264,1861
1782334642.6875541,1864
1782334642.6888409,1885
1782334642.688847,1839
1782334642.6901288,1879
1782334642.691416,1870
1782334642.692705,1856
1782334642.6927118,1868
1782334642.6939788,1869
1782334642.704281,1876
1782334642.704284,1850
1782334642.704285,1839
1782334642.7042859,1895
1782334642.704287,1930
1782334642.704288,1927
1782334642.704289,1903
1782334642.7042902,1876
1782334642.7042902,1831
1782334642.704291,1828
1782334642.705566,1866
1782334642.708708,1834
1782334642.70871,1827
1782334642.708711,1886
1782334642.7087119,1882
1782334642.7099771,1838
1782334642.711261,1825
1782334642.7125518,1844
1782334642.713838,1860
1782334642.713845,1775
1782334642.715126,1750
1782334642.716408,1784
1782334642.7176929,1855
1782334642.717699,1824
1782334642.718984,1835
1782334642.720274,1807
1782334642.721586,1789
1782334642.7228749,1876
1782334642.722881,1884
1782334642.724193,1880
1782334642.734845,1830
1782334642.734848,1833
1782334642.734849,1902
1782334642.73485,1884
1782334642.73485,1847
1782334642.7348511,1807
1782334642.734852,1780
1782334642.734852,1750
1782334642.734853,1790
1782334642.734854,1810
1782334642.734854,1843
1782334642.736128,1874
1782334642.739286,1846
1782334642.739288,1849
1782334642.739289,1881
1782334642.740557,1883
1782334642.74184,1935
1782334642.741846,1884
1782334642.743134,1866
1782334642.7444239,1865
1782334642.745711,1838
1782334642.745718,1870
1782334642.7470028,1797
1782334642.748288,1848
1782334642.749571,1861
1782334642.7508612,1855
1782334642.750867,1860
1782334642.7521532,1886
1782334642.753424,1902
1782334642.754708,1860
1782334642.754714,1807
1782334642.755981,1830
1782334642.766527,1775
1782334642.7665339,1779
1782334642.7665348,1764
1782334642.766536,1685
1782334642.766537,1710
1782334642.766537,1798
1782334642.766538,1791
1782334642.766539,1823
1782334642.76654,1826
1782334642.76654,1826
1782334642.767809,1884
1782334642.767811,1898
1782334642.771413,1908
1782334642.7714171,1882
1782334642.771418,1822
1782334642.7714188,1857
1782334642.772706,1947
1782334642.772732,1880
1782334642.774025,1916
1782334642.775317,1903
1782334642.776621,1893
1782334642.7779179,1829
1782334642.777925,1780
1782334642.779215,1735
1782334642.7804852,1797
1782334642.781766,1827
1782334642.7817721,1836
1782334642.783055,1885
1782334642.784344,1864
1782334642.785577,1856
1782334642.7961442,1879
1782334642.796148,1880
1782334642.796149,1871
1782334642.796149,1879
1782334642.79615,1878
1782334642.796151,1839
1782334642.796151,1819
1782334642.796152,1785
1782334642.796153,1803
1782334642.796153,1818
1782334642.796154,1823
1782334642.797416,1919
1782334642.800771,1890
1782334642.8007731,1898
1782334642.8007739,1881
1782334642.8007748,1831
1782334642.802051,1850
1782334642.80334,1882
1782334642.8046348,1850
1782334642.8059258,1930
1782334642.805932,1914
1782334642.807214,1887
1782334642.8085,1897
1782334642.80979,1862
1782334642.809797,1822
1782334642.8110678,1747
1782334642.8123531,1766
1782334642.813648,1801
1782334642.813668,1798
1782334642.814965,1794
1782334642.8162382,1817
1782334642.826648,1855
1782334642.8266509,1836
1782334642.8266518,1839
1782334642.826653,1842
1782334642.826653,1807
1782334642.826654,1806
1782334642.826655,1814
1782334642.826655,1823
1782334642.826656,1910
1782334642.826657,1880
1782334642.826657,1874
1782334642.8279302,1857
1782334642.831095,1845
1782334642.831098,1834
1782334642.8310988,1849
1782334642.832366,1839
1782334642.833647,1856
1782334642.833666,1855
1782334642.834976,1843
1782334642.836264,1811
1782334642.837555,1961
1782334642.8388412,1884
1782334642.838848,1871
1782334642.84013,1860
1782334642.841417,1885
1782334642.842703,1886
1782334642.84271,1832
1782334642.843982,1862
1782334642.845261,1826
1782334642.846546,1864
1782334642.847817,1871
1782334642.847819,1847
1782334642.85822,1771
1782334642.8582232,1731
1782334642.8582242,1788
1782334642.8582242,1827
1782334642.8582249,1847
1782334642.8582258,1861
1782334642.8582258,1885
1782334642.858227,1864
1782334642.858228,1854
1782334642.858228,1893
1782334642.859493,1871
1782334642.862752,1820
1782334642.862754,1871
1782334642.862755,1846
1782334642.862756,1824
1782334642.864036,1780
1782334642.8653262,1775
1782334642.866615,1817
1782334642.867902,1772
1782334642.867908,1798
1782334642.869177,1801
1782334642.8704581,1842
1782334642.871746,1839
1782334642.871752,1817
1782334642.873034,1870
1782334642.8743198,1820
1782334642.8756192,1820
1782334642.876919,1798
1782334642.876928,1847
1782334642.8782132,1863
1782334642.8888152,1875
1782334642.888819,1878
1782334642.88882,1867
1782334642.888821,1926
1782334642.888821,1915
1782334642.888822,1890
1782334642.888823,1909
1782334642.888824,1938
1782334642.8888252,1898
1782334642.8888261,1892
1782334642.8888268,1878
1782334642.8900962,1837
1782334642.893122,1831
1782334642.893125,1811
1782334642.8931258,1853
1782334642.894392,1883
1782334642.895676,1858
1782334642.895682,1844
1782334642.8969688,1842
1782334642.898253,1887
1782334642.899539,1818
1782334642.9008288,1762
1782334642.900836,1791
1782334642.9008389,1876
1782334642.902124,1833
1782334642.9034119,1814
1782334642.904705,1817
1782334642.904712,1864
1782334642.905998,1839
1782334642.907765,1807
1782334642.907767,1798
1782334642.9183109,1830
1782334642.918313,1833
1782334642.918314,1882
1782334642.918315,1870
1782334642.9183161,1844
1782334642.9183161,1824
1782334642.918317,1830
1782334642.918318,1805
1782334642.918318,1798
1782334642.918319,1802
1782334642.919591,1791
1782334642.922643,1843
1782334642.922646,1858
1782334642.922647,1902
1782334642.922648,1847
1782334642.923914,1807
1782334642.925198,1865
1782334642.926489,1860
1782334642.927762,1853
1782334642.927764,1919
1782334642.929049,1870
1782334642.930339,1852
1782334642.9316201,1844
1782334642.932904,1839
1782334642.93291,1791
1782334642.934195,1870
1782334642.935482,1810
1782334642.9367712,1795
1782334642.9367769,1831
1782334642.938367,1832
1782334642.948992,1785
1782334642.948995,1774
1782334642.948996,1810
1782334642.948997,1784
1782334642.948997,1850
1782334642.948998,1933
1782334642.948999,1931
1782334642.948999,1906
1782334642.949,1911
1782334642.949001,1902
1782334642.949001,1885
1782334642.9502652,1888
1782334642.9534988,1787
1782334642.953502,1705
1782334642.953503,1771
1782334642.954793,1841
1782334642.9548001,1894
1782334642.956068,1927
1782334642.957336,1892
1782334642.958621,1923
1782334642.9599109,1914
1782334642.959917,1879
1782334642.961202,1854
1782334642.962494,1832
1782334642.963779,1801
1782334642.963785,1804
1782334642.965049,1806
1782334642.966333,1919
1782334642.96782,1871
1782334642.967823,1863
1782334642.978477,1831
1782334642.9784808,1794
1782334642.978482,1804
1782334642.978483,1727
1782334642.978483,1754
1782334642.978484,1814
1782334642.978485,1862
1782334642.978486,1867
1782334642.978486,1903
1782334642.978487,1941
1782334642.9797518,1932
1782334642.979754,1865
1782334642.9826822,1839
1782334642.9826849,1870
1782334642.982686,1818
1782334642.983947,1782
1782334642.9852319,1769
1782334642.986529,1795
1782334642.987817,1831
1782334642.987823,1838
1782334642.989108,1876
1782334642.990389,1857
1782334642.991688,1862
1782334642.991694,1853
1782334642.992979,1862
1782334642.994262,1866
1782334642.995546,1851
1782334642.996834,1842
1782334642.99684,1834
1782334642.998126,1833
1782334643.009542,1914
1782334643.009569,1877
1782334643.009572,1832
1782334643.0095732,1896
1782334643.009574,1909
1782334643.009575,1853
1782334643.0095758,1777
1782334643.0095758,1828
1782334643.009577,1842
1782334643.009578,1775
1782334643.009578,1791
1782334643.010846,1767
1782334643.010848,1742
1782334643.0138292,1768
1782334643.0138319,1766
1782334643.013833,1791
1782334643.015102,1838
1782334643.0163891,1846
1782334643.01768,1818
1782334643.017687,1897
1782334643.018975,1906
1782334643.0202649,1883
1782334643.021552,1897
1782334643.022838,1898
1782334643.0228438,1859
1782334643.024127,1868
1782334643.0254111,1815
1782334643.0266812,1779
1782334643.0266829,1835
1782334643.0279648,1902
1782334643.029236,1898
1782334643.029239,1870
1782334643.039586,1976
1782334643.0395892,1947
1782334643.03959,1915
1782334643.0395908,1887
1782334643.0395908,1844
1782334643.039592,1786
1782334643.039593,1716
1782334643.039593,1801
1782334643.039594,1834
1782334643.0395951,1870
1782334643.040867,1926
1782334643.04087,1913
1782334643.043932,1885
1782334643.043935,1844
1782334643.043935,1806
1782334643.0452008,1826
1782334643.046487,1774
1782334643.047773,1774
1782334643.04778,1799
1782334643.049061,1848
1782334643.050344,1853
1782334643.05163,1844
1782334643.052918,1839
1782334643.052924,1836
1782334643.054208,1838
1782334643.0555,1820
1782334643.056787,1822
1782334643.0567942,1853
1782334643.058079,1870
1782334643.059461,1836
1782334643.070275,1848
1782334643.070279,1807
1782334643.070279,1834
1782334643.0702798,1869
1782334643.070281,1892
1782334643.070282,1883
1782334643.070282,1888
1782334643.070283,1876
1782334643.0702841,1814
1782334643.070285,1730
1782334643.070285,1761
1782334643.0715551,1804
1782334643.0745542,1827
1782334643.0745568,1823
1782334643.074558,1836
1782334643.075827,1868
1782334643.075829,1899
1782334643.0771132,1879
1782334643.078402,1884
1782334643.079689,1903
1782334643.079695,1903
1782334643.080977,1866
1782334643.082261,1846
1782334643.0835469,1845
1782334643.084835,1822
1782334643.084842,1756
1782334643.086124,1791
1782334643.087413,1829
1782334643.0886989,1813
1782334643.088705,1856
1782334643.090427,1888
1782334643.100211,1911
1782334643.100215,1935
1782334643.1002162,1911
1782334643.100217,1970
1782334643.100217,2014
1782334643.100218,1967
1782334643.1002188,1955
1782334643.1002188,1887
1782334643.10022,1883
1782334643.100221,1871
1782334643.101485,1846
1782334643.104604,1794
1782334643.1046069,1766
1782334643.104608,1743
1782334643.105888,1761
1782334643.1058939,1788
1782334643.1071758,1806
1782334643.108466,1862
1782334643.1097548,1800
1782334643.109761,1766
1782334643.111048,1791
1782334643.1123369,1820
1782334643.113621,1816
1782334643.114905,1811
1782334643.114911,1834
1782334643.11619,1869
1782334643.117475,1873
1782334643.118765,1848
1782334643.118772,1858
1782334643.120228,1838
1782334643.13097,1854
1782334643.130972,1881
1782334643.1309729,1887
1782334643.130974,1879
1782334643.130974,1832
1782334643.130975,1846
1782334643.130976,1949
1782334643.130976,1922
1782334643.130977,1856
1782334643.130978,1807
1782334643.130978,1791
1782334643.132247,1799
1782334643.135437,1742
1782334643.1354392,1773
1782334643.1354399,1815
1782334643.136707,1862
1782334643.1367092,1848
1782334643.1379929,1828
1782334643.1392782,1823
1782334643.140564,1815
1782334643.14185,1827
1782334643.141857,1883
1782334643.143143,1903
1782334643.144432,1903
1782334643.1457212,1874
1782334643.145727,1846
1782334643.1470132,1858
1782334643.148302,1780
1782334643.149587,1832
1782334643.1508758,1863
1782334643.150882,1887
1782334643.1521459,1877
1782334643.162352,1870
1782334643.162354,1885
1782334643.162355,1802
1782334643.162355,1757
1782334643.162356,1743
1782334643.162357,1778
1782334643.162357,1793
1782334643.162358,1899
1782334643.162359,1880
1782334643.162359,1839
1782334643.16236,1859
1782334643.1636212,1828
1782334643.166771,1857
1782334643.166773,1765
1782334643.166774,1845
1782334643.166775,1822
1782334643.168046,1846
1782334643.169329,1860
1782334643.170618,1828
1782334643.171886,1859
1782334643.171888,1843
1782334643.173165,1843
1782334643.17445,1866
1782334643.1757388,1889
1782334643.175745,1915
1782334643.1770291,1954
1782334643.1783109,1906
1782334643.179601,1871
1782334643.181063,1826
1782334643.1810648,1819
1782334643.191828,1835
1782334643.191832,1807
1782334643.191833,1756
1782334643.191833,1812
1782334643.1918342,1822
1782334643.191835,1831
1782334643.191835,1848
1782334643.1918359,1951
1782334643.1918368,1927
1782334643.191838,1984
1782334643.191838,1962
1782334643.193103,1953
1782334643.196251,1903
1782334643.1962528,1868
1782334643.196254,1816
1782334643.1975381,1732
1782334643.1988108,1727
1782334643.198813,1748
1782334643.200095,1829
1782334643.2013838,1807
1782334643.202663,1807
1782334643.2026691,1823
1782334643.2039502,1829
1782334643.205238,1836
1782334643.206521,1841
1782334643.207805,1833
1782334643.207811,1774
1782334643.209096,1804
1782334643.2103832,1810
1782334643.211945,1806
1782334643.211947,1839
1782334643.222528,1924
1782334643.222531,1910
1782334643.222532,1890
1782334643.2225332,1946
1782334643.2225332,1923
1782334643.222534,1896
1782334643.222535,1846
1782334643.2225358,1849
1782334643.2225358,1833
1782334643.222537,1810
1782334643.223812,1810
1782334643.223816,1875
1782334643.226877,1807
1782334643.226879,1816
1782334643.22688,1800
1782334643.228148,1791
1782334643.2294369,1804
1782334643.230731,1755
1782334643.230738,1796
1782334643.23202,1846
1782334643.2333062,1813
1782334643.234593,1849
1782334643.235893,1856
1782334643.2359,1895
1782334643.2371871,1914
1782334643.2384791,1889
1782334643.2397702,1906
1782334643.239777,1920
1782334643.241348,1976
1782334643.2521029,1979
1782334643.252107,1960
1782334643.252108,1865
1782334643.252109,1830
1782334643.252109,1788
1782334643.25211,1764
1782334643.2521112,1824
1782334643.2521112,1804
1782334643.252112,1796
1782334643.2521129,1842
1782334643.2521129,1887
1782334643.253376,1839
1782334643.2564092,1810
1782334643.2564108,1797
1782334643.2564118,1861
1782334643.257678,1827
1782334643.25768,1825
1782334643.2589598,1801
1782334643.2602508,1781
1782334643.2615402,1761
1782334643.26283,1729
1782334643.262837,1796
1782334643.264123,1833
1782334643.265408,1844
1782334643.266695,1842
1782334643.2667022,1847
1782334643.267988,1849
1782334643.269278,1868
1782334643.270551,1878
1782334643.272002,1880
1782334643.272005,1908
1782334643.2828548,1903
1782334643.282859,1867
1782334643.28286,1856
1782334643.282861,1867
1782334643.282861,1851
1782334643.2828622,1836
1782334643.2828631,1885
1782334643.2828631,1858
1782334643.282864,1848
1782334643.2828648,1875
1782334643.2828648,1839
1782334643.2841332,1879
1782334643.287026,1887
1782334643.287029,1866
1782334643.28703,1855
1782334643.2882938,1871
1782334643.289556,1875
1782334643.290841,1823
1782334643.290847,1754
1782334643.292133,1835
1782334643.2934232,1853
1782334643.293429,1833
1782334643.294716,1723
1782334643.294723,1791
1782334643.296009,1822
1782334643.297297,1853
1782334643.298582,1871
1782334643.29987,1863
1782334643.2998762,1859
1782334643.301161,1848
1782334643.303081,1839
1782334643.303083,1816
1782334643.313617,1870
1782334643.3136199,1813
1782334643.313621,1833
1782334643.313622,1800
1782334643.313623,1821
1782334643.313623,1864
1782334643.3136241,1870
1782334643.313625,1857
1782334643.313626,1839
1782334643.313626,1842
1782334643.3136342,1839
1782334643.3149,1819
1782334643.318126,1898
1782334643.318128,1916
1782334643.3181288,1939
1782334643.319394,1919
1782334643.3206751,1980
1782334643.3206809,1871
1782334643.321965,1835
1782334643.3232489,1827
1782334643.324532,1830
1782334643.325817,1858
1782334643.325823,1770
1782334643.3271072,1800
1782334643.328396,1839
1782334643.3296828,1863
1782334643.329689,1882
1782334643.3309739,1846
1782334643.332263,1868
1782334643.333745,1821
1782334643.3337479,1791
1782334643.344241,1791
1782334643.344244,1826
1782334643.344245,1837
1782334643.344246,1807
1782334643.344246,1834
1782334643.344247,1883
1782334643.344248,1892
1782334643.344248,1857
1782334643.344249,1831
1782334643.3442502,1775
1782334643.345521,1770
1782334643.348442,1787
1782334643.348444,1825
1782334643.348445,1830
1782334643.349712,1828
1782334643.3497138,1863
1782334643.350996,1871
1782334643.352287,1852
1782334643.353576,1935
1782334643.354862,1889
1782334643.354869,1858
1782334643.356149,1894
1782334643.357433,1869
1782334643.358721,1819
1782334643.358727,1773
1782334643.360042,1853
1782334643.3613281,1844
1782334643.362619,1839
1782334643.364199,1837
1782334643.364201,1865
1782334643.3748631,1876
1782334643.374866,1824
1782334643.374867,1832
1782334643.374868,1847
1782334643.374868,1846
1782334643.374869,1865
1782334643.37487,1876
1782334643.37487,1917
1782334643.374871,1902
1782334643.374872,1874
1782334643.374872,1947
1782334643.376147,1903
1782334643.379318,1874
1782334643.379321,1812
1782334643.379322,1817
1782334643.380619,1848
1782334643.38191,1807
1782334643.381917,1834
1782334643.383204,1803
1782334643.384479,1807
1782334643.3857641,1894
1782334643.385771,1880
1782334643.387058,1819
1782334643.3883479,1760
1782334643.389635,1766
1782334643.390929,1774
1782334643.390935,1671
1782334643.392223,1734
1782334643.3937469,1775
1782334643.39375,1806
1782334643.404293,1820
1782334643.404295,1830
1782334643.404296,1871
1782334643.4042969,1846
1782334643.404298,1814
1782334643.404298,1828
1782334643.404299,1844
1782334643.4043,1864
1782334643.4043012,1857
1782334643.4043021,1846
1782334643.4055638,1858
1782334643.408455,1832
1782334643.408457,1822
1782334643.408458,1914
1782334643.409725,1935
1782334643.4097269,1853
1782334643.4110122,1823
1782334643.4123032,1822
1782334643.413592,1826
1782334643.414888,1856
1782334643.414894,1854
1782334643.4161768,1866
1782334643.4174678,1844
1782334643.4187589,1949
1782334643.418765,1966
1782334643.4200509,1912
1782334643.42134,1935
1782334643.4226298,1928
1782334643.424247,1900
1782334643.4242501,1836
1782334643.434856,1853
1782334643.43486,1789
1782334643.434861,1789
1782334643.434861,1802
1782334643.4348621,1743
1782334643.434863,1780
1782334643.434864,1825
1782334643.434864,1850
1782334643.434865,1874
1782334643.434866,1900
1782334643.434866,1863
1782334643.434867,1838
1782334643.4361322,1824
1782334643.439132,1831
1782334643.439134,1832
1782334643.439135,1860
1782334643.440402,1826
1782334643.441684,1816
1782334643.4416902,1839
1782334643.442973,1824
1782334643.444264,1832
1782334643.445555,1812
1782334643.4468439,1807
1782334643.446851,1839
1782334643.448132,1839
1782334643.449418,1869
1782334643.4507039,1826
1782334643.450711,1794
1782334643.451998,1797
1782334643.4532852,1835
1782334643.454575,1908
1782334643.45594,1821
1782334643.4559438,1845
1782334643.4665449,1834
1782334643.466549,1846
1782334643.46655,1830
1782334643.46655,1866
1782334643.466551,1884
1782334643.466552,1907
1782334643.466552,1898
1782334643.466553,1900
1782334643.4665542,1901
1782334643.4665542,1888
1782334643.46782,1866
1782334643.467822,1843
1782334643.470732,1844
1782334643.470735,1849
1782334643.4707358,1901
1782334643.4720168,1899
1782334643.473289,1880
1782334643.474572,1836
1782334643.475863,1818
1782334643.475869,1839
1782334643.477157,1839
1782334643.478442,1839
1782334643.4797308,1854
1782334643.479737,1836
1782334643.481017,1823
1782334643.482302,1876
1782334643.483586,1815
1782334643.485456,1769
1782334643.48546,1835
1782334643.495779,1826
1782334643.4957829,1793
1782334643.4957829,1759
1782334643.495784,1784
1782334643.495785,1823
1782334643.495786,1801
1782334643.495787,1824
1782334643.495788,1852
1782334643.495788,1867
1782334643.495789,1837
1782334643.49579,1827
1782334643.4970539,1850
1782334643.500032,1846
1782334643.500035,1861
1782334643.500036,1912
1782334643.501303,1877
1782334643.5025952,1865
1782334643.5038872,1855
1782334643.503894,1880
1782334643.5051808,1878
1782334643.506467,1874
1782334643.507754,1862
1782334643.507761,1958
1782334643.509046,1939
1782334643.510331,1947
1782334643.511619,1906
1782334643.5129092,1928
1782334643.512915,1919
1782334643.5142038,1931
1782334643.5159192,1870
1782334643.5159209,1868
1782334643.526707,1871
1782334643.526711,1828
1782334643.5267122,1758
1782334643.5267131,1612
1782334643.5267131,1687
1782334643.526714,1693
1782334643.5267148,1768
1782334643.5267148,1790
1782334643.526716,1848
1782334643.526717,1885
1782334643.526717,1930
1782334643.527988,1859
1782334643.5309172,1813
1782334643.53092,1839
1782334643.53092,1839
1782334643.532188,1846
1782334643.533472,1845
1782334643.534762,1869
1782334643.534768,1881
1782334643.536056,1874
1782334643.5373418,1855
1782334643.538625,1827
1782334643.5399098,1836
1782334643.539917,1780
1782334643.541198,1875
1782334643.5424829,1858
1782334643.543774,1850
1782334643.54378,1832
1782334643.545065,1846
1782334643.546349,1852
1782334643.547776,1858
1782334643.5477781,1871
1782334643.558354,1788
1782334643.558357,1848
1782334643.558357,1813
1782334643.558358,1793
1782334643.5583591,1736
1782334643.55836,1781
1782334643.55836,1781
1782334643.558361,1812
1782334643.558362,1887
1782334643.558363,1878
1782334643.558363,1900
1782334643.559629,1915
1782334643.562696,1867
1782334643.562699,1816
1782334643.5627,1867
1782334643.562701,1874
1782334643.563988,1876
1782334643.565264,1876
1782334643.566546,1867
1782334643.5678358,1814
1782334643.567843,1836
1782334643.56913,1853
1782334643.570418,1848
1782334643.571705,1869
1782334643.571712,1870
1782334643.572992,1843
1782334643.5742772,1836
1782334643.575565,1807
1782334643.577101,1903
1782334643.5771031,1925
1782334643.587678,1995
1782334643.587681,1916
1782334643.587682,1851
1782334643.587682,1846
1782334643.587683,1833
1782334643.5876842,1803
1782334643.587685,1716
1782334643.5876858,1775
1782334643.5876858,1798
1782334643.587687,1800
1782334643.587688,1856
1782334643.588968,1864
1782334643.592026,1887
1782334643.5920289,1919
1782334643.59203,1959
1782334643.5932958,1938
1782334643.594583,1863
1782334643.595872,1849
1782334643.595878,1792
1782334643.597161,1773
1782334643.5984461,1722
1782334643.599732,1722
1782334643.5997381,1790
1782334643.601023,1837
1782334643.6023118,1861
1782334643.603599,1893
1782334643.6048949,1924
1782334643.604901,1912
1782334643.606186,1839
1782334643.6077728,1803
1782334643.60779,1789
1782334643.618321,1797
1782334643.618325,1833
1782334643.618326,1871
1782334643.618326,1871
1782334643.6183271,1830
1782334643.618328,1839
1782334643.618328,1826
1782334643.618329,1819
1782334643.61833,1764
1782334643.618331,1780
1782334643.619596,1839
1782334643.622665,1843
1782334643.622667,1866
1782334643.622668,1876
1782334643.622669,1870
1782334643.623935,1908
1782334643.625216,1891
1782334643.626505,1881
1782334643.627795,1871
1782334643.6278012,1864
1782334643.6290848,1826
1782334643.630374,1910
1782334643.63166,1906
1782334643.631667,1899
1782334643.632947,1915
1782334643.6342359,1882
1782334643.635509,1842
1782334643.637248,1837
1782334643.63725,1807
1782334643.648014,1825
1782334643.648017,1845
1782334643.648018,1889
1782334643.6480188,1839
1782334643.6480188,1871
1782334643.64802,1993
1782334643.648021,1893
1782334643.648021,1807
1782334643.648022,1782
1782334643.6480231,1812
1782334643.6480231,1820
1782334643.649293,1702
1782334643.652152,1773
1782334643.652155,1860
1782334643.6521559,1876
1782334643.653436,1903
1782334643.654725,1906
1782334643.654732,1879
1782334643.6560152,1855
1782334643.657299,1854
1782334643.658588,1829
1782334643.659877,1839
1782334643.659884,1867
1782334643.661168,1871
1782334643.662455,1851
1782334643.663745,1823
1782334643.663751,1839
1782334643.6650329,1835
1782334643.666323,1843
1782334643.668155,1838
1782334643.668158,1843
1782334643.678549,1768
1782334643.6785522,1801
1782334643.678553,1768
1782334643.678554,1803
1782334643.6785548,1823
1782334643.6785548,1855
1782334643.678556,1907
1782334643.678557,1903
1782334643.678557,1893
1782334643.6785579,1817
1782334643.679822,1831
1782334643.6798239,1829
1782334643.683,1790
1782334643.683003,1763
1782334643.683003,1791
1782334643.684272,1810
1782334643.685558,1844
1782334643.686848,1879
1782334643.6868548,1874
1782334643.686858,1879
1782334643.6881468,1883
1782334643.689434,1837
1782334643.690719,1835
1782334643.6907258,1835
1782334643.692008,1875
1782334643.693299,1860
1782334643.694589,1751
1782334643.695879,1743
1782334643.695885,1797
1782334643.6971672,1807
1782334643.698457,1793
1782334643.6998332,1834
1782334643.6998348,1843
1782334643.710389,1847
1782334643.710392,1859
1782334643.7103932,1844
1782334643.7103941,1892
1782334643.7103941,1908
1782334643.7103949,1886
1782334643.7103958,1979
1782334643.7103958,1899
1782334643.710397,1821
1782334643.710398,1855
1782334643.711659,1858
1782334643.711661,1854
1782334643.714613,1771
1782334643.714615,1829
1782334643.715884,1836
1782334643.715886,1891
1782334643.7171688,1913
1782334643.718459,1902
1782334643.7197492,1862
1782334643.7197561,1860
1782334643.7210398,1856
1782334643.72233,1845
1782334643.723614,1835
1782334643.724899,1866
1782334643.724905,1864
1782334643.726191,1862
1782334643.7274802,1846
1782334643.7295392,1851
1782334643.7295418,1866
1782334643.740059,1787
1782334643.740062,1753
1782334643.740062,1826
1782334643.740063,1815
1782334643.740064,1846
1782334643.740064,1902
1782334643.740065,1911
1782334643.740066,1900
1782334643.740067,1857
1782334643.740067,1874
1782334643.7400682,1804
1782334643.741339,1829
1782334643.744368,1839
1782334643.744371,1863
1782334643.744372,1845
1782334643.745636,1778
1782334643.745638,1706
1782334643.746925,1785
1782334643.748211,1775
1782334643.7494981,1788
1782334643.7507908,1824
1782334643.750797,1813
1782334643.7520819,1855
1782334643.7533739,1836
1782334643.7546601,1876
1782334643.754675,1876
1782334643.75596,1869
1782334643.75725,1866
1782334643.7585201,1870
1782334643.760193,1868
1782334643.7601972,1736
1782334643.770942,1741
1782334643.770947,1771
1782334643.7709482,1829
1782334643.7709491,1886
1782334643.7709491,1879
1782334643.7709498,1892
1782334643.7709508,1804
1782334643.770952,1854
1782334643.770953,1894
1782334643.770953,1875
1782334643.770954,1859
1782334643.772216,1888
1782334643.775428,1883
1782334643.775431,1902
1782334643.7754319,1929
1782334643.776702,1926
1782334643.776705,1911
1782334643.777965,1802
1782334643.779254,1839
1782334643.780546,1823
1782334643.781829,1857
1782334643.781836,1916
1782334643.783117,1916
1782334643.784405,1934
1782334643.785673,1903
1782334643.785675,1894
1782334643.786958,1866
1782334643.788246,1743
1782334643.7895381,1817
1782334643.800256,1781
1782334643.800259,1782
1782334643.80026,1814
1782334643.80026,1820
1782334643.800261,1847
1782334643.800262,1825
1782334643.800263,1827
1782334643.800263,1851
1782334643.800264,1919
1782334643.800265,1874
1782334643.800266,1855
1782334643.8015418,1860
1782334643.804678,1909
1782334643.8046799,1889
1782334643.804681,1958
1782334643.804682,1934
1782334643.805975,1870
1782334643.807244,1827
1782334643.808529,1833
1782334643.8098319,1810
1782334643.8098419,1758
1782334643.811111,1823
1782334643.8123982,1828
1782334643.8136861,1853
1782334643.813693,1881
1782334643.814975,1876
1782334643.8162591,1836
1782334643.817547,1836
1782334643.8175528,1875
1782334643.818841,1852
1782334643.818849,1816
1782334643.82019,1768
1782334643.830921,1850
1782334643.830925,1852
1782334643.8309262,1871
1782334643.8309271,1871
1782334643.8309278,1864
1782334643.8309288,1827
1782334643.83093,1782
1782334643.830931,1771
1782334643.830932,1771
1782334643.830933,1774
1782334643.830933,1812
1782334643.8322,1850
1782334643.835073,1866
1782334643.835076,1870
1782334643.835077,1852
1782334643.836343,1900
1782334643.838908,1837
1782334643.838915,1843
1782334643.838918,1790
1782334643.840202,1836
1782334643.841488,1861
1782334643.842779,1766
1782334643.8427851,1850
1782334643.844053,1839
1782334643.8453372,1828
1782334643.846624,1793
1782334643.847914,1858
1782334643.847921,1881
1782334643.849207,1886
1782334643.8504949,1864
1782334643.852107,1909
1782334643.8521101,1905
1782334643.862685,1882
1782334643.8626869,1866
1782334643.862688,1842
1782334643.862689,1824
1782334643.86269,1825
1782334643.86269,1836
1782334643.8626912,1875
1782334643.862692,1844
1782334643.862692,1864
1782334643.862693,1881
1782334643.8626938,1830
1782334643.863955,1829
1782334643.8669991,1859
1782334643.867001,1844
1782334643.867002,1834
1782334643.8682702,1892
1782334643.86955,1855
1782334643.8708239,1935
1782334643.870825,1911
1782334643.872103,1893
1782334643.873388,1855
1782334643.8746738,1758
1782334643.87468,1786
1782334643.8759649,1818
1782334643.877281,1855
1782334643.8785841,1853
1782334643.879877,1886
1782334643.879884,1880
1782334643.8813171,1875
1782334643.891767,1855
1782334643.8917692,1819
1782334643.8917692,1797
1782334643.8917701,1853
1782334643.8917708,1880
1782334643.8917708,1912
1782334643.8917718,1887
1782334643.891773,1894
1782334643.891773,1860
1782334643.891774,1807
1782334643.891774,1764
1782334643.893045,1785
1782334643.8958359,1769
1782334643.895839,1800
1782334643.895839,1778
1782334643.897119,1811
1782334643.89841,1828
1782334643.899696,1894
1782334643.899702,1927
1782334643.900987,1967
1782334643.902289,1909
1782334643.90358,1794
1782334643.9048698,1819
1782334643.904876,1810
1782334643.9061592,1783
1782334643.907443,1772
1782334643.908735,1863
1782334643.9087412,1828
1782334643.910027,1861
1782334643.911811,1851
1782334643.911813,1828
1782334643.922424,1820
1782334643.922427,1762
1782334643.922428,1815
1782334643.9224288,1851
1782334643.92243,1887
1782334643.922431,1881
1782334643.922431,1892
1782334643.922432,1845
1782334643.9224331,1816
1782334643.922434,1830
1782334643.923703,1838
1782334643.923706,1898
1782334643.9265149,1864
1782334643.926518,1901
1782334643.927785,1920
1782334643.927787,1882
1782334643.9290721,1826
1782334643.930361,1839
1782334643.931658,1849
1782334643.931674,1846
1782334643.9329731,1900
1782334643.934261,1812
1782334643.9355469,1790
1782334643.936835,1758
1782334643.936841,1752
1782334643.938126,1794
1782334643.939414,1761
1782334643.940704,1788
1782334643.9407098,1826
1782334643.941973,1787
1782334643.9520051,1834
1782334643.952008,1883
1782334643.952009,1880
1782334643.95201,1875
1782334643.952011,1848
1782334643.952012,1794
1782334643.952012,1826
1782334643.952013,1829
1782334643.952014,1851
1782334643.952014,1844
1782334643.9520152,1851
1782334643.953281,1925
1782334643.956393,1929
1782334643.956396,1946
1782334643.956397,1856
1782334643.9576662,1787
1782334643.957668,1835
1782334643.958953,1862
1782334643.9602392,1900
1782334643.961526,1870
1782334643.962816,1844
1782334643.962823,1791
1782334643.964111,1741
1782334643.965397,1839
1782334643.966681,1825
1782334643.966687,1794
1782334643.967971,1760
1782334643.969259,1804
1782334643.9705331,1854
1782334643.97227,1779
1782334643.9722729,1791
1782334643.982909,1834
1782334643.982912,1794
1782334643.982913,1839
1782334643.982914,1876
1782334643.982914,1871
1782334643.9829152,1885
1782334643.982916,1847
1782334643.982917,1854
1782334643.982917,1874
1782334643.9829178,1878
1782334643.982919,1866
1782334643.984192,1856
1782334643.987124,1828
1782334643.987127,1818
1782334643.987128,1839
1782334643.988391,1839
1782334643.9896572,1854
1782334643.9896588,1876
1782334643.990944,1900
1782334643.99223,1864
1782334643.993521,1813
1782334643.9948108,1837
1782334643.994817,1848
1782334643.9961011,1860
1782334643.997391,1954
1782334643.998678,1897
1782334643.998684,1846
1782334643.9999628,1852
1782334644.001249,1796
1782334644.0029702,1801
1782334644.002972,1709
1782334644.013591,1775
1782334644.0135949,1828
1782334644.0135949,1819
1782334644.0136,1799
1782334644.013601,1833
1782334644.013601,1810
1782334644.013602,1775
1782334644.013603,1878
1782334644.013603,1907
1782334644.0136042,1925
1782334644.014873,1929
1782334644.014875,1949
1782334644.018186,1897
1782334644.018188,1871
1782334644.018189,1868
1782334644.019456,1837
1782334644.020739,1838
1782334644.020746,1807
1782334644.022034,1856
1782334644.0233212,1894
1782334644.024609,1888
1782334644.025899,1917
1782334644.0259058,1917
1782334644.027192,1897
1782334644.02848,1865
1782334644.029769,1856
1782334644.0297751,1931
1782334644.031063,1879
1782334644.032353,1825
1782334644.03368,1871
1782334644.033683,1848
1782334644.044432,1826
1782334644.044435,1824
1782334644.044435,1881
1782334644.044436,1961
1782334644.044437,1951
1782334644.0444381,1889
1782334644.0444381,1849
1782334644.044439,1831
1782334644.04444,1819
1782334644.04444,1778
1782334644.045708,1807
1782334644.04571,1849
1782334644.0486898,1855
1782334644.048693,1871
1782334644.048693,1828
1782334644.0499609,1847
1782334644.051245,1828
1782334644.052536,1792
1782334644.053826,1787
1782334644.053833,1764
1782334644.055121,1826
1782334644.0564082,1834
1782334644.057694,1789
1782334644.0577002,1803
1782334644.058985,1801
1782334644.060273,1806
1782334644.0615659,1791
1782334644.0637052,1918
1782334644.0637069,1874
1782334644.063712,1834
1782334644.0742311,1838
1782334644.074233,1827
1782334644.074234,1805
1782334644.074235,1754
1782334644.074236,1819
1782334644.074236,1856
1782334644.0742369,1941
1782334644.074238,1901
1782334644.074239,1846
1782334644.074239,1858
1782334644.0755079,1820
1782334644.078743,1860
1782334644.078746,1857
1782334644.0787468,1862
1782334644.078748,1858
1782334644.079862,1889
1782334644.081123,1871
1782334644.081125,1880
1782334644.08241,1848
1782334644.0836968,1798
1782334644.083703,1797
1782334644.08499,1791
1782334644.086281,1751
1782334644.0875661,1800
1782334644.088856,1835
1782334644.088862,1837
1782334644.090142,1853
1782334644.0914261,1830
1782334644.092714,1848
1782334644.092721,1892
1782334644.093987,1957
1782334644.104139,1933
1782334644.1041422,1874
1782334644.1041431,1868
1782334644.1041431,1827
1782334644.1041439,1784
1782334644.1041448,1745
1782334644.1041448,1788
1782334644.104146,1794
1782334644.104147,1800
1782334644.104148,1842
1782334644.10541,1873
1782334644.108246,1859
1782334644.1082492,1810
1782334644.1082492,1839
1782334644.109518,1849
1782334644.110802,1862
1782334644.1108081,1903
1782334644.1120949,1903
1782334644.113384,1877
1782334644.114671,1836
1782334644.114677,1848
1782334644.1159601,1842
1782334644.117246,1824
1782334644.1185348,1843
1782334644.119824,1880
1782334644.119831,1869
1782334644.1211169,1874
1782334644.1224031,1865
1782334644.1244109,1844
1782334644.124414,1855
1782334644.1349812,1876
1782334644.134984,1979
1782334644.134985,1931
1782334644.134986,1903
1782334644.134987,1843
1782334644.134987,1837
1782334644.134988,1825
1782334644.134989,1768
1782334644.134989,1809
1782334644.13499,1805
1782334644.1349912,1803
1782334644.136256,1837
1782334644.139452,1820
1782334644.139454,1807
1782334644.139455,1785
1782334644.140722,1821
1782334644.140725,1863
1782334644.142016,1896
1782334644.143306,1852
1782334644.144595,1787
1782334644.145893,1812
1782334644.145899,1806
1782334644.1471848,1819
1782334644.148471,1848
1782334644.1497548,1883
1782334644.1497622,1891
1782334644.1510458,1924
1782334644.152334,1919
1782334644.153617,1870
1782334644.154906,1817
1782334644.154913,1778
1782334644.156179,1800
1782334644.166763,1853
1782334644.1667662,1890
1782334644.1667671,1910
1782334644.166768,1907
1782334644.1667688,1901
1782334644.1667688,1908
1782334644.16677,1868
1782334644.166771,1835
1782334644.166772,1762
1782334644.166772,1791
1782334644.166773,1796
1782334644.168045,1814
1782334644.171104,1786
1782334644.171106,1762
1782334644.171107,1823
1782334644.172385,1804
1782334644.1736698,1797
1782334644.173676,1862
1782334644.1749609,1868
1782334644.176246,1871
1782334644.178813,1831
1782334644.1788201,1866
1782334644.1788218,1837
1782334644.180108,1867
1782334644.181392,1860
1782334644.182676,1886
1782334644.182682,1871
1782334644.1839669,1856
1782334644.1854541,1788
1782334644.1958442,1755
1782334644.195848,1791
1782334644.195849,1812
1782334644.195849,1836
1782334644.19585,1839
1782334644.195851,1933
1782334644.195851,1892
1782334644.195852,1857
1782334644.195853,1854
1782334644.1958542,1856
1782334644.1958542,1879
1782334644.197119,1775
1782334644.200161,1795
1782334644.200164,1858
1782334644.200165,1909
1782334644.2014349,1874
1782334644.202722,1880
1782334644.20273,1851
1782334644.204014,1807
1782334644.205309,1818
1782334644.2065952,1850
1782334644.207882,1837
1782334644.2078888,1849
1782334644.209176,1850
1782334644.210463,1864
1782334644.211752,1848
1782334644.2117581,1856
1782334644.211761,1837
1782334644.213048,1835
1782334644.214336,1884
1782334644.215956,1886
1782334644.215959,1902
1782334644.226731,1887
1782334644.226735,1851
1782334644.226736,1855
1782334644.2267368,1901
1782334644.2267368,1888
1782334644.226738,1928
1782334644.226739,1910
1782334644.226739,1821
1782334644.22674,1763
1782334644.226741,1819
1782334644.226741,1719
1782334644.2280152,1684
1782334644.231095,1687
1782334644.2310982,1770
1782334644.2310982,1787
1782334644.232361,1798
1782334644.233645,1811
1782334644.233662,1879
1782334644.2349582,1918
1782334644.2362502,1902
1782334644.237538,1897
1782334644.238826,1938
1782334644.2388322,1907
1782334644.240114,1855
1782334644.2414012,1818
1782334644.242687,1794
1782334644.242694,1786
1782334644.243978,1786
1782334644.245267,1846
1782334644.247143,1882
1782334644.247146,1871
1782334644.2576761,1894
1782334644.257679,1878
1782334644.25768,1855
1782334644.257681,1842
1782334644.257681,1839
1782334644.2576818,1850
1782334644.257683,1899
1782334644.257684,1944
1782334644.257684,1894
1782334644.257685,1882
1782334644.257686,1882
1782334644.258952,1786
1782334644.261909,1819
1782334644.261912,1738
1782334644.261913,1733
1782334644.263197,1799
1782334644.2644649,1832
1782334644.265748,1856
1782334644.265755,1825
1782334644.2670422,1878
1782334644.268333,1916
1782334644.2696161,1935
1782334644.270904,1892
1782334644.27091,1838
1782334644.272196,1839
1782334644.273481,1882
1782334644.274766,1818
1782334644.274772,1864
1782334644.2760582,1887
1782334644.2773278,1855
1782334644.2875168,1850
1782334644.28752,1783
1782334644.2875211,1810
1782334644.287522,1810
1782334644.287522,1827
1782334644.287523,1830
1782334644.287524,1865
1782334644.287524,1842
1782334644.2875252,1858
1782334644.287526,1937
1782334644.2887921,1935
1782334644.288794,1874
1782334644.291776,1821
1782334644.291779,1845
1782334644.29178,1863
1782334644.293049,1813
1782334644.2943301,1812
1782334644.295619,1822
1782334644.296911,1857
1782334644.296918,1851
1782334644.298199,1880
1782334644.299484,1816
1782334644.3007731,1857
1782334644.300779,1852
1782334644.302062,1862
1782334644.303351,1884
1782334644.304621,1856
1782334644.3059042,1864
1782334644.30591,1855
1782334644.307822,1859
1782334644.3078241,1864
1782334644.318582,1813
1782334644.318584,1828
1782334644.3185852,1781
1782334644.3185852,1752
1782334644.318586,1792
1782334644.3185868,1880
1782334644.318588,1934
1782334644.318588,1880
1782334644.318589,1912
1782334644.31859,1858
1782334644.319859,1737
1782334644.319863,1791
1782334644.3230588,1782
1782334644.323062,1787
1782334644.3230631,1847
1782334644.324327,1834
1782334644.325623,1852
1782334644.32691,1814
1782334644.326916,1887
1782334644.328204,1923
1782334644.3294919,1934
1782334644.330782,1912
1782334644.330789,1908
1782334644.3320699,1886
1782334644.333354,1857
1782334644.33464,1903
1782334644.3346581,1866
1782334644.335953,1839
1782334644.337245,1854
1782334644.338512,1807
1782334644.3488362,1804
1782334644.3488379,1783
1782334644.3488388,1796
1782334644.34884,1775
1782334644.348841,1821
1782334644.348842,1822
1782334644.348842,1816
1782334644.348843,1822
1782334644.348844,1772
1782334644.348844,1804
1782334644.348845,1807
1782334644.3488462,1850
1782334644.3501189,1853
1782334644.3531132,1949
1782334644.3531148,1910
1782334644.3531148,1842
1782334644.354383,1822
1782334644.355666,1862
1782334644.355673,1828
1782334644.356957,1755
1782334644.358243,1781
1782334644.359531,1835
1782334644.3608232,1815
1782334644.3608289,1830
1782334644.3621151,1930
1782334644.363403,1941
1782334644.364697,1887
1782334644.364703,1876
1782334644.3659892,1839
1782334644.367867,1850
1782334644.367869,1871
1782334644.3786108,1919
1782334644.378614,1895
1782334644.3786151,1865
1782334644.3786151,1855
1782334644.378616,1837
1782334644.378617,1813
1782334644.378618,1796
1782334644.378619,1850
1782334644.378619,1880
1782334644.37862,1865
1782334644.378627,1831
1782334644.3798919,1807
1782334644.3827431,1807
1782334644.382745,1800
1782334644.3827462,1805
1782334644.384013,1875
1782334644.3852968,1852
1782334644.386585,1842
1782334644.3878772,1845
1782334644.3878841,1847
1782334644.389172,1846
1782334644.390456,1815
1782334644.391762,1864
1782334644.3917701,1875
1782334644.393057,1870
1782334644.394345,1849
1782334644.3956301,1868
1782334644.396925,1860
1782334644.3969321,1871
1782334644.3982139,1848
1782334644.3996558,1834
1782334644.399679,1820
1782334644.41066,1788
1782334644.410663,1834
1782334644.4106638,1815
1782334644.4106638,1807
1782334644.410665,1807
1782334644.410666,1839
1782334644.410666,1855
1782334644.410667,1908
1782334644.4106681,1865
1782334644.410669,1856
1782334644.410669,1858
1782334644.4119308,1856
1782334644.415061,1863
1782334644.415064,1862
1782334644.415064,1884
1782334644.41633,1955
1782334644.417613,1900
1782334644.418902,1881
1782334644.4189079,1871
1782334644.4201941,1887
1782334644.421485,1871
1782334644.42277,1766
1782334644.4227772,1798
1782334644.424057,1826
1782334644.425345,1857
1782334644.426629,1858
1782334644.4279182,1834
1782334644.427924,1782
1782334644.4295921,1768
1782334644.4399402,1742
1782334644.4399428,1778
1782334644.439944,1823
1782334644.439945,1784
1782334644.439946,1733
1782334644.439946,1801
1782334644.439947,1829
1782334644.439948,1893
1782334644.439948,1945
1782334644.439949,1931
1782334644.43995,1878
1782334644.441223,1856
1782334644.444203,1807
1782334644.444206,1825
1782334644.4442072,1895
1782334644.445475,1891
1782334644.446761,1877
1782334644.446768,1847
1782334644.448051,1837
1782334644.449337,1902
1782334644.450623,1884
1782334644.451908,1870
1782334644.451915,1832
1782334644.453202,1835
1782334644.4544919,1828
1782334644.45578,1741
1782334644.455787,1794
1782334644.457074,1818
1782334644.4583611,1835
1782334644.460097,1896
1782334644.460099,1866
1782334644.47087,1851
1782334644.470873,1832
1782334644.470874,1856
1782334644.470874,1821
1782334644.4708748,1820
1782334644.470876,1814
1782334644.470876,1835
1782334644.470877,1811
1782334644.470878,1823
1782334644.470878,1849
1782334644.470879,1853
1782334644.472148,1886
1782334644.4750888,1890
1782334644.475091,1884
1782334644.475092,1846
1782334644.476359,1881
1782334644.476361,1912
1782334644.477639,1865
1782334644.477657,1860
1782334644.4789429,1813
1782334644.480233,1885
1782334644.481517,1865
1782334644.482802,1831
1782334644.482808,1823
1782334644.4840949,1813
1782334644.485386,1832
1782334644.486676,1743
1782334644.4866822,1800
1782334644.487969,1830
1782334644.489664,1842
1782334644.489682,1829
1782334644.5001469,1843
1782334644.50015,1857
1782334644.50015,1867
1782334644.5001512,1852
1782334644.500152,1871
1782334644.500152,1852
1782334644.500153,1846
1782334644.500154,1899
1782334644.500155,1871
1782334644.500155,1783
1782334644.5014222,1816
1782334644.5044649,1793
1782334644.504468,1857
1782334644.504469,1838
1782334644.505753,1830
1782334644.505759,1866
1782334644.507031,1817
1782334644.508311,1831
1782334644.5096068,1836
1782334644.510897,1820
1782334644.5109031,1787
1782334644.5121868,1829
1782334644.513474,1930
1782334644.5147579,1888
1782334644.516043,1804
1782334644.516049,1821
1782334644.517334,1828
1782334644.518621,1857
1782334644.520389,1821
1782334644.520391,1851
1782334644.5308712,1812
1782334644.530874,1800
1782334644.530875,1813
1782334644.530875,1861
1782334644.530876,1897
1782334644.5308769,1896
1782334644.5308769,1867
1782334644.530878,1839
1782334644.530879,1861
1782334644.530879,1865
1782334644.53088,1871
1782334644.5321522,1865
1782334644.535039,1800
1782334644.535042,1901
1782334644.535043,1881
1782334644.536309,1864
1782334644.5375948,1869
1782334644.538898,1854
1782334644.538904,1874
1782334644.540185,1891
1782334644.5414689,1824
1782334644.542759,1845
1782334644.5427651,1831
1782334644.544051,1907
1782334644.5453389,2015
1782334644.546622,1976
1782334644.547909,1874
1782334644.547915,1774
1782334644.549201,1750
1782334644.550473,1763
1782334644.551734,1734
1782334644.551736,1812
1782334644.5619268,1849
1782334644.561929,1839
1782334644.56193,1874
1782334644.561931,1858
1782334644.561931,1852
1782334644.561932,1902
1782334644.561933,1917
1782334644.561933,1928
1782334644.561934,1945
1782334644.5619352,1919
1782334644.5631979,1848
1782334644.566306,1834
1782334644.56631,1784
1782334644.566311,1735
1782334644.5675788,1730
1782334644.568866,1768
1782334644.568873,1772
1782334644.5701618,1800
1782334644.571455,1839
1782334644.572743,1880
1782334644.57275,1912
1782334644.5740318,1910
1782334644.5753222,1824
1782334644.576618,1807
1782334644.577909,1868
1782334644.577915,1973
1782334644.5792031,1935
1782334644.5805252,1815
1782334644.591817,1885
1782334644.59182,1903
1782334644.591831,1853
1782334644.5918322,1765
1782334644.591833,1812
1782334644.591834,1839
1782334644.591834,1807
1782334644.5918348,1803
1782334644.591836,1791
1782334644.591837,1849
1782334644.591837,1871
1782334644.591838,1854
1782334644.593102,1865
1782334644.59615,1856
1782334644.5961542,1870
1782334644.5961542,1835
1782334644.597444,1820
1782334644.598738,1853
1782334644.598745,1836
1782334644.600032,1826
1782334644.601321,1868
1782334644.6026108,1869
1782334644.603901,1863
1782334644.603908,1871
1782334644.605194,1852
1782334644.6064792,1837
1782334644.607763,1835
1782334644.6077702,1843
1782334644.6077719,1879
1782334644.609059,1949
1782334644.610349,1942
1782334644.612048,1938
1782334644.612051,1887
1782334644.622622,1854
1782334644.622624,1834
1782334644.622625,1733
1782334644.622625,1774
1782334644.622626,1782
1782334644.622627,1790
1782334644.622627,1865
1782334644.6226282,1842
1782334644.6226292,1835
1782334644.6226292,1826
1782334644.6226351,1798
1782334644.623918,1855
1782334644.626704,1866
1782334644.6267068,1854
1782334644.6267068,1864
1782334644.627973,1884
1782334644.629257,1823
1782334644.630542,1813
1782334644.631826,1806
1782334644.6318321,1807
1782334644.633114,1824
1782334644.634402,1832
1782334644.635686,1823
1782334644.6356921,1807
1782334644.636978,1837
1782334644.638263,1850
1782334644.639552,1861
1782334644.640842,1862
1782334644.640848,1816
1782334644.642111,1891
1782334644.65219,1868
1782334644.652193,1797
1782334644.652194,1822
1782334644.652195,1807
1782334644.6521962,1806
1782334644.6521962,1768
1782334644.6521971,1847
1782334644.6521978,1855
1782334644.6521978,1886
1782334644.652199,1877
1782334644.653468,1860
1782334644.656456,1850
1782334644.65646,1822
1782334644.656461,1834
1782334644.657729,1813
1782334644.657731,1804
1782334644.659013,1833
1782334644.660301,1854
1782334644.6615932,1870
1782334644.662893,1899
1782334644.662899,1906
1782334644.664185,1864
1782334644.66547,1839
1782334644.66676,1896
1782334644.6667662,1910
1782334644.668052,1930
1782334644.669344,1895
1782334644.670631,1845
1782334644.67249,1788
1782334644.672492,1791
1782334644.682791,1791
1782334644.682794,1883
1782334644.682795,1844
1782334644.682795,1846
1782334644.682796,1853
1782334644.682797,1829
1782334644.682797,1803
1782334644.6827981,1754
1782334644.682799,1779
1782334644.6828,1807
1782334644.6828,1823
1782334644.684062,1833
1782334644.687077,1882
1782334644.687079,1889
1782334644.68708,1894
1782334644.688364,1888
1782334644.689631,1859
1782334644.6896331,1830
1782334644.690916,1782
1782334644.692203,1802
1782334644.693491,1748
1782334644.6947799,1779
1782334644.694786,1843
1782334644.696069,1799
1782334644.697359,1865
1782334644.698653,1951
1782334644.698669,1954
1782334644.700002,1907
1782334644.7012951,1819
1782334644.7025669,1804
1782334644.704202,1857
1782334644.704204,1856
1782334644.714566,1871
1782334644.7145689,1771
1782334644.7145689,1797
1782334644.71457,1815
1782334644.714571,1764
1782334644.714572,1814
1782334644.714572,1826
1782334644.7145731,1794
1782334644.714574,1758
1782334644.714574,1822
1782334644.715842,1817
1782334644.7158442,1882
1782334644.719137,1902
1782334644.719141,1887
1782334644.719142,1913
1782334644.7204301,1974
1782334644.7217221,1939
1782334644.721729,1909
1782334644.7230122,1883
1782334644.7243001,1797
1782334644.725586,1816
1782334644.726889,1881
1782334644.726895,1810
1782334644.728178,1828
1782334644.7294679,1825
1782334644.730759,1828
1782334644.730765,1832
1782334644.7320518,1752
1782334644.7339451,1816
1782334644.7339468,1826
1782334644.744472,1849
1782334644.744475,1847
1782334644.7444758,1871
1782334644.744477,1856
1782334644.744478,1935
1782334644.744478,1834
1782334644.744479,1779
1782334644.74448,1828
1782334644.74448,1831
1782334644.744481,1775
1782334644.744482,1711
1782334644.7457469,1796
1782334644.745749,1803
1782334644.7489212,1826
1782334644.748924,1839
1782334644.748925,1857
1782334644.750195,1871
1782334644.751483,1886
1782334644.752776,1908
1782334644.752782,1871
1782334644.754069,1888
1782334644.755359,1885
1782334644.756654,1838
1782334644.756671,1805
1782334644.757974,1830
1782334644.759265,1862
1782334644.760556,1877
1782334644.761843,1886
1782334644.7618492,1862
1782334644.763115,1870
1782334644.7740319,1940
1782334644.774039,1918
1782334644.77404,1870
1782334644.7740412,1822
1782334644.7740412,1825
1782334644.7740421,1811
1782334644.7740428,1877
1782334644.7740438,1911
1782334644.7740438,1874
1782334644.774045,1790
1782334644.774046,1816
1782334644.775315,1817
1782334644.778806,1835
1782334644.77881,1806
1782334644.778811,1820
1782334644.778812,1842
1782334644.7801049,1867
1782334644.781376,1855
1782334644.782657,1825
1782334644.782676,1860
1782334644.783968,1890
1782334644.785255,1856
1782334644.786541,1862
1782334644.787831,1924
1782334644.787838,1901
1782334644.789123,1878
1782334644.790408,1865
1782334644.7916942,1855
1782334644.7917,1835
1782334644.793567,1798
1782334644.8043242,1802
1782334644.804327,1849
1782334644.804328,1853
1782334644.804329,1876
1782334644.8043299,1896
1782334644.804331,1890
1782334644.804331,1855
1782334644.804332,1769
1782334644.804333,1757
1782334644.8043342,1828
1782334644.8043342,1786
1782334644.8055968,1844
1782334644.8087301,1845
1782334644.8087318,1867
1782334644.808733,1874
1782334644.808733,1786
1782334644.8100102,1877
1782334644.8113012,1860
1782334644.812602,1816
1782334644.8139038,1807
1782334644.813911,1816
1782334644.815192,1817
1782334644.816482,1836
1782334644.817781,1812
1782334644.817787,1828
1782334644.8190532,1848
1782334644.820341,1839
1782334644.8216288,1857
1782334644.82295,1846
1782334644.822953,1870
1782334644.83329,1935
1782334644.833293,1934
1782334644.833293,1914
1782334644.8332942,1835
1782334644.833295,1856
1782334644.833295,1868
1782334644.8332958,1870
1782334644.833297,1887
1782334644.833297,1862
1782334644.833298,1822
1782334644.8345659,1783
1782334644.837624,1871
1782334644.8376262,1892
1782334644.837627,1863
1782334644.837632,1871
1782334644.838919,1874
1782334644.840194,1903
1782334644.841475,1837
1782334644.842765,1807
1782334644.842771,1806
1782334644.8440378,1814
1782334644.845323,1810
1782334644.846612,1800
1782334644.847897,1828
1782334644.847904,1854
1782334644.8491871,1860
1782334644.850473,1883
1782334644.8517618,1869
1782334644.851769,1918
1782334644.853052,1832
1782334644.8549309,1796
1782334644.854933,1812
1782334644.865543,1848
1782334644.865546,1843
1782334644.865547,1846
1782334644.8655481,1862
1782334644.8655481,1785
1782334644.865549,1765
1782334644.86555,1787
1782334644.86555,1864
1782334644.865551,1864
1782334644.865551,1871
1782334644.866822,1871
1782334644.8668249,1861
1782334644.8697028,1939
1782334644.869706,1858
1782334644.869707,1805
1782334644.870974,1816
1782334644.87226,1800
1782334644.873546,1811
1782334644.8735528,1764
1782334644.874837,1822
1782334644.874843,1812
1782334644.87613,1825
1782334644.8774002,1846
1782334644.878689,1880
1782334644.878696,1863
1782334644.879982,1858
1782334644.881272,1852
1782334644.88254,1946
1782334644.883822,1970
1782334644.883828,1916
1782334644.88558,1901
1782334644.895995,1895
1782334644.8959968,1864
1782334644.895998,1867
1782334644.895999,1839
1782334644.895999,1802
1782334644.896,1738
1782334644.896001,1761
1782334644.896001,1820
1782334644.896002,1886
1782334644.896003,1881
1782334644.896003,1823
1782334644.897275,1839
1782334644.900121,1838
1782334644.900123,1939
1782334644.9001238,1964
1782334644.901392,1860
1782334644.902654,1798
1782334644.902656,1795
1782334644.9039402,1805
1782334644.905231,1749
1782334644.906514,1761
1782334644.9078028,1855
1782334644.907809,1864
1782334644.9090948,1876
1782334644.910379,1818
1782334644.911665,1802
1782334644.911671,1796
1782334644.912956,1786
1782334644.9142451,1778
1782334644.916337,1764
1782334644.916339,1821
1782334644.926843,1861
1782334644.926846,1884
1782334644.926847,1807
1782334644.926848,1858
1782334644.9268491,1867
1782334644.92685,1862
1782334644.926851,1836
1782334644.926852,1845
1782334644.9268532,1843
1782334644.9268532,1894
1782334644.926854,1869
1782334644.9281201,1895
1782334644.931113,1922
1782334644.931115,1939
1782334644.931116,1919
1782334644.932384,1935
1782334644.933665,1820
1782334644.933681,1807
1782334644.934967,1769
1782334644.9362571,1767
1782334644.9375439,1830
1782334644.9388318,1775
1782334644.938839,1823
1782334644.9401212,1839
1782334644.9414048,1800
1782334644.9426959,1817
1782334644.942702,1832
1782334644.943964,1848
1782334644.945246,1858
1782334644.9465349,1871
1782334644.947865,1853
1782334644.947867,1877
1782334644.958551,1820
1782334644.958554,1758
1782334644.958555,1797
1782334644.958556,1908
1782334644.958557,1903
1782334644.9585578,1894
1782334644.9585578,1894
1782334644.958559,1839
1782334644.95856,1774
1782334644.958561,1801
1782334644.959832,1855
1782334644.9598348,1882
1782334644.962798,1864
1782334644.962801,1795
1782334644.962801,1842
1782334644.964088,1971
1782334644.965376,1916
1782334644.966662,1871
1782334644.966669,1866
1782334644.96795,1871
1782334644.9692411,1897
1782334644.97053,1834
1782334644.971819,1843
1782334644.9718258,1823
1782334644.973106,1803
1782334644.9743931,1844
1782334644.975679,1849
1782334644.975702,1828
1782334644.9772758,1832
1782334644.987865,1816
1782334644.9878678,1847
1782334644.987869,1868
1782334644.987869,1860
1782334644.98787,1861
1782334644.987871,1795
1782334644.987872,1815
1782334644.987872,1783
1782334644.987873,1843
1782334644.987874,1807
1782334644.987874,1792
1782334644.989146,1798
1782334644.992203,1828
1782334644.9922051,1902
1782334644.992206,1890
1782334644.993472,1821
1782334644.9947572,1779
1782334644.994764,1804
1782334644.996053,1842
1782334644.997341,1899
1782334644.9986281,1906
1782334644.9999201,1862
1782334644.999926,1866
1782334645.0012128,1828
1782334645.002502,1834
1782334645.0037901,1752
1782334645.003797,1791
1782334645.0050821,1829
1782334645.005088,1807
1782334645.006374,1816
1782334645.007901,1866
1782334645.007904,1901
1782334645.018338,1951
1782334645.018341,1867
1782334645.0183418,1870
1782334645.0183418,1861
1782334645.018343,1871
1782334645.018344,1853
1782334645.0183449,1868
1782334645.0183449,1887
1782334645.018346,1861
1782334645.018347,1846
1782334645.019608,1839
1782334645.022516,1843
1782334645.022518,1815
1782334645.022519,1830
1782334645.023803,1874
1782334645.023809,1918
1782334645.025093,1903
1782334645.0263832,1856
1782334645.02767,1866
1782334645.0276759,1959
1782334645.0289652,1899
1782334645.0302532,1890
1782334645.031538,1866
1782334645.032825,1871
1782334645.032831,1902
1782334645.034118,1798
1782334645.035407,1791
1782334645.036695,1823
1782334645.036701,1775
1782334645.037974,1798
1782334645.0481129,1832
1782334645.048116,1919
1782334645.048117,1884
1782334645.048117,1865
1782334645.048118,1908
1782334645.048119,1882
1782334645.048119,1823
1782334645.04812,1814
1782334645.048121,1815
1782334645.048121,1783
1782334645.049382,1801
1782334645.05231,1833
1782334645.0523121,1894
1782334645.052313,1908
1782334645.053578,1870
1782334645.0548632,1806
1782334645.054869,1789
1782334645.0561512,1802
1782334645.057436,1797
1782334645.0587242,1838
1782334645.05873,1862
1782334645.0600169,1846
1782334645.061304,1868
1782334645.0625741,1837
1782334645.063858,1769
1782334645.0638652,1794
1782334645.065151,1767
1782334645.066437,1778
1782334645.068392,1764
1782334645.068395,1806
1782334645.0789618,1818
1782334645.078966,1807
1782334645.078966,1829
1782334645.078967,1754
1782334645.078968,1791
1782334645.078968,1806
1782334645.078969,1860
1782334645.0789702,1871
1782334645.078971,1820
1782334645.078971,1804
1782334645.0789719,1837
1782334645.080241,1878
1782334645.083222,1890
1782334645.0832262,1910
1782334645.0832262,1918
1782334645.084513,1913
1782334645.0858061,1891
1782334645.085814,1886
1782334645.087103,1897
1782334645.088392,1866
1782334645.089678,1862
1782334645.089685,1854
1782334645.0909681,1867
1782334645.092273,1871
1782334645.0935628,1931
1782334645.0948532,1917
1782334645.09486,1910
1782334645.096145,1858
1782334645.097435,1868
1782334645.0987241,1827
1782334645.09873,1743
1782334645.1001978,1804
1782334645.1106381,1803
1782334645.11064,1869
1782334645.110641,1886
1782334645.110641,1886
1782334645.110642,1881
1782334645.110643,1805
1782334645.1106439,1838
1782334645.1106439,1860
1782334645.110645,1880
1782334645.110646,1879
1782334645.110647,1854
1782334645.111913,1810
1782334645.115169,1856
1782334645.1151721,1815
1782334645.1151721,1805
1782334645.116458,1827
1782334645.1177459,1883
1782334645.117752,1849
1782334645.11904,1834
1782334645.120329,1835
1782334645.1216168,1829
1782334645.122905,1816
1782334645.122911,1829
1782334645.124193,1845
1782334645.125481,1865
1782334645.126766,1935
1782334645.1267729,1903
1782334645.128054,1871
1782334645.1296809,1884
1782334645.129683,1834
1782334645.1403441,1749
1782334645.140348,1704
1782334645.140349,1804
1782334645.1403499,1829
1782334645.140351,1827
1782334645.140351,1857
1782334645.140352,1832
1782334645.140353,1848
1782334645.140353,1847
1782334645.1403542,1860
1782334645.140355,1910
1782334645.1416261,1885
1782334645.141634,1871
1782334645.14483,1913
1782334645.144833,1886
1782334645.144834,1794
1782334645.1461031,1752
1782334645.147388,1767
1782334645.148673,1777
1782334645.14868,1711
1782334645.149962,1753
1782334645.151247,1807
1782334645.152537,1791
1782334645.153825,1823
1782334645.153831,1802
1782334645.155118,1850
1782334645.156405,1891
1782334645.15769,1975
1782334645.1577,1940
1782334645.15946,1934
1782334645.1702669,1903
1782334645.170271,1866
1782334645.170271,1826
1782334645.170272,1764
1782334645.170273,1839
1782334645.170274,1823
1782334645.170274,1871
1782334645.170275,1830
1782334645.1702762,1839
1782334645.170277,1871
1782334645.170277,1867
1782334645.1715379,1886
1782334645.1743848,1903
1782334645.174388,1887
1782334645.174389,1852
1782334645.175652,1862
1782334645.1756532,1865
1782334645.176938,1874
1782334645.178227,1866
1782334645.1795142,1851
1782334645.180803,1832
1782334645.180809,1814
1782334645.182091,1779
1782334645.1833742,1833
1782334645.184661,1862
1782334645.1846669,1884
1782334645.185951,1871
1782334645.187239,1822
1782334645.188512,1818
1782334645.1897779,1828
1782334645.18978,1871
1782334645.200018,1858
1782334645.200022,1810
1782334645.200022,1828
1782334645.200023,1829
1782334645.2000241,1796
1782334645.200025,1807
1782334645.200025,1789
1782334645.200026,1787
1782334645.200027,1832
1782334645.200027,1828
1782334645.2012942,1825
1782334645.2042408,1836
1782334645.204245,1814
1782334645.204246,1898
1782334645.205536,1886
1782334645.206826,1906
1782334645.2068322,1902
1782334645.20812,1881
1782334645.209395,1862
1782334645.210675,1811
1782334645.2106812,1834
1782334645.211967,1846
1782334645.213258,1846
1782334645.2145438,1863
1782334645.21583,1915
1782334645.2158358,1898
1782334645.2171159,1888
1782334645.218405,1880
1782334645.220108,1879
1782334645.2201102,1878
1782334645.230667,1827
1782334645.230669,1919
1782334645.23067,1899
1782334645.2306712,1847
1782334645.2306712,1802
1782334645.230672,1830
1782334645.2306728,1825
1782334645.2306728,1683
1782334645.230674,1796
1782334645.230675,1839
1782334645.230676,1866
1782334645.2319481,1882
1782334645.234924,1938
1782334645.2349272,1807
1782334645.2349281,1766
1782334645.2362182,1727
1782334645.237513,1769
1782334645.2388039,1826
1782334645.23881,1839
1782334645.240094,1946
1782334645.2413812,1967
1782334645.242669,1935
1782334645.242676,1836
1782334645.243962,1823
1782334645.245253,1793
1782334645.246542,1844
1782334645.247832,1871
1782334645.247839,1883
1782334645.249126,1867
1782334645.250415,1855
1782334645.2520478,1789
1782334645.25205,1813
1782334645.2626948,1863
1782334645.262698,1935
1782334645.262698,1889
1782334645.2626991,1828
1782334645.2627,1782
1782334645.262701,1837
1782334645.262701,1871
1782334645.262702,1807
1782334645.2627032,1779
1782334645.2627032,1859
1782334645.2627041,1860
1782334645.263969,1852
1782334645.267135,1853
1782334645.267138,1861
1782334645.267139,1882
1782334645.268407,1871
1782334645.26969,1871
1782334645.269696,1862
1782334645.270988,1901
1782334645.270995,1899
1782334645.2722838,1834
1782334645.27357,1850
1782334645.2748601,1871
1782334645.274867,1871
1782334645.276153,1857
1782334645.2774389,1865
1782334645.278728,1871
1782334645.278734,1853
1782334645.28002,1838
1782334645.2813451,1830
1782334645.291873,1830
1782334645.291876,1807
1782334645.291877,1805
1782334645.291877,1817
1782334645.291878,1922
1782334645.291879,1866
1782334645.291879,1846
1782334645.29188,1844
1782334645.2918808,1793
1782334645.2918808,1775
1782334645.291882,1694
1782334645.29315,1752
1782334645.296352,1866
1782334645.296355,1875
1782334645.2963562,1871
1782334645.2976372,1870
1782334645.298933,1867
1782334645.29894,1887
1782334645.300226,1878
1782334645.3015108,1844
1782334645.302801,1822
1782334645.302807,1843
1782334645.304093,1795
1782334645.305377,1815
1782334645.3066628,1850
1782334645.306669,1837
1782334645.3079512,1810
1782334645.309238,1838
1782334645.31053,1830
1782334645.312002,1829
1782334645.312006,1850
1782334645.322696,1847
1782334645.322699,1882
1782334645.3227,1912
1782334645.322701,1908
1782334645.322701,1919
1782334645.3227022,1989
1782334645.3227031,1942
1782334645.3227031,1910
1782334645.3227038,1877
1782334645.3227048,1890
1782334645.3227048,1819
1782334645.323979,1730
1782334645.32696,1797
1782334645.326963,1855
1782334645.326964,1855
1782334645.32823,1839
1782334645.3294961,1771
1782334645.330775,1751
1782334645.330782,1711
1782334645.332063,1715
1782334645.333347,1757
1782334645.334636,1803
1782334645.334655,1844
1782334645.335941,1934
1782334645.337225,1967
1782334645.338509,1952
1782334645.339797,1917
1782334645.339803,1887
1782334645.3418381,1862
1782334645.341841,1883
1782334645.352295,1887
1782334645.352299,1855
1782334645.352299,1803
1782334645.3523,1791
1782334645.3523011,1816
1782334645.352302,1852
1782334645.352303,1841
1782334645.3523042,1884
1782334645.3523042,1960
1782334645.352305,1866
1782334645.3535721,1815
1782334645.3564951,1834
1782334645.356498,1807
1782334645.356499,1806
1782334645.3577652,1672
1782334645.357766,1727
1782334645.3590488,1750
1782334645.360339,1759
1782334645.361623,1733
1782334645.362911,1719
1782334645.3629172,1805
1782334645.364203,1857
1782334645.365487,1898
1782334645.366771,1897
1782334645.3667772,1814
1782334645.368041,1825
1782334645.369322,1865
1782334645.37061,1874
1782334645.37188,1893
1782334645.371882,1866
1782334645.381888,1892
1782334645.381891,1902
1782334645.3818922,1890
1782334645.3818932,1862
1782334645.3818939,1871
1782334645.3818948,1858
1782334645.381896,1889
1782334645.381896,1910
1782334645.381897,1888
1782334645.381898,1871
1782334645.383165,1971
1782334645.385945,1943
1782334645.385947,1892
1782334645.385948,1809
1782334645.387213,1817
1782334645.3884978,1826
1782334645.389781,1747
1782334645.389788,1836
1782334645.391068,1878
1782334645.3923562,1857
1782334645.39364,1860
1782334645.394932,1806
1782334645.3949382,1795
1782334645.396223,1806
1782334645.397512,1839
1782334645.3988008,1845
1782334645.398807,1869
1782334645.4000928,1872
1782334645.40138,1860
1782334645.402665,1847
1782334645.402671,1850
1782334645.4043899,1822
1782334645.404393,1818
1782334645.414863,1830
1782334645.414866,1853
1782334645.414867,1842
1782334645.4148679,1877
1782334645.414869,1869
1782334645.414869,1843
1782334645.41487,1871
1782334645.414871,1915
1782334645.414871,1859
1782334645.4148722,1876
1782334645.4148731,1957
1782334645.416144,1871
1782334645.4190972,1807
1782334645.4190998,1830
1782334645.419101,1804
1782334645.420366,1771
1782334645.421653,1753
1782334645.421671,1803
1782334645.422988,1861
1782334645.4242802,1893
1782334645.425569,1887
1782334645.426861,1910
1782334645.426867,1869
1782334645.4281569,1900
1782334645.4294431,1843
1782334645.4307342,1812
1782334645.4307399,1822
1782334645.432029,1795
1782334645.4341161,1771
1782334645.4341178,1798
1782334645.444604,1806
1782334645.444607,1790
1782334645.444608,1796
1782334645.444609,1816
1782334645.444609,1806
1782334645.44461,1818
1782334645.444611,1851
1782334645.444612,1847
1782334645.4446132,1844
1782334645.4446132,1894
1782334645.444619,1903
1782334645.445884,1900
1782334645.44895,1989
1782334645.448952,1864
1782334645.4489532,1800
1782334645.450219,1848
1782334645.451502,1871
1782334645.452787,1860
1782334645.4527931,1761
1782334645.454078,1812
1782334645.455366,1839
1782334645.456654,1885
1782334645.45666,1827
1782334645.457941,1847
1782334645.459231,1856
1782334645.46052,1876
1782334645.461806,1868
1782334645.461813,1848
1782334645.46369,1864
1782334645.4636931,1842
1782334645.47429,1836
1782334645.474294,1870
1782334645.474294,1775
1782334645.4742951,1791
1782334645.474296,1842
1782334645.474296,1830
1782334645.474297,1827
1782334645.474298,1835
1782334645.474298,1849
1782334645.474299,1877
1782334645.475568,1898
1782334645.478384,1848
1782334645.478388,1839
1782334645.478389,1819
1782334645.479655,1839
1782334645.479658,1939
1782334645.480941,1887
1782334645.482229,1800
1782334645.483518,1864
1782334645.484808,1858
1782334645.4848142,1838
1782334645.486102,1689
1782334645.487391,1730
1782334645.488679,1783
1782334645.4886851,1801
1782334645.489973,1834
1782334645.491262,1836
1782334645.4925492,1830
1782334645.493819,1879
1782334645.493821,1859
1782334645.5038211,1807
1782334645.503823,1814
1782334645.5038238,1782
1782334645.5038238,1807
1782334645.503825,1791
1782334645.503826,1818
1782334645.5038269,1848
1782334645.503828,1879
1782334645.503828,1801
1782334645.503829,1816
1782334645.50509,1789
1782334645.5080519,1752
1782334645.508054,1842
1782334645.508055,1902
1782334645.5093179,1893
1782334645.5106099,1919
1782334645.5119019,1916
1782334645.511908,1983
1782334645.513194,1871
1782334645.5144792,1887
1782334645.515765,1910
1782334645.515771,1870
1782334645.517057,1871
1782334645.518346,1679
1782334645.5196328,1770
1782334645.520941,1811
1782334645.520948,1838
1782334645.5222342,1908
1782334645.524415,1908
1782334645.524419,1874
1782334645.534681,1876
1782334645.534684,1896
1782334645.534685,1888
1782334645.534685,1888
1782334645.5346859,1850
1782334645.534687,1812
1782334645.534688,1816
1782334645.534688,1893
1782334645.534689,1890
1782334645.5346901,1883
1782334645.5346901,1865
1782334645.53596,1838
1782334645.5359628,1801
1782334645.538988,1846
1782334645.53899,1843
1782334645.5389912,1839
1782334645.540257,1917
1782334645.5415418,1838
1782334645.5428321,1836
1782334645.542838,1875
1782334645.544126,1979
1782334645.545414,1896
1782334645.546711,1827
1782334645.546717,1902
1782334645.547999,1915
1782334645.549283,1816
1782334645.55057,1655
1782334645.551859,1686
1782334645.551866,1759
1782334645.55315,1817
1782334645.5544379,1807
1782334645.556213,1821
1782334645.556215,1844
1782334645.56672,1863
1782334645.566724,1862
1782334645.566725,1832
1782334645.566725,1839
1782334645.566726,1818
1782334645.566727,1839
1782334645.566727,1883
1782334645.5667279,1862
1782334645.566729,1855
1782334645.56673,1850
1782334645.56673,1764
1782334645.5679948,1788
1782334645.570858,1871
1782334645.5708601,1876
1782334645.570861,1877
1782334645.57214,1892
1782334645.573426,1899
1782334645.574717,1908
1782334645.5747242,1900
1782334645.5760078,1942
1782334645.577291,1834
1782334645.5785768,1821
1782334645.5798662,1844
1782334645.579872,1853
1782334645.581152,1803
1782334645.582437,1694
1782334645.583721,1810
1782334645.5837271,1839
1782334645.58555,1869
1782334645.595952,1856
1782334645.595955,1858
1782334645.595956,1863
1782334645.595957,1844
1782334645.595958,1858
1782334645.595958,1856
1782334645.595959,1897
1782334645.5959601,1877
1782334645.595961,1855
1782334645.595961,1857
1782334645.595962,1887
1782334645.597224,1890
1782334645.600147,1887
1782334645.60015,1858
1782334645.600151,1839
1782334645.6014159,1855
1782334645.602701,1826
1782334645.602707,1890
1782334645.6039941,1901
1782334645.605283,1847
1782334645.606567,1781
1782334645.607851,1789
1782334645.607857,1916
1782334645.609142,1891
1782334645.610431,1844
1782334645.6117198,1775
1782334645.611727,1850
1782334645.613011,1885
1782334645.6143,1859
1782334645.6164322,1786
1782334645.616436,1738
1782334645.626675,1766
1782334645.626678,1788
1782334645.626679,1803
1782334645.6266801,1819
1782334645.6266801,1834
1782334645.626681,1775
1782334645.626681,1827
1782334645.626682,1856
1782334645.626683,1871
1782334645.626683,1880
1782334645.626684,1866
1782334645.627946,1797
1782334645.63086,1791
1782334645.630862,1797
1782334645.6308632,1864
1782334645.632132,1848
1782334645.633419,1818
1782334645.634707,1868
1782334645.6347141,1917
1782334645.636003,1911
1782334645.637293,1918
1782334645.63858,1884
1782334645.639866,1866
1782334645.639873,1833
1782334645.641155,1946
1782334645.642445,1846
1782334645.6437361,1807
1782334645.6437418,1828
1782334645.645029,1839
1782334645.6463192,1882
1782334645.647808,1742
1782334645.64781,1851
1782334645.6583838,1878
1782334645.658387,1912
1782334645.658388,1848
1782334645.658389,1810
1782334645.658389,1765
1782334645.65839,1767
1782334645.658391,1836
1782334645.658391,1819
1782334645.658392,1836
1782334645.6583931,1838
1782334645.6596632,1878
1782334645.6596658,1860
1782334645.662575,1918
1782334645.6625779,1928
1782334645.663859,1863
1782334645.663866,1862
1782334645.665153,1789
1782334645.66644,1787
1782334645.667728,1734
1782334645.667735,1781
1782334645.6690218,1789
1782334645.669028,1835
1782334645.670312,1736
1782334645.6715991,1750
1782334645.672883,1900
1782334645.672889,1907
1782334645.674172,1854
1782334645.675456,1828
1782334645.677254,1911
1782334645.677258,1898
1782334645.687787,1818
1782334645.6877902,1793
1782334645.6877902,1851
1782334645.687791,1885
1782334645.687792,1900
1782334645.687792,1867
1782334645.6877928,1914
1782334645.687794,1889
1782334645.687794,1899
1782334645.687795,1907
1782334645.6877959,1888
1782334645.6890619,1885
1782334645.6921222,1883
1782334645.692124,1844
1782334645.6921248,1816
1782334645.6934102,1824
1782334645.694709,1819
1782334645.694716,1852
1782334645.696002,1869
1782334645.697289,1913
1782334645.698572,1919
1782334645.6998558,1860
1782334645.699863,1807
1782334645.702422,1811
1782334645.702427,1880
1782334645.7037141,1871
1782334645.7037199,1863
1782334645.705004,1942
1782334645.706292,1855
1782334645.707844,1835
1782334645.7078469,1844
1782334645.7184372,1816
1782334645.718441,1804
1782334645.718441,1679
1782334645.718442,1756
1782334645.718443,1807
1782334645.718443,1866
1782334645.718444,1859
1782334645.718445,1926
1782334645.718446,1990
1782334645.718446,1922
1782334645.719718,1898
1782334645.719721,1880
1782334645.722492,1888
1782334645.722494,1854
1782334645.7237608,1828
1782334645.723763,1875
1782334645.725049,1844
1782334645.726336,1855
1782334645.727604,1837
1782334645.728889,1805
1782334645.728896,1850
1782334645.730182,1838
1782334645.7314692,1804
1782334645.732755,1795
1782334645.7327611,1795
1782334645.734047,1758
1782334645.7353358,1786
1782334645.736619,1806
1782334645.73789,1938
1782334645.7378922,1871
1782334645.747978,1822
1782334645.74798,1804
1782334645.747981,1832
1782334645.747981,1798
1782334645.747982,1726
1782334645.7479832,1721
1782334645.7479832,1774
1782334645.747984,1818
1782334645.747985,1874
1782334645.747985,1866
1782334645.749246,1855
1782334645.752102,1817
1782334645.752105,1802
1782334645.752106,1791
1782334645.753367,1843
1782334645.75465,1803
1782334645.754668,1815
1782334645.755987,1816
1782334645.757277,1850
1782334645.758571,1887
1782334645.759862,1866
1782334645.7598689,1767
1782334645.7611551,1783
1782334645.762444,1850
1782334645.763734,1865
1782334645.7637398,1924
1782334645.765023,1921
1782334645.766312,1908
1782334645.767649,1903
1782334645.767652,1873
1782334645.768917,1880
1782334645.779712,1980
1782334645.7797172,1892
1782334645.779718,1894
1782334645.7797189,1918
1782334645.7797198,1788
1782334645.779721,1829
1782334645.779721,1742
1782334645.779722,1834
1782334645.779723,1834
1782334645.7797241,1820
1782334645.7797241,1851
1782334645.781,1874
1782334645.784199,1862
1782334645.784203,1875
1782334645.784204,1887
1782334645.7854772,1869
1782334645.786744,1807
1782334645.786747,1831
1782334645.788033,1850
1782334645.789322,1884
1782334645.790609,1897
1782334645.7919,1869
1782334645.791907,1820
1782334645.7931929,1795
1782334645.794463,1850
1782334645.795748,1895
1782334645.795755,1925
1782334645.7970402,1849
1782334645.79833,1848
1782334645.800448,1823
1782334645.8004532,1848
1782334645.8109329,1865
1782334645.810935,1998
1782334645.810936,1930
1782334645.8109372,1847
1782334645.8109372,1802
1782334645.8109381,1821
1782334645.8109388,1775
1782334645.8109388,1652
1782334645.8109398,1752
1782334645.810941,1800
1782334645.810942,1802
1782334645.810942,1813
1782334645.812206,1833
1782334645.815116,1826
1782334645.81512,1821
1782334645.815121,1848
1782334645.8163881,1871
1782334645.8176708,1874
1782334645.8176792,1870
1782334645.818958,1877
1782334645.8202538,1922
1782334645.821547,1934
1782334645.822835,1887
1782334645.8228428,1879
1782334645.824127,1816
1782334645.825394,1799
1782334645.826675,1816
1782334645.826682,1896
1782334645.827971,1865
1782334645.830131,1876
1782334645.830134,1838
1782334645.8405771,1842
1782334645.84058,1847
1782334645.8405812,1871
1782334645.8405812,2016
1782334645.840582,1914
1782334645.8405828,1791
1782334645.8405828,1849
1782334645.840584,1847
1782334645.840585,1791
1782334645.840585,1682
1782334645.8418581,1767
1782334645.84186,1833
1782334645.8450282,1836
1782334645.845032,1823
1782334645.845033,1906
1782334645.846302,1996
1782334645.847588,1912
1782334645.848883,1876
1782334645.84889,1866
1782334645.8501718,1833
1782334645.851459,1829
1782334645.852729,1807
1782334645.852731,1797
1782334645.8540092,1796
1782334645.855296,1738
1782334645.856582,1827
1782334645.857868,1830
1782334645.857874,1825
1782334645.8599439,1830
1782334645.859947,1829
1782334645.870368,1846
1782334645.870371,1864
1782334645.870372,1866
1782334645.870373,1878
1782334645.870373,1878
1782334645.870374,2013
1782334645.870375,1919
1782334645.8703759,1887
1782334645.870377,1912
1782334645.8716428,1949
1782334645.871646,1891
1782334645.871647,1711
1782334645.874806,1713
1782334645.874808,1711
1782334645.874809,1699
1782334645.8760772,1730
1782334645.877267,1764
1782334645.878547,1832
1782334645.879832,1855
1782334645.879838,1855
1782334645.881121,1814
1782334645.882407,1793
1782334645.883693,1862
1782334645.883702,1900
1782334645.8849869,1884
1782334645.886283,1871
1782334645.887573,1863
1782334645.889739,1802
1782334645.8897421,1823
1782334645.889743,1884
1782334645.8999958,1899
1782334645.899998,1867
1782334645.899999,1865
1782334645.9,1851
1782334645.9,1814
1782334645.900001,1814
1782334645.900002,1881
1782334645.900002,1890
1782334645.900003,1976
1782334645.9000041,1877
1782334645.901269,1775
1782334645.904255,1861
1782334645.904257,1853
1782334645.904258,1787
1782334645.9055412,1711
1782334645.906828,1771
1782334645.906834,1807
1782334645.9081228,1861
1782334645.9094121,1864
1782334645.910568,1867
1782334645.911861,1878
1782334645.9118679,1867
1782334645.9131541,1807
1782334645.91444,1851
1782334645.915725,1900
1782334645.915732,1856
1782334645.917015,1847
1782334645.918305,1823
1782334645.919575,1871
1782334645.920846,1900
1782334645.9208488,1885
1782334645.931061,1864
1782334645.9310641,1814
1782334645.9310641,1796
1782334645.931065,1809
1782334645.931065,1729
1782334645.931066,1756
1782334645.931067,1770
1782334645.931067,1796
1782334645.931068,1833
1782334645.931069,2015
1782334645.932329,1933
1782334645.9351192,1890
1782334645.935122,1910
1782334645.935123,1889
1782334645.936387,1860
1782334645.937668,1707
1782334645.937675,1793
1782334645.937678,1858
1782334645.938965,1885
1782334645.9402502,1960
1782334645.941535,1903
1782334645.942827,1855
1782334645.942833,1855
1782334645.944101,1837
1782334645.945384,1831
1782334645.94667,1860
1782334645.946676,1886
1782334645.947961,1883
1782334645.949249,1868
1782334645.9505339,1866
1782334645.95205,1867
1782334645.9520519,1868
1782334645.962765,1848
1782334645.9627678,1848
1782334645.9627688,1882
1782334645.96277,1852
1782334645.96277,1878
1782334645.962771,1847
1782334645.962772,1804
1782334645.962772,1786
1782334645.962773,1794
1782334645.962774,1825
1782334645.962774,1855
1782334645.964042,1899
1782334645.967188,1796
1782334645.967191,1855
1782334645.9671922,1839
1782334645.968457,1779
1782334645.969744,1696
1782334645.9697511,1850
1782334645.97104,1853
1782334645.97231,1802
1782334645.973589,1855
1782334645.974876,1899
1782334645.974883,1844
1782334645.97617,1848
1782334645.97746,1881
1782334645.97875,1835
1782334645.9787562,1838
1782334645.980043,1862
1782334645.981406,1884
1782334645.991714,1812
1782334645.991717,1791
1782334645.9917178,1785
1782334645.9917178,1791
1782334645.991719,1763
1782334645.99172,1742
1782334645.99172,1653
1782334645.991721,1647
1782334645.991721,1758
1782334645.9917219,1871
1782334645.991723,1890
1782334645.992994,1952
1782334645.995934,1942
1782334645.995937,2583
1782334645.995938,2246
1782334645.997223,2100
1782334645.998512,2093
1782334645.9998028,1943
1782334645.999809,1810
1782334646.0010948,1004
1782334646.0023801,1381
1782334646.003665,1682
1782334646.003671,1823
1782334646.0049548,1867
1782334646.006238,1902
1782334646.007521,2543
1782334646.008805,2212
1782334646.008812,2061
1782334646.010098,2044
1782334646.012179,1875
1782334646.012182,1823
1782334646.022609,1050
1782334646.0226119,1429
1782334646.022613,2363
1782334646.022614,2071
1782334646.022615,1934
1782334646.022615,2031
1782334646.0226161,1984
1782334646.022617,1921
1782334646.022618,1145
1782334646.0226188,1381
1782334646.0226262,2248
1782334646.0238879,2146
1782334646.029017,1990
1782334646.0290198,1929
1782334646.029021,1934
1782334646.029022,1866
1782334646.029022,1197
1782334646.030305,1339
1782334646.0315762,2115
1782334646.032861,2258
1782334646.032867,2014
1782334646.034154,1756
1782334646.0354402,1867
1782334646.036727,1849
1782334646.036733,1383
1782334646.0380201,1303
1782334646.0393019,1867
1782334646.041881,2334
1782334646.041885,2117
1782334646.0418859,1739
1782334646.05164,1996
1782334646.0516438,1908
1782334646.0516438,1654
1782334646.051645,1254
1782334646.051646,1618
1782334646.051647,2259
1782334646.051648,1992
1782334646.051648,1711
1782334646.051649,1949
1782334646.05165,1804
1782334646.0529191,1595
1782334646.057145,1172
1782334646.057148,1572
1782334646.057149,2404
1782334646.057149,2135
1782334646.0584161,2009
1782334646.0597131,2062
1782334646.05972,1894
1782334646.061007,1864
1782334646.062294,1121
1782334646.063586,1535
1782334646.064884,2411
1782334646.0648901,2104
1782334646.066171,1960
1782334646.067461,2056
1782334646.068748,1989
1782334646.068754,1994
1782334646.068757,1174
1782334646.070036,1471
1782334646.0713222,2296
1782334646.0726001,2073
1782334646.082529,1967
1782334646.0825322,2029
1782334646.0825331,1933
1782334646.0825338,1843
1782334646.0825338,1089
1782334646.082535,1365
1782334646.082536,2254
1782334646.082537,2114
1782334646.082538,1970
1782334646.082538,2030
1782334646.083804,2073
1782334646.083806,2014
1782334646.089091,1230
1782334646.0890932,1406
1782334646.089094,2209
1782334646.0890949,2260
1782334646.0890958,2052
1782334646.090397,1871
1782334646.091685,2034
1782334646.091691,1948
1782334646.092973,1391
1782334646.0942562,1298
1782334646.095541,1890
1782334646.096829,2356
1782334646.0968351,2126
1782334646.098115,1760
1782334646.0993989,2045
1782334646.100683,1867
1782334646.100689,1544
1782334646.101974,1152
1782334646.1038451,1562
1782334646.103847,2254
1782334646.114305,2023
1782334646.114308,1673
1782334646.114308,2022
1782334646.114309,1900
1782334646.1143098,1591
1782334646.114311,1082
1782334646.114312,1502
1782334646.114313,2301
1782334646.114314,2077
1782334646.114314,2014
1782334646.1155899,2112
1782334646.1210098,1950
1782334646.121013,1879
1782334646.121014,1049
1782334646.121014,1434
1782334646.121015,2343
1782334646.121016,2127
1782334646.1223009,1967
1782334646.123599,2062
1782334646.1248882,1957
1782334646.1248949,1890
1782334646.126184,1036
1782334646.1274571,1551
1782334646.12874,2541
1782334646.128747,2220
1782334646.130034,2043
1782334646.1313019,2110
1782334646.1331189,2055
1782334646.13312,1938
1782334646.1431491,1071
1782334646.143151,1403
1782334646.1431522,2383
1782334646.143153,2236
1782334646.143154,2043
1782334646.1431549,2021
1782334646.143156,1978
1782334646.143156,1810
1782334646.143157,1001
1782334646.143158,1260
1782334646.144431,2203
1782334646.14902,2323
1782334646.1490219,1999
1782334646.149023,1857
1782334646.149024,1935
1782334646.149025,1847
1782334646.150313,1272
1782334646.151586,1275
1782334646.152875,1911
1782334646.1528819,2313
1782334646.154162,2117
1782334646.155447,1867
1782334646.156734,2112
1782334646.1567419,1966
1782334646.1580238,1629
1782334646.1593049,1250
1782334646.1605902,1636
1782334646.16188,2336
1782334646.161887,2062
1782334646.163136,1662
1782334646.164235,1967
1782334646.174241,1886
1782334646.174245,1623
1782334646.1742458,1235
1782334646.1742458,1609
1782334646.174247,2370
1782334646.174248,2063
1782334646.174248,1908
1782334646.174249,2019
1782334646.17425,1926
1782334646.17425,1876
1782334646.175518,1239
1782334646.180746,1641
1782334646.180748,2415
1782334646.180749,2170
1782334646.1807501,1954
1782334646.180751,2011
1782334646.1807518,1943
1782334646.1820412,1889
1782334646.183331,1338
1782334646.184625,1833
1782334646.1859179,2799
1782334646.185925,2942
1782334646.187212,2983
1782334646.188502,2675
1782334646.189787,2125
1782334646.189794,1746
1782334646.191076,1156
1782334646.1932092,1204
1782334646.1932108,1560
1782334646.203251,1454
1782334646.203254,1368
1782334646.203255,1391
1782334646.203255,1402
1782334646.2032561,1420
1782334646.203257,1250
1782334646.203257,1462
1782334646.203258,1801
1782334646.203259,1786
1782334646.203259,1743
1782334646.20326,1721
1782334646.204531,1775
1782334646.210279,1748
1782334646.210281,1620
1782334646.210282,1699
1782334646.210283,1918
1782334646.210284,2008
1782334646.210285,1963
1782334646.2115588,1908
